{"DllCharacteristics": [], "FILE_HEADER": {"NumberOfSections": {"FileOffset": 230, "Value": 3, "Offset": 2}, "TimeDateStamp": {"FileOffset": 232, "Value": "0x4E24E401 [Tue Jul 19 01:55:13 2011 UTC]", "Offset": 4}, "PointerToSymbolTable": {"FileOffset": 236, "Value": 0, "Offset": 8}, "NumberOfSymbols": {"FileOffset": 240, "Value": 0, "Offset": 12}, "Machine": {"FileOffset": 228, "Value": 332, "Offset": 0}, "Characteristics": {"FileOffset": 246, "Value": 271, "Offset": 18}, "SizeOfOptionalHeader": {"FileOffset": 244, "Value": 224, "Offset": 16}, "Structure": "IMAGE_FILE_HEADER"}, "Directories": [{"VirtualAddress": {"FileOffset": 344, "Value": 0, "Offset": 0}, "Structure": "IMAGE_DIRECTORY_ENTRY_EXPORT", "Size": {"FileOffset": 348, "Value": 0, "Offset": 4}}, {"VirtualAddress": {"FileOffset": 352, "Value": 12596, "Offset": 0}, "Structure": "IMAGE_DIRECTORY_ENTRY_IMPORT", "Size": {"FileOffset": 356, "Value": 100, "Offset": 4}}, {"VirtualAddress": {"FileOffset": 360, "Value": 0, "Offset": 0}, "Structure": "IMAGE_DIRECTORY_ENTRY_RESOURCE", "Size": {"FileOffset": 364, "Value": 0, "Offset": 4}}, {"VirtualAddress": {"FileOffset": 368, "Value": 0, "Offset": 0}, "Structure": "IMAGE_DIRECTORY_ENTRY_EXCEPTION", "Size": {"FileOffset": 372, "Value": 0, "Offset": 4}}, {"VirtualAddress": {"FileOffset": 376, "Value": 0, "Offset": 0}, "Structure": "IMAGE_DIRECTORY_ENTRY_SECURITY", "Size": {"FileOffset": 380, "Value": 0, "Offset": 4}}, {"VirtualAddress": {"FileOffset": 384, "Value": 0, "Offset": 0}, "Structure": "IMAGE_DIRECTORY_ENTRY_BASERELOC", "Size": {"FileOffset": 388, "Value": 0, "Offset": 4}}, {"VirtualAddress": {"FileOffset": 392, "Value": 0, "Offset": 0}, "Structure": "IMAGE_DIRECTORY_ENTRY_DEBUG", "Size": {"FileOffset": 396, "Value": 0, "Offset": 4}}, {"VirtualAddress": {"FileOffset": 400, "Value": 0, "Offset": 0}, "Structure": "IMAGE_DIRECTORY_ENTRY_COPYRIGHT", "Size": {"FileOffset": 404, "Value": 0, "Offset": 4}}, {"VirtualAddress": {"FileOffset": 408, "Value": 0, "Offset": 0}, "Structure": "IMAGE_DIRECTORY_ENTRY_GLOBALPTR", "Size": {"FileOffset": 412, "Value": 0, "Offset": 4}}, {"VirtualAddress": {"FileOffset": 416, "Value": 0, "Offset": 0}, "Structure": "IMAGE_DIRECTORY_ENTRY_TLS", "Size": {"FileOffset": 420, "Value": 0, "Offset": 4}}, {"VirtualAddress": {"FileOffset": 424, "Value": 0, "Offset": 0}, "Structure": "IMAGE_DIRECTORY_ENTRY_LOAD_CONFIG", "Size": {"FileOffset": 428, "Value": 0, "Offset": 4}}, {"VirtualAddress": {"FileOffset": 432, "Value": 0, "Offset": 0}, "Structure": "IMAGE_DIRECTORY_ENTRY_BOUND_IMPORT", "Size": {"FileOffset": 436, "Value": 0, "Offset": 4}}, {"VirtualAddress": {"FileOffset": 440, "Value": 12288, "Offset": 0}, "Structure": "IMAGE_DIRECTORY_ENTRY_IAT", "Size": {"FileOffset": 444, "Value": 296, "Offset": 4}}, {"VirtualAddress": {"FileOffset": 448, "Value": 0, "Offset": 0}, "Structure": "IMAGE_DIRECTORY_ENTRY_DELAY_IMPORT", "Size": {"FileOffset": 452, "Value": 0, "Offset": 4}}, {"VirtualAddress": {"FileOffset": 456, "Value": 0, "Offset": 0}, "Structure": "IMAGE_DIRECTORY_ENTRY_COM_DESCRIPTOR", "Size": {"FileOffset": 460, "Value": 0, "Offset": 4}}, {"VirtualAddress": {"FileOffset": 464, "Value": 0, "Offset": 0}, "Structure": "IMAGE_DIRECTORY_ENTRY_RESERVED", "Size": {"FileOffset": 468, "Value": 0, "Offset": 4}}], "OPTIONAL_HEADER": {"DllCharacteristics": {"FileOffset": 318, "Value": 0, "Offset": 70}, "BaseOfCode": {"FileOffset": 268, "Value": 4096, "Offset": 20}, "MajorLinkerVersion": {"FileOffset": 250, "Value": 6, "Offset": 2}, "MinorOperatingSystemVersion": {"FileOffset": 290, "Value": 0, "Offset": 42}, "MinorLinkerVersion": {"FileOffset": 251, "Value": 0, "Offset": 3}, "MajorSubsystemVersion": {"FileOffset": 296, "Value": 4, "Offset": 48}, "MajorOperatingSystemVersion": {"FileOffset": 288, "Value": 4, "Offset": 40}, "SizeOfStackCommit": {"FileOffset": 324, "Value": 4096, "Offset": 76}, "SizeOfUninitializedData": {"FileOffset": 260, "Value": 0, "Offset": 12}, "NumberOfRvaAndSizes": {"FileOffset": 340, "Value": 16, "Offset": 92}, "SizeOfHeapReserve": {"FileOffset": 328, "Value": 1048576, "Offset": 80}, "LoaderFlags": {"FileOffset": 336, "Value": 0, "Offset": 88}, "SizeOfHeapCommit": {"FileOffset": 332, "Value": 4096, "Offset": 84}, "SizeOfStackReserve": {"FileOffset": 320, "Value": 1048576, "Offset": 72}, "Structure": "IMAGE_OPTIONAL_HEADER", "SizeOfHeaders": {"FileOffset": 308, "Value": 1024, "Offset": 60}, "Subsystem": {"FileOffset": 316, "Value": 2, "Offset": 68}, "Magic": {"FileOffset": 248, "Value": 267, "Offset": 0}, "MinorImageVersion": {"FileOffset": 294, "Value": 0, "Offset": 46}, "MajorImageVersion": {"FileOffset": 292, "Value": 0, "Offset": 44}, "FileAlignment": {"FileOffset": 284, "Value": 512, "Offset": 36}, "BaseOfData": {"FileOffset": 272, "Value": 12288, "Offset": 24}, "AddressOfEntryPoint": {"FileOffset": 264, "Value": 8962, "Offset": 16}, "SectionAlignment": {"FileOffset": 280, "Value": 4096, "Offset": 32}, "SizeOfCode": {"FileOffset": 252, "Value": 5632, "Offset": 4}, "ImageBase": {"FileOffset": 276, "Value": 4194304, "Offset": 28}, "SizeOfInitializedData": {"FileOffset": 256, "Value": 19968, "Offset": 8}, "SizeOfImage": {"FileOffset": 304, "Value": 36864, "Offset": 56}, "MinorSubsystemVersion": {"FileOffset": 298, "Value": 0, "Offset": 50}, "CheckSum": {"FileOffset": 312, "Value": 0, "Offset": 64}, "Reserved1": {"FileOffset": 300, "Value": 0, "Offset": 52}}, "DOS_HEADER": {"e_cblp": {"FileOffset": 2, "Value": 144, "Offset": 2}, "e_crlc": {"FileOffset": 6, "Value": 0, "Offset": 6}, "e_ovno": {"FileOffset": 26, "Value": 0, "Offset": 26}, "e_minalloc": {"FileOffset": 10, "Value": 0, "Offset": 10}, "e_csum": {"FileOffset": 18, "Value": 0, "Offset": 18}, "e_cparhdr": {"FileOffset": 8, "Value": 4, "Offset": 8}, "e_cp": {"FileOffset": 4, "Value": 3, "Offset": 4}, "e_cs": {"FileOffset": 22, "Value": 0, "Offset": 22}, "e_maxalloc": {"FileOffset": 12, "Value": 65535, "Offset": 12}, "e_lfarlc": {"FileOffset": 24, "Value": 64, "Offset": 24}, "e_oemid": {"FileOffset": 36, "Value": 0, "Offset": 36}, "e_lfanew": {"FileOffset": 60, "Value": 224, "Offset": 60}, "e_ss": {"FileOffset": 14, "Value": 0, "Offset": 14}, "e_magic": {"FileOffset": 0, "Value": 23117, "Offset": 0}, "e_oeminfo": {"FileOffset": 38, "Value": 0, "Offset": 38}, "e_res2": {"FileOffset": 40, "Value": "", "Offset": 40}, "e_res": {"FileOffset": 28, "Value": "", "Offset": 28}, "e_sp": {"FileOffset": 16, "Value": 184, "Offset": 16}, "Structure": "IMAGE_DOS_HEADER", "e_ip": {"FileOffset": 20, "Value": 0, "Offset": 20}}, "NT_HEADERS": {"Structure": "IMAGE_NT_HEADERS", "Signature": {"FileOffset": 224, "Value": 17744, "Offset": 0}}, "Flags": ["IMAGE_FILE_LOCAL_SYMS_STRIPPED", "IMAGE_FILE_32BIT_MACHINE", "IMAGE_FILE_EXECUTABLE_IMAGE", "IMAGE_FILE_LINE_NUMS_STRIPPED", "IMAGE_FILE_RELOCS_STRIPPED"], "Imported symbols": [[{"TimeDateStamp": {"FileOffset": 6968, "Value": "0x0        [Thu Jan  1 00:00:00 1970 UTC]", "Offset": 4}, "Name": {"FileOffset": 6976, "Value": 13394, "Offset": 12}, "ForwarderChain": {"FileOffset": 6972, "Value": 0, "Offset": 8}, "OriginalFirstThunk": {"FileOffset": 6964, "Value": 12696, "Offset": 0}, "FirstThunk": {"FileOffset": 6980, "Value": 12288, "Offset": 16}, "Characteristics": {"FileOffset": 6964, "Value": 12696, "Offset": 0}, "Structure": "IMAGE_IMPORT_DESCRIPTOR"}, {"Hint": 830, "Name": "Sleep", "DLL": "KERNEL32.dll"}, {"Hint": 612, "Name": "MultiByteToWideChar", "DLL": "KERNEL32.dll"}, {"Hint": 49, "Name": "CloseHandle", "DLL": "KERNEL32.dll"}, {"Hint": 838, "Name": "TerminateProcess", "DLL": "KERNEL32.dll"}, {"Hint": 907, "Name": "WriteFile", "DLL": "KERNEL32.dll"}, {"Hint": 675, "Name": "ReadFile", "DLL": "KERNEL32.dll"}, {"Hint": 639, "Name": "PeekNamedPipe", "DLL": "KERNEL32.dll"}, {"Hint": 407, "Name": "GetProcAddress", "DLL": "KERNEL32.dll"}, {"Hint": 577, "Name": "LoadLibraryA", "DLL": "KERNEL32.dll"}, {"Hint": 438, "Name": "GetSystemDirectoryA", "DLL": "KERNEL32.dll"}, {"Hint": 97, "Name": "CreatePipe", "DLL": "KERNEL32.dll"}, {"Hint": 360, "Name": "GetLastError", "DLL": "KERNEL32.dll"}, {"Hint": 497, "Name": "GlobalFree", "DLL": "KERNEL32.dll"}, {"Hint": 798, "Name": "SetProcessPriorityBoost", "DLL": "KERNEL32.dll"}, {"Hint": 813, "Name": "SetThreadPriority", "DLL": "KERNEL32.dll"}, {"Hint": 317, "Name": "GetCurrentThread", "DLL": "KERNEL32.dll"}, {"Hint": 796, "Name": "SetPriorityClass", "DLL": "KERNEL32.dll"}, {"Hint": 315, "Name": "GetCurrentProcess", "DLL": "KERNEL32.dll"}, {"Hint": 932, "Name": "lstrcatA", "DLL": "KERNEL32.dll"}, {"Hint": 941, "Name": "lstrcpyA", "DLL": "KERNEL32.dll"}, {"Hint": 336, "Name": "GetEnvironmentVariableA", "DLL": "KERNEL32.dll"}, {"Hint": 426, "Name": "GetShortPathNameA", "DLL": "KERNEL32.dll"}, {"Hint": 371, "Name": "GetModuleFileNameA", "DLL": "KERNEL32.dll"}, {"Hint": 428, "Name": "GetStartupInfoA", "DLL": "KERNEL32.dll"}, {"Hint": 373, "Name": "GetModuleHandleA", "DLL": "KERNEL32.dll"}], [{"TimeDateStamp": {"FileOffset": 6988, "Value": "0x0        [Thu Jan  1 00:00:00 1970 UTC]", "Offset": 4}, "Name": {"FileOffset": 6996, "Value": 13426, "Offset": 12}, "ForwarderChain": {"FileOffset": 6992, "Value": 0, "Offset": 8}, "OriginalFirstThunk": {"FileOffset": 6984, "Value": 12932, "Offset": 0}, "FirstThunk": {"FileOffset": 7000, "Value": 12524, "Offset": 16}, "Characteristics": {"FileOffset": 6984, "Value": 12932, "Offset": 0}, "Structure": "IMAGE_IMPORT_DESCRIPTOR"}, {"Hint": 265, "Name": "ShellExecuteExA", "DLL": "SHELL32.dll"}], [{"TimeDateStamp": {"FileOffset": 7008, "Value": "0x0        [Thu Jan  1 00:00:00 1970 UTC]", "Offset": 4}, "Name": {"FileOffset": 7016, "Value": 13706, "Offset": 12}, "ForwarderChain": {"FileOffset": 7012, "Value": 0, "Offset": 8}, "OriginalFirstThunk": {"FileOffset": 7004, "Value": 12940, "Offset": 0}, "FirstThunk": {"FileOffset": 7020, "Value": 12532, "Offset": 16}, "Characteristics": {"FileOffset": 7004, "Value": 12940, "Offset": 0}, "Structure": "IMAGE_IMPORT_DESCRIPTOR"}, {"Hint": 30, "Name": "WinHttpWriteData", "DLL": "WINHTTP.dll"}, {"Hint": 14, "Name": "WinHttpOpen", "DLL": "WINHTTP.dll"}, {"Hint": 7, "Name": "WinHttpConnect", "DLL": "WINHTTP.dll"}, {"Hint": 15, "Name": "WinHttpOpenRequest", "DLL": "WINHTTP.dll"}, {"Hint": 13, "Name": "WinHttpGetProxyForUrl", "DLL": "WINHTTP.dll"}, {"Hint": 25, "Name": "WinHttpSetOption", "DLL": "WINHTTP.dll"}, {"Hint": 22, "Name": "WinHttpSendRequest", "DLL": "WINHTTP.dll"}, {"Hint": 21, "Name": "WinHttpReceiveResponse", "DLL": "WINHTTP.dll"}, {"Hint": 20, "Name": "WinHttpReadData", "DLL": "WINHTTP.dll"}, {"Hint": 6, "Name": "WinHttpCloseHandle", "DLL": "WINHTTP.dll"}, {"Hint": 19, "Name": "WinHttpQueryOption", "DLL": "WINHTTP.dll"}, {"Hint": 12, "Name": "WinHttpGetIEProxyConfigForCurrentUser", "DLL": "WINHTTP.dll"}], [{"TimeDateStamp": {"FileOffset": 7028, "Value": "0x0        [Thu Jan  1 00:00:00 1970 UTC]", "Offset": 4}, "Name": {"FileOffset": 7036, "Value": 13890, "Offset": 12}, "ForwarderChain": {"FileOffset": 7032, "Value": 0, "Offset": 8}, "OriginalFirstThunk": {"FileOffset": 7024, "Value": 12800, "Offset": 0}, "FirstThunk": {"FileOffset": 7040, "Value": 12392, "Offset": 16}, "Characteristics": {"FileOffset": 7024, "Value": 12800, "Offset": 0}, "Structure": "IMAGE_IMPORT_DESCRIPTOR"}, {"Hint": 453, "Name": "_strnicmp", "DLL": "MSVCRT.dll"}, {"Hint": 183, "Name": "_controlfp", "DLL": "MSVCRT.dll"}, {"Hint": 202, "Name": "_except_handler3", "DLL": "MSVCRT.dll"}, {"Hint": 129, "Name": "__set_app_type", "DLL": "MSVCRT.dll"}, {"Hint": 111, "Name": "__p__fmode", "DLL": "MSVCRT.dll"}, {"Hint": 106, "Name": "__p__commode", "DLL": "MSVCRT.dll"}, {"Hint": 157, "Name": "_adjust_fdiv", "DLL": "MSVCRT.dll"}, {"Hint": 131, "Name": "__setusermatherr", "DLL": "MSVCRT.dll"}, {"Hint": 271, "Name": "_initterm", "DLL": "MSVCRT.dll"}, {"Hint": 308, "Name": "_itoa", "DLL": "MSVCRT.dll"}, {"Hint": 665, "Name": "memset", "DLL": "MSVCRT.dll"}, {"Hint": 702, "Name": "strlen", "DLL": "MSVCRT.dll"}, {"Hint": 698, "Name": "strcpy", "DLL": "MSVCRT.dll"}, {"Hint": 694, "Name": "strcat", "DLL": "MSVCRT.dll"}, {"Hint": 16, "Name": "??3@YAXPAX@Z", "DLL": "MSVCRT.dll"}, {"Hint": 670, "Name": "printf", "DLL": "MSVCRT.dll"}, {"Hint": 605, "Name": "fread", "DLL": "MSVCRT.dll"}, {"Hint": 612, "Name": "ftell", "DLL": "MSVCRT.dll"}, {"Hint": 610, "Name": "fseek", "DLL": "MSVCRT.dll"}, {"Hint": 614, "Name": "fwrite", "DLL": "MSVCRT.dll"}, {"Hint": 573, "Name": "atoi", "DLL": "MSVCRT.dll"}, {"Hint": 588, "Name": "fclose", "DLL": "MSVCRT.dll"}, {"Hint": 599, "Name": "fopen", "DLL": "MSVCRT.dll"}, {"Hint": 707, "Name": "strrchr", "DLL": "MSVCRT.dll"}, {"Hint": 709, "Name": "strstr", "DLL": "MSVCRT.dll"}, {"Hint": 15, "Name": "??2@YAPAXI@Z", "DLL": "MSVCRT.dll"}, {"Hint": 705, "Name": "strncpy", "DLL": "MSVCRT.dll"}, {"Hint": 211, "Name": "_exit", "DLL": "MSVCRT.dll"}, {"Hint": 72, "Name": "_XcptFilter", "DLL": "MSVCRT.dll"}, {"Hint": 585, "Name": "exit", "DLL": "MSVCRT.dll"}, {"Hint": 143, "Name": "_acmdln", "DLL": "MSVCRT.dll"}, {"Hint": 88, "Name": "__getmainargs", "DLL": "MSVCRT.dll"}]], "PE Sections": [{"PointerToRawData": {"FileOffset": 492, "Value": 1024, "Offset": 20}, "SHA1": "cb7e2db83cbfd258a7231f5f16b0ec88fac2ce12", "SHA256": "ae6c19527dd5567f6dbaf6da893fe69b5ae1e7605d1d9dac46bd2703940cb795", "Name": {"FileOffset": 472, "Value": ".text", "Offset": 0}, "NumberOfRelocations": {"FileOffset": 504, "Value": 0, "Offset": 32}, "Misc_VirtualSize": {"FileOffset": 480, "Value": 5280, "Offset": 8}, "Characteristics": {"FileOffset": 508, "Value": 1610612768, "Offset": 36}, "Misc": {"FileOffset": 480, "Value": 5280, "Offset": 8}, "PointerToLinenumbers": {"FileOffset": 500, "Value": 0, "Offset": 28}, "SizeOfRawData": {"FileOffset": 488, "Value": 5632, "Offset": 16}, "Misc_PhysicalAddress": {"FileOffset": 480, "Value": 5280, "Offset": 8}, "PointerToRelocations": {"FileOffset": 496, "Value": 0, "Offset": 24}, "Flags": ["IMAGE_SCN_MEM_EXECUTE", "IMAGE_SCN_CNT_CODE", "IMAGE_SCN_MEM_READ"], "SHA512": "a54c133b5478ad45e6c451a56082b6bc61d7bffa7d944b4c13a53e5ed1443a66aeb0d9b1c8750530f8f1f33990bb630fc01e137706b73085ed20d147f7bc758c", "MD5": "05464e0f45605565a0eafac1d53efcdd", "Entropy": 5.973592077014504, "VirtualAddress": {"FileOffset": 484, "Value": 4096, "Offset": 12}, "Structure": "IMAGE_SECTION_HEADER", "NumberOfLinenumbers": {"FileOffset": 506, "Value": 0, "Offset": 34}}, {"PointerToRawData": {"FileOffset": 532, "Value": 6656, "Offset": 20}, "SHA1": "4b44f276263dc09d0751067683ccdc8cccdaea49", "SHA256": "2fb72da24218af7b35eeaacc9083994b70303f948a4edb6d3cf536a84cf9e37e", "Name": {"FileOffset": 512, "Value": ".rdata", "Offset": 0}, "NumberOfRelocations": {"FileOffset": 544, "Value": 0, "Offset": 32}, "Misc_VirtualSize": {"FileOffset": 520, "Value": 1858, "Offset": 8}, "Characteristics": {"FileOffset": 548, "Value": 1073741888, "Offset": 36}, "Misc": {"FileOffset": 520, "Value": 1858, "Offset": 8}, "PointerToLinenumbers": {"FileOffset": 540, "Value": 0, "Offset": 28}, "SizeOfRawData": {"FileOffset": 528, "Value": 2048, "Offset": 16}, "Misc_PhysicalAddress": {"FileOffset": 520, "Value": 1858, "Offset": 8}, "PointerToRelocations": {"FileOffset": 536, "Value": 0, "Offset": 24}, "Flags": ["IMAGE_SCN_CNT_INITIALIZED_DATA", "IMAGE_SCN_MEM_READ"], "SHA512": "802aa70c0ee43420e83fa9d8f23e001e61653978b72e3fa69d7bd1262cfa057b885197bc9dee008c54b423f7b095f1d0e2e31577b69829adc330515201051120", "MD5": "19e428ebc3e94d6120790c7900431ba2", "Entropy": 4.772826615467111, "VirtualAddress": {"FileOffset": 524, "Value": 12288, "Offset": 12}, "Structure": "IMAGE_SECTION_HEADER", "NumberOfLinenumbers": {"FileOffset": 546, "Value": 0, "Offset": 34}}, {"PointerToRawData": {"FileOffset": 572, "Value": 8704, "Offset": 20}, "SHA1": "bced2d442e5c668ce5f158bd11867c1b6229e8dd", "SHA256": "a74c1d7723053078bcedf970e10fd43e978e357a694baaba5a506a4bcb94085e", "Name": {"FileOffset": 552, "Value": ".data", "Offset": 0}, "NumberOfRelocations": {"FileOffset": 584, "Value": 0, "Offset": 32}, "Misc_VirtualSize": {"FileOffset": 560, "Value": 17856, "Offset": 8}, "Characteristics": {"FileOffset": 588, "Value": 3221225536, "Offset": 36}, "Misc": {"FileOffset": 560, "Value": 17856, "Offset": 8}, "PointerToLinenumbers": {"FileOffset": 580, "Value": 0, "Offset": 28}, "SizeOfRawData": {"FileOffset": 568, "Value": 1024, "Offset": 16}, "Misc_PhysicalAddress": {"FileOffset": 560, "Value": 17856, "Offset": 8}, "PointerToRelocations": {"FileOffset": 576, "Value": 0, "Offset": 24}, "Flags": ["IMAGE_SCN_CNT_INITIALIZED_DATA", "IMAGE_SCN_MEM_WRITE", "IMAGE_SCN_MEM_READ"], "SHA512": "fda6be779c7cd40fdd8b981425edf537ebc750e3a0aca5089f5ef296bdf824e2643e5e7329d7d9259ee45f9da34c1dfb943a875b2007017156e57647998db79d", "MD5": "a56c3cead86cfe93ffb4f5c7e4c110f6", "Entropy": 2.6019500627408947, "VirtualAddress": {"FileOffset": 564, "Value": 16384, "Offset": 12}, "Structure": "IMAGE_SECTION_HEADER", "NumberOfLinenumbers": {"FileOffset": 586, "Value": 0, "Offset": 34}}]}
