{"DllCharacteristics": [], "Exported symbols": [{"MajorVersion": {"FileOffset": 14056, "Value": 0, "Offset": 8}, "AddressOfFunctions": {"FileOffset": 14076, "Value": 18696, "Offset": 28}, "Name": {"FileOffset": 14060, "Value": 18726, "Offset": 12}, "TimeDateStamp": {"FileOffset": 14052, "Value": "0x498A9336 [Thu Feb  5 07:20:22 2009 UTC]", "Offset": 4}, "Characteristics": {"FileOffset": 14048, "Value": 0, "Offset": 0}, "AddressOfNames": {"FileOffset": 14080, "Value": 18708, "Offset": 32}, "AddressOfNameOrdinals": {"FileOffset": 14084, "Value": 18720, "Offset": 36}, "Base": {"FileOffset": 14064, "Value": 1, "Offset": 16}, "NumberOfFunctions": {"FileOffset": 14068, "Value": 3, "Offset": 20}, "NumberOfNames": {"FileOffset": 14072, "Value": 3, "Offset": 24}, "Structure": "IMAGE_EXPORT_DIRECTORY", "MinorVersion": {"FileOffset": 14058, "Value": 0, "Offset": 10}}, {"Ordinal": 1, "RVA": 13344, "Name": "ServiceMain"}, {"Ordinal": 2, "RVA": 12672, "Name": "install"}, {"Ordinal": 3, "RVA": 13088, "Name": "uninstall"}], "FILE_HEADER": {"NumberOfSections": {"FileOffset": 222, "Value": 5, "Offset": 2}, "TimeDateStamp": {"FileOffset": 224, "Value": "0x498A9336 [Thu Feb  5 07:20:22 2009 UTC]", "Offset": 4}, "PointerToSymbolTable": {"FileOffset": 228, "Value": 0, "Offset": 8}, "NumberOfSymbols": {"FileOffset": 232, "Value": 0, "Offset": 12}, "Machine": {"FileOffset": 220, "Value": 332, "Offset": 0}, "Characteristics": {"FileOffset": 238, "Value": 8462, "Offset": 18}, "SizeOfOptionalHeader": {"FileOffset": 236, "Value": 224, "Offset": 16}, "Structure": "IMAGE_FILE_HEADER"}, "Directories": [{"VirtualAddress": {"FileOffset": 336, "Value": 18656, "Offset": 0}, "Structure": "IMAGE_DIRECTORY_ENTRY_EXPORT", "Size": {"FileOffset": 340, "Value": 112, "Offset": 4}}, {"VirtualAddress": {"FileOffset": 344, "Value": 16792, "Offset": 0}, "Structure": "IMAGE_DIRECTORY_ENTRY_IMPORT", "Size": {"FileOffset": 348, "Value": 140, "Offset": 4}}, {"VirtualAddress": {"FileOffset": 352, "Value": 24576, "Offset": 0}, "Structure": "IMAGE_DIRECTORY_ENTRY_RESOURCE", "Size": {"FileOffset": 356, "Value": 1008, "Offset": 4}}, {"VirtualAddress": {"FileOffset": 360, "Value": 0, "Offset": 0}, "Structure": "IMAGE_DIRECTORY_ENTRY_EXCEPTION", "Size": {"FileOffset": 364, "Value": 0, "Offset": 4}}, {"VirtualAddress": {"FileOffset": 368, "Value": 0, "Offset": 0}, "Structure": "IMAGE_DIRECTORY_ENTRY_SECURITY", "Size": {"FileOffset": 372, "Value": 0, "Offset": 4}}, {"VirtualAddress": {"FileOffset": 376, "Value": 28672, "Offset": 0}, "Structure": "IMAGE_DIRECTORY_ENTRY_BASERELOC", "Size": {"FileOffset": 380, "Value": 772, "Offset": 4}}, {"VirtualAddress": {"FileOffset": 384, "Value": 0, "Offset": 0}, "Structure": "IMAGE_DIRECTORY_ENTRY_DEBUG", "Size": {"FileOffset": 388, "Value": 0, "Offset": 4}}, {"VirtualAddress": {"FileOffset": 392, "Value": 0, "Offset": 0}, "Structure": "IMAGE_DIRECTORY_ENTRY_COPYRIGHT", "Size": {"FileOffset": 396, "Value": 0, "Offset": 4}}, {"VirtualAddress": {"FileOffset": 400, "Value": 0, "Offset": 0}, "Structure": "IMAGE_DIRECTORY_ENTRY_GLOBALPTR", "Size": {"FileOffset": 404, "Value": 0, "Offset": 4}}, {"VirtualAddress": {"FileOffset": 408, "Value": 0, "Offset": 0}, "Structure": "IMAGE_DIRECTORY_ENTRY_TLS", "Size": {"FileOffset": 412, "Value": 0, "Offset": 4}}, {"VirtualAddress": {"FileOffset": 416, "Value": 0, "Offset": 0}, "Structure": "IMAGE_DIRECTORY_ENTRY_LOAD_CONFIG", "Size": {"FileOffset": 420, "Value": 0, "Offset": 4}}, {"VirtualAddress": {"FileOffset": 424, "Value": 0, "Offset": 0}, "Structure": "IMAGE_DIRECTORY_ENTRY_BOUND_IMPORT", "Size": {"FileOffset": 428, "Value": 0, "Offset": 4}}, {"VirtualAddress": {"FileOffset": 432, "Value": 16384, "Offset": 0}, "Structure": "IMAGE_DIRECTORY_ENTRY_IAT", "Size": {"FileOffset": 436, "Value": 320, "Offset": 4}}, {"VirtualAddress": {"FileOffset": 440, "Value": 0, "Offset": 0}, "Structure": "IMAGE_DIRECTORY_ENTRY_DELAY_IMPORT", "Size": {"FileOffset": 444, "Value": 0, "Offset": 4}}, {"VirtualAddress": {"FileOffset": 448, "Value": 0, "Offset": 0}, "Structure": "IMAGE_DIRECTORY_ENTRY_COM_DESCRIPTOR", "Size": {"FileOffset": 452, "Value": 0, "Offset": 4}}, {"VirtualAddress": {"FileOffset": 456, "Value": 0, "Offset": 0}, "Structure": "IMAGE_DIRECTORY_ENTRY_RESERVED", "Size": {"FileOffset": 460, "Value": 0, "Offset": 4}}], "OPTIONAL_HEADER": {"DllCharacteristics": {"FileOffset": 310, "Value": 0, "Offset": 70}, "BaseOfCode": {"FileOffset": 260, "Value": 4096, "Offset": 20}, "MajorLinkerVersion": {"FileOffset": 242, "Value": 6, "Offset": 2}, "MinorOperatingSystemVersion": {"FileOffset": 282, "Value": 0, "Offset": 42}, "MinorLinkerVersion": {"FileOffset": 243, "Value": 0, "Offset": 3}, "MajorSubsystemVersion": {"FileOffset": 288, "Value": 4, "Offset": 48}, "MajorOperatingSystemVersion": {"FileOffset": 280, "Value": 4, "Offset": 40}, "SizeOfStackCommit": {"FileOffset": 316, "Value": 4096, "Offset": 76}, "SizeOfUninitializedData": {"FileOffset": 252, "Value": 0, "Offset": 12}, "NumberOfRvaAndSizes": {"FileOffset": 332, "Value": 16, "Offset": 92}, "SizeOfHeapReserve": {"FileOffset": 320, "Value": 1048576, "Offset": 80}, "LoaderFlags": {"FileOffset": 328, "Value": 0, "Offset": 88}, "SizeOfHeapCommit": {"FileOffset": 324, "Value": 4096, "Offset": 84}, "SizeOfStackReserve": {"FileOffset": 312, "Value": 1048576, "Offset": 72}, "Structure": "IMAGE_OPTIONAL_HEADER", "SizeOfHeaders": {"FileOffset": 300, "Value": 1024, "Offset": 60}, "Subsystem": {"FileOffset": 308, "Value": 2, "Offset": 68}, "Magic": {"FileOffset": 240, "Value": 267, "Offset": 0}, "MinorImageVersion": {"FileOffset": 286, "Value": 0, "Offset": 46}, "MajorImageVersion": {"FileOffset": 284, "Value": 0, "Offset": 44}, "FileAlignment": {"FileOffset": 276, "Value": 512, "Offset": 36}, "BaseOfData": {"FileOffset": 264, "Value": 16384, "Offset": 24}, "AddressOfEntryPoint": {"FileOffset": 256, "Value": 14387, "Offset": 16}, "SectionAlignment": {"FileOffset": 272, "Value": 4096, "Offset": 32}, "SizeOfCode": {"FileOffset": 244, "Value": 10752, "Offset": 4}, "ImageBase": {"FileOffset": 268, "Value": 268435456, "Offset": 28}, "SizeOfInitializedData": {"FileOffset": 248, "Value": 7168, "Offset": 8}, "SizeOfImage": {"FileOffset": 296, "Value": 32768, "Offset": 56}, "MinorSubsystemVersion": {"FileOffset": 290, "Value": 0, "Offset": 50}, "CheckSum": {"FileOffset": 304, "Value": 0, "Offset": 64}, "Reserved1": {"FileOffset": 292, "Value": 0, "Offset": 52}}, "DOS_HEADER": {"e_cblp": {"FileOffset": 2, "Value": 144, "Offset": 2}, "e_crlc": {"FileOffset": 6, "Value": 0, "Offset": 6}, "e_ovno": {"FileOffset": 26, "Value": 0, "Offset": 26}, "e_minalloc": {"FileOffset": 10, "Value": 0, "Offset": 10}, "e_csum": {"FileOffset": 18, "Value": 0, "Offset": 18}, "e_cparhdr": {"FileOffset": 8, "Value": 4, "Offset": 8}, "e_cp": {"FileOffset": 4, "Value": 3, "Offset": 4}, "e_cs": {"FileOffset": 22, "Value": 0, "Offset": 22}, "e_maxalloc": {"FileOffset": 12, "Value": 65535, "Offset": 12}, "e_lfarlc": {"FileOffset": 24, "Value": 64, "Offset": 24}, "e_oemid": {"FileOffset": 36, "Value": 0, "Offset": 36}, "e_lfanew": {"FileOffset": 60, "Value": 216, "Offset": 60}, "e_ss": {"FileOffset": 14, "Value": 0, "Offset": 14}, "e_magic": {"FileOffset": 0, "Value": 23117, "Offset": 0}, "e_oeminfo": {"FileOffset": 38, "Value": 0, "Offset": 38}, "e_res2": {"FileOffset": 40, "Value": "", "Offset": 40}, "e_res": {"FileOffset": 28, "Value": "", "Offset": 28}, "e_sp": {"FileOffset": 16, "Value": 184, "Offset": 16}, "Structure": "IMAGE_DOS_HEADER", "e_ip": {"FileOffset": 20, "Value": 0, "Offset": 20}}, "Base relocations": [[{"SizeOfBlock": {"FileOffset": 17412, "Value": 208, "Offset": 4}, "VirtualAddress": {"FileOffset": 17408, "Value": 4096, "Offset": 0}, "Structure": "IMAGE_BASE_RELOCATION"}, {"RVA": 4174, "Type": "HIGHLOW"}, {"RVA": 4245, "Type": "HIGHLOW"}, {"RVA": 4340, "Type": "HIGHLOW"}, {"RVA": 4368, "Type": "HIGHLOW"}, {"RVA": 4449, "Type": "HIGHLOW"}, {"RVA": 4454, "Type": "HIGHLOW"}, {"RVA": 4466, "Type": "HIGHLOW"}, {"RVA": 4491, "Type": "HIGHLOW"}, {"RVA": 4499, "Type": "HIGHLOW"}, {"RVA": 4506, "Type": "HIGHLOW"}, {"RVA": 4556, "Type": "HIGHLOW"}, {"RVA": 5091, "Type": "HIGHLOW"}, {"RVA": 5106, "Type": "HIGHLOW"}, {"RVA": 5144, "Type": "HIGHLOW"}, {"RVA": 5160, "Type": "HIGHLOW"}, {"RVA": 5201, "Type": "HIGHLOW"}, {"RVA": 5231, "Type": "HIGHLOW"}, {"RVA": 5245, "Type": "HIGHLOW"}, {"RVA": 5292, "Type": "HIGHLOW"}, {"RVA": 5349, "Type": "HIGHLOW"}, {"RVA": 5414, "Type": "HIGHLOW"}, {"RVA": 5491, "Type": "HIGHLOW"}, {"RVA": 5538, "Type": "HIGHLOW"}, {"RVA": 5591, "Type": "HIGHLOW"}, {"RVA": 5627, "Type": "HIGHLOW"}, {"RVA": 5699, "Type": "HIGHLOW"}, {"RVA": 5787, "Type": "HIGHLOW"}, {"RVA": 5918, "Type": "HIGHLOW"}, {"RVA": 5942, "Type": "HIGHLOW"}, {"RVA": 5947, "Type": "HIGHLOW"}, {"RVA": 5999, "Type": "HIGHLOW"}, {"RVA": 6009, "Type": "HIGHLOW"}, {"RVA": 6037, "Type": "HIGHLOW"}, {"RVA": 6081, "Type": "HIGHLOW"}, {"RVA": 6094, "Type": "HIGHLOW"}, {"RVA": 6170, "Type": "HIGHLOW"}, {"RVA": 6283, "Type": "HIGHLOW"}, {"RVA": 6405, "Type": "HIGHLOW"}, {"RVA": 6411, "Type": "HIGHLOW"}, {"RVA": 6435, "Type": "HIGHLOW"}, {"RVA": 6453, "Type": "HIGHLOW"}, {"RVA": 6477, "Type": "HIGHLOW"}, {"RVA": 6545, "Type": "HIGHLOW"}, {"RVA": 6555, "Type": "HIGHLOW"}, {"RVA": 6561, "Type": "HIGHLOW"}, {"RVA": 6572, "Type": "HIGHLOW"}, {"RVA": 6579, "Type": "HIGHLOW"}, {"RVA": 6680, "Type": "HIGHLOW"}, {"RVA": 6687, "Type": "HIGHLOW"}, {"RVA": 6733, "Type": "HIGHLOW"}, {"RVA": 6742, "Type": "HIGHLOW"}, {"RVA": 6803, "Type": "HIGHLOW"}, {"RVA": 6863, "Type": "HIGHLOW"}, {"RVA": 6877, "Type": "HIGHLOW"}, {"RVA": 6948, "Type": "HIGHLOW"}, {"RVA": 6971, "Type": "HIGHLOW"}, {"RVA": 6981, "Type": "HIGHLOW"}, {"RVA": 6990, "Type": "HIGHLOW"}, {"RVA": 6996, "Type": "HIGHLOW"}, {"RVA": 7005, "Type": "HIGHLOW"}, {"RVA": 7075, "Type": "HIGHLOW"}, {"RVA": 7081, "Type": "HIGHLOW"}, {"RVA": 7090, "Type": "HIGHLOW"}, {"RVA": 7204, "Type": "HIGHLOW"}, {"RVA": 7208, "Type": "HIGHLOW"}, {"RVA": 7212, "Type": "HIGHLOW"}, {"RVA": 7216, "Type": "HIGHLOW"}, {"RVA": 7220, "Type": "HIGHLOW"}, {"RVA": 7224, "Type": "HIGHLOW"}, {"RVA": 7228, "Type": "HIGHLOW"}, {"RVA": 7232, "Type": "HIGHLOW"}, {"RVA": 7236, "Type": "HIGHLOW"}, {"RVA": 7240, "Type": "HIGHLOW"}, {"RVA": 7244, "Type": "HIGHLOW"}, {"RVA": 7300, "Type": "HIGHLOW"}, {"RVA": 7306, "Type": "HIGHLOW"}, {"RVA": 7447, "Type": "HIGHLOW"}, {"RVA": 7463, "Type": "HIGHLOW"}, {"RVA": 7623, "Type": "HIGHLOW"}, {"RVA": 7642, "Type": "HIGHLOW"}, {"RVA": 7711, "Type": "HIGHLOW"}, {"RVA": 7772, "Type": "HIGHLOW"}, {"RVA": 7804, "Type": "HIGHLOW"}, {"RVA": 7859, "Type": "HIGHLOW"}, {"RVA": 7871, "Type": "HIGHLOW"}, {"RVA": 7909, "Type": "HIGHLOW"}, {"RVA": 7936, "Type": "HIGHLOW"}, {"RVA": 7977, "Type": "HIGHLOW"}, {"RVA": 8004, "Type": "HIGHLOW"}, {"RVA": 8010, "Type": "HIGHLOW"}, {"RVA": 8017, "Type": "HIGHLOW"}, {"RVA": 8029, "Type": "HIGHLOW"}, {"RVA": 8039, "Type": "HIGHLOW"}, {"RVA": 8044, "Type": "HIGHLOW"}, {"RVA": 8052, "Type": "HIGHLOW"}, {"RVA": 8057, "Type": "HIGHLOW"}, {"RVA": 8068, "Type": "HIGHLOW"}, {"RVA": 8138, "Type": "HIGHLOW"}, {"RVA": 8176, "Type": "HIGHLOW"}, {"RVA": 4096, "Type": "ABSOLUTE"}], [{"SizeOfBlock": {"FileOffset": 17620, "Value": 320, "Offset": 4}, "VirtualAddress": {"FileOffset": 17616, "Value": 8192, "Offset": 0}, "Structure": "IMAGE_BASE_RELOCATION"}, {"RVA": 8209, "Type": "HIGHLOW"}, {"RVA": 8215, "Type": "HIGHLOW"}, {"RVA": 8236, "Type": "HIGHLOW"}, {"RVA": 8241, "Type": "HIGHLOW"}, {"RVA": 8294, "Type": "HIGHLOW"}, {"RVA": 8305, "Type": "HIGHLOW"}, {"RVA": 8315, "Type": "HIGHLOW"}, {"RVA": 8378, "Type": "HIGHLOW"}, {"RVA": 8385, "Type": "HIGHLOW"}, {"RVA": 8461, "Type": "HIGHLOW"}, {"RVA": 8564, "Type": "HIGHLOW"}, {"RVA": 8574, "Type": "HIGHLOW"}, {"RVA": 8585, "Type": "HIGHLOW"}, {"RVA": 8590, "Type": "HIGHLOW"}, {"RVA": 8599, "Type": "HIGHLOW"}, {"RVA": 8606, "Type": "HIGHLOW"}, {"RVA": 8613, "Type": "HIGHLOW"}, {"RVA": 8662, "Type": "HIGHLOW"}, {"RVA": 8672, "Type": "HIGHLOW"}, {"RVA": 8737, "Type": "HIGHLOW"}, {"RVA": 8756, "Type": "HIGHLOW"}, {"RVA": 8767, "Type": "HIGHLOW"}, {"RVA": 8817, "Type": "HIGHLOW"}, {"RVA": 8883, "Type": "HIGHLOW"}, {"RVA": 8958, "Type": "HIGHLOW"}, {"RVA": 8975, "Type": "HIGHLOW"}, {"RVA": 8981, "Type": "HIGHLOW"}, {"RVA": 9007, "Type": "HIGHLOW"}, {"RVA": 9022, "Type": "HIGHLOW"}, {"RVA": 9065, "Type": "HIGHLOW"}, {"RVA": 9113, "Type": "HIGHLOW"}, {"RVA": 9118, "Type": "HIGHLOW"}, {"RVA": 9198, "Type": "HIGHLOW"}, {"RVA": 9289, "Type": "HIGHLOW"}, {"RVA": 9305, "Type": "HIGHLOW"}, {"RVA": 9311, "Type": "HIGHLOW"}, {"RVA": 9337, "Type": "HIGHLOW"}, {"RVA": 9346, "Type": "HIGHLOW"}, {"RVA": 9442, "Type": "HIGHLOW"}, {"RVA": 9503, "Type": "HIGHLOW"}, {"RVA": 9516, "Type": "HIGHLOW"}, {"RVA": 9527, "Type": "HIGHLOW"}, {"RVA": 9539, "Type": "HIGHLOW"}, {"RVA": 9544, "Type": "HIGHLOW"}, {"RVA": 9551, "Type": "HIGHLOW"}, {"RVA": 9558, "Type": "HIGHLOW"}, {"RVA": 9565, "Type": "HIGHLOW"}, {"RVA": 9572, "Type": "HIGHLOW"}, {"RVA": 9579, "Type": "HIGHLOW"}, {"RVA": 9586, "Type": "HIGHLOW"}, {"RVA": 9657, "Type": "HIGHLOW"}, {"RVA": 9710, "Type": "HIGHLOW"}, {"RVA": 9790, "Type": "HIGHLOW"}, {"RVA": 9860, "Type": "HIGHLOW"}, {"RVA": 9864, "Type": "HIGHLOW"}, {"RVA": 9868, "Type": "HIGHLOW"}, {"RVA": 9872, "Type": "HIGHLOW"}, {"RVA": 9876, "Type": "HIGHLOW"}, {"RVA": 9880, "Type": "HIGHLOW"}, {"RVA": 9884, "Type": "HIGHLOW"}, {"RVA": 9889, "Type": "HIGHLOW"}, {"RVA": 9905, "Type": "HIGHLOW"}, {"RVA": 9912, "Type": "HIGHLOW"}, {"RVA": 9918, "Type": "HIGHLOW"}, {"RVA": 9936, "Type": "HIGHLOW"}, {"RVA": 9959, "Type": "HIGHLOW"}, {"RVA": 9975, "Type": "HIGHLOW"}, {"RVA": 9984, "Type": "HIGHLOW"}, {"RVA": 9999, "Type": "HIGHLOW"}, {"RVA": 10051, "Type": "HIGHLOW"}, {"RVA": 10058, "Type": "HIGHLOW"}, {"RVA": 10064, "Type": "HIGHLOW"}, {"RVA": 10090, "Type": "HIGHLOW"}, {"RVA": 10101, "Type": "HIGHLOW"}, {"RVA": 10108, "Type": "HIGHLOW"}, {"RVA": 10121, "Type": "HIGHLOW"}, {"RVA": 10133, "Type": "HIGHLOW"}, {"RVA": 10143, "Type": "HIGHLOW"}, {"RVA": 10150, "Type": "HIGHLOW"}, {"RVA": 10196, "Type": "HIGHLOW"}, {"RVA": 10218, "Type": "HIGHLOW"}, {"RVA": 10242, "Type": "HIGHLOW"}, {"RVA": 10249, "Type": "HIGHLOW"}, {"RVA": 10256, "Type": "HIGHLOW"}, {"RVA": 10264, "Type": "HIGHLOW"}, {"RVA": 10274, "Type": "HIGHLOW"}, {"RVA": 10281, "Type": "HIGHLOW"}, {"RVA": 10326, "Type": "HIGHLOW"}, {"RVA": 10355, "Type": "HIGHLOW"}, {"RVA": 10390, "Type": "HIGHLOW"}, {"RVA": 10395, "Type": "HIGHLOW"}, {"RVA": 10402, "Type": "HIGHLOW"}, {"RVA": 10407, "Type": "HIGHLOW"}, {"RVA": 10425, "Type": "HIGHLOW"}, {"RVA": 10441, "Type": "HIGHLOW"}, {"RVA": 10539, "Type": "HIGHLOW"}, {"RVA": 10544, "Type": "HIGHLOW"}, {"RVA": 10575, "Type": "HIGHLOW"}, {"RVA": 10709, "Type": "HIGHLOW"}, {"RVA": 10749, "Type": "HIGHLOW"}, {"RVA": 10773, "Type": "HIGHLOW"}, {"RVA": 10798, "Type": "HIGHLOW"}, {"RVA": 10831, "Type": "HIGHLOW"}, {"RVA": 10846, "Type": "HIGHLOW"}, {"RVA": 10859, "Type": "HIGHLOW"}, {"RVA": 10871, "Type": "HIGHLOW"}, {"RVA": 10993, "Type": "HIGHLOW"}, {"RVA": 11079, "Type": "HIGHLOW"}, {"RVA": 11137, "Type": "HIGHLOW"}, {"RVA": 11201, "Type": "HIGHLOW"}, {"RVA": 11217, "Type": "HIGHLOW"}, {"RVA": 11227, "Type": "HIGHLOW"}, {"RVA": 11269, "Type": "HIGHLOW"}, {"RVA": 11281, "Type": "HIGHLOW"}, {"RVA": 11286, "Type": "HIGHLOW"}, {"RVA": 11297, "Type": "HIGHLOW"}, {"RVA": 11338, "Type": "HIGHLOW"}, {"RVA": 11409, "Type": "HIGHLOW"}, {"RVA": 11425, "Type": "HIGHLOW"}, {"RVA": 11435, "Type": "HIGHLOW"}, {"RVA": 11441, "Type": "HIGHLOW"}, {"RVA": 11473, "Type": "HIGHLOW"}, {"RVA": 11491, "Type": "HIGHLOW"}, {"RVA": 11525, "Type": "HIGHLOW"}, {"RVA": 11552, "Type": "HIGHLOW"}, {"RVA": 11559, "Type": "HIGHLOW"}, {"RVA": 11566, "Type": "HIGHLOW"}, {"RVA": 11616, "Type": "HIGHLOW"}, {"RVA": 11639, "Type": "HIGHLOW"}, {"RVA": 11645, "Type": "HIGHLOW"}, {"RVA": 11671, "Type": "HIGHLOW"}, {"RVA": 11682, "Type": "HIGHLOW"}, {"RVA": 11734, "Type": "HIGHLOW"}, {"RVA": 11747, "Type": "HIGHLOW"}, {"RVA": 11759, "Type": "HIGHLOW"}, {"RVA": 11769, "Type": "HIGHLOW"}, {"RVA": 11776, "Type": "HIGHLOW"}, {"RVA": 11822, "Type": "HIGHLOW"}, {"RVA": 11841, "Type": "HIGHLOW"}, {"RVA": 11850, "Type": "HIGHLOW"}, {"RVA": 11858, "Type": "HIGHLOW"}, {"RVA": 11868, "Type": "HIGHLOW"}, {"RVA": 11875, "Type": "HIGHLOW"}, {"RVA": 11921, "Type": "HIGHLOW"}, {"RVA": 11953, "Type": "HIGHLOW"}, {"RVA": 11971, "Type": "HIGHLOW"}, {"RVA": 11978, "Type": "HIGHLOW"}, {"RVA": 12009, "Type": "HIGHLOW"}, {"RVA": 12022, "Type": "HIGHLOW"}, {"RVA": 12032, "Type": "HIGHLOW"}, {"RVA": 12112, "Type": "HIGHLOW"}, {"RVA": 12118, "Type": "HIGHLOW"}, {"RVA": 12152, "Type": "HIGHLOW"}, {"RVA": 12166, "Type": "HIGHLOW"}, {"RVA": 12231, "Type": "HIGHLOW"}, {"RVA": 12240, "Type": "HIGHLOW"}], [{"SizeOfBlock": {"FileOffset": 17940, "Value": 224, "Offset": 4}, "VirtualAddress": {"FileOffset": 17936, "Value": 12288, "Offset": 0}, "Structure": "IMAGE_BASE_RELOCATION"}, {"RVA": 12323, "Type": "HIGHLOW"}, {"RVA": 12333, "Type": "HIGHLOW"}, {"RVA": 12415, "Type": "HIGHLOW"}, {"RVA": 12425, "Type": "HIGHLOW"}, {"RVA": 12514, "Type": "HIGHLOW"}, {"RVA": 12523, "Type": "HIGHLOW"}, {"RVA": 12548, "Type": "HIGHLOW"}, {"RVA": 12624, "Type": "HIGHLOW"}, {"RVA": 12641, "Type": "HIGHLOW"}, {"RVA": 12648, "Type": "HIGHLOW"}, {"RVA": 12728, "Type": "HIGHLOW"}, {"RVA": 12764, "Type": "HIGHLOW"}, {"RVA": 12821, "Type": "HIGHLOW"}, {"RVA": 12847, "Type": "HIGHLOW"}, {"RVA": 12884, "Type": "HIGHLOW"}, {"RVA": 12909, "Type": "HIGHLOW"}, {"RVA": 12927, "Type": "HIGHLOW"}, {"RVA": 12935, "Type": "HIGHLOW"}, {"RVA": 12954, "Type": "HIGHLOW"}, {"RVA": 12970, "Type": "HIGHLOW"}, {"RVA": 12984, "Type": "HIGHLOW"}, {"RVA": 12997, "Type": "HIGHLOW"}, {"RVA": 13057, "Type": "HIGHLOW"}, {"RVA": 13071, "Type": "HIGHLOW"}, {"RVA": 13151, "Type": "HIGHLOW"}, {"RVA": 13170, "Type": "HIGHLOW"}, {"RVA": 13210, "Type": "HIGHLOW"}, {"RVA": 13252, "Type": "HIGHLOW"}, {"RVA": 13259, "Type": "HIGHLOW"}, {"RVA": 13290, "Type": "HIGHLOW"}, {"RVA": 13297, "Type": "HIGHLOW"}, {"RVA": 13306, "Type": "HIGHLOW"}, {"RVA": 13313, "Type": "HIGHLOW"}, {"RVA": 13324, "Type": "HIGHLOW"}, {"RVA": 13385, "Type": "HIGHLOW"}, {"RVA": 13391, "Type": "HIGHLOW"}, {"RVA": 13397, "Type": "HIGHLOW"}, {"RVA": 13404, "Type": "HIGHLOW"}, {"RVA": 13423, "Type": "HIGHLOW"}, {"RVA": 13458, "Type": "HIGHLOW"}, {"RVA": 13468, "Type": "HIGHLOW"}, {"RVA": 13476, "Type": "HIGHLOW"}, {"RVA": 13487, "Type": "HIGHLOW"}, {"RVA": 13496, "Type": "HIGHLOW"}, {"RVA": 13532, "Type": "HIGHLOW"}, {"RVA": 13553, "Type": "HIGHLOW"}, {"RVA": 13597, "Type": "HIGHLOW"}, {"RVA": 13629, "Type": "HIGHLOW"}, {"RVA": 13646, "Type": "HIGHLOW"}, {"RVA": 13655, "Type": "HIGHLOW"}, {"RVA": 13671, "Type": "HIGHLOW"}, {"RVA": 13684, "Type": "HIGHLOW"}, {"RVA": 13693, "Type": "HIGHLOW"}, {"RVA": 13698, "Type": "HIGHLOW"}, {"RVA": 13705, "Type": "HIGHLOW"}, {"RVA": 13778, "Type": "HIGHLOW"}, {"RVA": 13796, "Type": "HIGHLOW"}, {"RVA": 13800, "Type": "HIGHLOW"}, {"RVA": 13804, "Type": "HIGHLOW"}, {"RVA": 13808, "Type": "HIGHLOW"}, {"RVA": 13812, "Type": "HIGHLOW"}, {"RVA": 13830, "Type": "HIGHLOW"}, {"RVA": 13914, "Type": "HIGHLOW"}, {"RVA": 13967, "Type": "HIGHLOW"}, {"RVA": 13980, "Type": "HIGHLOW"}, {"RVA": 14020, "Type": "HIGHLOW"}, {"RVA": 14038, "Type": "HIGHLOW"}, {"RVA": 14050, "Type": "HIGHLOW"}, {"RVA": 14061, "Type": "HIGHLOW"}, {"RVA": 14073, "Type": "HIGHLOW"}, {"RVA": 14099, "Type": "HIGHLOW"}, {"RVA": 14130, "Type": "HIGHLOW"}, {"RVA": 14136, "Type": "HIGHLOW"}, {"RVA": 14142, "Type": "HIGHLOW"}, {"RVA": 14148, "Type": "HIGHLOW"}, {"RVA": 14154, "Type": "HIGHLOW"}, {"RVA": 14160, "Type": "HIGHLOW"}, {"RVA": 14166, "Type": "HIGHLOW"}, {"RVA": 14172, "Type": "HIGHLOW"}, {"RVA": 14178, "Type": "HIGHLOW"}, {"RVA": 14194, "Type": "HIGHLOW"}, {"RVA": 14200, "Type": "HIGHLOW"}, {"RVA": 14206, "Type": "HIGHLOW"}, {"RVA": 14212, "Type": "HIGHLOW"}, {"RVA": 14226, "Type": "HIGHLOW"}, {"RVA": 14234, "Type": "HIGHLOW"}, {"RVA": 14240, "Type": "HIGHLOW"}, {"RVA": 14251, "Type": "HIGHLOW"}, {"RVA": 14264, "Type": "HIGHLOW"}, {"RVA": 14272, "Type": "HIGHLOW"}, {"RVA": 14286, "Type": "HIGHLOW"}, {"RVA": 14291, "Type": "HIGHLOW"}, {"RVA": 14296, "Type": "HIGHLOW"}, {"RVA": 14301, "Type": "HIGHLOW"}, {"RVA": 14312, "Type": "HIGHLOW"}, {"RVA": 14325, "Type": "HIGHLOW"}, {"RVA": 14335, "Type": "HIGHLOW"}, {"RVA": 14356, "Type": "HIGHLOW"}, {"RVA": 14368, "Type": "HIGHLOW"}, {"RVA": 14374, "Type": "HIGHLOW"}, {"RVA": 14408, "Type": "HIGHLOW"}, {"RVA": 14426, "Type": "HIGHLOW"}, {"RVA": 14518, "Type": "HIGHLOW"}, {"RVA": 14546, "Type": "HIGHLOW"}, {"RVA": 14552, "Type": "HIGHLOW"}, {"RVA": 14558, "Type": "HIGHLOW"}, {"RVA": 14588, "Type": "HIGHLOW"}, {"RVA": 14620, "Type": "HIGHLOW"}], [{"SizeOfBlock": {"FileOffset": 18164, "Value": 20, "Offset": 4}, "VirtualAddress": {"FileOffset": 18160, "Value": 16384, "Offset": 0}, "Structure": "IMAGE_BASE_RELOCATION"}, {"RVA": 16704, "Type": "HIGHLOW"}, {"RVA": 16720, "Type": "HIGHLOW"}, {"RVA": 16748, "Type": "HIGHLOW"}, {"RVA": 16760, "Type": "HIGHLOW"}, {"RVA": 16788, "Type": "HIGHLOW"}, {"RVA": 16384, "Type": "ABSOLUTE"}]], "NT_HEADERS": {"Structure": "IMAGE_NT_HEADERS", "Signature": {"FileOffset": 216, "Value": 17744, "Offset": 0}}, "Flags": ["IMAGE_FILE_LOCAL_SYMS_STRIPPED", "IMAGE_FILE_32BIT_MACHINE", "IMAGE_FILE_EXECUTABLE_IMAGE", "IMAGE_FILE_DLL", "IMAGE_FILE_LINE_NUMS_STRIPPED"], "Version Information": [{"ValueLength": {"FileOffset": 16482, "Value": 52, "Offset": 2}, "Length": {"FileOffset": 16480, "Value": 912, "Offset": 0}, "Type": {"FileOffset": 16484, "Value": 0, "Offset": 4}, "Structure": "VS_VERSIONINFO"}, {"FileFlagsMask": {"FileOffset": 16544, "Value": 63, "Offset": 24}, "FileType": {"FileOffset": 16556, "Value": 2, "Offset": 36}, "FileVersionMS": {"FileOffset": 16528, "Value": 327681, "Offset": 8}, "FileVersionLS": {"FileOffset": 16532, "Value": 170399112, "Offset": 12}, "Signature": {"FileOffset": 16520, "Value": 4277077181, "Offset": 0}, "FileSubtype": {"FileOffset": 16560, "Value": 0, "Offset": 40}, "FileFlags": {"FileOffset": 16548, "Value": 0, "Offset": 28}, "FileDateLS": {"FileOffset": 16568, "Value": 0, "Offset": 48}, "ProductVersionLS": {"FileOffset": 16540, "Value": 170399112, "Offset": 20}, "FileOS": {"FileOffset": 16552, "Value": 262148, "Offset": 32}, "ProductVersionMS": {"FileOffset": 16536, "Value": 327681, "Offset": 16}, "FileDateMS": {"FileOffset": 16564, "Value": 0, "Offset": 44}, "Structure": "VS_FIXEDFILEINFO", "StrucVersion": {"FileOffset": 16524, "Value": 65536, "Offset": 4}}], "Imported symbols": [[{"TimeDateStamp": {"FileOffset": 12188, "Value": "0x0        [Thu Jan  1 00:00:00 1970 UTC]", "Offset": 4}, "Name": {"FileOffset": 12196, "Value": 17876, "Offset": 12}, "ForwarderChain": {"FileOffset": 12192, "Value": 0, "Offset": 8}, "OriginalFirstThunk": {"FileOffset": 12184, "Value": 16996, "Offset": 0}, "FirstThunk": {"FileOffset": 12200, "Value": 16448, "Offset": 16}, "Characteristics": {"FileOffset": 12184, "Value": 16996, "Offset": 0}, "Structure": "IMAGE_IMPORT_DESCRIPTOR"}, {"Hint": 346, "Name": "GetExitCodeProcess", "DLL": "KERNEL32.dll"}, {"Hint": 102, "Name": "CreateProcessA", "DLL": "KERNEL32.dll"}, {"Hint": 350, "Name": "GetFileAttributesA", "DLL": "KERNEL32.dll"}, {"Hint": 449, "Name": "GetSystemDirectoryA", "DLL": "KERNEL32.dll"}, {"Hint": 188, "Name": "ExpandEnvironmentStringsA", "DLL": "KERNEL32.dll"}, {"Hint": 823, "Name": "SetStdHandle", "DLL": "KERNEL32.dll"}, {"Hint": 491, "Name": "GetVolumeInformationA", "DLL": "KERNEL32.dll"}, {"Hint": 339, "Name": "GetDriveTypeA", "DLL": "KERNEL32.dll"}, {"Hint": 957, "Name": "lstrcatA", "DLL": "KERNEL32.dll"}, {"Hint": 657, "Name": "PeekNamedPipe", "DLL": "KERNEL32.dll"}, {"Hint": 664, "Name": "Process32Next", "DLL": "KERNEL32.dll"}, {"Hint": 662, "Name": "Process32First", "DLL": "KERNEL32.dll"}, {"Hint": 114, "Name": "CreateToolhelp32Snapshot", "DLL": "KERNEL32.dll"}, {"Hint": 646, "Name": "OpenProcess", "DLL": "KERNEL32.dll"}, {"Hint": 932, "Name": "WriteFile", "DLL": "KERNEL32.dll"}, {"Hint": 355, "Name": "GetFileSize", "DLL": "KERNEL32.dll"}, {"Hint": 381, "Name": "GetModuleFileNameA", "DLL": "KERNEL32.dll"}, {"Hint": 863, "Name": "TerminateThread", "DLL": "KERNEL32.dll"}, {"Hint": 693, "Name": "ReadFile", "DLL": "KERNEL32.dll"}, {"Hint": 298, "Name": "GetConsoleDisplayMode", "DLL": "KERNEL32.dll"}, {"Hint": 10, "Name": "AllocConsole", "DLL": "KERNEL32.dll"}, {"Hint": 83, "Name": "CreateFileA", "DLL": "KERNEL32.dll"}, {"Hint": 922, "Name": "WriteConsoleInputA", "DLL": "KERNEL32.dll"}, {"Hint": 276, "Name": "GetComputerNameA", "DLL": "KERNEL32.dll"}, {"Hint": 854, "Name": "Sleep", "DLL": "KERNEL32.dll"}, {"Hint": 101, "Name": "CreatePipe", "DLL": "KERNEL32.dll"}, {"Hint": 499, "Name": "GetWindowsDirectoryA", "DLL": "KERNEL32.dll"}, {"Hint": 778, "Name": "SetCurrentDirectoryA", "DLL": "KERNEL32.dll"}, {"Hint": 111, "Name": "CreateThread", "DLL": "KERNEL32.dll"}, {"Hint": 912, "Name": "WaitForSingleObject", "DLL": "KERNEL32.dll"}, {"Hint": 52, "Name": "CloseHandle", "DLL": "KERNEL32.dll"}, {"Hint": 862, "Name": "TerminateProcess", "DLL": "KERNEL32.dll"}, {"Hint": 376, "Name": "GetLogicalDrives", "DLL": "KERNEL32.dll"}, {"Hint": 369, "Name": "GetLastError", "DLL": "KERNEL32.dll"}], [{"TimeDateStamp": {"FileOffset": 12208, "Value": "0x0        [Thu Jan  1 00:00:00 1970 UTC]", "Offset": 4}, "Name": {"FileOffset": 12216, "Value": 18012, "Offset": 12}, "ForwarderChain": {"FileOffset": 12212, "Value": 0, "Offset": 8}, "OriginalFirstThunk": {"FileOffset": 12204, "Value": 17136, "Offset": 0}, "FirstThunk": {"FileOffset": 12220, "Value": 16588, "Offset": 16}, "Characteristics": {"FileOffset": 12204, "Value": 17136, "Offset": 0}, "Structure": "IMAGE_IMPORT_DESCRIPTOR"}, {"Hint": 157, "Name": "_adjust_fdiv", "DLL": "MSVCRT.dll"}, {"Hint": 657, "Name": "malloc", "DLL": "MSVCRT.dll"}, {"Hint": 271, "Name": "_initterm", "DLL": "MSVCRT.dll"}, {"Hint": 606, "Name": "free", "DLL": "MSVCRT.dll"}, {"Hint": 753, "Name": "wcstombs", "DLL": "MSVCRT.dll"}, {"Hint": 574, "Name": "atol", "DLL": "MSVCRT.dll"}, {"Hint": 707, "Name": "strrchr", "DLL": "MSVCRT.dll"}, {"Hint": 693, "Name": "sscanf", "DLL": "MSVCRT.dll"}, {"Hint": 73, "Name": "__CxxFrameHandler", "DLL": "MSVCRT.dll"}, {"Hint": 445, "Name": "_strcmpi", "DLL": "MSVCRT.dll"}, {"Hint": 573, "Name": "atoi", "DLL": "MSVCRT.dll"}, {"Hint": 690, "Name": "sprintf", "DLL": "MSVCRT.dll"}, {"Hint": 15, "Name": "??2@YAPAXI@Z", "DLL": "MSVCRT.dll"}, {"Hint": 16, "Name": "??3@YAXPAX@Z", "DLL": "MSVCRT.dll"}], [{"TimeDateStamp": {"FileOffset": 12228, "Value": "0x0        [Thu Jan  1 00:00:00 1970 UTC]", "Offset": 4}, "Name": {"FileOffset": 12236, "Value": 18260, "Offset": 12}, "ForwarderChain": {"FileOffset": 12232, "Value": 0, "Offset": 8}, "OriginalFirstThunk": {"FileOffset": 12224, "Value": 17204, "Offset": 0}, "FirstThunk": {"FileOffset": 12240, "Value": 16656, "Offset": 16}, "Characteristics": {"FileOffset": 12224, "Value": 17204, "Offset": 0}, "Structure": "IMAGE_IMPORT_DESCRIPTOR"}, {"Hint": 154, "Name": "InternetReadFile", "DLL": "WININET.dll"}, {"Hint": 89, "Name": "HttpSendRequestA", "DLL": "WININET.dll"}, {"Hint": 152, "Name": "InternetQueryOptionA", "DLL": "WININET.dll"}, {"Hint": 105, "Name": "InternetCloseHandle", "DLL": "WININET.dll"}, {"Hint": 167, "Name": "InternetSetOptionA", "DLL": "WININET.dll"}, {"Hint": 111, "Name": "InternetConnectA", "DLL": "WININET.dll"}, {"Hint": 85, "Name": "HttpOpenRequestA", "DLL": "WININET.dll"}, {"Hint": 80, "Name": "HttpAddRequestHeadersA", "DLL": "WININET.dll"}, {"Hint": 146, "Name": "InternetOpenA", "DLL": "WININET.dll"}], [{"TimeDateStamp": {"FileOffset": 12248, "Value": "0x0        [Thu Jan  1 00:00:00 1970 UTC]", "Offset": 4}, "Name": {"FileOffset": 12256, "Value": 18566, "Offset": 12}, "ForwarderChain": {"FileOffset": 12252, "Value": 0, "Offset": 8}, "OriginalFirstThunk": {"FileOffset": 12244, "Value": 16932, "Offset": 0}, "FirstThunk": {"FileOffset": 12260, "Value": 16384, "Offset": 16}, "Characteristics": {"FileOffset": 12244, "Value": 16932, "Offset": 0}, "Structure": "IMAGE_IMPORT_DESCRIPTOR"}, {"Hint": 585, "Name": "StartServiceA", "DLL": "ADVAPI32.dll"}, {"Hint": 580, "Name": "SetServiceStatus", "DLL": "ADVAPI32.dll"}, {"Hint": 524, "Name": "RegisterServiceCtrlHandlerA", "DLL": "ADVAPI32.dll"}, {"Hint": 472, "Name": "RegDeleteValueA", "DLL": "ADVAPI32.dll"}, {"Hint": 492, "Name": "RegOpenKeyExA", "DLL": "ADVAPI32.dll"}, {"Hint": 503, "Name": "RegQueryValueExA", "DLL": "ADVAPI32.dll"}, {"Hint": 516, "Name": "RegSetValueExA", "DLL": "ADVAPI32.dll"}, {"Hint": 459, "Name": "RegCloseKey", "DLL": "ADVAPI32.dll"}, {"Hint": 428, "Name": "OpenProcessToken", "DLL": "ADVAPI32.dll"}, {"Hint": 95, "Name": "CreateProcessAsUserA", "DLL": "ADVAPI32.dll"}, {"Hint": 62, "Name": "CloseServiceHandle", "DLL": "ADVAPI32.dll"}, {"Hint": 211, "Name": "EnumServicesStatusExA", "DLL": "ADVAPI32.dll"}, {"Hint": 429, "Name": "OpenSCManagerA", "DLL": "ADVAPI32.dll"}, {"Hint": 66, "Name": "ControlService", "DLL": "ADVAPI32.dll"}, {"Hint": 431, "Name": "OpenServiceA", "DLL": "ADVAPI32.dll"}], [{"TimeDateStamp": {"FileOffset": 12268, "Value": "0x0        [Thu Jan  1 00:00:00 1970 UTC]", "Offset": 4}, "Name": {"FileOffset": 12276, "Value": 18602, "Offset": 12}, "ForwarderChain": {"FileOffset": 12272, "Value": 0, "Offset": 8}, "OriginalFirstThunk": {"FileOffset": 12264, "Value": 17244, "Offset": 0}, "FirstThunk": {"FileOffset": 12280, "Value": 16696, "Offset": 16}, "Characteristics": {"FileOffset": 12264, "Value": 17244, "Offset": 0}, "Structure": "IMAGE_IMPORT_DESCRIPTOR"}, {"Hint": 74, "Name": "URLDownloadToFileA", "DLL": "urlmon.dll"}], [{"TimeDateStamp": {"FileOffset": 12288, "Value": "0x0        [Thu Jan  1 00:00:00 1970 UTC]", "Offset": 4}, "Name": {"FileOffset": 12296, "Value": 18632, "Offset": 12}, "ForwarderChain": {"FileOffset": 12292, "Value": 0, "Offset": 8}, "OriginalFirstThunk": {"FileOffset": 12284, "Value": 17196, "Offset": 0}, "FirstThunk": {"FileOffset": 12300, "Value": 16648, "Offset": 16}, "Characteristics": {"FileOffset": 12284, "Value": 17196, "Offset": 0}, "Structure": "IMAGE_IMPORT_DESCRIPTOR"}, {"Hint": 24, "Name": "GetUserNameExA", "DLL": "Secur32.dll"}]], "PE Sections": [{"PointerToRawData": {"FileOffset": 484, "Value": 1024, "Offset": 20}, "SHA1": "210fde2ba05e54f9329786c3abef6bb51a1f2dcb", "SHA256": "9cefcb8bca8d94d0e366f312c752273d6dc3d9e2dd78cc8293cbad0f47c04e9b", "Name": {"FileOffset": 464, "Value": ".text", "Offset": 0}, "NumberOfRelocations": {"FileOffset": 496, "Value": 0, "Offset": 32}, "Misc_VirtualSize": {"FileOffset": 472, "Value": 10533, "Offset": 8}, "Characteristics": {"FileOffset": 500, "Value": 1610612768, "Offset": 36}, "Misc": {"FileOffset": 472, "Value": 10533, "Offset": 8}, "PointerToLinenumbers": {"FileOffset": 492, "Value": 0, "Offset": 28}, "SizeOfRawData": {"FileOffset": 480, "Value": 10752, "Offset": 16}, "Misc_PhysicalAddress": {"FileOffset": 472, "Value": 10533, "Offset": 8}, "PointerToRelocations": {"FileOffset": 488, "Value": 0, "Offset": 24}, "Flags": ["IMAGE_SCN_MEM_EXECUTE", "IMAGE_SCN_CNT_CODE", "IMAGE_SCN_MEM_READ"], "SHA512": "c28d48a92bdddebebaeff6a1fcd8ce3793fc6f8ffa2b1eb2c301ecb33bf93de16c0d614051f7dbe4602315f9c924ae97243ab8a6b8cfd5fabd6fc024d2c638c1", "MD5": "f06392f0892cbe0b098893225e8e0a42", "Entropy": 6.205257971518255, "VirtualAddress": {"FileOffset": 476, "Value": 4096, "Offset": 12}, "Structure": "IMAGE_SECTION_HEADER", "NumberOfLinenumbers": {"FileOffset": 498, "Value": 0, "Offset": 34}}, {"PointerToRawData": {"FileOffset": 524, "Value": 11776, "Offset": 20}, "SHA1": "8b01da5aa7c36aa38754bdb7453a8e3b5813b55f", "SHA256": "57aef804c0f879fab6f8346d485ca7d6f14755413d954763bc7b42f80d4c2de0", "Name": {"FileOffset": 504, "Value": ".rdata", "Offset": 0}, "NumberOfRelocations": {"FileOffset": 536, "Value": 0, "Offset": 32}, "Misc_VirtualSize": {"FileOffset": 512, "Value": 2384, "Offset": 8}, "Characteristics": {"FileOffset": 540, "Value": 1073741888, "Offset": 36}, "Misc": {"FileOffset": 512, "Value": 2384, "Offset": 8}, "PointerToLinenumbers": {"FileOffset": 532, "Value": 0, "Offset": 28}, "SizeOfRawData": {"FileOffset": 520, "Value": 2560, "Offset": 16}, "Misc_PhysicalAddress": {"FileOffset": 512, "Value": 2384, "Offset": 8}, "PointerToRelocations": {"FileOffset": 528, "Value": 0, "Offset": 24}, "Flags": ["IMAGE_SCN_CNT_INITIALIZED_DATA", "IMAGE_SCN_MEM_READ"], "SHA512": "b75dc8a023a68bdbf727319c1d4235764878276d67d0c0a9cd7eab44ba29951b9c89a240fb2a9f6dc66e6180a503246563b9d8cda4d40c00e86a93c6a47c5983", "MD5": "6340fb919ab496eb3d9ad31873fe2477", "Entropy": 4.730813883689788, "VirtualAddress": {"FileOffset": 516, "Value": 16384, "Offset": 12}, "Structure": "IMAGE_SECTION_HEADER", "NumberOfLinenumbers": {"FileOffset": 538, "Value": 0, "Offset": 34}}, {"PointerToRawData": {"FileOffset": 564, "Value": 14336, "Offset": 20}, "SHA1": "bdcfff9ee9b58035c8cd7efeda73b457b533870a", "SHA256": "e22ae89eb33a2af482b2d684a590d7f7deaf0170d4fa19a45435129ca866e65a", "Name": {"FileOffset": 544, "Value": ".data", "Offset": 0}, "NumberOfRelocations": {"FileOffset": 576, "Value": 0, "Offset": 32}, "Misc_VirtualSize": {"FileOffset": 552, "Value": 2348, "Offset": 8}, "Characteristics": {"FileOffset": 580, "Value": 3221225536, "Offset": 36}, "Misc": {"FileOffset": 552, "Value": 2348, "Offset": 8}, "PointerToLinenumbers": {"FileOffset": 572, "Value": 0, "Offset": 28}, "SizeOfRawData": {"FileOffset": 560, "Value": 2048, "Offset": 16}, "Misc_PhysicalAddress": {"FileOffset": 552, "Value": 2348, "Offset": 8}, "PointerToRelocations": {"FileOffset": 568, "Value": 0, "Offset": 24}, "Flags": ["IMAGE_SCN_CNT_INITIALIZED_DATA", "IMAGE_SCN_MEM_WRITE", "IMAGE_SCN_MEM_READ"], "SHA512": "dae82c04a4e7200c54d4555b0b59d808c20eb51a71ff72370dec1d0d87fcec9dc6860e15a60fccd38e1da9da839e5120c726667e004e70e99d749cc12930a0b0", "MD5": "bcf74aae253ec914c5067195e60e6568", "Entropy": 4.908617476707431, "VirtualAddress": {"FileOffset": 556, "Value": 20480, "Offset": 12}, "Structure": "IMAGE_SECTION_HEADER", "NumberOfLinenumbers": {"FileOffset": 578, "Value": 0, "Offset": 34}}, {"PointerToRawData": {"FileOffset": 604, "Value": 16384, "Offset": 20}, "SHA1": "77178753ad435375bbf61fe5215f6519508b3847", "SHA256": "b840c2180feb1583de23f06cf2b63a669a050d941347409deb08dabda888241e", "Name": {"FileOffset": 584, "Value": ".rsrc", "Offset": 0}, "NumberOfRelocations": {"FileOffset": 616, "Value": 0, "Offset": 32}, "Misc_VirtualSize": {"FileOffset": 592, "Value": 1008, "Offset": 8}, "Characteristics": {"FileOffset": 620, "Value": 1073741888, "Offset": 36}, "Misc": {"FileOffset": 592, "Value": 1008, "Offset": 8}, "PointerToLinenumbers": {"FileOffset": 612, "Value": 0, "Offset": 28}, "SizeOfRawData": {"FileOffset": 600, "Value": 1024, "Offset": 16}, "Misc_PhysicalAddress": {"FileOffset": 592, "Value": 1008, "Offset": 8}, "PointerToRelocations": {"FileOffset": 608, "Value": 0, "Offset": 24}, "Flags": ["IMAGE_SCN_CNT_INITIALIZED_DATA", "IMAGE_SCN_MEM_READ"], "SHA512": "9802f020a6416499a9dc17973ac51a3f152711527dfabcb075367a3cec5c859022ab04cee3e98967fcb6f5f920d2e95327a4a13651fbb9b08c98050622cc263d", "MD5": "f18996cdbad5b842e9fbacfa8cb06848", "Entropy": 3.415368565922344, "VirtualAddress": {"FileOffset": 596, "Value": 24576, "Offset": 12}, "Structure": "IMAGE_SECTION_HEADER", "NumberOfLinenumbers": {"FileOffset": 618, "Value": 0, "Offset": 34}}, {"PointerToRawData": {"FileOffset": 644, "Value": 17408, "Offset": 20}, "SHA1": "31e6de1423bd914c09eeb39d09c87fff6ef55167", "SHA256": "ce166edb450a4bee916117f2d6c226d4db20c1b8f702e9d604a01df529a0606e", "Name": {"FileOffset": 624, "Value": ".reloc", "Offset": 0}, "NumberOfRelocations": {"FileOffset": 656, "Value": 0, "Offset": 32}, "Misc_VirtualSize": {"FileOffset": 632, "Value": 936, "Offset": 8}, "Characteristics": {"FileOffset": 660, "Value": 1107296320, "Offset": 36}, "Misc": {"FileOffset": 632, "Value": 936, "Offset": 8}, "PointerToLinenumbers": {"FileOffset": 652, "Value": 0, "Offset": 28}, "SizeOfRawData": {"FileOffset": 640, "Value": 1024, "Offset": 16}, "Misc_PhysicalAddress": {"FileOffset": 632, "Value": 936, "Offset": 8}, "PointerToRelocations": {"FileOffset": 648, "Value": 0, "Offset": 24}, "Flags": ["IMAGE_SCN_CNT_INITIALIZED_DATA", "IMAGE_SCN_MEM_DISCARDABLE", "IMAGE_SCN_MEM_READ"], "SHA512": "8550021db39f738e4979235a9329d61cc9f10148fc0634268f01adfddbc97fac64cd3b32810e7685fe05934e096914106f74385073a0904c17133d0ce7da7cbb", "MD5": "21f6fb43915d9122515747cc905f4ea5", "Entropy": 5.6091270369806345, "VirtualAddress": {"FileOffset": 636, "Value": 28672, "Offset": 12}, "Structure": "IMAGE_SECTION_HEADER", "NumberOfLinenumbers": {"FileOffset": 658, "Value": 0, "Offset": 34}}], "Resource directory": [{"MajorVersion": {"FileOffset": 16392, "Value": 0, "Offset": 8}, "NumberOfIdEntries": {"FileOffset": 16398, "Value": 1, "Offset": 14}, "MinorVersion": {"FileOffset": 16394, "Value": 0, "Offset": 10}, "TimeDateStamp": {"FileOffset": 16388, "Value": "0x0        [Thu Jan  1 00:00:00 1970 UTC]", "Offset": 4}, "Characteristics": {"FileOffset": 16384, "Value": 0, "Offset": 0}, "NumberOfNamedEntries": {"FileOffset": 16396, "Value": 0, "Offset": 12}, "Structure": "IMAGE_RESOURCE_DIRECTORY"}, {"Structure": "IMAGE_RESOURCE_DIRECTORY_ENTRY", "Id": [16, "RT_VERSION"], "OffsetToData": {"FileOffset": 16404, "Value": 2147483672, "Offset": 4}, "Name": {"FileOffset": 16400, "Value": 16, "Offset": 0}}, [{"MajorVersion": {"FileOffset": 16416, "Value": 0, "Offset": 8}, "NumberOfIdEntries": {"FileOffset": 16422, "Value": 1, "Offset": 14}, "MinorVersion": {"FileOffset": 16418, "Value": 0, "Offset": 10}, "TimeDateStamp": {"FileOffset": 16412, "Value": "0x0        [Thu Jan  1 00:00:00 1970 UTC]", "Offset": 4}, "Characteristics": {"FileOffset": 16408, "Value": 0, "Offset": 0}, "NumberOfNamedEntries": {"FileOffset": 16420, "Value": 0, "Offset": 12}, "Structure": "IMAGE_RESOURCE_DIRECTORY"}, {"Structure": "IMAGE_RESOURCE_DIRECTORY_ENTRY", "Id": 1, "OffsetToData": {"FileOffset": 16428, "Value": 2147483696, "Offset": 4}, "Name": {"FileOffset": 16424, "Value": 1, "Offset": 0}}, [{"MajorVersion": {"FileOffset": 16440, "Value": 0, "Offset": 8}, "NumberOfIdEntries": {"FileOffset": 16446, "Value": 1, "Offset": 14}, "MinorVersion": {"FileOffset": 16442, "Value": 0, "Offset": 10}, "TimeDateStamp": {"FileOffset": 16436, "Value": "0x0        [Thu Jan  1 00:00:00 1970 UTC]", "Offset": 4}, "Characteristics": {"FileOffset": 16432, "Value": 0, "Offset": 0}, "NumberOfNamedEntries": {"FileOffset": 16444, "Value": 0, "Offset": 12}, "Structure": "IMAGE_RESOURCE_DIRECTORY"}, {"LANG": 9, "SUBLANG_NAME": "SUBLANG_ENGLISH_US", "Name": {"FileOffset": 16448, "Value": 1033, "Offset": 0}, "CodePage": {"FileOffset": 16464, "Value": 0, "Offset": 8}, "LANG_NAME": "LANG_ENGLISH", "OffsetToData": {"FileOffset": 16456, "Value": 24672, "Offset": 0}, "Reserved": {"FileOffset": 16468, "Value": 0, "Offset": 12}, "SUBLANG": 1, "Structure": "IMAGE_RESOURCE_DATA_ENTRY", "Size": {"FileOffset": 16460, "Value": 912, "Offset": 4}}]]]}
