{"DllCharacteristics": [], "FILE_HEADER": {"NumberOfSections": {"FileOffset": 214, "Value": 3, "Offset": 2}, "TimeDateStamp": {"FileOffset": 216, "Value": "0x4ECAF7AA [Tue Nov 22 01:15:22 2011 UTC]", "Offset": 4}, "PointerToSymbolTable": {"FileOffset": 220, "Value": 0, "Offset": 8}, "NumberOfSymbols": {"FileOffset": 224, "Value": 0, "Offset": 12}, "Machine": {"FileOffset": 212, "Value": 332, "Offset": 0}, "Characteristics": {"FileOffset": 230, "Value": 271, "Offset": 18}, "SizeOfOptionalHeader": {"FileOffset": 228, "Value": 224, "Offset": 16}, "Structure": "IMAGE_FILE_HEADER"}, "Directories": [{"VirtualAddress": {"FileOffset": 328, "Value": 0, "Offset": 0}, "Structure": "IMAGE_DIRECTORY_ENTRY_EXPORT", "Size": {"FileOffset": 332, "Value": 0, "Offset": 4}}, {"VirtualAddress": {"FileOffset": 336, "Value": 108608, "Offset": 0}, "Structure": "IMAGE_DIRECTORY_ENTRY_IMPORT", "Size": {"FileOffset": 340, "Value": 80, "Offset": 4}}, {"VirtualAddress": {"FileOffset": 344, "Value": 0, "Offset": 0}, "Structure": "IMAGE_DIRECTORY_ENTRY_RESOURCE", "Size": {"FileOffset": 348, "Value": 0, "Offset": 4}}, {"VirtualAddress": {"FileOffset": 352, "Value": 0, "Offset": 0}, "Structure": "IMAGE_DIRECTORY_ENTRY_EXCEPTION", "Size": {"FileOffset": 356, "Value": 0, "Offset": 4}}, {"VirtualAddress": {"FileOffset": 360, "Value": 0, "Offset": 0}, "Structure": "IMAGE_DIRECTORY_ENTRY_SECURITY", "Size": {"FileOffset": 364, "Value": 0, "Offset": 4}}, {"VirtualAddress": {"FileOffset": 368, "Value": 0, "Offset": 0}, "Structure": "IMAGE_DIRECTORY_ENTRY_BASERELOC", "Size": {"FileOffset": 372, "Value": 0, "Offset": 4}}, {"VirtualAddress": {"FileOffset": 376, "Value": 0, "Offset": 0}, "Structure": "IMAGE_DIRECTORY_ENTRY_DEBUG", "Size": {"FileOffset": 380, "Value": 0, "Offset": 4}}, {"VirtualAddress": {"FileOffset": 384, "Value": 0, "Offset": 0}, "Structure": "IMAGE_DIRECTORY_ENTRY_COPYRIGHT", "Size": {"FileOffset": 388, "Value": 0, "Offset": 4}}, {"VirtualAddress": {"FileOffset": 392, "Value": 0, "Offset": 0}, "Structure": "IMAGE_DIRECTORY_ENTRY_GLOBALPTR", "Size": {"FileOffset": 396, "Value": 0, "Offset": 4}}, {"VirtualAddress": {"FileOffset": 400, "Value": 0, "Offset": 0}, "Structure": "IMAGE_DIRECTORY_ENTRY_TLS", "Size": {"FileOffset": 404, "Value": 0, "Offset": 4}}, {"VirtualAddress": {"FileOffset": 408, "Value": 0, "Offset": 0}, "Structure": "IMAGE_DIRECTORY_ENTRY_LOAD_CONFIG", "Size": {"FileOffset": 412, "Value": 0, "Offset": 4}}, {"VirtualAddress": {"FileOffset": 416, "Value": 0, "Offset": 0}, "Structure": "IMAGE_DIRECTORY_ENTRY_BOUND_IMPORT", "Size": {"FileOffset": 420, "Value": 0, "Offset": 4}}, {"VirtualAddress": {"FileOffset": 424, "Value": 102400, "Offset": 0}, "Structure": "IMAGE_DIRECTORY_ENTRY_IAT", "Size": {"FileOffset": 428, "Value": 328, "Offset": 4}}, {"VirtualAddress": {"FileOffset": 432, "Value": 0, "Offset": 0}, "Structure": "IMAGE_DIRECTORY_ENTRY_DELAY_IMPORT", "Size": {"FileOffset": 436, "Value": 0, "Offset": 4}}, {"VirtualAddress": {"FileOffset": 440, "Value": 0, "Offset": 0}, "Structure": "IMAGE_DIRECTORY_ENTRY_COM_DESCRIPTOR", "Size": {"FileOffset": 444, "Value": 0, "Offset": 4}}, {"VirtualAddress": {"FileOffset": 448, "Value": 0, "Offset": 0}, "Structure": "IMAGE_DIRECTORY_ENTRY_RESERVED", "Size": {"FileOffset": 452, "Value": 0, "Offset": 4}}], "OPTIONAL_HEADER": {"DllCharacteristics": {"FileOffset": 302, "Value": 0, "Offset": 70}, "BaseOfCode": {"FileOffset": 252, "Value": 4096, "Offset": 20}, "MajorLinkerVersion": {"FileOffset": 234, "Value": 6, "Offset": 2}, "MinorOperatingSystemVersion": {"FileOffset": 274, "Value": 0, "Offset": 42}, "MinorLinkerVersion": {"FileOffset": 235, "Value": 0, "Offset": 3}, "MajorSubsystemVersion": {"FileOffset": 280, "Value": 4, "Offset": 48}, "MajorOperatingSystemVersion": {"FileOffset": 272, "Value": 4, "Offset": 40}, "SizeOfStackCommit": {"FileOffset": 308, "Value": 4096, "Offset": 76}, "SizeOfUninitializedData": {"FileOffset": 244, "Value": 0, "Offset": 12}, "NumberOfRvaAndSizes": {"FileOffset": 324, "Value": 16, "Offset": 92}, "SizeOfHeapReserve": {"FileOffset": 312, "Value": 1048576, "Offset": 80}, "LoaderFlags": {"FileOffset": 320, "Value": 0, "Offset": 88}, "SizeOfHeapCommit": {"FileOffset": 316, "Value": 4096, "Offset": 84}, "SizeOfStackReserve": {"FileOffset": 304, "Value": 1048576, "Offset": 72}, "Structure": "IMAGE_OPTIONAL_HEADER", "SizeOfHeaders": {"FileOffset": 292, "Value": 4096, "Offset": 60}, "Subsystem": {"FileOffset": 300, "Value": 2, "Offset": 68}, "Magic": {"FileOffset": 232, "Value": 267, "Offset": 0}, "MinorImageVersion": {"FileOffset": 278, "Value": 0, "Offset": 46}, "MajorImageVersion": {"FileOffset": 276, "Value": 0, "Offset": 44}, "FileAlignment": {"FileOffset": 268, "Value": 4096, "Offset": 36}, "BaseOfData": {"FileOffset": 256, "Value": 102400, "Offset": 24}, "AddressOfEntryPoint": {"FileOffset": 248, "Value": 59798, "Offset": 16}, "SectionAlignment": {"FileOffset": 264, "Value": 4096, "Offset": 32}, "SizeOfCode": {"FileOffset": 236, "Value": 98304, "Offset": 4}, "ImageBase": {"FileOffset": 260, "Value": 4194304, "Offset": 28}, "SizeOfInitializedData": {"FileOffset": 240, "Value": 28672, "Offset": 8}, "SizeOfImage": {"FileOffset": 288, "Value": 131072, "Offset": 56}, "MinorSubsystemVersion": {"FileOffset": 282, "Value": 0, "Offset": 50}, "CheckSum": {"FileOffset": 296, "Value": 0, "Offset": 64}, "Reserved1": {"FileOffset": 284, "Value": 0, "Offset": 52}}, "DOS_HEADER": {"e_cblp": {"FileOffset": 2, "Value": 144, "Offset": 2}, "e_crlc": {"FileOffset": 6, "Value": 0, "Offset": 6}, "e_ovno": {"FileOffset": 26, "Value": 0, "Offset": 26}, "e_minalloc": {"FileOffset": 10, "Value": 0, "Offset": 10}, "e_csum": {"FileOffset": 18, "Value": 0, "Offset": 18}, "e_cparhdr": {"FileOffset": 8, "Value": 4, "Offset": 8}, "e_cp": {"FileOffset": 4, "Value": 3, "Offset": 4}, "e_cs": {"FileOffset": 22, "Value": 0, "Offset": 22}, "e_maxalloc": {"FileOffset": 12, "Value": 65535, "Offset": 12}, "e_lfarlc": {"FileOffset": 24, "Value": 64, "Offset": 24}, "e_oemid": {"FileOffset": 36, "Value": 0, "Offset": 36}, "e_lfanew": {"FileOffset": 60, "Value": 208, "Offset": 60}, "e_ss": {"FileOffset": 14, "Value": 0, "Offset": 14}, "e_magic": {"FileOffset": 0, "Value": 23117, "Offset": 0}, "e_oeminfo": {"FileOffset": 38, "Value": 0, "Offset": 38}, "e_res2": {"FileOffset": 40, "Value": "", "Offset": 40}, "e_res": {"FileOffset": 28, "Value": "", "Offset": 28}, "e_sp": {"FileOffset": 16, "Value": 184, "Offset": 16}, "Structure": "IMAGE_DOS_HEADER", "e_ip": {"FileOffset": 20, "Value": 0, "Offset": 20}}, "NT_HEADERS": {"Structure": "IMAGE_NT_HEADERS", "Signature": {"FileOffset": 208, "Value": 17744, "Offset": 0}}, "Flags": ["IMAGE_FILE_LOCAL_SYMS_STRIPPED", "IMAGE_FILE_32BIT_MACHINE", "IMAGE_FILE_EXECUTABLE_IMAGE", "IMAGE_FILE_LINE_NUMS_STRIPPED", "IMAGE_FILE_RELOCS_STRIPPED"], "Imported symbols": [[{"TimeDateStamp": {"FileOffset": 108612, "Value": "0x0        [Thu Jan  1 00:00:00 1970 UTC]", "Offset": 4}, "Name": {"FileOffset": 108620, "Value": 109266, "Offset": 12}, "ForwarderChain": {"FileOffset": 108616, "Value": 0, "Offset": 8}, "OriginalFirstThunk": {"FileOffset": 108608, "Value": 108688, "Offset": 0}, "FirstThunk": {"FileOffset": 108624, "Value": 102400, "Offset": 16}, "Characteristics": {"FileOffset": 108608, "Value": 108688, "Offset": 0}, "Structure": "IMAGE_IMPORT_DESCRIPTOR"}, {"Hint": 841, "Name": "Sleep", "DLL": "KERNEL32.dll"}, {"Hint": 105, "Name": "CreateThread", "DLL": "KERNEL32.dll"}, {"Hint": 46, "Name": "CloseHandle", "DLL": "KERNEL32.dll"}, {"Hint": 408, "Name": "GetProcAddress", "DLL": "KERNEL32.dll"}, {"Hint": 584, "Name": "LoadLibraryA", "DLL": "KERNEL32.dll"}, {"Hint": 431, "Name": "GetStartupInfoA", "DLL": "KERNEL32.dll"}, {"Hint": 95, "Name": "CreatePipe", "DLL": "KERNEL32.dll"}, {"Hint": 683, "Name": "ReadFile", "DLL": "KERNEL32.dll"}, {"Hint": 849, "Name": "TerminateProcess", "DLL": "KERNEL32.dll"}, {"Hint": 919, "Name": "WriteFile", "DLL": "KERNEL32.dll"}, {"Hint": 373, "Name": "GetModuleFileNameA", "DLL": "KERNEL32.dll"}, {"Hint": 429, "Name": "GetShortPathNameA", "DLL": "KERNEL32.dll"}, {"Hint": 619, "Name": "MultiByteToWideChar", "DLL": "KERNEL32.dll"}, {"Hint": 361, "Name": "GetLastError", "DLL": "KERNEL32.dll"}, {"Hint": 905, "Name": "WideCharToMultiByte", "DLL": "KERNEL32.dll"}, {"Hint": 80, "Name": "CreateFileW", "DLL": "KERNEL32.dll"}, {"Hint": 776, "Name": "SetEnvironmentVariableA", "DLL": "KERNEL32.dll"}, {"Hint": 53, "Name": "CompareStringW", "DLL": "KERNEL32.dll"}, {"Hint": 52, "Name": "CompareStringA", "DLL": "KERNEL32.dll"}, {"Hint": 571, "Name": "LCMapStringW", "DLL": "KERNEL32.dll"}, {"Hint": 570, "Name": "LCMapStringA", "DLL": "KERNEL32.dll"}, {"Hint": 77, "Name": "CreateFileA", "DLL": "KERNEL32.dll"}, {"Hint": 229, "Name": "FlushFileBuffers", "DLL": "KERNEL32.dll"}, {"Hint": 812, "Name": "SetStdHandle", "DLL": "KERNEL32.dll"}, {"Hint": 437, "Name": "GetStringTypeW", "DLL": "KERNEL32.dll"}, {"Hint": 434, "Name": "GetStringTypeA", "DLL": "KERNEL32.dll"}, {"Hint": 550, "Name": "IsBadCodePtr", "DLL": "KERNEL32.dll"}, {"Hint": 553, "Name": "IsBadReadPtr", "DLL": "KERNEL32.dll"}, {"Hint": 829, "Name": "SetUnhandledExceptionFilter", "DLL": "KERNEL32.dll"}, {"Hint": 556, "Name": "IsBadWritePtr", "DLL": "KERNEL32.dll"}, {"Hint": 885, "Name": "VirtualAlloc", "DLL": "KERNEL32.dll"}, {"Hint": 888, "Name": "VirtualFree", "DLL": "KERNEL32.dll"}, {"Hint": 716, "Name": "RtlUnwind", "DLL": "KERNEL32.dll"}, {"Hint": 175, "Name": "ExitProcess", "DLL": "KERNEL32.dll"}, {"Hint": 314, "Name": "GetCurrentProcess", "DLL": "KERNEL32.dll"}, {"Hint": 472, "Name": "GetTimeZoneInformation", "DLL": "KERNEL32.dll"}, {"Hint": 446, "Name": "GetSystemTime", "DLL": "KERNEL32.dll"}, {"Hint": 363, "Name": "GetLocalTime", "DLL": "KERNEL32.dll"}, {"Hint": 264, "Name": "GetCommandLineA", "DLL": "KERNEL32.dll"}, {"Hint": 478, "Name": "GetVersion", "DLL": "KERNEL32.dll"}, {"Hint": 524, "Name": "HeapFree", "DLL": "KERNEL32.dll"}, {"Hint": 669, "Name": "RaiseException", "DLL": "KERNEL32.dll"}, {"Hint": 518, "Name": "HeapAlloc", "DLL": "KERNEL32.dll"}, {"Hint": 784, "Name": "SetFilePointer", "DLL": "KERNEL32.dll"}, {"Hint": 252, "Name": "GetCPInfo", "DLL": "KERNEL32.dll"}, {"Hint": 245, "Name": "GetACP", "DLL": "KERNEL32.dll"}, {"Hint": 395, "Name": "GetOEMCP", "DLL": "KERNEL32.dll"}, {"Hint": 528, "Name": "HeapReAlloc", "DLL": "KERNEL32.dll"}, {"Hint": 530, "Name": "HeapSize", "DLL": "KERNEL32.dll"}, {"Hint": 375, "Name": "GetModuleHandleA", "DLL": "KERNEL32.dll"}, {"Hint": 866, "Name": "UnhandledExceptionFilter", "DLL": "KERNEL32.dll"}, {"Hint": 237, "Name": "FreeEnvironmentStringsA", "DLL": "KERNEL32.dll"}, {"Hint": 238, "Name": "FreeEnvironmentStringsW", "DLL": "KERNEL32.dll"}, {"Hint": 333, "Name": "GetEnvironmentStrings", "DLL": "KERNEL32.dll"}, {"Hint": 335, "Name": "GetEnvironmentStringsW", "DLL": "KERNEL32.dll"}, {"Hint": 793, "Name": "SetHandleCount", "DLL": "KERNEL32.dll"}, {"Hint": 433, "Name": "GetStdHandle", "DLL": "KERNEL32.dll"}, {"Hint": 350, "Name": "GetFileType", "DLL": "KERNEL32.dll"}, {"Hint": 336, "Name": "GetEnvironmentVariableA", "DLL": "KERNEL32.dll"}, {"Hint": 479, "Name": "GetVersionExA", "DLL": "KERNEL32.dll"}, {"Hint": 522, "Name": "HeapDestroy", "DLL": "KERNEL32.dll"}, {"Hint": 520, "Name": "HeapCreate", "DLL": "KERNEL32.dll"}, {"Hint": 773, "Name": "SetEndOfFile", "DLL": "KERNEL32.dll"}], [{"TimeDateStamp": {"FileOffset": 108632, "Value": "0x0        [Thu Jan  1 00:00:00 1970 UTC]", "Offset": 4}, "Name": {"FileOffset": 108640, "Value": 109576, "Offset": 12}, "ForwarderChain": {"FileOffset": 108636, "Value": 0, "Offset": 8}, "OriginalFirstThunk": {"FileOffset": 108628, "Value": 108944, "Offset": 0}, "FirstThunk": {"FileOffset": 108644, "Value": 102656, "Offset": 16}, "Characteristics": {"FileOffset": 108628, "Value": 108944, "Offset": 0}, "Structure": "IMAGE_IMPORT_DESCRIPTOR"}, {"Hint": 162, "Name": "InternetSetCookieW", "DLL": "WININET.dll"}, {"Hint": 149, "Name": "InternetOpenW", "DLL": "WININET.dll"}, {"Hint": 154, "Name": "InternetReadFile", "DLL": "WININET.dll"}, {"Hint": 150, "Name": "InternetQueryDataAvailable", "DLL": "WININET.dll"}, {"Hint": 88, "Name": "HttpQueryInfoW", "DLL": "WININET.dll"}, {"Hint": 83, "Name": "HttpEndRequestA", "DLL": "WININET.dll"}, {"Hint": 186, "Name": "InternetWriteFile", "DLL": "WININET.dll"}, {"Hint": 91, "Name": "HttpSendRequestExW", "DLL": "WININET.dll"}, {"Hint": 81, "Name": "HttpAddRequestHeadersW", "DLL": "WININET.dll"}, {"Hint": 86, "Name": "HttpOpenRequestW", "DLL": "WININET.dll"}, {"Hint": 112, "Name": "InternetConnectW", "DLL": "WININET.dll"}, {"Hint": 114, "Name": "InternetCrackUrlW", "DLL": "WININET.dll"}, {"Hint": 170, "Name": "InternetSetOptionW", "DLL": "WININET.dll"}, {"Hint": 105, "Name": "InternetCloseHandle", "DLL": "WININET.dll"}], [{"TimeDateStamp": {"FileOffset": 108652, "Value": "0x0        [Thu Jan  1 00:00:00 1970 UTC]", "Offset": 4}, "Name": {"FileOffset": 108660, "Value": 109588, "Offset": 12}, "ForwarderChain": {"FileOffset": 108656, "Value": 0, "Offset": 8}, "OriginalFirstThunk": {"FileOffset": 108648, "Value": 109004, "Offset": 0}, "FirstThunk": {"FileOffset": 108664, "Value": 102716, "Offset": 16}, "Characteristics": {"FileOffset": 108648, "Value": 109004, "Offset": 0}, "Structure": "IMAGE_IMPORT_DESCRIPTOR"}, {"Ordinal": 115, "DLL": "WS2_32.dll"}, {"Ordinal": 57, "DLL": "WS2_32.dll"}]], "PE Sections": [{"PointerToRawData": {"FileOffset": 476, "Value": 4096, "Offset": 20}, "SHA1": "3bbad9452587d5c47d90dbf44ed517df1d7a7046", "SHA256": "f4827158ec345442ad70eec8eb7df4c6cca1fa67f2b579c4e4fddc339d8e7253", "Name": {"FileOffset": 456, "Value": ".text", "Offset": 0}, "NumberOfRelocations": {"FileOffset": 488, "Value": 0, "Offset": 32}, "Misc_VirtualSize": {"FileOffset": 464, "Value": 96574, "Offset": 8}, "Characteristics": {"FileOffset": 492, "Value": 1610612768, "Offset": 36}, "Misc": {"FileOffset": 464, "Value": 96574, "Offset": 8}, "PointerToLinenumbers": {"FileOffset": 484, "Value": 0, "Offset": 28}, "SizeOfRawData": {"FileOffset": 472, "Value": 98304, "Offset": 16}, "Misc_PhysicalAddress": {"FileOffset": 464, "Value": 96574, "Offset": 8}, "PointerToRelocations": {"FileOffset": 480, "Value": 0, "Offset": 24}, "Flags": ["IMAGE_SCN_MEM_EXECUTE", "IMAGE_SCN_CNT_CODE", "IMAGE_SCN_MEM_READ"], "SHA512": "b809b2470a8ea5a7e51b83fb374af976fe9391a4ecd8227f57fecd0fa329692b3f239bb678da02589e575833b201d524bbfe7d451dd136a0bfe4ebe2eb56ed38", "MD5": "1cdeae675ae4bd07973156c2c1811a55", "Entropy": 6.608591884946135, "VirtualAddress": {"FileOffset": 468, "Value": 4096, "Offset": 12}, "Structure": "IMAGE_SECTION_HEADER", "NumberOfLinenumbers": {"FileOffset": 490, "Value": 0, "Offset": 34}}, {"PointerToRawData": {"FileOffset": 516, "Value": 102400, "Offset": 20}, "SHA1": "2a78ef27ed73123b745840cbb68a8e47bdf3274e", "SHA256": "0dd2258bb85b1c2ca4968260258f7e2a05299661d04310ff0bb7aaed4b3e8d3a", "Name": {"FileOffset": 496, "Value": ".rdata", "Offset": 0}, "NumberOfRelocations": {"FileOffset": 528, "Value": 0, "Offset": 32}, "Misc_VirtualSize": {"FileOffset": 504, "Value": 8042, "Offset": 8}, "Characteristics": {"FileOffset": 532, "Value": 1073741888, "Offset": 36}, "Misc": {"FileOffset": 504, "Value": 8042, "Offset": 8}, "PointerToLinenumbers": {"FileOffset": 524, "Value": 0, "Offset": 28}, "SizeOfRawData": {"FileOffset": 512, "Value": 8192, "Offset": 16}, "Misc_PhysicalAddress": {"FileOffset": 504, "Value": 8042, "Offset": 8}, "PointerToRelocations": {"FileOffset": 520, "Value": 0, "Offset": 24}, "Flags": ["IMAGE_SCN_CNT_INITIALIZED_DATA", "IMAGE_SCN_MEM_READ"], "SHA512": "fc0c8a453304dd44278633a195f210d641b41428b3db5ea2bed99b4734ca33521209f5087bde0225f8881aa569c12765d06d7db920be720dc429b51b78e8b061", "MD5": "69958b73edc575ded121fa8331ee8a5f", "Entropy": 4.677017290016281, "VirtualAddress": {"FileOffset": 508, "Value": 102400, "Offset": 12}, "Structure": "IMAGE_SECTION_HEADER", "NumberOfLinenumbers": {"FileOffset": 530, "Value": 0, "Offset": 34}}, {"PointerToRawData": {"FileOffset": 556, "Value": 110592, "Offset": 20}, "SHA1": "32a098f4a2560c4dfd74a20c78567ff6b8d3726d", "SHA256": "c153229b273dce489fbc38ed5a3e902bbd1907edea47949b5a154d8b78f0613f", "Name": {"FileOffset": 536, "Value": ".data", "Offset": 0}, "NumberOfRelocations": {"FileOffset": 568, "Value": 0, "Offset": 32}, "Misc_VirtualSize": {"FileOffset": 544, "Value": 19064, "Offset": 8}, "Characteristics": {"FileOffset": 572, "Value": 3221225536, "Offset": 36}, "Misc": {"FileOffset": 544, "Value": 19064, "Offset": 8}, "PointerToLinenumbers": {"FileOffset": 564, "Value": 0, "Offset": 28}, "SizeOfRawData": {"FileOffset": 552, "Value": 16384, "Offset": 16}, "Misc_PhysicalAddress": {"FileOffset": 544, "Value": 19064, "Offset": 8}, "PointerToRelocations": {"FileOffset": 560, "Value": 0, "Offset": 24}, "Flags": ["IMAGE_SCN_CNT_INITIALIZED_DATA", "IMAGE_SCN_MEM_WRITE", "IMAGE_SCN_MEM_READ"], "SHA512": "dcdf80e5e7e5081e2e1ab9a7eec6161f679a9ae260acfbfae318d0f30212a2c214a8df49d3e9c962bd5a4881f87309a696e63e7214e0be8c64cd0e9db9c81f31", "MD5": "ca8ed5d35163906a8a0522eab4edbbd5", "Entropy": 1.6745255580952219, "VirtualAddress": {"FileOffset": 548, "Value": 110592, "Offset": 12}, "Structure": "IMAGE_SECTION_HEADER", "NumberOfLinenumbers": {"FileOffset": 570, "Value": 0, "Offset": 34}}]}
