{"DllCharacteristics": ["IMAGE_DLLCHARACTERISTICS_NO_SEH", "IMAGE_DLLCHARACTERISTICS_TERMINAL_SERVER_AWARE", "IMAGE_DLLCHARACTERISTICS_NX_COMPAT"], "FILE_HEADER": {"NumberOfSections": {"FileOffset": 230, "Value": 5, "Offset": 2}, "TimeDateStamp": {"FileOffset": 232, "Value": "0x4FD34D79 [Sat Jun  9 13:19:53 2012 UTC]", "Offset": 4}, "PointerToSymbolTable": {"FileOffset": 236, "Value": 0, "Offset": 8}, "NumberOfSymbols": {"FileOffset": 240, "Value": 0, "Offset": 12}, "Machine": {"FileOffset": 228, "Value": 332, "Offset": 0}, "Characteristics": {"FileOffset": 246, "Value": 259, "Offset": 18}, "SizeOfOptionalHeader": {"FileOffset": 244, "Value": 224, "Offset": 16}, "Structure": "IMAGE_FILE_HEADER"}, "Parsing Warnings": ["RVA AddressOfNames in the export directory points to an invalid address: 0"], "Directories": [{"VirtualAddress": {"FileOffset": 344, "Value": 68560, "Offset": 0}, "Structure": "IMAGE_DIRECTORY_ENTRY_EXPORT", "Size": {"FileOffset": 348, "Value": 51, "Offset": 4}}, {"VirtualAddress": {"FileOffset": 352, "Value": 64864, "Offset": 0}, "Structure": "IMAGE_DIRECTORY_ENTRY_IMPORT", "Size": {"FileOffset": 356, "Value": 200, "Offset": 4}}, {"VirtualAddress": {"FileOffset": 360, "Value": 229376, "Offset": 0}, "Structure": "IMAGE_DIRECTORY_ENTRY_RESOURCE", "Size": {"FileOffset": 364, "Value": 306776, "Offset": 4}}, {"VirtualAddress": {"FileOffset": 368, "Value": 0, "Offset": 0}, "Structure": "IMAGE_DIRECTORY_ENTRY_EXCEPTION", "Size": {"FileOffset": 372, "Value": 0, "Offset": 4}}, {"VirtualAddress": {"FileOffset": 376, "Value": 0, "Offset": 0}, "Structure": "IMAGE_DIRECTORY_ENTRY_SECURITY", "Size": {"FileOffset": 380, "Value": 0, "Offset": 4}}, {"VirtualAddress": {"FileOffset": 384, "Value": 0, "Offset": 0}, "Structure": "IMAGE_DIRECTORY_ENTRY_BASERELOC", "Size": {"FileOffset": 388, "Value": 0, "Offset": 4}}, {"VirtualAddress": {"FileOffset": 392, "Value": 62112, "Offset": 0}, "Structure": "IMAGE_DIRECTORY_ENTRY_DEBUG", "Size": {"FileOffset": 396, "Value": 28, "Offset": 4}}, {"VirtualAddress": {"FileOffset": 400, "Value": 0, "Offset": 0}, "Structure": "IMAGE_DIRECTORY_ENTRY_COPYRIGHT", "Size": {"FileOffset": 404, "Value": 0, "Offset": 4}}, {"VirtualAddress": {"FileOffset": 408, "Value": 0, "Offset": 0}, "Structure": "IMAGE_DIRECTORY_ENTRY_GLOBALPTR", "Size": {"FileOffset": 412, "Value": 0, "Offset": 4}}, {"VirtualAddress": {"FileOffset": 416, "Value": 0, "Offset": 0}, "Structure": "IMAGE_DIRECTORY_ENTRY_TLS", "Size": {"FileOffset": 420, "Value": 0, "Offset": 4}}, {"VirtualAddress": {"FileOffset": 424, "Value": 0, "Offset": 0}, "Structure": "IMAGE_DIRECTORY_ENTRY_LOAD_CONFIG", "Size": {"FileOffset": 428, "Value": 0, "Offset": 4}}, {"VirtualAddress": {"FileOffset": 432, "Value": 0, "Offset": 0}, "Structure": "IMAGE_DIRECTORY_ENTRY_BOUND_IMPORT", "Size": {"FileOffset": 436, "Value": 0, "Offset": 4}}, {"VirtualAddress": {"FileOffset": 440, "Value": 61440, "Offset": 0}, "Structure": "IMAGE_DIRECTORY_ENTRY_IAT", "Size": {"FileOffset": 444, "Value": 664, "Offset": 4}}, {"VirtualAddress": {"FileOffset": 448, "Value": 0, "Offset": 0}, "Structure": "IMAGE_DIRECTORY_ENTRY_DELAY_IMPORT", "Size": {"FileOffset": 452, "Value": 0, "Offset": 4}}, {"VirtualAddress": {"FileOffset": 456, "Value": 0, "Offset": 0}, "Structure": "IMAGE_DIRECTORY_ENTRY_COM_DESCRIPTOR", "Size": {"FileOffset": 460, "Value": 0, "Offset": 4}}, {"VirtualAddress": {"FileOffset": 464, "Value": 0, "Offset": 0}, "Structure": "IMAGE_DIRECTORY_ENTRY_RESERVED", "Size": {"FileOffset": 468, "Value": 0, "Offset": 4}}], "OPTIONAL_HEADER": {"DllCharacteristics": {"FileOffset": 318, "Value": 34048, "Offset": 70}, "BaseOfCode": {"FileOffset": 268, "Value": 4096, "Offset": 20}, "MajorLinkerVersion": {"FileOffset": 250, "Value": 9, "Offset": 2}, "MinorOperatingSystemVersion": {"FileOffset": 290, "Value": 0, "Offset": 42}, "MinorLinkerVersion": {"FileOffset": 251, "Value": 0, "Offset": 3}, "MajorSubsystemVersion": {"FileOffset": 296, "Value": 5, "Offset": 48}, "MajorOperatingSystemVersion": {"FileOffset": 288, "Value": 5, "Offset": 40}, "SizeOfStackCommit": {"FileOffset": 324, "Value": 4096, "Offset": 76}, "SizeOfUninitializedData": {"FileOffset": 260, "Value": 0, "Offset": 12}, "NumberOfRvaAndSizes": {"FileOffset": 340, "Value": 16, "Offset": 92}, "SizeOfHeapReserve": {"FileOffset": 328, "Value": 1048576, "Offset": 80}, "LoaderFlags": {"FileOffset": 336, "Value": 0, "Offset": 88}, "SizeOfHeapCommit": {"FileOffset": 332, "Value": 4096, "Offset": 84}, "SizeOfStackReserve": {"FileOffset": 320, "Value": 1048576, "Offset": 72}, "Structure": "IMAGE_OPTIONAL_HEADER", "SizeOfHeaders": {"FileOffset": 308, "Value": 1024, "Offset": 60}, "Subsystem": {"FileOffset": 316, "Value": 2, "Offset": 68}, "Magic": {"FileOffset": 248, "Value": 267, "Offset": 0}, "MinorImageVersion": {"FileOffset": 294, "Value": 0, "Offset": 46}, "MajorImageVersion": {"FileOffset": 292, "Value": 0, "Offset": 44}, "FileAlignment": {"FileOffset": 284, "Value": 512, "Offset": 36}, "BaseOfData": {"FileOffset": 272, "Value": 61440, "Offset": 24}, "AddressOfEntryPoint": {"FileOffset": 264, "Value": 38026, "Offset": 16}, "SectionAlignment": {"FileOffset": 280, "Value": 4096, "Offset": 32}, "SizeOfCode": {"FileOffset": 252, "Value": 55296, "Offset": 4}, "ImageBase": {"FileOffset": 276, "Value": 4194304, "Offset": 28}, "SizeOfInitializedData": {"FileOffset": 256, "Value": 315904, "Offset": 8}, "SizeOfImage": {"FileOffset": 304, "Value": 536576, "Offset": 56}, "MinorSubsystemVersion": {"FileOffset": 298, "Value": 0, "Offset": 50}, "CheckSum": {"FileOffset": 312, "Value": 0, "Offset": 64}, "Reserved1": {"FileOffset": 300, "Value": 0, "Offset": 52}}, "DOS_HEADER": {"e_cblp": {"FileOffset": 2, "Value": 144, "Offset": 2}, "e_crlc": {"FileOffset": 6, "Value": 0, "Offset": 6}, "e_ovno": {"FileOffset": 26, "Value": 0, "Offset": 26}, "e_minalloc": {"FileOffset": 10, "Value": 0, "Offset": 10}, "e_csum": {"FileOffset": 18, "Value": 0, "Offset": 18}, "e_cparhdr": {"FileOffset": 8, "Value": 4, "Offset": 8}, "e_cp": {"FileOffset": 4, "Value": 3, "Offset": 4}, "e_cs": {"FileOffset": 22, "Value": 0, "Offset": 22}, "e_maxalloc": {"FileOffset": 12, "Value": 65535, "Offset": 12}, "e_lfarlc": {"FileOffset": 24, "Value": 64, "Offset": 24}, "e_oemid": {"FileOffset": 36, "Value": 0, "Offset": 36}, "e_lfanew": {"FileOffset": 60, "Value": 224, "Offset": 60}, "e_ss": {"FileOffset": 14, "Value": 0, "Offset": 14}, "e_magic": {"FileOffset": 0, "Value": 23117, "Offset": 0}, "e_oeminfo": {"FileOffset": 38, "Value": 0, "Offset": 38}, "e_res2": {"FileOffset": 40, "Value": "", "Offset": 40}, "e_res": {"FileOffset": 28, "Value": "", "Offset": 28}, "e_sp": {"FileOffset": 16, "Value": 184, "Offset": 16}, "Structure": "IMAGE_DOS_HEADER", "e_ip": {"FileOffset": 20, "Value": 0, "Offset": 20}}, "NT_HEADERS": {"Structure": "IMAGE_NT_HEADERS", "Signature": {"FileOffset": 224, "Value": 17744, "Offset": 0}}, "Flags": ["IMAGE_FILE_32BIT_MACHINE", "IMAGE_FILE_EXECUTABLE_IMAGE", "IMAGE_FILE_RELOCS_STRIPPED"], "Debug information": [{"MajorVersion": {"FileOffset": 57000, "Value": 0, "Offset": 8}, "PointerToRawData": {"FileOffset": 57016, "Value": 63492, "Offset": 24}, "MinorVersion": {"FileOffset": 57002, "Value": 0, "Offset": 10}, "TimeDateStamp": {"FileOffset": 56996, "Value": "0x4FD34D79 [Sat Jun  9 13:19:53 2012 UTC]", "Offset": 4}, "Characteristics": {"FileOffset": 56992, "Value": 0, "Offset": 0}, "Structure": "IMAGE_DEBUG_DIRECTORY", "Type": "IMAGE_DEBUG_TYPE_CODEVIEW", "SizeOfData": {"FileOffset": 57008, "Value": 81, "Offset": 16}, "AddressOfRawData": {"FileOffset": 57012, "Value": 68612, "Offset": 20}}], "Imported symbols": [[{"TimeDateStamp": {"FileOffset": 59748, "Value": "0x0        [Thu Jan  1 00:00:00 1970 UTC]", "Offset": 4}, "Name": {"FileOffset": 59756, "Value": 65752, "Offset": 12}, "ForwarderChain": {"FileOffset": 59752, "Value": 0, "Offset": 8}, "OriginalFirstThunk": {"FileOffset": 59744, "Value": 65088, "Offset": 0}, "FirstThunk": {"FileOffset": 59760, "Value": 61464, "Offset": 16}, "Characteristics": {"FileOffset": 59744, "Value": 65088, "Offset": 0}, "Structure": "IMAGE_IMPORT_DESCRIPTOR"}, {"Hint": 123, "Name": "InitCommonControlsEx", "DLL": "COMCTL32.dll"}], [{"TimeDateStamp": {"FileOffset": 59768, "Value": "0x0        [Thu Jan  1 00:00:00 1970 UTC]", "Offset": 4}, "Name": {"FileOffset": 59776, "Value": 65784, "Offset": 12}, "ForwarderChain": {"FileOffset": 59772, "Value": 0, "Offset": 8}, "OriginalFirstThunk": {"FileOffset": 59764, "Value": 65472, "Offset": 0}, "FirstThunk": {"FileOffset": 59780, "Value": 61848, "Offset": 16}, "Characteristics": {"FileOffset": 59764, "Value": 65472, "Offset": 0}, "Structure": "IMAGE_IMPORT_DESCRIPTOR"}, {"Hint": 164, "Name": "SHAutoComplete", "DLL": "SHLWAPI.dll"}], [{"TimeDateStamp": {"FileOffset": 59788, "Value": "0x0        [Thu Jan  1 00:00:00 1970 UTC]", "Offset": 4}, "Name": {"FileOffset": 59796, "Value": 67110, "Offset": 12}, "ForwarderChain": {"FileOffset": 59792, "Value": 0, "Offset": 8}, "OriginalFirstThunk": {"FileOffset": 59784, "Value": 65132, "Offset": 0}, "FirstThunk": {"FileOffset": 59800, "Value": 61508, "Offset": 16}, "Characteristics": {"FileOffset": 59784, "Value": 65132, "Offset": 0}, "Structure": "IMAGE_IMPORT_DESCRIPTOR"}, {"Hint": 485, "Name": "GetFileAttributesA", "DLL": "KERNEL32.dll"}, {"Hint": 490, "Name": "GetFileAttributesW", "DLL": "KERNEL32.dll"}, {"Hint": 1118, "Name": "SetFileAttributesA", "DLL": "KERNEL32.dll"}, {"Hint": 1121, "Name": "SetFileAttributesW", "DLL": "KERNEL32.dll"}, {"Hint": 867, "Name": "MoveFileW", "DLL": "KERNEL32.dll"}, {"Hint": 214, "Name": "DeleteFileW", "DLL": "KERNEL32.dll"}, {"Hint": 211, "Name": "DeleteFileA", "DLL": "KERNEL32.dll"}, {"Hint": 124, "Name": "CreateDirectoryA", "DLL": "KERNEL32.dll"}, {"Hint": 129, "Name": "CreateDirectoryW", "DLL": "KERNEL32.dll"}, {"Hint": 302, "Name": "FindClose", "DLL": "KERNEL32.dll"}, {"Hint": 323, "Name": "FindNextFileA", "DLL": "KERNEL32.dll"}, {"Hint": 306, "Name": "FindFirstFileA", "DLL": "KERNEL32.dll"}, {"Hint": 325, "Name": "FindNextFileW", "DLL": "KERNEL32.dll"}, {"Hint": 313, "Name": "FindFirstFileW", "DLL": "KERNEL32.dll"}, {"Hint": 676, "Name": "GetVersionExW", "DLL": "KERNEL32.dll"}, {"Hint": 504, "Name": "GetFullPathNameA", "DLL": "KERNEL32.dll"}, {"Hint": 507, "Name": "GetFullPathNameW", "DLL": "KERNEL32.dll"}, {"Hint": 871, "Name": "MultiByteToWideChar", "DLL": "KERNEL32.dll"}, {"Hint": 532, "Name": "GetModuleFileNameW", "DLL": "KERNEL32.dll"}, {"Hint": 334, "Name": "FindResourceW", "DLL": "KERNEL32.dll"}, {"Hint": 536, "Name": "GetModuleHandleW", "DLL": "KERNEL32.dll"}, {"Hint": 715, "Name": "HeapAlloc", "DLL": "KERNEL32.dll"}, {"Hint": 586, "Name": "GetProcessHeap", "DLL": "KERNEL32.dll"}, {"Hint": 719, "Name": "HeapFree", "DLL": "KERNEL32.dll"}, {"Hint": 722, "Name": "HeapReAlloc", "DLL": "KERNEL32.dll"}, {"Hint": 97, "Name": "CompareStringA", "DLL": "KERNEL32.dll"}, {"Hint": 281, "Name": "ExitProcess", "DLL": "KERNEL32.dll"}, {"Hint": 659, "Name": "GetTickCount", "DLL": "KERNEL32.dll"}, {"Hint": 1317, "Name": "WriteFile", "DLL": "KERNEL32.dll"}, {"Hint": 581, "Name": "GetProcAddress", "DLL": "KERNEL32.dll"}, {"Hint": 831, "Name": "LoadLibraryW", "DLL": "KERNEL32.dll"}, {"Hint": 449, "Name": "GetCurrentProcessId", "DLL": "KERNEL32.dll"}, {"Hint": 518, "Name": "GetLocaleInfoW", "DLL": "KERNEL32.dll"}, {"Hint": 563, "Name": "GetNumberFormatW", "DLL": "KERNEL32.dll"}, {"Hint": 456, "Name": "GetDateFormatW", "DLL": "KERNEL32.dll"}, {"Hint": 663, "Name": "GetTimeFormatW", "DLL": "KERNEL32.dll"}, {"Hint": 293, "Name": "FileTimeToSystemTime", "DLL": "KERNEL32.dll"}, {"Hint": 292, "Name": "FileTimeToLocalFileTime", "DLL": "KERNEL32.dll"}, {"Hint": 285, "Name": "ExpandEnvironmentStringsW", "DLL": "KERNEL32.dll"}, {"Hint": 1273, "Name": "WaitForSingleObject", "DLL": "KERNEL32.dll"}, {"Hint": 1202, "Name": "Sleep", "DLL": "KERNEL32.dll"}, {"Hint": 479, "Name": "GetExitCodeProcess", "DLL": "KERNEL32.dll"}, {"Hint": 645, "Name": "GetTempPathW", "DLL": "KERNEL32.dll"}, {"Hint": 864, "Name": "MoveFileExW", "DLL": "KERNEL32.dll"}, {"Hint": 1238, "Name": "UnmapViewOfFile", "DLL": "KERNEL32.dll"}, {"Hint": 855, "Name": "MapViewOfFile", "DLL": "KERNEL32.dll"}, {"Hint": 391, "Name": "GetCommandLineW", "DLL": "KERNEL32.dll"}, {"Hint": 140, "Name": "CreateFileMappingW", "DLL": "KERNEL32.dll"}, {"Hint": 1111, "Name": "SetEnvironmentVariableW", "DLL": "KERNEL32.dll"}, {"Hint": 889, "Name": "OpenFileMappingW", "DLL": "KERNEL32.dll"}, {"Hint": 1213, "Name": "SystemTimeToFileTime", "DLL": "KERNEL32.dll"}, {"Hint": 1297, "Name": "WideCharToMultiByte", "DLL": "KERNEL32.dll"}, {"Hint": 100, "Name": "CompareStringW", "DLL": "KERNEL32.dll"}, {"Hint": 766, "Name": "IsDBCSLeadByte", "DLL": "KERNEL32.dll"}, {"Hint": 370, "Name": "GetCPInfo", "DLL": "KERNEL32.dll"}, {"Hint": 691, "Name": "GlobalAlloc", "DLL": "KERNEL32.dll"}, {"Hint": 1101, "Name": "SetCurrentDirectoryW", "DLL": "KERNEL32.dll"}, {"Hint": 1130, "Name": "SetFileTime", "DLL": "KERNEL32.dll"}, {"Hint": 612, "Name": "GetStdHandle", "DLL": "KERNEL32.dll"}, {"Hint": 960, "Name": "ReadFile", "DLL": "KERNEL32.dll"}, {"Hint": 143, "Name": "CreateFileW", "DLL": "KERNEL32.dll"}, {"Hint": 136, "Name": "CreateFileA", "DLL": "KERNEL32.dll"}, {"Hint": 447, "Name": "GetCurrentDirectoryW", "DLL": "KERNEL32.dll"}, {"Hint": 499, "Name": "GetFileType", "DLL": "KERNEL32.dll"}, {"Hint": 1107, "Name": "SetEndOfFile", "DLL": "KERNEL32.dll"}, {"Hint": 1126, "Name": "SetFilePointer", "DLL": "KERNEL32.dll"}, {"Hint": 343, "Name": "FlushFileBuffers", "DLL": "KERNEL32.dll"}, {"Hint": 82, "Name": "CloseHandle", "DLL": "KERNEL32.dll"}, {"Hint": 228, "Name": "DosDateTimeToFileTime", "DLL": "KERNEL32.dll"}, {"Hint": 838, "Name": "LocalFileTimeToFileTime", "DLL": "KERNEL32.dll"}, {"Hint": 1139, "Name": "SetLastError", "DLL": "KERNEL32.dll"}, {"Hint": 514, "Name": "GetLastError", "DLL": "KERNEL32.dll"}, {"Hint": 354, "Name": "FreeLibrary", "DLL": "KERNEL32.dll"}], [{"TimeDateStamp": {"FileOffset": 59808, "Value": "0x0        [Thu Jan  1 00:00:00 1970 UTC]", "Offset": 4}, "Name": {"FileOffset": 59816, "Value": 67992, "Offset": 12}, "ForwarderChain": {"FileOffset": 59812, "Value": 0, "Offset": 8}, "OriginalFirstThunk": {"FileOffset": 59804, "Value": 65480, "Offset": 0}, "FirstThunk": {"FileOffset": 59820, "Value": 61856, "Offset": 16}, "Characteristics": {"FileOffset": 59804, "Value": 65480, "Offset": 0}, "Structure": "IMAGE_IMPORT_DESCRIPTOR"}, {"Hint": 218, "Name": "EndDialog", "DLL": "USER32.dll"}, {"Hint": 163, "Name": "DestroyIcon", "DLL": "USER32.dll"}, {"Hint": 627, "Name": "SendDlgItemMessageW", "DLL": "USER32.dll"}, {"Hint": 298, "Name": "GetDlgItemTextW", "DLL": "USER32.dll"}, {"Hint": 274, "Name": "GetClassNameW", "DLL": "USER32.dll"}, {"Hint": 172, "Name": "DialogBoxParamW", "DLL": "USER32.dll"}, {"Hint": 480, "Name": "IsWindowVisible", "DLL": "USER32.dll"}, {"Hint": 806, "Name": "WaitForInputIdle", "DLL": "USER32.dll"}, {"Hint": 659, "Name": "SetForegroundWindow", "DLL": "USER32.dll"}, {"Hint": 379, "Name": "GetSysColor", "DLL": "USER32.dll"}, {"Hint": 566, "Name": "PostMessageW", "DLL": "USER32.dll"}, {"Hint": 487, "Name": "LoadBitmapW", "DLL": "USER32.dll"}, {"Hint": 493, "Name": "LoadIconW", "DLL": "USER32.dll"}, {"Hint": 53, "Name": "CharToOemA", "DLL": "USER32.dll"}, {"Hint": 545, "Name": "OemToCharA", "DLL": "USER32.dll"}, {"Hint": 475, "Name": "IsWindow", "DLL": "USER32.dll"}, {"Hint": 85, "Name": "CopyRect", "DLL": "USER32.dll"}, {"Hint": 166, "Name": "DestroyWindow", "DLL": "USER32.dll"}, {"Hint": 156, "Name": "DefWindowProcW", "DLL": "USER32.dll"}, {"Hint": 589, "Name": "RegisterClassExW", "DLL": "USER32.dll"}, {"Hint": 491, "Name": "LoadCursorW", "DLL": "USER32.dll"}, {"Hint": 658, "Name": "SetFocus", "DLL": "USER32.dll"}, {"Hint": 110, "Name": "CreateWindowExW", "DLL": "USER32.dll"}, {"Hint": 521, "Name": "MapWindowPoints", "DLL": "USER32.dll"}, {"Hint": 356, "Name": "GetParent", "DLL": "USER32.dll"}, {"Hint": 249, "Name": "FindWindowExW", "DLL": "USER32.dll"}, {"Hint": 546, "Name": "OemToCharBuffA", "DLL": "USER32.dll"}, {"Hint": 57, "Name": "CharUpperA", "DLL": "USER32.dll"}, {"Hint": 54, "Name": "CharToOemBuffA", "DLL": "USER32.dll"}, {"Hint": 506, "Name": "LoadStringW", "DLL": "USER32.dll"}, {"Hint": 412, "Name": "GetWindowRect", "DLL": "USER32.dll"}, {"Hint": 276, "Name": "GetClientRect", "DLL": "USER32.dll"}, {"Hint": 710, "Name": "SetWindowPos", "DLL": "USER32.dll"}, {"Hint": 419, "Name": "GetWindowTextW", "DLL": "USER32.dll"}, {"Hint": 715, "Name": "SetWindowTextW", "DLL": "USER32.dll"}, {"Hint": 382, "Name": "GetSystemMetrics", "DLL": "USER32.dll"}, {"Hint": 398, "Name": "GetWindow", "DLL": "USER32.dll"}, {"Hint": 406, "Name": "GetWindowLongW", "DLL": "USER32.dll"}, {"Hint": 60, "Name": "CharUpperW", "DLL": "USER32.dll"}, {"Hint": 533, "Name": "MessageBoxW", "DLL": "USER32.dll"}, {"Hint": 735, "Name": "ShowWindow", "DLL": "USER32.dll"}, {"Hint": 295, "Name": "GetDlgItem", "DLL": "USER32.dll"}, {"Hint": 216, "Name": "EnableWindow", "DLL": "USER32.dll"}, {"Hint": 656, "Name": "SetDlgItemTextW", "DLL": "USER32.dll"}, {"Hint": 636, "Name": "SendMessageW", "DLL": "USER32.dll"}, {"Hint": 289, "Name": "GetDC", "DLL": "USER32.dll"}, {"Hint": 613, "Name": "ReleaseDC", "DLL": "USER32.dll"}, {"Hint": 563, "Name": "PeekMessageW", "DLL": "USER32.dll"}, {"Hint": 349, "Name": "GetMessageW", "DLL": "USER32.dll"}, {"Hint": 764, "Name": "TranslateMessage", "DLL": "USER32.dll"}, {"Hint": 175, "Name": "DispatchMessageW", "DLL": "USER32.dll"}, {"Hint": 821, "Name": "wvsprintfW", "DLL": "USER32.dll"}, {"Hint": 785, "Name": "UpdateWindow", "DLL": "USER32.dll"}, {"Hint": 820, "Name": "wvsprintfA", "DLL": "USER32.dll"}, {"Hint": 708, "Name": "SetWindowLongW", "DLL": "USER32.dll"}], [{"TimeDateStamp": {"FileOffset": 59828, "Value": "0x0        [Thu Jan  1 00:00:00 1970 UTC]", "Offset": 4}, "Name": {"FileOffset": 59836, "Value": 68140, "Offset": 12}, "ForwarderChain": {"FileOffset": 59832, "Value": 0, "Offset": 8}, "OriginalFirstThunk": {"FileOffset": 59824, "Value": 65096, "Offset": 0}, "FirstThunk": {"FileOffset": 59840, "Value": 61472, "Offset": 16}, "Characteristics": {"FileOffset": 59824, "Value": 65096, "Offset": 0}, "Structure": "IMAGE_IMPORT_DESCRIPTOR"}, {"Hint": 48, "Name": "CreateCompatibleDC", "DLL": "GDI32.dll"}, {"Hint": 230, "Name": "DeleteObject", "DLL": "GDI32.dll"}, {"Hint": 459, "Name": "GetDeviceCaps", "DLL": "GDI32.dll"}, {"Hint": 509, "Name": "GetObjectW", "DLL": "GDI32.dll"}, {"Hint": 47, "Name": "CreateCompatibleBitmap", "DLL": "GDI32.dll"}, {"Hint": 631, "Name": "SelectObject", "DLL": "GDI32.dll"}, {"Hint": 691, "Name": "StretchBlt", "DLL": "GDI32.dll"}, {"Hint": 227, "Name": "DeleteDC", "DLL": "GDI32.dll"}], [{"TimeDateStamp": {"FileOffset": 59848, "Value": "0x0        [Thu Jan  1 00:00:00 1970 UTC]", "Offset": 4}, "Name": {"FileOffset": 59856, "Value": 68236, "Offset": 12}, "ForwarderChain": {"FileOffset": 59852, "Value": 0, "Offset": 8}, "OriginalFirstThunk": {"FileOffset": 59844, "Value": 65064, "Offset": 0}, "FirstThunk": {"FileOffset": 59860, "Value": 61440, "Offset": 16}, "Characteristics": {"FileOffset": 59844, "Value": 65064, "Offset": 0}, "Structure": "IMAGE_IMPORT_DESCRIPTOR"}, {"Hint": 560, "Name": "RegCloseKey", "DLL": "ADVAPI32.dll"}, {"Hint": 622, "Name": "RegQueryValueExW", "DLL": "ADVAPI32.dll"}, {"Hint": 569, "Name": "RegCreateKeyExW", "DLL": "ADVAPI32.dll"}, {"Hint": 638, "Name": "RegSetValueExW", "DLL": "ADVAPI32.dll"}, {"Hint": 609, "Name": "RegOpenKeyExW", "DLL": "ADVAPI32.dll"}], [{"TimeDateStamp": {"FileOffset": 59868, "Value": "0x0        [Thu Jan  1 00:00:00 1970 UTC]", "Offset": 4}, "Name": {"FileOffset": 59876, "Value": 68414, "Offset": 12}, "ForwarderChain": {"FileOffset": 59872, "Value": 0, "Offset": 8}, "OriginalFirstThunk": {"FileOffset": 59864, "Value": 65436, "Offset": 0}, "FirstThunk": {"FileOffset": 59880, "Value": 61812, "Offset": 16}, "Characteristics": {"FileOffset": 59864, "Value": 65436, "Offset": 0}, "Structure": "IMAGE_IMPORT_DESCRIPTOR"}, {"Hint": 127, "Name": "SHChangeNotify", "DLL": "SHELL32.dll"}, {"Hint": 289, "Name": "ShellExecuteExW", "DLL": "SHELL32.dll"}, {"Hint": 172, "Name": "SHFileOperationW", "DLL": "SHELL32.dll"}, {"Hint": 189, "Name": "SHGetFileInfoW", "DLL": "SHELL32.dll"}, {"Hint": 223, "Name": "SHGetSpecialFolderLocation", "DLL": "SHELL32.dll"}, {"Hint": 207, "Name": "SHGetMalloc", "DLL": "SHELL32.dll"}, {"Hint": 123, "Name": "SHBrowseForFolderW", "DLL": "SHELL32.dll"}, {"Hint": 215, "Name": "SHGetPathFromIDListW", "DLL": "SHELL32.dll"}], [{"TimeDateStamp": {"FileOffset": 59888, "Value": "0x0        [Thu Jan  1 00:00:00 1970 UTC]", "Offset": 4}, "Name": {"FileOffset": 59896, "Value": 68522, "Offset": 12}, "ForwarderChain": {"FileOffset": 59892, "Value": 0, "Offset": 8}, "OriginalFirstThunk": {"FileOffset": 59884, "Value": 65704, "Offset": 0}, "FirstThunk": {"FileOffset": 59900, "Value": 62080, "Offset": 16}, "Characteristics": {"FileOffset": 59884, "Value": 65704, "Offset": 0}, "Structure": "IMAGE_IMPORT_DESCRIPTOR"}, {"Hint": 8, "Name": "CLSIDFromString", "DLL": "ole32.dll"}, {"Hint": 134, "Name": "CreateStreamOnHGlobal", "DLL": "ole32.dll"}, {"Hint": 329, "Name": "OleUninitialize", "DLL": "ole32.dll"}, {"Hint": 16, "Name": "CoCreateInstance", "DLL": "ole32.dll"}, {"Hint": 306, "Name": "OleInitialize", "DLL": "ole32.dll"}], [{"TimeDateStamp": {"FileOffset": 59908, "Value": "0x0        [Thu Jan  1 00:00:00 1970 UTC]", "Offset": 4}, "Name": {"FileOffset": 59916, "Value": 68532, "Offset": 12}, "ForwarderChain": {"FileOffset": 59912, "Value": 0, "Offset": 8}, "OriginalFirstThunk": {"FileOffset": 59904, "Value": 65428, "Offset": 0}, "FirstThunk": {"FileOffset": 59920, "Value": 61804, "Offset": 16}, "Characteristics": {"FileOffset": 59904, "Value": 65428, "Offset": 0}, "Structure": "IMAGE_IMPORT_DESCRIPTOR"}, {"Ordinal": 8, "DLL": "OLEAUT32.dll"}]], "PE Sections": [{"PointerToRawData": {"FileOffset": 492, "Value": 1024, "Offset": 20}, "SHA1": "76ece8964122e1603869429c9c2756a22aca1edc", "SHA256": "64b4eae48ec7816637969cb2d0f762f2860e2fb2175cb36e4c0c4f86f1838ecb", "Name": {"FileOffset": 472, "Value": ".text", "Offset": 0}, "NumberOfRelocations": {"FileOffset": 504, "Value": 0, "Offset": 32}, "Misc_VirtualSize": {"FileOffset": 480, "Value": 55166, "Offset": 8}, "Characteristics": {"FileOffset": 508, "Value": 1610612768, "Offset": 36}, "Misc": {"FileOffset": 480, "Value": 55166, "Offset": 8}, "PointerToLinenumbers": {"FileOffset": 500, "Value": 0, "Offset": 28}, "SizeOfRawData": {"FileOffset": 488, "Value": 55296, "Offset": 16}, "Misc_PhysicalAddress": {"FileOffset": 480, "Value": 55166, "Offset": 8}, "PointerToRelocations": {"FileOffset": 496, "Value": 0, "Offset": 24}, "Flags": ["IMAGE_SCN_MEM_EXECUTE", "IMAGE_SCN_CNT_CODE", "IMAGE_SCN_MEM_READ"], "SHA512": "2cc60c279773dfa7e226182a18d8b07ce7bbfea904385685be73d966831c86580f22cb29f52cf55f9b6b8d0286eeaced1e764f1163b3c9a0244c9449dd70fbf7", "MD5": "3ce4151cd391997e5fe78e8c07fc743a", "Entropy": 6.563303721828044, "VirtualAddress": {"FileOffset": 484, "Value": 4096, "Offset": 12}, "Structure": "IMAGE_SECTION_HEADER", "NumberOfLinenumbers": {"FileOffset": 506, "Value": 0, "Offset": 34}}, {"PointerToRawData": {"FileOffset": 532, "Value": 56320, "Offset": 20}, "SHA1": "3ad152672f46c1a08ff6956535d3f5af672d9b00", "SHA256": "638141fa15a007dd9f584f695a627d2dcf9114d0621bb84922caa1b9190cdafb", "Name": {"FileOffset": 512, "Value": ".rdata", "Offset": 0}, "NumberOfRelocations": {"FileOffset": 544, "Value": 0, "Offset": 32}, "Misc_VirtualSize": {"FileOffset": 520, "Value": 7253, "Offset": 8}, "Characteristics": {"FileOffset": 548, "Value": 1073741888, "Offset": 36}, "Misc": {"FileOffset": 520, "Value": 7253, "Offset": 8}, "PointerToLinenumbers": {"FileOffset": 540, "Value": 0, "Offset": 28}, "SizeOfRawData": {"FileOffset": 528, "Value": 7680, "Offset": 16}, "Misc_PhysicalAddress": {"FileOffset": 520, "Value": 7253, "Offset": 8}, "PointerToRelocations": {"FileOffset": 536, "Value": 0, "Offset": 24}, "Flags": ["IMAGE_SCN_CNT_INITIALIZED_DATA", "IMAGE_SCN_MEM_READ"], "SHA512": "01044c54ed2a6130cceb6ac02d8ee0c97c7b458682b78a516f72785f7c8b94b4a8bffc841060c7632c3daad17b156ba9feb07369b19240012c226124e8d44592", "MD5": "9f8b0a5b4c6e467df7e645f6e16f8471", "Entropy": 4.921924438518725, "VirtualAddress": {"FileOffset": 524, "Value": 61440, "Offset": 12}, "Structure": "IMAGE_SECTION_HEADER", "NumberOfLinenumbers": {"FileOffset": 546, "Value": 0, "Offset": 34}}, {"PointerToRawData": {"FileOffset": 572, "Value": 64000, "Offset": 20}, "SHA1": "0afacb9002bfed0715d114d2f0054e1e16fbfa71", "SHA256": "bd013057348b3aed99fb81b23c89009e1dd00806a00941db800d34b600fb6f93", "Name": {"FileOffset": 552, "Value": ".data", "Offset": 0}, "NumberOfRelocations": {"FileOffset": 584, "Value": 0, "Offset": 32}, "Misc_VirtualSize": {"FileOffset": 560, "Value": 151592, "Offset": 8}, "Characteristics": {"FileOffset": 588, "Value": 3221225536, "Offset": 36}, "Misc": {"FileOffset": 560, "Value": 151592, "Offset": 8}, "PointerToLinenumbers": {"FileOffset": 580, "Value": 0, "Offset": 28}, "SizeOfRawData": {"FileOffset": 568, "Value": 512, "Offset": 16}, "Misc_PhysicalAddress": {"FileOffset": 560, "Value": 151592, "Offset": 8}, "PointerToRelocations": {"FileOffset": 576, "Value": 0, "Offset": 24}, "Flags": ["IMAGE_SCN_CNT_INITIALIZED_DATA", "IMAGE_SCN_MEM_WRITE", "IMAGE_SCN_MEM_READ"], "SHA512": "11abe8ff888bdea9f4ed0ff56d2210d012d661ff3a05cb157e9976e17d1a5f69cce9816dc8bb05c78d034894d990a877b1d6e622363e9d099717a397a94230f7", "MD5": "2f281636f8845e1aaf32b3b1ea86ff2c", "Entropy": 1.3611107207162996, "VirtualAddress": {"FileOffset": 564, "Value": 69632, "Offset": 12}, "Structure": "IMAGE_SECTION_HEADER", "NumberOfLinenumbers": {"FileOffset": 586, "Value": 0, "Offset": 34}}, {"PointerToRawData": {"FileOffset": 612, "Value": 64512, "Offset": 20}, "SHA1": "1edb3a13de2676900ea907b1feefc2cabbe4a432", "SHA256": "04fe0deccb4eff4553f4a0b753b1988f31f86baf74fda72c911cc57e3cd2a758", "Name": {"FileOffset": 592, "Value": ".CRT", "Offset": 0}, "NumberOfRelocations": {"FileOffset": 624, "Value": 0, "Offset": 32}, "Misc_VirtualSize": {"FileOffset": 600, "Value": 28, "Offset": 8}, "Characteristics": {"FileOffset": 628, "Value": 1073741888, "Offset": 36}, "Misc": {"FileOffset": 600, "Value": 28, "Offset": 8}, "PointerToLinenumbers": {"FileOffset": 620, "Value": 0, "Offset": 28}, "SizeOfRawData": {"FileOffset": 608, "Value": 512, "Offset": 16}, "Misc_PhysicalAddress": {"FileOffset": 600, "Value": 28, "Offset": 8}, "PointerToRelocations": {"FileOffset": 616, "Value": 0, "Offset": 24}, "Flags": ["IMAGE_SCN_CNT_INITIALIZED_DATA", "IMAGE_SCN_MEM_READ"], "SHA512": "b71650cce6a56297076ad0282c0266c379289d00933889d53abacc538e1d86409994ab30fd508d554c8c97c26977668840ce8528e3cc721bbc71b6c5af086dc5", "MD5": "f742a3d4c9b00e7740c488888156684d", "Entropy": 0.3435087722979049, "VirtualAddress": {"FileOffset": 604, "Value": 225280, "Offset": 12}, "Structure": "IMAGE_SECTION_HEADER", "NumberOfLinenumbers": {"FileOffset": 626, "Value": 0, "Offset": 34}}, {"PointerToRawData": {"FileOffset": 652, "Value": 65024, "Offset": 20}, "SHA1": "9af6da37c51bc959b5f05ba0957952d2f370cebf", "SHA256": "3c1353a7e9fbf1d736d132f398cb307108e7981026bdb197c6bc93a3e67aea50", "Name": {"FileOffset": 632, "Value": ".rsrc", "Offset": 0}, "NumberOfRelocations": {"FileOffset": 664, "Value": 0, "Offset": 32}, "Misc_VirtualSize": {"FileOffset": 640, "Value": 306776, "Offset": 8}, "Characteristics": {"FileOffset": 668, "Value": 1073741888, "Offset": 36}, "Misc": {"FileOffset": 640, "Value": 306776, "Offset": 8}, "PointerToLinenumbers": {"FileOffset": 660, "Value": 0, "Offset": 28}, "SizeOfRawData": {"FileOffset": 648, "Value": 307200, "Offset": 16}, "Misc_PhysicalAddress": {"FileOffset": 640, "Value": 306776, "Offset": 8}, "PointerToRelocations": {"FileOffset": 656, "Value": 0, "Offset": 24}, "Flags": ["IMAGE_SCN_CNT_INITIALIZED_DATA", "IMAGE_SCN_MEM_READ"], "SHA512": "43419fccb5b7924a7f168e66e4b6cc5abfb1d2566baf3b773441efe0443b570be472258e0cd82bf00f6241024856a6f9106ae0b497cffbc4b7b73be179d453a2", "MD5": "f155b7099aa006cb4bc507f66f7b9a8c", "Entropy": 4.436878315595442, "VirtualAddress": {"FileOffset": 644, "Value": 229376, "Offset": 12}, "Structure": "IMAGE_SECTION_HEADER", "NumberOfLinenumbers": {"FileOffset": 666, "Value": 0, "Offset": 34}}], "Resource directory": [{"MajorVersion": {"FileOffset": 65032, "Value": 4, "Offset": 8}, "NumberOfIdEntries": {"FileOffset": 65038, "Value": 6, "Offset": 14}, "MinorVersion": {"FileOffset": 65034, "Value": 0, "Offset": 10}, "TimeDateStamp": {"FileOffset": 65028, "Value": "0x0        [Thu Jan  1 00:00:00 1970 UTC]", "Offset": 4}, "Characteristics": {"FileOffset": 65024, "Value": 0, "Offset": 0}, "NumberOfNamedEntries": {"FileOffset": 65036, "Value": 0, "Offset": 12}, "Structure": "IMAGE_RESOURCE_DIRECTORY"}, {"Structure": "IMAGE_RESOURCE_DIRECTORY_ENTRY", "Id": [2, "RT_BITMAP"], "OffsetToData": {"FileOffset": 65044, "Value": 2147483712, "Offset": 4}, "Name": {"FileOffset": 65040, "Value": 2, "Offset": 0}}, [{"MajorVersion": {"FileOffset": 65096, "Value": 4, "Offset": 8}, "NumberOfIdEntries": {"FileOffset": 65102, "Value": 1, "Offset": 14}, "MinorVersion": {"FileOffset": 65098, "Value": 0, "Offset": 10}, "TimeDateStamp": {"FileOffset": 65092, "Value": "0x0        [Thu Jan  1 00:00:00 1970 UTC]", "Offset": 4}, "Characteristics": {"FileOffset": 65088, "Value": 0, "Offset": 0}, "NumberOfNamedEntries": {"FileOffset": 65100, "Value": 0, "Offset": 12}, "Structure": "IMAGE_RESOURCE_DIRECTORY"}, {"Structure": "IMAGE_RESOURCE_DIRECTORY_ENTRY", "Id": 101, "OffsetToData": {"FileOffset": 65108, "Value": 2147484008, "Offset": 4}, "Name": {"FileOffset": 65104, "Value": 101, "Offset": 0}}, [{"MajorVersion": {"FileOffset": 65392, "Value": 4, "Offset": 8}, "NumberOfIdEntries": {"FileOffset": 65398, "Value": 1, "Offset": 14}, "MinorVersion": {"FileOffset": 65394, "Value": 0, "Offset": 10}, "TimeDateStamp": {"FileOffset": 65388, "Value": "0x0        [Thu Jan  1 00:00:00 1970 UTC]", "Offset": 4}, "Characteristics": {"FileOffset": 65384, "Value": 0, "Offset": 0}, "NumberOfNamedEntries": {"FileOffset": 65396, "Value": 0, "Offset": 12}, "Structure": "IMAGE_RESOURCE_DIRECTORY"}, {"LANG": 9, "SUBLANG_NAME": "SUBLANG_ENGLISH_US", "Name": {"FileOffset": 65400, "Value": 1033, "Offset": 0}, "CodePage": {"FileOffset": 65992, "Value": 1252, "Offset": 8}, "LANG_NAME": "LANG_ENGLISH", "OffsetToData": {"FileOffset": 65984, "Value": 230876, "Offset": 0}, "Reserved": {"FileOffset": 65996, "Value": 0, "Offset": 12}, "SUBLANG": 1, "Structure": "IMAGE_RESOURCE_DATA_ENTRY", "Size": {"FileOffset": 65988, "Value": 2998, "Offset": 4}}]], {"Structure": "IMAGE_RESOURCE_DIRECTORY_ENTRY", "Id": [3, "RT_ICON"], "OffsetToData": {"FileOffset": 65052, "Value": 2147483736, "Offset": 4}, "Name": {"FileOffset": 65048, "Value": 3, "Offset": 0}}, [{"MajorVersion": {"FileOffset": 65120, "Value": 4, "Offset": 8}, "NumberOfIdEntries": {"FileOffset": 65126, "Value": 10, "Offset": 14}, "MinorVersion": {"FileOffset": 65122, "Value": 0, "Offset": 10}, "TimeDateStamp": {"FileOffset": 65116, "Value": "0x0        [Thu Jan  1 00:00:00 1970 UTC]", "Offset": 4}, "Characteristics": {"FileOffset": 65112, "Value": 0, "Offset": 0}, "NumberOfNamedEntries": {"FileOffset": 65124, "Value": 0, "Offset": 12}, "Structure": "IMAGE_RESOURCE_DIRECTORY"}, {"Structure": "IMAGE_RESOURCE_DIRECTORY_ENTRY", "Id": 1, "OffsetToData": {"FileOffset": 65132, "Value": 2147484032, "Offset": 4}, "Name": {"FileOffset": 65128, "Value": 1, "Offset": 0}}, [{"MajorVersion": {"FileOffset": 65416, "Value": 4, "Offset": 8}, "NumberOfIdEntries": {"FileOffset": 65422, "Value": 1, "Offset": 14}, "MinorVersion": {"FileOffset": 65418, "Value": 0, "Offset": 10}, "TimeDateStamp": {"FileOffset": 65412, "Value": "0x0        [Thu Jan  1 00:00:00 1970 UTC]", "Offset": 4}, "Characteristics": {"FileOffset": 65408, "Value": 0, "Offset": 0}, "NumberOfNamedEntries": {"FileOffset": 65420, "Value": 0, "Offset": 12}, "Structure": "IMAGE_RESOURCE_DIRECTORY"}, {"LANG": 0, "SUBLANG_NAME": "SUBLANG_DEFAULT", "Name": {"FileOffset": 65424, "Value": 1024, "Offset": 0}, "CodePage": {"FileOffset": 66008, "Value": 1252, "Offset": 8}, "LANG_NAME": "LANG_NEUTRAL", "OffsetToData": {"FileOffset": 66000, "Value": 233876, "Offset": 0}, "Reserved": {"FileOffset": 66012, "Value": 0, "Offset": 12}, "SUBLANG": 1, "Structure": "IMAGE_RESOURCE_DATA_ENTRY", "Size": {"FileOffset": 66004, "Value": 1640, "Offset": 4}}], {"Structure": "IMAGE_RESOURCE_DIRECTORY_ENTRY", "Id": 2, "OffsetToData": {"FileOffset": 65140, "Value": 2147484056, "Offset": 4}, "Name": {"FileOffset": 65136, "Value": 2, "Offset": 0}}, [{"MajorVersion": {"FileOffset": 65440, "Value": 4, "Offset": 8}, "NumberOfIdEntries": {"FileOffset": 65446, "Value": 1, "Offset": 14}, "MinorVersion": {"FileOffset": 65442, "Value": 0, "Offset": 10}, "TimeDateStamp": {"FileOffset": 65436, "Value": "0x0        [Thu Jan  1 00:00:00 1970 UTC]", "Offset": 4}, "Characteristics": {"FileOffset": 65432, "Value": 0, "Offset": 0}, "NumberOfNamedEntries": {"FileOffset": 65444, "Value": 0, "Offset": 12}, "Structure": "IMAGE_RESOURCE_DIRECTORY"}, {"LANG": 0, "SUBLANG_NAME": "SUBLANG_DEFAULT", "Name": {"FileOffset": 65448, "Value": 1024, "Offset": 0}, "CodePage": {"FileOffset": 66024, "Value": 1252, "Offset": 8}, "LANG_NAME": "LANG_NEUTRAL", "OffsetToData": {"FileOffset": 66016, "Value": 235516, "Offset": 0}, "Reserved": {"FileOffset": 66028, "Value": 0, "Offset": 12}, "SUBLANG": 1, "Structure": "IMAGE_RESOURCE_DATA_ENTRY", "Size": {"FileOffset": 66020, "Value": 744, "Offset": 4}}], {"Structure": "IMAGE_RESOURCE_DIRECTORY_ENTRY", "Id": 3, "OffsetToData": {"FileOffset": 65148, "Value": 2147484080, "Offset": 4}, "Name": {"FileOffset": 65144, "Value": 3, "Offset": 0}}, [{"MajorVersion": {"FileOffset": 65464, "Value": 4, "Offset": 8}, "NumberOfIdEntries": {"FileOffset": 65470, "Value": 1, "Offset": 14}, "MinorVersion": {"FileOffset": 65466, "Value": 0, "Offset": 10}, "TimeDateStamp": {"FileOffset": 65460, "Value": "0x0        [Thu Jan  1 00:00:00 1970 UTC]", "Offset": 4}, "Characteristics": {"FileOffset": 65456, "Value": 0, "Offset": 0}, "NumberOfNamedEntries": {"FileOffset": 65468, "Value": 0, "Offset": 12}, "Structure": "IMAGE_RESOURCE_DIRECTORY"}, {"LANG": 0, "SUBLANG_NAME": "SUBLANG_DEFAULT", "Name": {"FileOffset": 65472, "Value": 1024, "Offset": 0}, "CodePage": {"FileOffset": 66040, "Value": 1252, "Offset": 8}, "LANG_NAME": "LANG_NEUTRAL", "OffsetToData": {"FileOffset": 66032, "Value": 236260, "Offset": 0}, "Reserved": {"FileOffset": 66044, "Value": 0, "Offset": 12}, "SUBLANG": 1, "Structure": "IMAGE_RESOURCE_DATA_ENTRY", "Size": {"FileOffset": 66036, "Value": 296, "Offset": 4}}], {"Structure": "IMAGE_RESOURCE_DIRECTORY_ENTRY", "Id": 4, "OffsetToData": {"FileOffset": 65156, "Value": 2147484104, "Offset": 4}, "Name": {"FileOffset": 65152, "Value": 4, "Offset": 0}}, [{"MajorVersion": {"FileOffset": 65488, "Value": 4, "Offset": 8}, "NumberOfIdEntries": {"FileOffset": 65494, "Value": 1, "Offset": 14}, "MinorVersion": {"FileOffset": 65490, "Value": 0, "Offset": 10}, "TimeDateStamp": {"FileOffset": 65484, "Value": "0x0        [Thu Jan  1 00:00:00 1970 UTC]", "Offset": 4}, "Characteristics": {"FileOffset": 65480, "Value": 0, "Offset": 0}, "NumberOfNamedEntries": {"FileOffset": 65492, "Value": 0, "Offset": 12}, "Structure": "IMAGE_RESOURCE_DIRECTORY"}, {"LANG": 0, "SUBLANG_NAME": "SUBLANG_DEFAULT", "Name": {"FileOffset": 65496, "Value": 1024, "Offset": 0}, "CodePage": {"FileOffset": 66056, "Value": 1252, "Offset": 8}, "LANG_NAME": "LANG_NEUTRAL", "OffsetToData": {"FileOffset": 66048, "Value": 236556, "Offset": 0}, "Reserved": {"FileOffset": 66060, "Value": 0, "Offset": 12}, "SUBLANG": 1, "Structure": "IMAGE_RESOURCE_DATA_ENTRY", "Size": {"FileOffset": 66052, "Value": 3752, "Offset": 4}}], {"Structure": "IMAGE_RESOURCE_DIRECTORY_ENTRY", "Id": 5, "OffsetToData": {"FileOffset": 65164, "Value": 2147484128, "Offset": 4}, "Name": {"FileOffset": 65160, "Value": 5, "Offset": 0}}, [{"MajorVersion": {"FileOffset": 65512, "Value": 4, "Offset": 8}, "NumberOfIdEntries": {"FileOffset": 65518, "Value": 1, "Offset": 14}, "MinorVersion": {"FileOffset": 65514, "Value": 0, "Offset": 10}, "TimeDateStamp": {"FileOffset": 65508, "Value": "0x0        [Thu Jan  1 00:00:00 1970 UTC]", "Offset": 4}, "Characteristics": {"FileOffset": 65504, "Value": 0, "Offset": 0}, "NumberOfNamedEntries": {"FileOffset": 65516, "Value": 0, "Offset": 12}, "Structure": "IMAGE_RESOURCE_DIRECTORY"}, {"LANG": 0, "SUBLANG_NAME": "SUBLANG_DEFAULT", "Name": {"FileOffset": 65520, "Value": 1024, "Offset": 0}, "CodePage": {"FileOffset": 66072, "Value": 1252, "Offset": 8}, "LANG_NAME": "LANG_NEUTRAL", "OffsetToData": {"FileOffset": 66064, "Value": 240308, "Offset": 0}, "Reserved": {"FileOffset": 66076, "Value": 0, "Offset": 12}, "SUBLANG": 1, "Structure": "IMAGE_RESOURCE_DATA_ENTRY", "Size": {"FileOffset": 66068, "Value": 2216, "Offset": 4}}], {"Structure": "IMAGE_RESOURCE_DIRECTORY_ENTRY", "Id": 6, "OffsetToData": {"FileOffset": 65172, "Value": 2147484152, "Offset": 4}, "Name": {"FileOffset": 65168, "Value": 6, "Offset": 0}}, [{"MajorVersion": {"FileOffset": 65536, "Value": 4, "Offset": 8}, "NumberOfIdEntries": {"FileOffset": 65542, "Value": 1, "Offset": 14}, "MinorVersion": {"FileOffset": 65538, "Value": 0, "Offset": 10}, "TimeDateStamp": {"FileOffset": 65532, "Value": "0x0        [Thu Jan  1 00:00:00 1970 UTC]", "Offset": 4}, "Characteristics": {"FileOffset": 65528, "Value": 0, "Offset": 0}, "NumberOfNamedEntries": {"FileOffset": 65540, "Value": 0, "Offset": 12}, "Structure": "IMAGE_RESOURCE_DIRECTORY"}, {"LANG": 0, "SUBLANG_NAME": "SUBLANG_DEFAULT", "Name": {"FileOffset": 65544, "Value": 1024, "Offset": 0}, "CodePage": {"FileOffset": 66088, "Value": 1252, "Offset": 8}, "LANG_NAME": "LANG_NEUTRAL", "OffsetToData": {"FileOffset": 66080, "Value": 242524, "Offset": 0}, "Reserved": {"FileOffset": 66092, "Value": 0, "Offset": 12}, "SUBLANG": 1, "Structure": "IMAGE_RESOURCE_DATA_ENTRY", "Size": {"FileOffset": 66084, "Value": 1384, "Offset": 4}}], {"Structure": "IMAGE_RESOURCE_DIRECTORY_ENTRY", "Id": 7, "OffsetToData": {"FileOffset": 65180, "Value": 2147484176, "Offset": 4}, "Name": {"FileOffset": 65176, "Value": 7, "Offset": 0}}, [{"MajorVersion": {"FileOffset": 65560, "Value": 4, "Offset": 8}, "NumberOfIdEntries": {"FileOffset": 65566, "Value": 1, "Offset": 14}, "MinorVersion": {"FileOffset": 65562, "Value": 0, "Offset": 10}, "TimeDateStamp": {"FileOffset": 65556, "Value": "0x0        [Thu Jan  1 00:00:00 1970 UTC]", "Offset": 4}, "Characteristics": {"FileOffset": 65552, "Value": 0, "Offset": 0}, "NumberOfNamedEntries": {"FileOffset": 65564, "Value": 0, "Offset": 12}, "Structure": "IMAGE_RESOURCE_DIRECTORY"}, {"LANG": 0, "SUBLANG_NAME": "SUBLANG_DEFAULT", "Name": {"FileOffset": 65568, "Value": 1024, "Offset": 0}, "CodePage": {"FileOffset": 66104, "Value": 1252, "Offset": 8}, "LANG_NAME": "LANG_NEUTRAL", "OffsetToData": {"FileOffset": 66096, "Value": 243908, "Offset": 0}, "Reserved": {"FileOffset": 66108, "Value": 0, "Offset": 12}, "SUBLANG": 1, "Structure": "IMAGE_RESOURCE_DATA_ENTRY", "Size": {"FileOffset": 66100, "Value": 270376, "Offset": 4}}], {"Structure": "IMAGE_RESOURCE_DIRECTORY_ENTRY", "Id": 8, "OffsetToData": {"FileOffset": 65188, "Value": 2147484200, "Offset": 4}, "Name": {"FileOffset": 65184, "Value": 8, "Offset": 0}}, [{"MajorVersion": {"FileOffset": 65584, "Value": 4, "Offset": 8}, "NumberOfIdEntries": {"FileOffset": 65590, "Value": 1, "Offset": 14}, "MinorVersion": {"FileOffset": 65586, "Value": 0, "Offset": 10}, "TimeDateStamp": {"FileOffset": 65580, "Value": "0x0        [Thu Jan  1 00:00:00 1970 UTC]", "Offset": 4}, "Characteristics": {"FileOffset": 65576, "Value": 0, "Offset": 0}, "NumberOfNamedEntries": {"FileOffset": 65588, "Value": 0, "Offset": 12}, "Structure": "IMAGE_RESOURCE_DIRECTORY"}, {"LANG": 0, "SUBLANG_NAME": "SUBLANG_DEFAULT", "Name": {"FileOffset": 65592, "Value": 1024, "Offset": 0}, "CodePage": {"FileOffset": 66120, "Value": 1252, "Offset": 8}, "LANG_NAME": "LANG_NEUTRAL", "OffsetToData": {"FileOffset": 66112, "Value": 514284, "Offset": 0}, "Reserved": {"FileOffset": 66124, "Value": 0, "Offset": 12}, "SUBLANG": 1, "Structure": "IMAGE_RESOURCE_DATA_ENTRY", "Size": {"FileOffset": 66116, "Value": 9640, "Offset": 4}}], {"Structure": "IMAGE_RESOURCE_DIRECTORY_ENTRY", "Id": 9, "OffsetToData": {"FileOffset": 65196, "Value": 2147484224, "Offset": 4}, "Name": {"FileOffset": 65192, "Value": 9, "Offset": 0}}, [{"MajorVersion": {"FileOffset": 65608, "Value": 4, "Offset": 8}, "NumberOfIdEntries": {"FileOffset": 65614, "Value": 1, "Offset": 14}, "MinorVersion": {"FileOffset": 65610, "Value": 0, "Offset": 10}, "TimeDateStamp": {"FileOffset": 65604, "Value": "0x0        [Thu Jan  1 00:00:00 1970 UTC]", "Offset": 4}, "Characteristics": {"FileOffset": 65600, "Value": 0, "Offset": 0}, "NumberOfNamedEntries": {"FileOffset": 65612, "Value": 0, "Offset": 12}, "Structure": "IMAGE_RESOURCE_DIRECTORY"}, {"LANG": 0, "SUBLANG_NAME": "SUBLANG_DEFAULT", "Name": {"FileOffset": 65616, "Value": 1024, "Offset": 0}, "CodePage": {"FileOffset": 66136, "Value": 1252, "Offset": 8}, "LANG_NAME": "LANG_NEUTRAL", "OffsetToData": {"FileOffset": 66128, "Value": 523924, "Offset": 0}, "Reserved": {"FileOffset": 66140, "Value": 0, "Offset": 12}, "SUBLANG": 1, "Structure": "IMAGE_RESOURCE_DATA_ENTRY", "Size": {"FileOffset": 66132, "Value": 3240, "Offset": 4}}], {"Structure": "IMAGE_RESOURCE_DIRECTORY_ENTRY", "Id": 10, "OffsetToData": {"FileOffset": 65204, "Value": 2147484248, "Offset": 4}, "Name": {"FileOffset": 65200, "Value": 10, "Offset": 0}}, [{"MajorVersion": {"FileOffset": 65632, "Value": 4, "Offset": 8}, "NumberOfIdEntries": {"FileOffset": 65638, "Value": 1, "Offset": 14}, "MinorVersion": {"FileOffset": 65634, "Value": 0, "Offset": 10}, "TimeDateStamp": {"FileOffset": 65628, "Value": "0x0        [Thu Jan  1 00:00:00 1970 UTC]", "Offset": 4}, "Characteristics": {"FileOffset": 65624, "Value": 0, "Offset": 0}, "NumberOfNamedEntries": {"FileOffset": 65636, "Value": 0, "Offset": 12}, "Structure": "IMAGE_RESOURCE_DIRECTORY"}, {"LANG": 0, "SUBLANG_NAME": "SUBLANG_DEFAULT", "Name": {"FileOffset": 65640, "Value": 1024, "Offset": 0}, "CodePage": {"FileOffset": 66152, "Value": 1252, "Offset": 8}, "LANG_NAME": "LANG_NEUTRAL", "OffsetToData": {"FileOffset": 66144, "Value": 527164, "Offset": 0}, "Reserved": {"FileOffset": 66156, "Value": 0, "Offset": 12}, "SUBLANG": 1, "Structure": "IMAGE_RESOURCE_DATA_ENTRY", "Size": {"FileOffset": 66148, "Value": 1128, "Offset": 4}}]], {"Structure": "IMAGE_RESOURCE_DIRECTORY_ENTRY", "Id": [5, "RT_DIALOG"], "OffsetToData": {"FileOffset": 65060, "Value": 2147483832, "Offset": 4}, "Name": {"FileOffset": 65056, "Value": 5, "Offset": 0}}, [{"MajorVersion": {"FileOffset": 65216, "Value": 4, "Offset": 8}, "NumberOfIdEntries": {"FileOffset": 65222, "Value": 0, "Offset": 14}, "MinorVersion": {"FileOffset": 65218, "Value": 0, "Offset": 10}, "TimeDateStamp": {"FileOffset": 65212, "Value": "0x0        [Thu Jan  1 00:00:00 1970 UTC]", "Offset": 4}, "Characteristics": {"FileOffset": 65208, "Value": 0, "Offset": 0}, "NumberOfNamedEntries": {"FileOffset": 65220, "Value": 6, "Offset": 12}, "Structure": "IMAGE_RESOURCE_DIRECTORY"}, {"Name": {"FileOffset": 65224, "Value": 2147485008, "Offset": 0}, "OffsetToData": {"FileOffset": 65228, "Value": 2147484272, "Offset": 4}, "Structure": "IMAGE_RESOURCE_DIRECTORY_ENTRY"}, [{"MajorVersion": {"FileOffset": 65656, "Value": 4, "Offset": 8}, "NumberOfIdEntries": {"FileOffset": 65662, "Value": 1, "Offset": 14}, "MinorVersion": {"FileOffset": 65658, "Value": 0, "Offset": 10}, "TimeDateStamp": {"FileOffset": 65652, "Value": "0x0        [Thu Jan  1 00:00:00 1970 UTC]", "Offset": 4}, "Characteristics": {"FileOffset": 65648, "Value": 0, "Offset": 0}, "NumberOfNamedEntries": {"FileOffset": 65660, "Value": 0, "Offset": 12}, "Structure": "IMAGE_RESOURCE_DIRECTORY"}, {"LANG": 9, "SUBLANG_NAME": "SUBLANG_ENGLISH_US", "Name": {"FileOffset": 65664, "Value": 1033, "Offset": 0}, "CodePage": {"FileOffset": 66168, "Value": 1252, "Offset": 8}, "LANG_NAME": "LANG_ENGLISH", "OffsetToData": {"FileOffset": 66160, "Value": 528292, "Offset": 0}, "Reserved": {"FileOffset": 66172, "Value": 0, "Offset": 12}, "SUBLANG": 1, "Structure": "IMAGE_RESOURCE_DATA_ENTRY", "Size": {"FileOffset": 66164, "Value": 646, "Offset": 4}}], {"Name": {"FileOffset": 65232, "Value": 2147485030, "Offset": 0}, "OffsetToData": {"FileOffset": 65236, "Value": 2147484296, "Offset": 4}, "Structure": "IMAGE_RESOURCE_DIRECTORY_ENTRY"}, [{"MajorVersion": {"FileOffset": 65680, "Value": 4, "Offset": 8}, "NumberOfIdEntries": {"FileOffset": 65686, "Value": 1, "Offset": 14}, "MinorVersion": {"FileOffset": 65682, "Value": 0, "Offset": 10}, "TimeDateStamp": {"FileOffset": 65676, "Value": "0x0        [Thu Jan  1 00:00:00 1970 UTC]", "Offset": 4}, "Characteristics": {"FileOffset": 65672, "Value": 0, "Offset": 0}, "NumberOfNamedEntries": {"FileOffset": 65684, "Value": 0, "Offset": 12}, "Structure": "IMAGE_RESOURCE_DIRECTORY"}, {"LANG": 9, "SUBLANG_NAME": "SUBLANG_ENGLISH_US", "Name": {"FileOffset": 65688, "Value": 1033, "Offset": 0}, "CodePage": {"FileOffset": 66184, "Value": 1252, "Offset": 8}, "LANG_NAME": "LANG_ENGLISH", "OffsetToData": {"FileOffset": 66176, "Value": 528940, "Offset": 0}, "Reserved": {"FileOffset": 66188, "Value": 0, "Offset": 12}, "SUBLANG": 1, "Structure": "IMAGE_RESOURCE_DATA_ENTRY", "Size": {"FileOffset": 66180, "Value": 314, "Offset": 4}}], {"Name": {"FileOffset": 65240, "Value": 2147485056, "Offset": 0}, "OffsetToData": {"FileOffset": 65244, "Value": 2147484320, "Offset": 4}, "Structure": "IMAGE_RESOURCE_DIRECTORY_ENTRY"}, [{"MajorVersion": {"FileOffset": 65704, "Value": 4, "Offset": 8}, "NumberOfIdEntries": {"FileOffset": 65710, "Value": 1, "Offset": 14}, "MinorVersion": {"FileOffset": 65706, "Value": 0, "Offset": 10}, "TimeDateStamp": {"FileOffset": 65700, "Value": "0x0        [Thu Jan  1 00:00:00 1970 UTC]", "Offset": 4}, "Characteristics": {"FileOffset": 65696, "Value": 0, "Offset": 0}, "NumberOfNamedEntries": {"FileOffset": 65708, "Value": 0, "Offset": 12}, "Structure": "IMAGE_RESOURCE_DIRECTORY"}, {"LANG": 9, "SUBLANG_NAME": "SUBLANG_ENGLISH_US", "Name": {"FileOffset": 65712, "Value": 1033, "Offset": 0}, "CodePage": {"FileOffset": 66200, "Value": 1252, "Offset": 8}, "LANG_NAME": "LANG_ENGLISH", "OffsetToData": {"FileOffset": 66192, "Value": 529256, "Offset": 0}, "Reserved": {"FileOffset": 66204, "Value": 0, "Offset": 12}, "SUBLANG": 1, "Structure": "IMAGE_RESOURCE_DATA_ENTRY", "Size": {"FileOffset": 66196, "Value": 236, "Offset": 4}}], {"Name": {"FileOffset": 65248, "Value": 2147485078, "Offset": 0}, "OffsetToData": {"FileOffset": 65252, "Value": 2147484344, "Offset": 4}, "Structure": "IMAGE_RESOURCE_DIRECTORY_ENTRY"}, [{"MajorVersion": {"FileOffset": 65728, "Value": 4, "Offset": 8}, "NumberOfIdEntries": {"FileOffset": 65734, "Value": 1, "Offset": 14}, "MinorVersion": {"FileOffset": 65730, "Value": 0, "Offset": 10}, "TimeDateStamp": {"FileOffset": 65724, "Value": "0x0        [Thu Jan  1 00:00:00 1970 UTC]", "Offset": 4}, "Characteristics": {"FileOffset": 65720, "Value": 0, "Offset": 0}, "NumberOfNamedEntries": {"FileOffset": 65732, "Value": 0, "Offset": 12}, "Structure": "IMAGE_RESOURCE_DIRECTORY"}, {"LANG": 9, "SUBLANG_NAME": "SUBLANG_ENGLISH_US", "Name": {"FileOffset": 65736, "Value": 1033, "Offset": 0}, "CodePage": {"FileOffset": 66216, "Value": 1252, "Offset": 8}, "LANG_NAME": "LANG_ENGLISH", "OffsetToData": {"FileOffset": 66208, "Value": 529492, "Offset": 0}, "Reserved": {"FileOffset": 66220, "Value": 0, "Offset": 12}, "SUBLANG": 1, "Structure": "IMAGE_RESOURCE_DATA_ENTRY", "Size": {"FileOffset": 66212, "Value": 302, "Offset": 4}}], {"Name": {"FileOffset": 65256, "Value": 2147485098, "Offset": 0}, "OffsetToData": {"FileOffset": 65260, "Value": 2147484368, "Offset": 4}, "Structure": "IMAGE_RESOURCE_DIRECTORY_ENTRY"}, [{"MajorVersion": {"FileOffset": 65752, "Value": 4, "Offset": 8}, "NumberOfIdEntries": {"FileOffset": 65758, "Value": 1, "Offset": 14}, "MinorVersion": {"FileOffset": 65754, "Value": 0, "Offset": 10}, "TimeDateStamp": {"FileOffset": 65748, "Value": "0x0        [Thu Jan  1 00:00:00 1970 UTC]", "Offset": 4}, "Characteristics": {"FileOffset": 65744, "Value": 0, "Offset": 0}, "NumberOfNamedEntries": {"FileOffset": 65756, "Value": 0, "Offset": 12}, "Structure": "IMAGE_RESOURCE_DIRECTORY"}, {"LANG": 9, "SUBLANG_NAME": "SUBLANG_ENGLISH_US", "Name": {"FileOffset": 65760, "Value": 1033, "Offset": 0}, "CodePage": {"FileOffset": 66232, "Value": 1252, "Offset": 8}, "LANG_NAME": "LANG_ENGLISH", "OffsetToData": {"FileOffset": 66224, "Value": 529796, "Offset": 0}, "Reserved": {"FileOffset": 66236, "Value": 0, "Offset": 12}, "SUBLANG": 1, "Structure": "IMAGE_RESOURCE_DATA_ENTRY", "Size": {"FileOffset": 66228, "Value": 824, "Offset": 4}}], {"Name": {"FileOffset": 65264, "Value": 2147485128, "Offset": 0}, "OffsetToData": {"FileOffset": 65268, "Value": 2147484392, "Offset": 4}, "Structure": "IMAGE_RESOURCE_DIRECTORY_ENTRY"}, [{"MajorVersion": {"FileOffset": 65776, "Value": 4, "Offset": 8}, "NumberOfIdEntries": {"FileOffset": 65782, "Value": 1, "Offset": 14}, "MinorVersion": {"FileOffset": 65778, "Value": 0, "Offset": 10}, "TimeDateStamp": {"FileOffset": 65772, "Value": "0x0        [Thu Jan  1 00:00:00 1970 UTC]", "Offset": 4}, "Characteristics": {"FileOffset": 65768, "Value": 0, "Offset": 0}, "NumberOfNamedEntries": {"FileOffset": 65780, "Value": 0, "Offset": 12}, "Structure": "IMAGE_RESOURCE_DIRECTORY"}, {"LANG": 9, "SUBLANG_NAME": "SUBLANG_ENGLISH_US", "Name": {"FileOffset": 65784, "Value": 1033, "Offset": 0}, "CodePage": {"FileOffset": 66248, "Value": 1252, "Offset": 8}, "LANG_NAME": "LANG_ENGLISH", "OffsetToData": {"FileOffset": 66240, "Value": 530620, "Offset": 0}, "Reserved": {"FileOffset": 66252, "Value": 0, "Offset": 12}, "SUBLANG": 1, "Structure": "IMAGE_RESOURCE_DATA_ENTRY", "Size": {"FileOffset": 66244, "Value": 594, "Offset": 4}}]], {"Structure": "IMAGE_RESOURCE_DIRECTORY_ENTRY", "Id": [6, "RT_STRING"], "OffsetToData": {"FileOffset": 65068, "Value": 2147483896, "Offset": 4}, "Name": {"FileOffset": 65064, "Value": 6, "Offset": 0}}, [{"MajorVersion": {"FileOffset": 65280, "Value": 4, "Offset": 8}, "NumberOfIdEntries": {"FileOffset": 65286, "Value": 6, "Offset": 14}, "MinorVersion": {"FileOffset": 65282, "Value": 0, "Offset": 10}, "TimeDateStamp": {"FileOffset": 65276, "Value": "0x0        [Thu Jan  1 00:00:00 1970 UTC]", "Offset": 4}, "Characteristics": {"FileOffset": 65272, "Value": 0, "Offset": 0}, "NumberOfNamedEntries": {"FileOffset": 65284, "Value": 0, "Offset": 12}, "Structure": "IMAGE_RESOURCE_DIRECTORY"}, {"Structure": "IMAGE_RESOURCE_DIRECTORY_ENTRY", "Id": 7, "OffsetToData": {"FileOffset": 65292, "Value": 2147484416, "Offset": 4}, "Name": {"FileOffset": 65288, "Value": 7, "Offset": 0}}, [{"MajorVersion": {"FileOffset": 65800, "Value": 4, "Offset": 8}, "NumberOfIdEntries": {"FileOffset": 65806, "Value": 1, "Offset": 14}, "MinorVersion": {"FileOffset": 65802, "Value": 0, "Offset": 10}, "TimeDateStamp": {"FileOffset": 65796, "Value": "0x0        [Thu Jan  1 00:00:00 1970 UTC]", "Offset": 4}, "Characteristics": {"FileOffset": 65792, "Value": 0, "Offset": 0}, "NumberOfNamedEntries": {"FileOffset": 65804, "Value": 0, "Offset": 12}, "Structure": "IMAGE_RESOURCE_DIRECTORY"}, {"LANG": 9, "SUBLANG_NAME": "SUBLANG_ENGLISH_US", "Name": {"FileOffset": 65808, "Value": 1033, "Offset": 0}, "CodePage": {"FileOffset": 66264, "Value": 1252, "Offset": 8}, "LANG_NAME": "LANG_ENGLISH", "OffsetToData": {"FileOffset": 66256, "Value": 531216, "Offset": 0}, "Reserved": {"FileOffset": 66268, "Value": 0, "Offset": 12}, "SUBLANG": 1, "Structure": "IMAGE_RESOURCE_DATA_ENTRY", "Size": {"FileOffset": 66260, "Value": 556, "Offset": 4}}, "Select destination folder", "Extracting %s", "Skipping %s", "Unexpected end of archive", "The file \"%s\" header is corrupt", "The archive comment header is corrupt", "The archive comment is corrupt", "Not enough memory", "Unknown method in %s", "Cannot open %s", "Cannot create %s", "Cannot create folder %s"], {"Structure": "IMAGE_RESOURCE_DIRECTORY_ENTRY", "Id": 8, "OffsetToData": {"FileOffset": 65300, "Value": 2147484440, "Offset": 4}, "Name": {"FileOffset": 65296, "Value": 8, "Offset": 0}}, [{"MajorVersion": {"FileOffset": 65824, "Value": 4, "Offset": 8}, "NumberOfIdEntries": {"FileOffset": 65830, "Value": 1, "Offset": 14}, "MinorVersion": {"FileOffset": 65826, "Value": 0, "Offset": 10}, "TimeDateStamp": {"FileOffset": 65820, "Value": "0x0        [Thu Jan  1 00:00:00 1970 UTC]", "Offset": 4}, "Characteristics": {"FileOffset": 65816, "Value": 0, "Offset": 0}, "NumberOfNamedEntries": {"FileOffset": 65828, "Value": 0, "Offset": 12}, "Structure": "IMAGE_RESOURCE_DIRECTORY"}, {"LANG": 9, "SUBLANG_NAME": "SUBLANG_ENGLISH_US", "Name": {"FileOffset": 65832, "Value": 1033, "Offset": 0}, "CodePage": {"FileOffset": 66280, "Value": 1252, "Offset": 8}, "LANG_NAME": "LANG_ENGLISH", "OffsetToData": {"FileOffset": 66272, "Value": 531772, "Offset": 0}, "Reserved": {"FileOffset": 66284, "Value": 0, "Offset": 12}, "SUBLANG": 1, "Structure": "IMAGE_RESOURCE_DATA_ENTRY", "Size": {"FileOffset": 66276, "Value": 974, "Offset": 4}}, "CRC failed in the encrypted file %s. Corrupt file or wrong password.", "CRC failed in %s", "Packed data CRC failed in %s", "Wrong password for %s", "Write error in the file %s. Probably the disk is full", "Read error in the file %s", "File close error", "The required volume is absent", "The archive is either in unknown format or damaged", "Extracting from %s", "Next volume", "The archive header is corrupt", "Close", "Error", "Errors encountered while performing the operation\nLook at the information window for more details"], {"Structure": "IMAGE_RESOURCE_DIRECTORY_ENTRY", "Id": 9, "OffsetToData": {"FileOffset": 65308, "Value": 2147484464, "Offset": 4}, "Name": {"FileOffset": 65304, "Value": 9, "Offset": 0}}, [{"MajorVersion": {"FileOffset": 65848, "Value": 4, "Offset": 8}, "NumberOfIdEntries": {"FileOffset": 65854, "Value": 1, "Offset": 14}, "MinorVersion": {"FileOffset": 65850, "Value": 0, "Offset": 10}, "TimeDateStamp": {"FileOffset": 65844, "Value": "0x0        [Thu Jan  1 00:00:00 1970 UTC]", "Offset": 4}, "Characteristics": {"FileOffset": 65840, "Value": 0, "Offset": 0}, "NumberOfNamedEntries": {"FileOffset": 65852, "Value": 0, "Offset": 12}, "Structure": "IMAGE_RESOURCE_DIRECTORY"}, {"LANG": 9, "SUBLANG_NAME": "SUBLANG_ENGLISH_US", "Name": {"FileOffset": 65856, "Value": 1033, "Offset": 0}, "CodePage": {"FileOffset": 66296, "Value": 1252, "Offset": 8}, "LANG_NAME": "LANG_ENGLISH", "OffsetToData": {"FileOffset": 66288, "Value": 532748, "Offset": 0}, "Reserved": {"FileOffset": 66300, "Value": 0, "Offset": 12}, "SUBLANG": 1, "Structure": "IMAGE_RESOURCE_DATA_ENTRY", "Size": {"FileOffset": 66292, "Value": 530, "Offset": 4}}, "bytes", "modified on", "folder is not accessible", "Some files could not be created.\nPlease close all applications, reboot Windows and restart this installation", "Some installation files are corrupt.\nPlease download a fresh copy and retry the installation", "All files"], {"Structure": "IMAGE_RESOURCE_DIRECTORY_ENTRY", "Id": 10, "OffsetToData": {"FileOffset": 65316, "Value": 2147484488, "Offset": 4}, "Name": {"FileOffset": 65312, "Value": 10, "Offset": 0}}, [{"MajorVersion": {"FileOffset": 65872, "Value": 4, "Offset": 8}, "NumberOfIdEntries": {"FileOffset": 65878, "Value": 1, "Offset": 14}, "MinorVersion": {"FileOffset": 65874, "Value": 0, "Offset": 10}, "TimeDateStamp": {"FileOffset": 65868, "Value": "0x0        [Thu Jan  1 00:00:00 1970 UTC]", "Offset": 4}, "Characteristics": {"FileOffset": 65864, "Value": 0, "Offset": 0}, "NumberOfNamedEntries": {"FileOffset": 65876, "Value": 0, "Offset": 12}, "Structure": "IMAGE_RESOURCE_DIRECTORY"}, {"LANG": 9, "SUBLANG_NAME": "SUBLANG_ENGLISH_US", "Name": {"FileOffset": 65880, "Value": 1033, "Offset": 0}, "CodePage": {"FileOffset": 66312, "Value": 1252, "Offset": 8}, "LANG_NAME": "LANG_ENGLISH", "OffsetToData": {"FileOffset": 66304, "Value": 533280, "Offset": 0}, "Reserved": {"FileOffset": 66316, "Value": 0, "Offset": 12}, "SUBLANG": 1, "Structure": "IMAGE_RESOURCE_DATA_ENTRY", "Size": {"FileOffset": 66308, "Value": 776, "Offset": 4}}, "<ul><li>Press <b>Install</b> button to start extraction.</li><br><br>", "<ul><li>Press <b>Extract</b> button to start extraction.</li><br><br>", "<li>Use <b>Browse</b> button to select the destination", "folder from the folders tree. It can be also entered", "manually.</li><br><br>", "<li>If the destination folder does not exist, it will be", "created automatically before extraction.</li></ul>"], {"Structure": "IMAGE_RESOURCE_DIRECTORY_ENTRY", "Id": 11, "OffsetToData": {"FileOffset": 65324, "Value": 2147484512, "Offset": 4}, "Name": {"FileOffset": 65320, "Value": 11, "Offset": 0}}, [{"MajorVersion": {"FileOffset": 65896, "Value": 4, "Offset": 8}, "NumberOfIdEntries": {"FileOffset": 65902, "Value": 1, "Offset": 14}, "MinorVersion": {"FileOffset": 65898, "Value": 0, "Offset": 10}, "TimeDateStamp": {"FileOffset": 65892, "Value": "0x0        [Thu Jan  1 00:00:00 1970 UTC]", "Offset": 4}, "Characteristics": {"FileOffset": 65888, "Value": 0, "Offset": 0}, "NumberOfNamedEntries": {"FileOffset": 65900, "Value": 0, "Offset": 12}, "Structure": "IMAGE_RESOURCE_DIRECTORY"}, {"LANG": 9, "SUBLANG_NAME": "SUBLANG_ENGLISH_US", "Name": {"FileOffset": 65904, "Value": 1033, "Offset": 0}, "CodePage": {"FileOffset": 66328, "Value": 1252, "Offset": 8}, "LANG_NAME": "LANG_ENGLISH", "OffsetToData": {"FileOffset": 66320, "Value": 534056, "Offset": 0}, "Reserved": {"FileOffset": 66332, "Value": 0, "Offset": 12}, "SUBLANG": 1, "Structure": "IMAGE_RESOURCE_DATA_ENTRY", "Size": {"FileOffset": 66324, "Value": 380, "Offset": 4}}, "The archive is corrupt", "Extracting files to %s folder", "Extracting files to temporary folder", "Extract", "Extraction progress", "Total path and file name length must not exceed %d characters"], {"Structure": "IMAGE_RESOURCE_DIRECTORY_ENTRY", "Id": 12, "OffsetToData": {"FileOffset": 65332, "Value": 2147484536, "Offset": 4}, "Name": {"FileOffset": 65328, "Value": 12, "Offset": 0}}, [{"MajorVersion": {"FileOffset": 65920, "Value": 4, "Offset": 8}, "NumberOfIdEntries": {"FileOffset": 65926, "Value": 1, "Offset": 14}, "MinorVersion": {"FileOffset": 65922, "Value": 0, "Offset": 10}, "TimeDateStamp": {"FileOffset": 65916, "Value": "0x0        [Thu Jan  1 00:00:00 1970 UTC]", "Offset": 4}, "Characteristics": {"FileOffset": 65912, "Value": 0, "Offset": 0}, "NumberOfNamedEntries": {"FileOffset": 65924, "Value": 0, "Offset": 12}, "Structure": "IMAGE_RESOURCE_DIRECTORY"}, {"LANG": 9, "SUBLANG_NAME": "SUBLANG_ENGLISH_US", "Name": {"FileOffset": 65928, "Value": 1033, "Offset": 0}, "CodePage": {"FileOffset": 66344, "Value": 1252, "Offset": 8}, "LANG_NAME": "LANG_ENGLISH", "OffsetToData": {"FileOffset": 66336, "Value": 534436, "Offset": 0}, "Reserved": {"FileOffset": 66348, "Value": 0, "Offset": 12}, "SUBLANG": 1, "Structure": "IMAGE_RESOURCE_DATA_ENTRY", "Size": {"FileOffset": 66340, "Value": 102, "Offset": 4}}, "Unsupported encryption method in %s"]], {"Structure": "IMAGE_RESOURCE_DIRECTORY_ENTRY", "Id": [14, "RT_GROUP_ICON"], "OffsetToData": {"FileOffset": 65076, "Value": 2147483960, "Offset": 4}, "Name": {"FileOffset": 65072, "Value": 14, "Offset": 0}}, [{"MajorVersion": {"FileOffset": 65344, "Value": 4, "Offset": 8}, "NumberOfIdEntries": {"FileOffset": 65350, "Value": 1, "Offset": 14}, "MinorVersion": {"FileOffset": 65346, "Value": 0, "Offset": 10}, "TimeDateStamp": {"FileOffset": 65340, "Value": "0x0        [Thu Jan  1 00:00:00 1970 UTC]", "Offset": 4}, "Characteristics": {"FileOffset": 65336, "Value": 0, "Offset": 0}, "NumberOfNamedEntries": {"FileOffset": 65348, "Value": 0, "Offset": 12}, "Structure": "IMAGE_RESOURCE_DIRECTORY"}, {"Structure": "IMAGE_RESOURCE_DIRECTORY_ENTRY", "Id": 100, "OffsetToData": {"FileOffset": 65356, "Value": 2147484560, "Offset": 4}, "Name": {"FileOffset": 65352, "Value": 100, "Offset": 0}}, [{"MajorVersion": {"FileOffset": 65944, "Value": 4, "Offset": 8}, "NumberOfIdEntries": {"FileOffset": 65950, "Value": 1, "Offset": 14}, "MinorVersion": {"FileOffset": 65946, "Value": 0, "Offset": 10}, "TimeDateStamp": {"FileOffset": 65940, "Value": "0x0        [Thu Jan  1 00:00:00 1970 UTC]", "Offset": 4}, "Characteristics": {"FileOffset": 65936, "Value": 0, "Offset": 0}, "NumberOfNamedEntries": {"FileOffset": 65948, "Value": 0, "Offset": 12}, "Structure": "IMAGE_RESOURCE_DIRECTORY"}, {"LANG": 0, "SUBLANG_NAME": "SUBLANG_DEFAULT", "Name": {"FileOffset": 65952, "Value": 1024, "Offset": 0}, "CodePage": {"FileOffset": 66360, "Value": 1252, "Offset": 8}, "LANG_NAME": "LANG_NEUTRAL", "OffsetToData": {"FileOffset": 66352, "Value": 534540, "Offset": 0}, "Reserved": {"FileOffset": 66364, "Value": 0, "Offset": 12}, "SUBLANG": 1, "Structure": "IMAGE_RESOURCE_DATA_ENTRY", "Size": {"FileOffset": 66356, "Value": 146, "Offset": 4}}]], {"Structure": "IMAGE_RESOURCE_DIRECTORY_ENTRY", "Id": [24, "RT_MANIFEST"], "OffsetToData": {"FileOffset": 65084, "Value": 2147483984, "Offset": 4}, "Name": {"FileOffset": 65080, "Value": 24, "Offset": 0}}, [{"MajorVersion": {"FileOffset": 65368, "Value": 4, "Offset": 8}, "NumberOfIdEntries": {"FileOffset": 65374, "Value": 1, "Offset": 14}, "MinorVersion": {"FileOffset": 65370, "Value": 0, "Offset": 10}, "TimeDateStamp": {"FileOffset": 65364, "Value": "0x0        [Thu Jan  1 00:00:00 1970 UTC]", "Offset": 4}, "Characteristics": {"FileOffset": 65360, "Value": 0, "Offset": 0}, "NumberOfNamedEntries": {"FileOffset": 65372, "Value": 0, "Offset": 12}, "Structure": "IMAGE_RESOURCE_DIRECTORY"}, {"Structure": "IMAGE_RESOURCE_DIRECTORY_ENTRY", "Id": 1, "OffsetToData": {"FileOffset": 65380, "Value": 2147484584, "Offset": 4}, "Name": {"FileOffset": 65376, "Value": 1, "Offset": 0}}, [{"MajorVersion": {"FileOffset": 65968, "Value": 4, "Offset": 8}, "NumberOfIdEntries": {"FileOffset": 65974, "Value": 1, "Offset": 14}, "MinorVersion": {"FileOffset": 65970, "Value": 0, "Offset": 10}, "TimeDateStamp": {"FileOffset": 65964, "Value": "0x0        [Thu Jan  1 00:00:00 1970 UTC]", "Offset": 4}, "Characteristics": {"FileOffset": 65960, "Value": 0, "Offset": 0}, "NumberOfNamedEntries": {"FileOffset": 65972, "Value": 0, "Offset": 12}, "Structure": "IMAGE_RESOURCE_DIRECTORY"}, {"LANG": 9, "SUBLANG_NAME": "SUBLANG_ENGLISH_US", "Name": {"FileOffset": 65976, "Value": 1033, "Offset": 0}, "CodePage": {"FileOffset": 66376, "Value": 1252, "Offset": 8}, "LANG_NAME": "LANG_ENGLISH", "OffsetToData": {"FileOffset": 66368, "Value": 534688, "Offset": 0}, "Reserved": {"FileOffset": 66380, "Value": 0, "Offset": 12}, "SUBLANG": 1, "Structure": "IMAGE_RESOURCE_DATA_ENTRY", "Size": {"FileOffset": 66372, "Value": 1464, "Offset": 4}}]]]}
