{"DllCharacteristics": [], "FILE_HEADER": {"NumberOfSections": {"FileOffset": 230, "Value": 3, "Offset": 2}, "TimeDateStamp": {"FileOffset": 232, "Value": "0x4A769FE9 [Mon Aug  3 08:29:29 2009 UTC]", "Offset": 4}, "PointerToSymbolTable": {"FileOffset": 236, "Value": 0, "Offset": 8}, "NumberOfSymbols": {"FileOffset": 240, "Value": 0, "Offset": 12}, "Machine": {"FileOffset": 228, "Value": 332, "Offset": 0}, "Characteristics": {"FileOffset": 246, "Value": 271, "Offset": 18}, "SizeOfOptionalHeader": {"FileOffset": 244, "Value": 224, "Offset": 16}, "Structure": "IMAGE_FILE_HEADER"}, "Directories": [{"VirtualAddress": {"FileOffset": 344, "Value": 0, "Offset": 0}, "Structure": "IMAGE_DIRECTORY_ENTRY_EXPORT", "Size": {"FileOffset": 348, "Value": 0, "Offset": 4}}, {"VirtualAddress": {"FileOffset": 352, "Value": 34016, "Offset": 0}, "Structure": "IMAGE_DIRECTORY_ENTRY_IMPORT", "Size": {"FileOffset": 356, "Value": 60, "Offset": 4}}, {"VirtualAddress": {"FileOffset": 360, "Value": 0, "Offset": 0}, "Structure": "IMAGE_DIRECTORY_ENTRY_RESOURCE", "Size": {"FileOffset": 364, "Value": 0, "Offset": 4}}, {"VirtualAddress": {"FileOffset": 368, "Value": 0, "Offset": 0}, "Structure": "IMAGE_DIRECTORY_ENTRY_EXCEPTION", "Size": {"FileOffset": 372, "Value": 0, "Offset": 4}}, {"VirtualAddress": {"FileOffset": 376, "Value": 0, "Offset": 0}, "Structure": "IMAGE_DIRECTORY_ENTRY_SECURITY", "Size": {"FileOffset": 380, "Value": 0, "Offset": 4}}, {"VirtualAddress": {"FileOffset": 384, "Value": 0, "Offset": 0}, "Structure": "IMAGE_DIRECTORY_ENTRY_BASERELOC", "Size": {"FileOffset": 388, "Value": 0, "Offset": 4}}, {"VirtualAddress": {"FileOffset": 392, "Value": 0, "Offset": 0}, "Structure": "IMAGE_DIRECTORY_ENTRY_DEBUG", "Size": {"FileOffset": 396, "Value": 0, "Offset": 4}}, {"VirtualAddress": {"FileOffset": 400, "Value": 0, "Offset": 0}, "Structure": "IMAGE_DIRECTORY_ENTRY_COPYRIGHT", "Size": {"FileOffset": 404, "Value": 0, "Offset": 4}}, {"VirtualAddress": {"FileOffset": 408, "Value": 0, "Offset": 0}, "Structure": "IMAGE_DIRECTORY_ENTRY_GLOBALPTR", "Size": {"FileOffset": 412, "Value": 0, "Offset": 4}}, {"VirtualAddress": {"FileOffset": 416, "Value": 0, "Offset": 0}, "Structure": "IMAGE_DIRECTORY_ENTRY_TLS", "Size": {"FileOffset": 420, "Value": 0, "Offset": 4}}, {"VirtualAddress": {"FileOffset": 424, "Value": 0, "Offset": 0}, "Structure": "IMAGE_DIRECTORY_ENTRY_LOAD_CONFIG", "Size": {"FileOffset": 428, "Value": 0, "Offset": 4}}, {"VirtualAddress": {"FileOffset": 432, "Value": 0, "Offset": 0}, "Structure": "IMAGE_DIRECTORY_ENTRY_BOUND_IMPORT", "Size": {"FileOffset": 436, "Value": 0, "Offset": 4}}, {"VirtualAddress": {"FileOffset": 440, "Value": 32768, "Offset": 0}, "Structure": "IMAGE_DIRECTORY_ENTRY_IAT", "Size": {"FileOffset": 444, "Value": 260, "Offset": 4}}, {"VirtualAddress": {"FileOffset": 448, "Value": 0, "Offset": 0}, "Structure": "IMAGE_DIRECTORY_ENTRY_DELAY_IMPORT", "Size": {"FileOffset": 452, "Value": 0, "Offset": 4}}, {"VirtualAddress": {"FileOffset": 456, "Value": 0, "Offset": 0}, "Structure": "IMAGE_DIRECTORY_ENTRY_COM_DESCRIPTOR", "Size": {"FileOffset": 460, "Value": 0, "Offset": 4}}, {"VirtualAddress": {"FileOffset": 464, "Value": 0, "Offset": 0}, "Structure": "IMAGE_DIRECTORY_ENTRY_RESERVED", "Size": {"FileOffset": 468, "Value": 0, "Offset": 4}}], "OPTIONAL_HEADER": {"DllCharacteristics": {"FileOffset": 318, "Value": 0, "Offset": 70}, "BaseOfCode": {"FileOffset": 268, "Value": 4096, "Offset": 20}, "MajorLinkerVersion": {"FileOffset": 250, "Value": 6, "Offset": 2}, "MinorOperatingSystemVersion": {"FileOffset": 290, "Value": 0, "Offset": 42}, "MinorLinkerVersion": {"FileOffset": 251, "Value": 0, "Offset": 3}, "MajorSubsystemVersion": {"FileOffset": 296, "Value": 4, "Offset": 48}, "MajorOperatingSystemVersion": {"FileOffset": 288, "Value": 4, "Offset": 40}, "SizeOfStackCommit": {"FileOffset": 324, "Value": 4096, "Offset": 76}, "SizeOfUninitializedData": {"FileOffset": 260, "Value": 0, "Offset": 12}, "NumberOfRvaAndSizes": {"FileOffset": 340, "Value": 16, "Offset": 92}, "SizeOfHeapReserve": {"FileOffset": 328, "Value": 1048576, "Offset": 80}, "LoaderFlags": {"FileOffset": 336, "Value": 0, "Offset": 88}, "SizeOfHeapCommit": {"FileOffset": 332, "Value": 4096, "Offset": 84}, "SizeOfStackReserve": {"FileOffset": 320, "Value": 1048576, "Offset": 72}, "Structure": "IMAGE_OPTIONAL_HEADER", "SizeOfHeaders": {"FileOffset": 308, "Value": 1024, "Offset": 60}, "Subsystem": {"FileOffset": 316, "Value": 2, "Offset": 68}, "Magic": {"FileOffset": 248, "Value": 267, "Offset": 0}, "MinorImageVersion": {"FileOffset": 294, "Value": 0, "Offset": 46}, "MajorImageVersion": {"FileOffset": 292, "Value": 0, "Offset": 44}, "FileAlignment": {"FileOffset": 284, "Value": 512, "Offset": 36}, "BaseOfData": {"FileOffset": 272, "Value": 32768, "Offset": 24}, "AddressOfEntryPoint": {"FileOffset": 264, "Value": 12942, "Offset": 16}, "SectionAlignment": {"FileOffset": 280, "Value": 4096, "Offset": 32}, "SizeOfCode": {"FileOffset": 252, "Value": 27136, "Offset": 4}, "ImageBase": {"FileOffset": 276, "Value": 4194304, "Offset": 28}, "SizeOfInitializedData": {"FileOffset": 256, "Value": 18944, "Offset": 8}, "SizeOfImage": {"FileOffset": 304, "Value": 53248, "Offset": 56}, "MinorSubsystemVersion": {"FileOffset": 298, "Value": 0, "Offset": 50}, "CheckSum": {"FileOffset": 312, "Value": 0, "Offset": 64}, "Reserved1": {"FileOffset": 300, "Value": 0, "Offset": 52}}, "DOS_HEADER": {"e_cblp": {"FileOffset": 2, "Value": 144, "Offset": 2}, "e_crlc": {"FileOffset": 6, "Value": 0, "Offset": 6}, "e_ovno": {"FileOffset": 26, "Value": 0, "Offset": 26}, "e_minalloc": {"FileOffset": 10, "Value": 0, "Offset": 10}, "e_csum": {"FileOffset": 18, "Value": 0, "Offset": 18}, "e_cparhdr": {"FileOffset": 8, "Value": 4, "Offset": 8}, "e_cp": {"FileOffset": 4, "Value": 3, "Offset": 4}, "e_cs": {"FileOffset": 22, "Value": 0, "Offset": 22}, "e_maxalloc": {"FileOffset": 12, "Value": 65535, "Offset": 12}, "e_lfarlc": {"FileOffset": 24, "Value": 64, "Offset": 24}, "e_oemid": {"FileOffset": 36, "Value": 0, "Offset": 36}, "e_lfanew": {"FileOffset": 60, "Value": 224, "Offset": 60}, "e_ss": {"FileOffset": 14, "Value": 0, "Offset": 14}, "e_magic": {"FileOffset": 0, "Value": 23117, "Offset": 0}, "e_oeminfo": {"FileOffset": 38, "Value": 0, "Offset": 38}, "e_res2": {"FileOffset": 40, "Value": "", "Offset": 40}, "e_res": {"FileOffset": 28, "Value": "", "Offset": 28}, "e_sp": {"FileOffset": 16, "Value": 184, "Offset": 16}, "Structure": "IMAGE_DOS_HEADER", "e_ip": {"FileOffset": 20, "Value": 0, "Offset": 20}}, "NT_HEADERS": {"Structure": "IMAGE_NT_HEADERS", "Signature": {"FileOffset": 224, "Value": 17744, "Offset": 0}}, "Flags": ["IMAGE_FILE_LOCAL_SYMS_STRIPPED", "IMAGE_FILE_32BIT_MACHINE", "IMAGE_FILE_EXECUTABLE_IMAGE", "IMAGE_FILE_LINE_NUMS_STRIPPED", "IMAGE_FILE_RELOCS_STRIPPED"], "Imported symbols": [[{"TimeDateStamp": {"FileOffset": 29412, "Value": "0x0        [Thu Jan  1 00:00:00 1970 UTC]", "Offset": 4}, "Name": {"FileOffset": 29420, "Value": 34586, "Offset": 12}, "ForwarderChain": {"FileOffset": 29416, "Value": 0, "Offset": 8}, "OriginalFirstThunk": {"FileOffset": 29408, "Value": 34076, "Offset": 0}, "FirstThunk": {"FileOffset": 29424, "Value": 32768, "Offset": 16}, "Characteristics": {"FileOffset": 29408, "Value": 34076, "Offset": 0}, "Structure": "IMAGE_IMPORT_DESCRIPTOR"}, {"Hint": 830, "Name": "Sleep", "DLL": "KERNEL32.dll"}, {"Hint": 360, "Name": "GetLastError", "DLL": "KERNEL32.dll"}, {"Hint": 269, "Name": "GetComputerNameA", "DLL": "KERNEL32.dll"}, {"Hint": 612, "Name": "MultiByteToWideChar", "DLL": "KERNEL32.dll"}, {"Hint": 49, "Name": "CloseHandle", "DLL": "KERNEL32.dll"}, {"Hint": 838, "Name": "TerminateProcess", "DLL": "KERNEL32.dll"}, {"Hint": 907, "Name": "WriteFile", "DLL": "KERNEL32.dll"}, {"Hint": 675, "Name": "ReadFile", "DLL": "KERNEL32.dll"}, {"Hint": 639, "Name": "PeekNamedPipe", "DLL": "KERNEL32.dll"}, {"Hint": 98, "Name": "CreateProcessA", "DLL": "KERNEL32.dll"}, {"Hint": 438, "Name": "GetSystemDirectoryA", "DLL": "KERNEL32.dll"}, {"Hint": 97, "Name": "CreatePipe", "DLL": "KERNEL32.dll"}, {"Hint": 497, "Name": "GlobalFree", "DLL": "KERNEL32.dll"}, {"Hint": 315, "Name": "GetCurrentProcess", "DLL": "KERNEL32.dll"}, {"Hint": 371, "Name": "GetModuleFileNameA", "DLL": "KERNEL32.dll"}, {"Hint": 563, "Name": "LCMapStringA", "DLL": "KERNEL32.dll"}, {"Hint": 765, "Name": "SetEndOfFile", "DLL": "KERNEL32.dll"}, {"Hint": 577, "Name": "LoadLibraryA", "DLL": "KERNEL32.dll"}, {"Hint": 407, "Name": "GetProcAddress", "DLL": "KERNEL32.dll"}, {"Hint": 394, "Name": "GetOEMCP", "DLL": "KERNEL32.dll"}, {"Hint": 246, "Name": "GetACP", "DLL": "KERNEL32.dll"}, {"Hint": 253, "Name": "GetCPInfo", "DLL": "KERNEL32.dll"}, {"Hint": 434, "Name": "GetStringTypeW", "DLL": "KERNEL32.dll"}, {"Hint": 431, "Name": "GetStringTypeA", "DLL": "KERNEL32.dll"}, {"Hint": 79, "Name": "CreateFileA", "DLL": "KERNEL32.dll"}, {"Hint": 230, "Name": "FlushFileBuffers", "DLL": "KERNEL32.dll"}, {"Hint": 801, "Name": "SetStdHandle", "DLL": "KERNEL32.dll"}, {"Hint": 524, "Name": "HeapReAlloc", "DLL": "KERNEL32.dll"}, {"Hint": 564, "Name": "LCMapStringW", "DLL": "KERNEL32.dll"}, {"Hint": 373, "Name": "GetModuleHandleA", "DLL": "KERNEL32.dll"}, {"Hint": 428, "Name": "GetStartupInfoA", "DLL": "KERNEL32.dll"}, {"Hint": 265, "Name": "GetCommandLineA", "DLL": "KERNEL32.dll"}, {"Hint": 474, "Name": "GetVersion", "DLL": "KERNEL32.dll"}, {"Hint": 182, "Name": "ExitProcess", "DLL": "KERNEL32.dll"}, {"Hint": 520, "Name": "HeapFree", "DLL": "KERNEL32.dll"}, {"Hint": 514, "Name": "HeapAlloc", "DLL": "KERNEL32.dll"}, {"Hint": 783, "Name": "SetHandleCount", "DLL": "KERNEL32.dll"}, {"Hint": 430, "Name": "GetStdHandle", "DLL": "KERNEL32.dll"}, {"Hint": 350, "Name": "GetFileType", "DLL": "KERNEL32.dll"}, {"Hint": 774, "Name": "SetFilePointer", "DLL": "KERNEL32.dll"}, {"Hint": 855, "Name": "UnhandledExceptionFilter", "DLL": "KERNEL32.dll"}, {"Hint": 238, "Name": "FreeEnvironmentStringsA", "DLL": "KERNEL32.dll"}, {"Hint": 239, "Name": "FreeEnvironmentStringsW", "DLL": "KERNEL32.dll"}, {"Hint": 894, "Name": "WideCharToMultiByte", "DLL": "KERNEL32.dll"}, {"Hint": 333, "Name": "GetEnvironmentStrings", "DLL": "KERNEL32.dll"}, {"Hint": 335, "Name": "GetEnvironmentStringsW", "DLL": "KERNEL32.dll"}, {"Hint": 518, "Name": "HeapDestroy", "DLL": "KERNEL32.dll"}, {"Hint": 516, "Name": "HeapCreate", "DLL": "KERNEL32.dll"}, {"Hint": 877, "Name": "VirtualFree", "DLL": "KERNEL32.dll"}, {"Hint": 708, "Name": "RtlUnwind", "DLL": "KERNEL32.dll"}, {"Hint": 874, "Name": "VirtualAlloc", "DLL": "KERNEL32.dll"}], [{"TimeDateStamp": {"FileOffset": 29432, "Value": "0x0        [Thu Jan  1 00:00:00 1970 UTC]", "Offset": 4}, "Name": {"FileOffset": 29440, "Value": 34880, "Offset": 12}, "ForwarderChain": {"FileOffset": 29436, "Value": 0, "Offset": 8}, "OriginalFirstThunk": {"FileOffset": 29428, "Value": 34284, "Offset": 0}, "FirstThunk": {"FileOffset": 29444, "Value": 32976, "Offset": 16}, "Characteristics": {"FileOffset": 29428, "Value": 34284, "Offset": 0}, "Structure": "IMAGE_IMPORT_DESCRIPTOR"}, {"Hint": 30, "Name": "WinHttpWriteData", "DLL": "WINHTTP.dll"}, {"Hint": 22, "Name": "WinHttpSendRequest", "DLL": "WINHTTP.dll"}, {"Hint": 14, "Name": "WinHttpOpen", "DLL": "WINHTTP.dll"}, {"Hint": 7, "Name": "WinHttpConnect", "DLL": "WINHTTP.dll"}, {"Hint": 13, "Name": "WinHttpGetProxyForUrl", "DLL": "WINHTTP.dll"}, {"Hint": 19, "Name": "WinHttpQueryOption", "DLL": "WINHTTP.dll"}, {"Hint": 25, "Name": "WinHttpSetOption", "DLL": "WINHTTP.dll"}, {"Hint": 21, "Name": "WinHttpReceiveResponse", "DLL": "WINHTTP.dll"}, {"Hint": 20, "Name": "WinHttpReadData", "DLL": "WINHTTP.dll"}, {"Hint": 6, "Name": "WinHttpCloseHandle", "DLL": "WINHTTP.dll"}, {"Hint": 15, "Name": "WinHttpOpenRequest", "DLL": "WINHTTP.dll"}, {"Hint": 12, "Name": "WinHttpGetIEProxyConfigForCurrentUser", "DLL": "WINHTTP.dll"}]], "PE Sections": [{"PointerToRawData": {"FileOffset": 492, "Value": 1024, "Offset": 20}, "SHA1": "e2f0adcf99e24685baa6ce6732e40f351d88ed80", "SHA256": "ff1af6a630121e488e3313a2dace8b829fe5a7aa18bd79494ebec9a5b94990ee", "Name": {"FileOffset": 472, "Value": ".text", "Offset": 0}, "NumberOfRelocations": {"FileOffset": 504, "Value": 0, "Offset": 32}, "Misc_VirtualSize": {"FileOffset": 480, "Value": 27057, "Offset": 8}, "Characteristics": {"FileOffset": 508, "Value": 1610612768, "Offset": 36}, "Misc": {"FileOffset": 480, "Value": 27057, "Offset": 8}, "PointerToLinenumbers": {"FileOffset": 500, "Value": 0, "Offset": 28}, "SizeOfRawData": {"FileOffset": 488, "Value": 27136, "Offset": 16}, "Misc_PhysicalAddress": {"FileOffset": 480, "Value": 27057, "Offset": 8}, "PointerToRelocations": {"FileOffset": 496, "Value": 0, "Offset": 24}, "Flags": ["IMAGE_SCN_MEM_EXECUTE", "IMAGE_SCN_CNT_CODE", "IMAGE_SCN_MEM_READ"], "SHA512": "404b75f71c2b6b3a91ef0bd56d50f9a4f38dbecfb633a17f592b4db5bf25230515ad9d1972b41cbfcadc5a9c6c5918a1bf8481db81439a94f4762a3a315b27b1", "MD5": "b442cc1ec79958ed5c8881fd7984feff", "Entropy": 6.672247406138685, "VirtualAddress": {"FileOffset": 484, "Value": 4096, "Offset": 12}, "Structure": "IMAGE_SECTION_HEADER", "NumberOfLinenumbers": {"FileOffset": 506, "Value": 0, "Offset": 34}}, {"PointerToRawData": {"FileOffset": 532, "Value": 28160, "Offset": 20}, "SHA1": "26595b22f83a0155e2ef5d4bd40dd8d0d2f19926", "SHA256": "db33f34134c9b50c7c69a1b817a8f859adae47d05f6a3a022176f5e34c59d6dc", "Name": {"FileOffset": 512, "Value": ".rdata", "Offset": 0}, "NumberOfRelocations": {"FileOffset": 544, "Value": 0, "Offset": 32}, "Misc_VirtualSize": {"FileOffset": 520, "Value": 2736, "Offset": 8}, "Characteristics": {"FileOffset": 548, "Value": 1073741888, "Offset": 36}, "Misc": {"FileOffset": 520, "Value": 2736, "Offset": 8}, "PointerToLinenumbers": {"FileOffset": 540, "Value": 0, "Offset": 28}, "SizeOfRawData": {"FileOffset": 528, "Value": 3072, "Offset": 16}, "Misc_PhysicalAddress": {"FileOffset": 520, "Value": 2736, "Offset": 8}, "PointerToRelocations": {"FileOffset": 536, "Value": 0, "Offset": 24}, "Flags": ["IMAGE_SCN_CNT_INITIALIZED_DATA", "IMAGE_SCN_MEM_READ"], "SHA512": "e95b6aca4e2a7aa0740271f36a4cc5b963ec78171034836607f18ba1d10b6c81bd3fdf8974d020fd0137bbee2880c9de66e08636a2be83b1fa681a0f133b8cc9", "MD5": "7215c37c4097c125847115e68d5c05c2", "Entropy": 4.992063386080157, "VirtualAddress": {"FileOffset": 524, "Value": 32768, "Offset": 12}, "Structure": "IMAGE_SECTION_HEADER", "NumberOfLinenumbers": {"FileOffset": 546, "Value": 0, "Offset": 34}}, {"PointerToRawData": {"FileOffset": 572, "Value": 31232, "Offset": 20}, "SHA1": "ca2954fee9fc7f0751e2443b336b5a080caffcad", "SHA256": "eb3922246c13be30577ecb30f0b8af632312d3128b734601f34bbcf06730f076", "Name": {"FileOffset": 552, "Value": ".data", "Offset": 0}, "NumberOfRelocations": {"FileOffset": 584, "Value": 0, "Offset": 32}, "Misc_VirtualSize": {"FileOffset": 560, "Value": 15452, "Offset": 8}, "Characteristics": {"FileOffset": 588, "Value": 3221225536, "Offset": 36}, "Misc": {"FileOffset": 560, "Value": 15452, "Offset": 8}, "PointerToLinenumbers": {"FileOffset": 580, "Value": 0, "Offset": 28}, "SizeOfRawData": {"FileOffset": 568, "Value": 3072, "Offset": 16}, "Misc_PhysicalAddress": {"FileOffset": 560, "Value": 15452, "Offset": 8}, "PointerToRelocations": {"FileOffset": 576, "Value": 0, "Offset": 24}, "Flags": ["IMAGE_SCN_CNT_INITIALIZED_DATA", "IMAGE_SCN_MEM_WRITE", "IMAGE_SCN_MEM_READ"], "SHA512": "4206854aab094b9a6101c80c176b6eb5a66474860c701ad5db124ea03ed14ed65cca28a8fca69f9b1237b116d8b6f99b4c8f1727f14905391006d591ec9f154f", "MD5": "c29057ab51b5a2c01e5e877db3369de4", "Entropy": 2.3032026590199832, "VirtualAddress": {"FileOffset": 564, "Value": 36864, "Offset": 12}, "Structure": "IMAGE_SECTION_HEADER", "NumberOfLinenumbers": {"FileOffset": 586, "Value": 0, "Offset": 34}}]}
