{"DllCharacteristics": ["IMAGE_DLLCHARACTERISTICS_TERMINAL_SERVER_AWARE", "IMAGE_DLLCHARACTERISTICS_DYNAMIC_BASE", "IMAGE_DLLCHARACTERISTICS_NX_COMPAT"], "FILE_HEADER": {"NumberOfSections": {"FileOffset": 238, "Value": 5, "Offset": 2}, "TimeDateStamp": {"FileOffset": 240, "Value": "0x4F8D2A09 [Tue Apr 17 08:30:01 2012 UTC]", "Offset": 4}, "PointerToSymbolTable": {"FileOffset": 244, "Value": 0, "Offset": 8}, "NumberOfSymbols": {"FileOffset": 248, "Value": 0, "Offset": 12}, "Machine": {"FileOffset": 236, "Value": 332, "Offset": 0}, "Characteristics": {"FileOffset": 254, "Value": 258, "Offset": 18}, "SizeOfOptionalHeader": {"FileOffset": 252, "Value": 224, "Offset": 16}, "Structure": "IMAGE_FILE_HEADER"}, "Directories": [{"VirtualAddress": {"FileOffset": 352, "Value": 0, "Offset": 0}, "Structure": "IMAGE_DIRECTORY_ENTRY_EXPORT", "Size": {"FileOffset": 356, "Value": 0, "Offset": 4}}, {"VirtualAddress": {"FileOffset": 360, "Value": 80924, "Offset": 0}, "Structure": "IMAGE_DIRECTORY_ENTRY_IMPORT", "Size": {"FileOffset": 364, "Value": 100, "Offset": 4}}, {"VirtualAddress": {"FileOffset": 368, "Value": 102400, "Offset": 0}, "Structure": "IMAGE_DIRECTORY_ENTRY_RESOURCE", "Size": {"FileOffset": 372, "Value": 1356, "Offset": 4}}, {"VirtualAddress": {"FileOffset": 376, "Value": 0, "Offset": 0}, "Structure": "IMAGE_DIRECTORY_ENTRY_EXCEPTION", "Size": {"FileOffset": 380, "Value": 0, "Offset": 4}}, {"VirtualAddress": {"FileOffset": 384, "Value": 0, "Offset": 0}, "Structure": "IMAGE_DIRECTORY_ENTRY_SECURITY", "Size": {"FileOffset": 388, "Value": 0, "Offset": 4}}, {"VirtualAddress": {"FileOffset": 392, "Value": 106496, "Offset": 0}, "Structure": "IMAGE_DIRECTORY_ENTRY_BASERELOC", "Size": {"FileOffset": 396, "Value": 3256, "Offset": 4}}, {"VirtualAddress": {"FileOffset": 400, "Value": 0, "Offset": 0}, "Structure": "IMAGE_DIRECTORY_ENTRY_DEBUG", "Size": {"FileOffset": 404, "Value": 0, "Offset": 4}}, {"VirtualAddress": {"FileOffset": 408, "Value": 0, "Offset": 0}, "Structure": "IMAGE_DIRECTORY_ENTRY_COPYRIGHT", "Size": {"FileOffset": 412, "Value": 0, "Offset": 4}}, {"VirtualAddress": {"FileOffset": 416, "Value": 0, "Offset": 0}, "Structure": "IMAGE_DIRECTORY_ENTRY_GLOBALPTR", "Size": {"FileOffset": 420, "Value": 0, "Offset": 4}}, {"VirtualAddress": {"FileOffset": 424, "Value": 0, "Offset": 0}, "Structure": "IMAGE_DIRECTORY_ENTRY_TLS", "Size": {"FileOffset": 428, "Value": 0, "Offset": 4}}, {"VirtualAddress": {"FileOffset": 432, "Value": 78848, "Offset": 0}, "Structure": "IMAGE_DIRECTORY_ENTRY_LOAD_CONFIG", "Size": {"FileOffset": 436, "Value": 64, "Offset": 4}}, {"VirtualAddress": {"FileOffset": 440, "Value": 0, "Offset": 0}, "Structure": "IMAGE_DIRECTORY_ENTRY_BOUND_IMPORT", "Size": {"FileOffset": 444, "Value": 0, "Offset": 4}}, {"VirtualAddress": {"FileOffset": 448, "Value": 69632, "Offset": 0}, "Structure": "IMAGE_DIRECTORY_ENTRY_IAT", "Size": {"FileOffset": 452, "Value": 420, "Offset": 4}}, {"VirtualAddress": {"FileOffset": 456, "Value": 0, "Offset": 0}, "Structure": "IMAGE_DIRECTORY_ENTRY_DELAY_IMPORT", "Size": {"FileOffset": 460, "Value": 0, "Offset": 4}}, {"VirtualAddress": {"FileOffset": 464, "Value": 0, "Offset": 0}, "Structure": "IMAGE_DIRECTORY_ENTRY_COM_DESCRIPTOR", "Size": {"FileOffset": 468, "Value": 0, "Offset": 4}}, {"VirtualAddress": {"FileOffset": 472, "Value": 0, "Offset": 0}, "Structure": "IMAGE_DIRECTORY_ENTRY_RESERVED", "Size": {"FileOffset": 476, "Value": 0, "Offset": 4}}], "OPTIONAL_HEADER": {"DllCharacteristics": {"FileOffset": 326, "Value": 33088, "Offset": 70}, "BaseOfCode": {"FileOffset": 276, "Value": 4096, "Offset": 20}, "MajorLinkerVersion": {"FileOffset": 258, "Value": 10, "Offset": 2}, "MinorOperatingSystemVersion": {"FileOffset": 298, "Value": 1, "Offset": 42}, "MinorLinkerVersion": {"FileOffset": 259, "Value": 0, "Offset": 3}, "MajorSubsystemVersion": {"FileOffset": 304, "Value": 5, "Offset": 48}, "MajorOperatingSystemVersion": {"FileOffset": 296, "Value": 5, "Offset": 40}, "SizeOfStackCommit": {"FileOffset": 332, "Value": 4096, "Offset": 76}, "SizeOfUninitializedData": {"FileOffset": 268, "Value": 0, "Offset": 12}, "NumberOfRvaAndSizes": {"FileOffset": 348, "Value": 16, "Offset": 92}, "SizeOfHeapReserve": {"FileOffset": 336, "Value": 1048576, "Offset": 80}, "LoaderFlags": {"FileOffset": 344, "Value": 0, "Offset": 88}, "SizeOfHeapCommit": {"FileOffset": 340, "Value": 4096, "Offset": 84}, "SizeOfStackReserve": {"FileOffset": 328, "Value": 1048576, "Offset": 72}, "Structure": "IMAGE_OPTIONAL_HEADER", "SizeOfHeaders": {"FileOffset": 316, "Value": 1024, "Offset": 60}, "Subsystem": {"FileOffset": 324, "Value": 2, "Offset": 68}, "Magic": {"FileOffset": 256, "Value": 267, "Offset": 0}, "MinorImageVersion": {"FileOffset": 302, "Value": 0, "Offset": 46}, "MajorImageVersion": {"FileOffset": 300, "Value": 0, "Offset": 44}, "FileAlignment": {"FileOffset": 292, "Value": 512, "Offset": 36}, "BaseOfData": {"FileOffset": 280, "Value": 69632, "Offset": 24}, "AddressOfEntryPoint": {"FileOffset": 272, "Value": 22773, "Offset": 16}, "SectionAlignment": {"FileOffset": 288, "Value": 4096, "Offset": 32}, "SizeOfCode": {"FileOffset": 260, "Value": 64000, "Offset": 4}, "ImageBase": {"FileOffset": 284, "Value": 4194304, "Offset": 28}, "SizeOfInitializedData": {"FileOffset": 264, "Value": 29184, "Offset": 8}, "SizeOfImage": {"FileOffset": 312, "Value": 114688, "Offset": 56}, "MinorSubsystemVersion": {"FileOffset": 306, "Value": 1, "Offset": 50}, "CheckSum": {"FileOffset": 320, "Value": 150494, "Offset": 64}, "Reserved1": {"FileOffset": 308, "Value": 0, "Offset": 52}}, "DOS_HEADER": {"e_cblp": {"FileOffset": 2, "Value": 144, "Offset": 2}, "e_crlc": {"FileOffset": 6, "Value": 0, "Offset": 6}, "e_ovno": {"FileOffset": 26, "Value": 0, "Offset": 26}, "e_minalloc": {"FileOffset": 10, "Value": 0, "Offset": 10}, "e_csum": {"FileOffset": 18, "Value": 0, "Offset": 18}, "e_cparhdr": {"FileOffset": 8, "Value": 4, "Offset": 8}, "e_cp": {"FileOffset": 4, "Value": 3, "Offset": 4}, "e_cs": {"FileOffset": 22, "Value": 0, "Offset": 22}, "e_maxalloc": {"FileOffset": 12, "Value": 65535, "Offset": 12}, "e_lfarlc": {"FileOffset": 24, "Value": 64, "Offset": 24}, "e_oemid": {"FileOffset": 36, "Value": 0, "Offset": 36}, "e_lfanew": {"FileOffset": 60, "Value": 232, "Offset": 60}, "e_ss": {"FileOffset": 14, "Value": 0, "Offset": 14}, "e_magic": {"FileOffset": 0, "Value": 23117, "Offset": 0}, "e_oeminfo": {"FileOffset": 38, "Value": 0, "Offset": 38}, "e_res2": {"FileOffset": 40, "Value": "", "Offset": 40}, "e_res": {"FileOffset": 28, "Value": "", "Offset": 28}, "e_sp": {"FileOffset": 16, "Value": 184, "Offset": 16}, "Structure": "IMAGE_DOS_HEADER", "e_ip": {"FileOffset": 20, "Value": 0, "Offset": 20}}, "Base relocations": [[{"SizeOfBlock": {"FileOffset": 88068, "Value": 180, "Offset": 4}, "VirtualAddress": {"FileOffset": 88064, "Value": 4096, "Offset": 0}, "Structure": "IMAGE_BASE_RELOCATION"}, {"RVA": 4330, "Type": "HIGHLOW"}, {"RVA": 4358, "Type": "HIGHLOW"}, {"RVA": 4508, "Type": "HIGHLOW"}, {"RVA": 4547, "Type": "HIGHLOW"}, {"RVA": 4627, "Type": "HIGHLOW"}, {"RVA": 4727, "Type": "HIGHLOW"}, {"RVA": 4755, "Type": "HIGHLOW"}, {"RVA": 4766, "Type": "HIGHLOW"}, {"RVA": 4781, "Type": "HIGHLOW"}, {"RVA": 4796, "Type": "HIGHLOW"}, {"RVA": 4855, "Type": "HIGHLOW"}, {"RVA": 4883, "Type": "HIGHLOW"}, {"RVA": 4894, "Type": "HIGHLOW"}, {"RVA": 4909, "Type": "HIGHLOW"}, {"RVA": 4924, "Type": "HIGHLOW"}, {"RVA": 4983, "Type": "HIGHLOW"}, {"RVA": 5011, "Type": "HIGHLOW"}, {"RVA": 5022, "Type": "HIGHLOW"}, {"RVA": 5037, "Type": "HIGHLOW"}, {"RVA": 5052, "Type": "HIGHLOW"}, {"RVA": 5067, "Type": "HIGHLOW"}, {"RVA": 5082, "Type": "HIGHLOW"}, {"RVA": 5143, "Type": "HIGHLOW"}, {"RVA": 5171, "Type": "HIGHLOW"}, {"RVA": 5182, "Type": "HIGHLOW"}, {"RVA": 5197, "Type": "HIGHLOW"}, {"RVA": 5212, "Type": "HIGHLOW"}, {"RVA": 5501, "Type": "HIGHLOW"}, {"RVA": 5611, "Type": "HIGHLOW"}, {"RVA": 5721, "Type": "HIGHLOW"}, {"RVA": 5842, "Type": "HIGHLOW"}, {"RVA": 5978, "Type": "HIGHLOW"}, {"RVA": 6362, "Type": "HIGHLOW"}, {"RVA": 6523, "Type": "HIGHLOW"}, {"RVA": 6529, "Type": "HIGHLOW"}, {"RVA": 6637, "Type": "HIGHLOW"}, {"RVA": 6691, "Type": "HIGHLOW"}, {"RVA": 6722, "Type": "HIGHLOW"}, {"RVA": 6775, "Type": "HIGHLOW"}, {"RVA": 6781, "Type": "HIGHLOW"}, {"RVA": 6960, "Type": "HIGHLOW"}, {"RVA": 6989, "Type": "HIGHLOW"}, {"RVA": 7022, "Type": "HIGHLOW"}, {"RVA": 7041, "Type": "HIGHLOW"}, {"RVA": 7077, "Type": "HIGHLOW"}, {"RVA": 7112, "Type": "HIGHLOW"}, {"RVA": 7130, "Type": "HIGHLOW"}, {"RVA": 7163, "Type": "HIGHLOW"}, {"RVA": 7186, "Type": "HIGHLOW"}, {"RVA": 7285, "Type": "HIGHLOW"}, {"RVA": 7418, "Type": "HIGHLOW"}, {"RVA": 7431, "Type": "HIGHLOW"}, {"RVA": 7460, "Type": "HIGHLOW"}, {"RVA": 7486, "Type": "HIGHLOW"}, {"RVA": 7499, "Type": "HIGHLOW"}, {"RVA": 7526, "Type": "HIGHLOW"}, {"RVA": 7536, "Type": "HIGHLOW"}, {"RVA": 7579, "Type": "HIGHLOW"}, {"RVA": 7592, "Type": "HIGHLOW"}, {"RVA": 7621, "Type": "HIGHLOW"}, {"RVA": 7647, "Type": "HIGHLOW"}, {"RVA": 7657, "Type": "HIGHLOW"}, {"RVA": 7690, "Type": "HIGHLOW"}, {"RVA": 7703, "Type": "HIGHLOW"}, {"RVA": 7729, "Type": "HIGHLOW"}, {"RVA": 7901, "Type": "HIGHLOW"}, {"RVA": 7918, "Type": "HIGHLOW"}, {"RVA": 7924, "Type": "HIGHLOW"}, {"RVA": 7929, "Type": "HIGHLOW"}, {"RVA": 7936, "Type": "HIGHLOW"}, {"RVA": 7946, "Type": "HIGHLOW"}, {"RVA": 7951, "Type": "HIGHLOW"}, {"RVA": 7956, "Type": "HIGHLOW"}, {"RVA": 7968, "Type": "HIGHLOW"}, {"RVA": 7973, "Type": "HIGHLOW"}, {"RVA": 7986, "Type": "HIGHLOW"}, {"RVA": 8013, "Type": "HIGHLOW"}, {"RVA": 8030, "Type": "HIGHLOW"}, {"RVA": 8035, "Type": "HIGHLOW"}, {"RVA": 8060, "Type": "HIGHLOW"}, {"RVA": 8082, "Type": "HIGHLOW"}, {"RVA": 8088, "Type": "HIGHLOW"}, {"RVA": 8096, "Type": "HIGHLOW"}, {"RVA": 8176, "Type": "HIGHLOW"}, {"RVA": 8186, "Type": "HIGHLOW"}, {"RVA": 4096, "Type": "ABSOLUTE"}], [{"SizeOfBlock": {"FileOffset": 88248, "Value": 240, "Offset": 4}, "VirtualAddress": {"FileOffset": 88244, "Value": 8192, "Offset": 0}, "Structure": "IMAGE_BASE_RELOCATION"}, {"RVA": 8194, "Type": "HIGHLOW"}, {"RVA": 8226, "Type": "HIGHLOW"}, {"RVA": 8245, "Type": "HIGHLOW"}, {"RVA": 8253, "Type": "HIGHLOW"}, {"RVA": 8300, "Type": "HIGHLOW"}, {"RVA": 8307, "Type": "HIGHLOW"}, {"RVA": 8319, "Type": "HIGHLOW"}, {"RVA": 8403, "Type": "HIGHLOW"}, {"RVA": 8465, "Type": "HIGHLOW"}, {"RVA": 8483, "Type": "HIGHLOW"}, {"RVA": 8488, "Type": "HIGHLOW"}, {"RVA": 8520, "Type": "HIGHLOW"}, {"RVA": 8577, "Type": "HIGHLOW"}, {"RVA": 8663, "Type": "HIGHLOW"}, {"RVA": 8681, "Type": "HIGHLOW"}, {"RVA": 8740, "Type": "HIGHLOW"}, {"RVA": 8927, "Type": "HIGHLOW"}, {"RVA": 8938, "Type": "HIGHLOW"}, {"RVA": 8996, "Type": "HIGHLOW"}, {"RVA": 9006, "Type": "HIGHLOW"}, {"RVA": 9060, "Type": "HIGHLOW"}, {"RVA": 9114, "Type": "HIGHLOW"}, {"RVA": 9125, "Type": "HIGHLOW"}, {"RVA": 9226, "Type": "HIGHLOW"}, {"RVA": 9238, "Type": "HIGHLOW"}, {"RVA": 9254, "Type": "HIGHLOW"}, {"RVA": 9286, "Type": "HIGHLOW"}, {"RVA": 9298, "Type": "HIGHLOW"}, {"RVA": 9310, "Type": "HIGHLOW"}, {"RVA": 9324, "Type": "HIGHLOW"}, {"RVA": 9348, "Type": "HIGHLOW"}, {"RVA": 9364, "Type": "HIGHLOW"}, {"RVA": 9370, "Type": "HIGHLOW"}, {"RVA": 9386, "Type": "HIGHLOW"}, {"RVA": 9470, "Type": "HIGHLOW"}, {"RVA": 9561, "Type": "HIGHLOW"}, {"RVA": 9584, "Type": "HIGHLOW"}, {"RVA": 9601, "Type": "HIGHLOW"}, {"RVA": 9673, "Type": "HIGHLOW"}, {"RVA": 9724, "Type": "HIGHLOW"}, {"RVA": 9756, "Type": "HIGHLOW"}, {"RVA": 9769, "Type": "HIGHLOW"}, {"RVA": 9786, "Type": "HIGHLOW"}, {"RVA": 9814, "Type": "HIGHLOW"}, {"RVA": 9821, "Type": "HIGHLOW"}, {"RVA": 9838, "Type": "HIGHLOW"}, {"RVA": 9857, "Type": "HIGHLOW"}, {"RVA": 9862, "Type": "HIGHLOW"}, {"RVA": 9869, "Type": "HIGHLOW"}, {"RVA": 9884, "Type": "HIGHLOW"}, {"RVA": 9899, "Type": "HIGHLOW"}, {"RVA": 9914, "Type": "HIGHLOW"}, {"RVA": 9955, "Type": "HIGHLOW"}, {"RVA": 9976, "Type": "HIGHLOW"}, {"RVA": 9996, "Type": "HIGHLOW"}, {"RVA": 10002, "Type": "HIGHLOW"}, {"RVA": 10019, "Type": "HIGHLOW"}, {"RVA": 10044, "Type": "HIGHLOW"}, {"RVA": 10061, "Type": "HIGHLOW"}, {"RVA": 10086, "Type": "HIGHLOW"}, {"RVA": 10137, "Type": "HIGHLOW"}, {"RVA": 10199, "Type": "HIGHLOW"}, {"RVA": 10305, "Type": "HIGHLOW"}, {"RVA": 10311, "Type": "HIGHLOW"}, {"RVA": 10324, "Type": "HIGHLOW"}, {"RVA": 10418, "Type": "HIGHLOW"}, {"RVA": 10425, "Type": "HIGHLOW"}, {"RVA": 10493, "Type": "HIGHLOW"}, {"RVA": 10559, "Type": "HIGHLOW"}, {"RVA": 10593, "Type": "HIGHLOW"}, {"RVA": 10655, "Type": "HIGHLOW"}, {"RVA": 10736, "Type": "HIGHLOW"}, {"RVA": 10750, "Type": "HIGHLOW"}, {"RVA": 10856, "Type": "HIGHLOW"}, {"RVA": 10887, "Type": "HIGHLOW"}, {"RVA": 10909, "Type": "HIGHLOW"}, {"RVA": 10966, "Type": "HIGHLOW"}, {"RVA": 10977, "Type": "HIGHLOW"}, {"RVA": 10983, "Type": "HIGHLOW"}, {"RVA": 11004, "Type": "HIGHLOW"}, {"RVA": 11057, "Type": "HIGHLOW"}, {"RVA": 11063, "Type": "HIGHLOW"}, {"RVA": 11072, "Type": "HIGHLOW"}, {"RVA": 11097, "Type": "HIGHLOW"}, {"RVA": 11150, "Type": "HIGHLOW"}, {"RVA": 11226, "Type": "HIGHLOW"}, {"RVA": 11236, "Type": "HIGHLOW"}, {"RVA": 11264, "Type": "HIGHLOW"}, {"RVA": 11315, "Type": "HIGHLOW"}, {"RVA": 11320, "Type": "HIGHLOW"}, {"RVA": 11430, "Type": "HIGHLOW"}, {"RVA": 11465, "Type": "HIGHLOW"}, {"RVA": 11493, "Type": "HIGHLOW"}, {"RVA": 11602, "Type": "HIGHLOW"}, {"RVA": 11680, "Type": "HIGHLOW"}, {"RVA": 11767, "Type": "HIGHLOW"}, {"RVA": 11772, "Type": "HIGHLOW"}, {"RVA": 11788, "Type": "HIGHLOW"}, {"RVA": 11794, "Type": "HIGHLOW"}, {"RVA": 11854, "Type": "HIGHLOW"}, {"RVA": 11861, "Type": "HIGHLOW"}, {"RVA": 11884, "Type": "HIGHLOW"}, {"RVA": 11930, "Type": "HIGHLOW"}, {"RVA": 11955, "Type": "HIGHLOW"}, {"RVA": 11968, "Type": "HIGHLOW"}, {"RVA": 11995, "Type": "HIGHLOW"}, {"RVA": 12087, "Type": "HIGHLOW"}, {"RVA": 12105, "Type": "HIGHLOW"}, {"RVA": 12127, "Type": "HIGHLOW"}, {"RVA": 12166, "Type": "HIGHLOW"}, {"RVA": 12188, "Type": "HIGHLOW"}, {"RVA": 12220, "Type": "HIGHLOW"}, {"RVA": 12232, "Type": "HIGHLOW"}, {"RVA": 12258, "Type": "HIGHLOW"}, {"RVA": 12265, "Type": "HIGHLOW"}, {"RVA": 12284, "Type": "HIGHLOW"}], [{"SizeOfBlock": {"FileOffset": 88488, "Value": 148, "Offset": 4}, "VirtualAddress": {"FileOffset": 88484, "Value": 12288, "Offset": 0}, "Structure": "IMAGE_BASE_RELOCATION"}, {"RVA": 12305, "Type": "HIGHLOW"}, {"RVA": 12310, "Type": "HIGHLOW"}, {"RVA": 12317, "Type": "HIGHLOW"}, {"RVA": 12334, "Type": "HIGHLOW"}, {"RVA": 12351, "Type": "HIGHLOW"}, {"RVA": 12362, "Type": "HIGHLOW"}, {"RVA": 12407, "Type": "HIGHLOW"}, {"RVA": 12428, "Type": "HIGHLOW"}, {"RVA": 12448, "Type": "HIGHLOW"}, {"RVA": 12454, "Type": "HIGHLOW"}, {"RVA": 12471, "Type": "HIGHLOW"}, {"RVA": 12496, "Type": "HIGHLOW"}, {"RVA": 12513, "Type": "HIGHLOW"}, {"RVA": 12538, "Type": "HIGHLOW"}, {"RVA": 12591, "Type": "HIGHLOW"}, {"RVA": 12660, "Type": "HIGHLOW"}, {"RVA": 12779, "Type": "HIGHLOW"}, {"RVA": 12785, "Type": "HIGHLOW"}, {"RVA": 12798, "Type": "HIGHLOW"}, {"RVA": 12880, "Type": "HIGHLOW"}, {"RVA": 12887, "Type": "HIGHLOW"}, {"RVA": 12970, "Type": "HIGHLOW"}, {"RVA": 12991, "Type": "HIGHLOW"}, {"RVA": 13003, "Type": "HIGHLOW"}, {"RVA": 13048, "Type": "HIGHLOW"}, {"RVA": 13055, "Type": "HIGHLOW"}, {"RVA": 13105, "Type": "HIGHLOW"}, {"RVA": 13226, "Type": "HIGHLOW"}, {"RVA": 13232, "Type": "HIGHLOW"}, {"RVA": 13254, "Type": "HIGHLOW"}, {"RVA": 13321, "Type": "HIGHLOW"}, {"RVA": 13386, "Type": "HIGHLOW"}, {"RVA": 13402, "Type": "HIGHLOW"}, {"RVA": 13459, "Type": "HIGHLOW"}, {"RVA": 13494, "Type": "HIGHLOW"}, {"RVA": 13530, "Type": "HIGHLOW"}, {"RVA": 13544, "Type": "HIGHLOW"}, {"RVA": 13930, "Type": "HIGHLOW"}, {"RVA": 13953, "Type": "HIGHLOW"}, {"RVA": 13967, "Type": "HIGHLOW"}, {"RVA": 13992, "Type": "HIGHLOW"}, {"RVA": 14009, "Type": "HIGHLOW"}, {"RVA": 14046, "Type": "HIGHLOW"}, {"RVA": 14157, "Type": "HIGHLOW"}, {"RVA": 14224, "Type": "HIGHLOW"}, {"RVA": 14295, "Type": "HIGHLOW"}, {"RVA": 14317, "Type": "HIGHLOW"}, {"RVA": 14348, "Type": "HIGHLOW"}, {"RVA": 14402, "Type": "HIGHLOW"}, {"RVA": 14417, "Type": "HIGHLOW"}, {"RVA": 14458, "Type": "HIGHLOW"}, {"RVA": 14635, "Type": "HIGHLOW"}, {"RVA": 14861, "Type": "HIGHLOW"}, {"RVA": 14917, "Type": "HIGHLOW"}, {"RVA": 14962, "Type": "HIGHLOW"}, {"RVA": 14993, "Type": "HIGHLOW"}, {"RVA": 15018, "Type": "HIGHLOW"}, {"RVA": 15024, "Type": "HIGHLOW"}, {"RVA": 15032, "Type": "HIGHLOW"}, {"RVA": 15041, "Type": "HIGHLOW"}, {"RVA": 15123, "Type": "HIGHLOW"}, {"RVA": 15133, "Type": "HIGHLOW"}, {"RVA": 15146, "Type": "HIGHLOW"}, {"RVA": 15188, "Type": "HIGHLOW"}, {"RVA": 15207, "Type": "HIGHLOW"}, {"RVA": 15246, "Type": "HIGHLOW"}, {"RVA": 15405, "Type": "HIGHLOW"}, {"RVA": 15432, "Type": "HIGHLOW"}, {"RVA": 15454, "Type": "HIGHLOW"}, {"RVA": 15592, "Type": "HIGHLOW"}], [{"SizeOfBlock": {"FileOffset": 88636, "Value": 128, "Offset": 4}, "VirtualAddress": {"FileOffset": 88632, "Value": 16384, "Offset": 0}, "Structure": "IMAGE_BASE_RELOCATION"}, {"RVA": 16538, "Type": "HIGHLOW"}, {"RVA": 16567, "Type": "HIGHLOW"}, {"RVA": 16596, "Type": "HIGHLOW"}, {"RVA": 16621, "Type": "HIGHLOW"}, {"RVA": 16627, "Type": "HIGHLOW"}, {"RVA": 16640, "Type": "HIGHLOW"}, {"RVA": 16653, "Type": "HIGHLOW"}, {"RVA": 16659, "Type": "HIGHLOW"}, {"RVA": 16680, "Type": "HIGHLOW"}, {"RVA": 16725, "Type": "HIGHLOW"}, {"RVA": 16750, "Type": "HIGHLOW"}, {"RVA": 16780, "Type": "HIGHLOW"}, {"RVA": 16789, "Type": "HIGHLOW"}, {"RVA": 16800, "Type": "HIGHLOW"}, {"RVA": 16813, "Type": "HIGHLOW"}, {"RVA": 16843, "Type": "HIGHLOW"}, {"RVA": 16862, "Type": "HIGHLOW"}, {"RVA": 16902, "Type": "HIGHLOW"}, {"RVA": 16939, "Type": "HIGHLOW"}, {"RVA": 16959, "Type": "HIGHLOW"}, {"RVA": 17027, "Type": "HIGHLOW"}, {"RVA": 17046, "Type": "HIGHLOW"}, {"RVA": 17053, "Type": "HIGHLOW"}, {"RVA": 17059, "Type": "HIGHLOW"}, {"RVA": 17074, "Type": "HIGHLOW"}, {"RVA": 17091, "Type": "HIGHLOW"}, {"RVA": 17135, "Type": "HIGHLOW"}, {"RVA": 17515, "Type": "HIGHLOW"}, {"RVA": 17534, "Type": "HIGHLOW"}, {"RVA": 17581, "Type": "HIGHLOW"}, {"RVA": 17632, "Type": "HIGHLOW"}, {"RVA": 17638, "Type": "HIGHLOW"}, {"RVA": 17643, "Type": "HIGHLOW"}, {"RVA": 17651, "Type": "HIGHLOW"}, {"RVA": 17667, "Type": "HIGHLOW"}, {"RVA": 17677, "Type": "HIGHLOW"}, {"RVA": 17683, "Type": "HIGHLOW"}, {"RVA": 17703, "Type": "HIGHLOW"}, {"RVA": 17738, "Type": "HIGHLOW"}, {"RVA": 17744, "Type": "HIGHLOW"}, {"RVA": 17762, "Type": "HIGHLOW"}, {"RVA": 17796, "Type": "HIGHLOW"}, {"RVA": 17843, "Type": "HIGHLOW"}, {"RVA": 17849, "Type": "HIGHLOW"}, {"RVA": 17864, "Type": "HIGHLOW"}, {"RVA": 18415, "Type": "HIGHLOW"}, {"RVA": 18423, "Type": "HIGHLOW"}, {"RVA": 18444, "Type": "HIGHLOW"}, {"RVA": 18455, "Type": "HIGHLOW"}, {"RVA": 18743, "Type": "HIGHLOW"}, {"RVA": 18946, "Type": "HIGHLOW"}, {"RVA": 19332, "Type": "HIGHLOW"}, {"RVA": 19367, "Type": "HIGHLOW"}, {"RVA": 19378, "Type": "HIGHLOW"}, {"RVA": 19413, "Type": "HIGHLOW"}, {"RVA": 19492, "Type": "HIGHLOW"}, {"RVA": 19550, "Type": "HIGHLOW"}, {"RVA": 19814, "Type": "HIGHLOW"}, {"RVA": 19937, "Type": "HIGHLOW"}, {"RVA": 20469, "Type": "HIGHLOW"}], [{"SizeOfBlock": {"FileOffset": 88764, "Value": 232, "Offset": 4}, "VirtualAddress": {"FileOffset": 88760, "Value": 20480, "Offset": 0}, "Structure": "IMAGE_BASE_RELOCATION"}, {"RVA": 21034, "Type": "HIGHLOW"}, {"RVA": 21344, "Type": "HIGHLOW"}, {"RVA": 21460, "Type": "HIGHLOW"}, {"RVA": 21620, "Type": "HIGHLOW"}, {"RVA": 21859, "Type": "HIGHLOW"}, {"RVA": 22092, "Type": "HIGHLOW"}, {"RVA": 22218, "Type": "HIGHLOW"}, {"RVA": 22291, "Type": "HIGHLOW"}, {"RVA": 22374, "Type": "HIGHLOW"}, {"RVA": 22411, "Type": "HIGHLOW"}, {"RVA": 22426, "Type": "HIGHLOW"}, {"RVA": 22434, "Type": "HIGHLOW"}, {"RVA": 22447, "Type": "HIGHLOW"}, {"RVA": 22459, "Type": "HIGHLOW"}, {"RVA": 22471, "Type": "HIGHLOW"}, {"RVA": 22477, "Type": "HIGHLOW"}, {"RVA": 22495, "Type": "HIGHLOW"}, {"RVA": 22503, "Type": "HIGHLOW"}, {"RVA": 22514, "Type": "HIGHLOW"}, {"RVA": 22585, "Type": "HIGHLOW"}, {"RVA": 22590, "Type": "HIGHLOW"}, {"RVA": 22600, "Type": "HIGHLOW"}, {"RVA": 22681, "Type": "HIGHLOW"}, {"RVA": 22795, "Type": "HIGHLOW"}, {"RVA": 22801, "Type": "HIGHLOW"}, {"RVA": 22807, "Type": "HIGHLOW"}, {"RVA": 22813, "Type": "HIGHLOW"}, {"RVA": 22819, "Type": "HIGHLOW"}, {"RVA": 22825, "Type": "HIGHLOW"}, {"RVA": 22832, "Type": "HIGHLOW"}, {"RVA": 22839, "Type": "HIGHLOW"}, {"RVA": 22846, "Type": "HIGHLOW"}, {"RVA": 22853, "Type": "HIGHLOW"}, {"RVA": 22860, "Type": "HIGHLOW"}, {"RVA": 22867, "Type": "HIGHLOW"}, {"RVA": 22874, "Type": "HIGHLOW"}, {"RVA": 22882, "Type": "HIGHLOW"}, {"RVA": 22890, "Type": "HIGHLOW"}, {"RVA": 22898, "Type": "HIGHLOW"}, {"RVA": 22910, "Type": "HIGHLOW"}, {"RVA": 22919, "Type": "HIGHLOW"}, {"RVA": 22924, "Type": "HIGHLOW"}, {"RVA": 22930, "Type": "HIGHLOW"}, {"RVA": 22940, "Type": "HIGHLOW"}, {"RVA": 22949, "Type": "HIGHLOW"}, {"RVA": 22960, "Type": "HIGHLOW"}, {"RVA": 22972, "Type": "HIGHLOW"}, {"RVA": 22977, "Type": "HIGHLOW"}, {"RVA": 22993, "Type": "HIGHLOW"}, {"RVA": 22998, "Type": "HIGHLOW"}, {"RVA": 23004, "Type": "HIGHLOW"}, {"RVA": 23010, "Type": "HIGHLOW"}, {"RVA": 23032, "Type": "HIGHLOW"}, {"RVA": 23039, "Type": "HIGHLOW"}, {"RVA": 23057, "Type": "HIGHLOW"}, {"RVA": 23082, "Type": "HIGHLOW"}, {"RVA": 23198, "Type": "HIGHLOW"}, {"RVA": 23275, "Type": "HIGHLOW"}, {"RVA": 23294, "Type": "HIGHLOW"}, {"RVA": 23340, "Type": "HIGHLOW"}, {"RVA": 23370, "Type": "HIGHLOW"}, {"RVA": 23377, "Type": "HIGHLOW"}, {"RVA": 23385, "Type": "HIGHLOW"}, {"RVA": 23497, "Type": "HIGHLOW"}, {"RVA": 23502, "Type": "HIGHLOW"}, {"RVA": 23511, "Type": "HIGHLOW"}, {"RVA": 23526, "Type": "HIGHLOW"}, {"RVA": 23561, "Type": "HIGHLOW"}, {"RVA": 23566, "Type": "HIGHLOW"}, {"RVA": 23571, "Type": "HIGHLOW"}, {"RVA": 23594, "Type": "HIGHLOW"}, {"RVA": 23683, "Type": "HIGHLOW"}, {"RVA": 23696, "Type": "HIGHLOW"}, {"RVA": 23702, "Type": "HIGHLOW"}, {"RVA": 23746, "Type": "HIGHLOW"}, {"RVA": 23797, "Type": "HIGHLOW"}, {"RVA": 23818, "Type": "HIGHLOW"}, {"RVA": 23846, "Type": "HIGHLOW"}, {"RVA": 23881, "Type": "HIGHLOW"}, {"RVA": 23900, "Type": "HIGHLOW"}, {"RVA": 23955, "Type": "HIGHLOW"}, {"RVA": 23967, "Type": "HIGHLOW"}, {"RVA": 23980, "Type": "HIGHLOW"}, {"RVA": 23986, "Type": "HIGHLOW"}, {"RVA": 23995, "Type": "HIGHLOW"}, {"RVA": 24002, "Type": "HIGHLOW"}, {"RVA": 24036, "Type": "HIGHLOW"}, {"RVA": 24153, "Type": "HIGHLOW"}, {"RVA": 24161, "Type": "HIGHLOW"}, {"RVA": 24180, "Type": "HIGHLOW"}, {"RVA": 24191, "Type": "HIGHLOW"}, {"RVA": 24196, "Type": "HIGHLOW"}, {"RVA": 24214, "Type": "HIGHLOW"}, {"RVA": 24224, "Type": "HIGHLOW"}, {"RVA": 24229, "Type": "HIGHLOW"}, {"RVA": 24257, "Type": "HIGHLOW"}, {"RVA": 24267, "Type": "HIGHLOW"}, {"RVA": 24289, "Type": "HIGHLOW"}, {"RVA": 24300, "Type": "HIGHLOW"}, {"RVA": 24326, "Type": "HIGHLOW"}, {"RVA": 24337, "Type": "HIGHLOW"}, {"RVA": 24345, "Type": "HIGHLOW"}, {"RVA": 24361, "Type": "HIGHLOW"}, {"RVA": 24367, "Type": "HIGHLOW"}, {"RVA": 24384, "Type": "HIGHLOW"}, {"RVA": 24441, "Type": "HIGHLOW"}, {"RVA": 24451, "Type": "HIGHLOW"}, {"RVA": 24489, "Type": "HIGHLOW"}, {"RVA": 24496, "Type": "HIGHLOW"}, {"RVA": 24522, "Type": "HIGHLOW"}, {"RVA": 24529, "Type": "HIGHLOW"}, {"RVA": 24572, "Type": "HIGHLOW"}], [{"SizeOfBlock": {"FileOffset": 88996, "Value": 76, "Offset": 4}, "VirtualAddress": {"FileOffset": 88992, "Value": 24576, "Offset": 0}, "Structure": "IMAGE_BASE_RELOCATION"}, {"RVA": 24734, "Type": "HIGHLOW"}, {"RVA": 24753, "Type": "HIGHLOW"}, {"RVA": 24771, "Type": "HIGHLOW"}, {"RVA": 24842, "Type": "HIGHLOW"}, {"RVA": 24866, "Type": "HIGHLOW"}, {"RVA": 24876, "Type": "HIGHLOW"}, {"RVA": 24903, "Type": "HIGHLOW"}, {"RVA": 24911, "Type": "HIGHLOW"}, {"RVA": 24917, "Type": "HIGHLOW"}, {"RVA": 24931, "Type": "HIGHLOW"}, {"RVA": 24983, "Type": "HIGHLOW"}, {"RVA": 24996, "Type": "HIGHLOW"}, {"RVA": 25017, "Type": "HIGHLOW"}, {"RVA": 25066, "Type": "HIGHLOW"}, {"RVA": 25095, "Type": "HIGHLOW"}, {"RVA": 25171, "Type": "HIGHLOW"}, {"RVA": 25217, "Type": "HIGHLOW"}, {"RVA": 25507, "Type": "HIGHLOW"}, {"RVA": 25514, "Type": "HIGHLOW"}, {"RVA": 25782, "Type": "HIGHLOW"}, {"RVA": 25934, "Type": "HIGHLOW"}, {"RVA": 25964, "Type": "HIGHLOW"}, {"RVA": 26002, "Type": "HIGHLOW"}, {"RVA": 26098, "Type": "HIGHLOW"}, {"RVA": 26113, "Type": "HIGHLOW"}, {"RVA": 26140, "Type": "HIGHLOW"}, {"RVA": 26986, "Type": "HIGHLOW"}, {"RVA": 27226, "Type": "HIGHLOW"}, {"RVA": 27557, "Type": "HIGHLOW"}, {"RVA": 27624, "Type": "HIGHLOW"}, {"RVA": 27668, "Type": "HIGHLOW"}, {"RVA": 27701, "Type": "HIGHLOW"}, {"RVA": 28181, "Type": "HIGHLOW"}, {"RVA": 24576, "Type": "ABSOLUTE"}], [{"SizeOfBlock": {"FileOffset": 89072, "Value": 288, "Offset": 4}, "VirtualAddress": {"FileOffset": 89068, "Value": 28672, "Offset": 0}, "Structure": "IMAGE_BASE_RELOCATION"}, {"RVA": 28726, "Type": "HIGHLOW"}, {"RVA": 28730, "Type": "HIGHLOW"}, {"RVA": 28734, "Type": "HIGHLOW"}, {"RVA": 28738, "Type": "HIGHLOW"}, {"RVA": 28742, "Type": "HIGHLOW"}, {"RVA": 28746, "Type": "HIGHLOW"}, {"RVA": 28750, "Type": "HIGHLOW"}, {"RVA": 28754, "Type": "HIGHLOW"}, {"RVA": 28767, "Type": "HIGHLOW"}, {"RVA": 28785, "Type": "HIGHLOW"}, {"RVA": 29009, "Type": "HIGHLOW"}, {"RVA": 29019, "Type": "HIGHLOW"}, {"RVA": 29032, "Type": "HIGHLOW"}, {"RVA": 29094, "Type": "HIGHLOW"}, {"RVA": 29101, "Type": "HIGHLOW"}, {"RVA": 29114, "Type": "HIGHLOW"}, {"RVA": 29120, "Type": "HIGHLOW"}, {"RVA": 29266, "Type": "HIGHLOW"}, {"RVA": 29327, "Type": "HIGHLOW"}, {"RVA": 29350, "Type": "HIGHLOW"}, {"RVA": 29718, "Type": "HIGHLOW"}, {"RVA": 29735, "Type": "HIGHLOW"}, {"RVA": 29793, "Type": "HIGHLOW"}, {"RVA": 29806, "Type": "HIGHLOW"}, {"RVA": 29816, "Type": "HIGHLOW"}, {"RVA": 29830, "Type": "HIGHLOW"}, {"RVA": 29839, "Type": "HIGHLOW"}, {"RVA": 29849, "Type": "HIGHLOW"}, {"RVA": 29901, "Type": "HIGHLOW"}, {"RVA": 29912, "Type": "HIGHLOW"}, {"RVA": 29922, "Type": "HIGHLOW"}, {"RVA": 29947, "Type": "HIGHLOW"}, {"RVA": 29957, "Type": "HIGHLOW"}, {"RVA": 29976, "Type": "HIGHLOW"}, {"RVA": 30012, "Type": "HIGHLOW"}, {"RVA": 30067, "Type": "HIGHLOW"}, {"RVA": 30120, "Type": "HIGHLOW"}, {"RVA": 30139, "Type": "HIGHLOW"}, {"RVA": 30251, "Type": "HIGHLOW"}, {"RVA": 30280, "Type": "HIGHLOW"}, {"RVA": 30353, "Type": "HIGHLOW"}, {"RVA": 30464, "Type": "HIGHLOW"}, {"RVA": 30495, "Type": "HIGHLOW"}, {"RVA": 30612, "Type": "HIGHLOW"}, {"RVA": 30624, "Type": "HIGHLOW"}, {"RVA": 30643, "Type": "HIGHLOW"}, {"RVA": 30661, "Type": "HIGHLOW"}, {"RVA": 30688, "Type": "HIGHLOW"}, {"RVA": 30696, "Type": "HIGHLOW"}, {"RVA": 30704, "Type": "HIGHLOW"}, {"RVA": 30727, "Type": "HIGHLOW"}, {"RVA": 30752, "Type": "HIGHLOW"}, {"RVA": 30780, "Type": "HIGHLOW"}, {"RVA": 30789, "Type": "HIGHLOW"}, {"RVA": 30795, "Type": "HIGHLOW"}, {"RVA": 30804, "Type": "HIGHLOW"}, {"RVA": 30809, "Type": "HIGHLOW"}, {"RVA": 30824, "Type": "HIGHLOW"}, {"RVA": 30863, "Type": "HIGHLOW"}, {"RVA": 30904, "Type": "HIGHLOW"}, {"RVA": 30921, "Type": "HIGHLOW"}, {"RVA": 30941, "Type": "HIGHLOW"}, {"RVA": 31017, "Type": "HIGHLOW"}, {"RVA": 31096, "Type": "HIGHLOW"}, {"RVA": 31168, "Type": "HIGHLOW"}, {"RVA": 31252, "Type": "HIGHLOW"}, {"RVA": 31447, "Type": "HIGHLOW"}, {"RVA": 31493, "Type": "HIGHLOW"}, {"RVA": 31613, "Type": "HIGHLOW"}, {"RVA": 31639, "Type": "HIGHLOW"}, {"RVA": 31656, "Type": "HIGHLOW"}, {"RVA": 31713, "Type": "HIGHLOW"}, {"RVA": 31761, "Type": "HIGHLOW"}, {"RVA": 31768, "Type": "HIGHLOW"}, {"RVA": 31780, "Type": "HIGHLOW"}, {"RVA": 31786, "Type": "HIGHLOW"}, {"RVA": 31798, "Type": "HIGHLOW"}, {"RVA": 31804, "Type": "HIGHLOW"}, {"RVA": 31813, "Type": "HIGHLOW"}, {"RVA": 31819, "Type": "HIGHLOW"}, {"RVA": 31828, "Type": "HIGHLOW"}, {"RVA": 31840, "Type": "HIGHLOW"}, {"RVA": 31846, "Type": "HIGHLOW"}, {"RVA": 31854, "Type": "HIGHLOW"}, {"RVA": 31860, "Type": "HIGHLOW"}, {"RVA": 31872, "Type": "HIGHLOW"}, {"RVA": 31878, "Type": "HIGHLOW"}, {"RVA": 31891, "Type": "HIGHLOW"}, {"RVA": 31901, "Type": "HIGHLOW"}, {"RVA": 31907, "Type": "HIGHLOW"}, {"RVA": 31917, "Type": "HIGHLOW"}, {"RVA": 31951, "Type": "HIGHLOW"}, {"RVA": 31972, "Type": "HIGHLOW"}, {"RVA": 32010, "Type": "HIGHLOW"}, {"RVA": 32074, "Type": "HIGHLOW"}, {"RVA": 32080, "Type": "HIGHLOW"}, {"RVA": 32122, "Type": "HIGHLOW"}, {"RVA": 32128, "Type": "HIGHLOW"}, {"RVA": 32134, "Type": "HIGHLOW"}, {"RVA": 32156, "Type": "HIGHLOW"}, {"RVA": 32180, "Type": "HIGHLOW"}, {"RVA": 32218, "Type": "HIGHLOW"}, {"RVA": 32340, "Type": "HIGHLOW"}, {"RVA": 32375, "Type": "HIGHLOW"}, {"RVA": 32385, "Type": "HIGHLOW"}, {"RVA": 32441, "Type": "HIGHLOW"}, {"RVA": 32449, "Type": "HIGHLOW"}, {"RVA": 32522, "Type": "HIGHLOW"}, {"RVA": 32528, "Type": "HIGHLOW"}, {"RVA": 32550, "Type": "HIGHLOW"}, {"RVA": 32555, "Type": "HIGHLOW"}, {"RVA": 32563, "Type": "HIGHLOW"}, {"RVA": 32569, "Type": "HIGHLOW"}, {"RVA": 32576, "Type": "HIGHLOW"}, {"RVA": 32582, "Type": "HIGHLOW"}, {"RVA": 32589, "Type": "HIGHLOW"}, {"RVA": 32595, "Type": "HIGHLOW"}, {"RVA": 32603, "Type": "HIGHLOW"}, {"RVA": 32610, "Type": "HIGHLOW"}, {"RVA": 32615, "Type": "HIGHLOW"}, {"RVA": 32623, "Type": "HIGHLOW"}, {"RVA": 32632, "Type": "HIGHLOW"}, {"RVA": 32644, "Type": "HIGHLOW"}, {"RVA": 32649, "Type": "HIGHLOW"}, {"RVA": 32654, "Type": "HIGHLOW"}, {"RVA": 32660, "Type": "HIGHLOW"}, {"RVA": 32664, "Type": "HIGHLOW"}, {"RVA": 32670, "Type": "HIGHLOW"}, {"RVA": 32675, "Type": "HIGHLOW"}, {"RVA": 32681, "Type": "HIGHLOW"}, {"RVA": 32686, "Type": "HIGHLOW"}, {"RVA": 32701, "Type": "HIGHLOW"}, {"RVA": 32723, "Type": "HIGHLOW"}, {"RVA": 32729, "Type": "HIGHLOW"}, {"RVA": 32737, "Type": "HIGHLOW"}, {"RVA": 32742, "Type": "HIGHLOW"}, {"RVA": 32750, "Type": "HIGHLOW"}, {"RVA": 32755, "Type": "HIGHLOW"}, {"RVA": 32763, "Type": "HIGHLOW"}, {"RVA": 28672, "Type": "ABSOLUTE"}], [{"SizeOfBlock": {"FileOffset": 89360, "Value": 40, "Offset": 4}, "VirtualAddress": {"FileOffset": 89356, "Value": 32768, "Offset": 0}, "Structure": "IMAGE_BASE_RELOCATION"}, {"RVA": 32768, "Type": "HIGHLOW"}, {"RVA": 32775, "Type": "HIGHLOW"}, {"RVA": 32790, "Type": "HIGHLOW"}, {"RVA": 32795, "Type": "HIGHLOW"}, {"RVA": 32801, "Type": "HIGHLOW"}, {"RVA": 32810, "Type": "HIGHLOW"}, {"RVA": 32842, "Type": "HIGHLOW"}, {"RVA": 32848, "Type": "HIGHLOW"}, {"RVA": 32872, "Type": "HIGHLOW"}, {"RVA": 33630, "Type": "HIGHLOW"}, {"RVA": 33751, "Type": "HIGHLOW"}, {"RVA": 33781, "Type": "HIGHLOW"}, {"RVA": 33819, "Type": "HIGHLOW"}, {"RVA": 35590, "Type": "HIGHLOW"}, {"RVA": 35596, "Type": "HIGHLOW"}, {"RVA": 32768, "Type": "ABSOLUTE"}], [{"SizeOfBlock": {"FileOffset": 89400, "Value": 136, "Offset": 4}, "VirtualAddress": {"FileOffset": 89396, "Value": 36864, "Offset": 0}, "Structure": "IMAGE_BASE_RELOCATION"}, {"RVA": 37734, "Type": "HIGHLOW"}, {"RVA": 37829, "Type": "HIGHLOW"}, {"RVA": 37992, "Type": "HIGHLOW"}, {"RVA": 38024, "Type": "HIGHLOW"}, {"RVA": 38264, "Type": "HIGHLOW"}, {"RVA": 38305, "Type": "HIGHLOW"}, {"RVA": 38394, "Type": "HIGHLOW"}, {"RVA": 38760, "Type": "HIGHLOW"}, {"RVA": 38978, "Type": "HIGHLOW"}, {"RVA": 39186, "Type": "HIGHLOW"}, {"RVA": 39235, "Type": "HIGHLOW"}, {"RVA": 39257, "Type": "HIGHLOW"}, {"RVA": 39322, "Type": "HIGHLOW"}, {"RVA": 39353, "Type": "HIGHLOW"}, {"RVA": 39510, "Type": "HIGHLOW"}, {"RVA": 39560, "Type": "HIGHLOW"}, {"RVA": 39600, "Type": "HIGHLOW"}, {"RVA": 39760, "Type": "HIGHLOW"}, {"RVA": 39802, "Type": "HIGHLOW"}, {"RVA": 39834, "Type": "HIGHLOW"}, {"RVA": 39888, "Type": "HIGHLOW"}, {"RVA": 39898, "Type": "HIGHLOW"}, {"RVA": 39981, "Type": "HIGHLOW"}, {"RVA": 39988, "Type": "HIGHLOW"}, {"RVA": 39998, "Type": "HIGHLOW"}, {"RVA": 40016, "Type": "HIGHLOW"}, {"RVA": 40039, "Type": "HIGHLOW"}, {"RVA": 40053, "Type": "HIGHLOW"}, {"RVA": 40059, "Type": "HIGHLOW"}, {"RVA": 40094, "Type": "HIGHLOW"}, {"RVA": 40101, "Type": "HIGHLOW"}, {"RVA": 40126, "Type": "HIGHLOW"}, {"RVA": 40146, "Type": "HIGHLOW"}, {"RVA": 40152, "Type": "HIGHLOW"}, {"RVA": 40161, "Type": "HIGHLOW"}, {"RVA": 40180, "Type": "HIGHLOW"}, {"RVA": 40216, "Type": "HIGHLOW"}, {"RVA": 40280, "Type": "HIGHLOW"}, {"RVA": 40364, "Type": "HIGHLOW"}, {"RVA": 40396, "Type": "HIGHLOW"}, {"RVA": 40404, "Type": "HIGHLOW"}, {"RVA": 40410, "Type": "HIGHLOW"}, {"RVA": 40436, "Type": "HIGHLOW"}, {"RVA": 40451, "Type": "HIGHLOW"}, {"RVA": 40464, "Type": "HIGHLOW"}, {"RVA": 40476, "Type": "HIGHLOW"}, {"RVA": 40492, "Type": "HIGHLOW"}, {"RVA": 40499, "Type": "HIGHLOW"}, {"RVA": 40514, "Type": "HIGHLOW"}, {"RVA": 40526, "Type": "HIGHLOW"}, {"RVA": 40539, "Type": "HIGHLOW"}, {"RVA": 40575, "Type": "HIGHLOW"}, {"RVA": 40593, "Type": "HIGHLOW"}, {"RVA": 40607, "Type": "HIGHLOW"}, {"RVA": 40628, "Type": "HIGHLOW"}, {"RVA": 40638, "Type": "HIGHLOW"}, {"RVA": 40676, "Type": "HIGHLOW"}, {"RVA": 40727, "Type": "HIGHLOW"}, {"RVA": 40742, "Type": "HIGHLOW"}, {"RVA": 40751, "Type": "HIGHLOW"}, {"RVA": 40787, "Type": "HIGHLOW"}, {"RVA": 40834, "Type": "HIGHLOW"}, {"RVA": 40849, "Type": "HIGHLOW"}, {"RVA": 40878, "Type": "HIGHLOW"}], [{"SizeOfBlock": {"FileOffset": 89536, "Value": 112, "Offset": 4}, "VirtualAddress": {"FileOffset": 89532, "Value": 40960, "Offset": 0}, "Structure": "IMAGE_BASE_RELOCATION"}, {"RVA": 40962, "Type": "HIGHLOW"}, {"RVA": 41180, "Type": "HIGHLOW"}, {"RVA": 41188, "Type": "HIGHLOW"}, {"RVA": 41212, "Type": "HIGHLOW"}, {"RVA": 41239, "Type": "HIGHLOW"}, {"RVA": 41326, "Type": "HIGHLOW"}, {"RVA": 41352, "Type": "HIGHLOW"}, {"RVA": 41775, "Type": "HIGHLOW"}, {"RVA": 41816, "Type": "HIGHLOW"}, {"RVA": 41847, "Type": "HIGHLOW"}, {"RVA": 41878, "Type": "HIGHLOW"}, {"RVA": 41969, "Type": "HIGHLOW"}, {"RVA": 42009, "Type": "HIGHLOW"}, {"RVA": 42043, "Type": "HIGHLOW"}, {"RVA": 42054, "Type": "HIGHLOW"}, {"RVA": 42108, "Type": "HIGHLOW"}, {"RVA": 42124, "Type": "HIGHLOW"}, {"RVA": 42166, "Type": "HIGHLOW"}, {"RVA": 42183, "Type": "HIGHLOW"}, {"RVA": 42196, "Type": "HIGHLOW"}, {"RVA": 42203, "Type": "HIGHLOW"}, {"RVA": 42219, "Type": "HIGHLOW"}, {"RVA": 42237, "Type": "HIGHLOW"}, {"RVA": 42242, "Type": "HIGHLOW"}, {"RVA": 42341, "Type": "HIGHLOW"}, {"RVA": 42353, "Type": "HIGHLOW"}, {"RVA": 42620, "Type": "HIGHLOW"}, {"RVA": 42839, "Type": "HIGHLOW"}, {"RVA": 42862, "Type": "HIGHLOW"}, {"RVA": 43012, "Type": "HIGHLOW"}, {"RVA": 43061, "Type": "HIGHLOW"}, {"RVA": 43450, "Type": "HIGHLOW"}, {"RVA": 43632, "Type": "HIGHLOW"}, {"RVA": 43642, "Type": "HIGHLOW"}, {"RVA": 43822, "Type": "HIGHLOW"}, {"RVA": 43837, "Type": "HIGHLOW"}, {"RVA": 43956, "Type": "HIGHLOW"}, {"RVA": 43969, "Type": "HIGHLOW"}, {"RVA": 44182, "Type": "HIGHLOW"}, {"RVA": 44192, "Type": "HIGHLOW"}, {"RVA": 44352, "Type": "HIGHLOW"}, {"RVA": 44414, "Type": "HIGHLOW"}, {"RVA": 44464, "Type": "HIGHLOW"}, {"RVA": 44504, "Type": "HIGHLOW"}, {"RVA": 44816, "Type": "HIGHLOW"}, {"RVA": 44954, "Type": "HIGHLOW"}, {"RVA": 45004, "Type": "HIGHLOW"}, {"RVA": 45028, "Type": "HIGHLOW"}, {"RVA": 45035, "Type": "HIGHLOW"}, {"RVA": 45043, "Type": "HIGHLOW"}, {"RVA": 45048, "Type": "HIGHLOW"}, {"RVA": 45052, "Type": "HIGHLOW"}], [{"SizeOfBlock": {"FileOffset": 89648, "Value": 236, "Offset": 4}, "VirtualAddress": {"FileOffset": 89644, "Value": 45056, "Offset": 0}, "Structure": "IMAGE_BASE_RELOCATION"}, {"RVA": 45056, "Type": "HIGHLOW"}, {"RVA": 45097, "Type": "HIGHLOW"}, {"RVA": 45135, "Type": "HIGHLOW"}, {"RVA": 45165, "Type": "HIGHLOW"}, {"RVA": 45172, "Type": "HIGHLOW"}, {"RVA": 45176, "Type": "HIGHLOW"}, {"RVA": 45180, "Type": "HIGHLOW"}, {"RVA": 45184, "Type": "HIGHLOW"}, {"RVA": 45188, "Type": "HIGHLOW"}, {"RVA": 45192, "Type": "HIGHLOW"}, {"RVA": 45196, "Type": "HIGHLOW"}, {"RVA": 45200, "Type": "HIGHLOW"}, {"RVA": 45274, "Type": "HIGHLOW"}, {"RVA": 45280, "Type": "HIGHLOW"}, {"RVA": 45284, "Type": "HIGHLOW"}, {"RVA": 45288, "Type": "HIGHLOW"}, {"RVA": 45292, "Type": "HIGHLOW"}, {"RVA": 45394, "Type": "HIGHLOW"}, {"RVA": 45405, "Type": "HIGHLOW"}, {"RVA": 45432, "Type": "HIGHLOW"}, {"RVA": 45439, "Type": "HIGHLOW"}, {"RVA": 45444, "Type": "HIGHLOW"}, {"RVA": 45448, "Type": "HIGHLOW"}, {"RVA": 45452, "Type": "HIGHLOW"}, {"RVA": 45485, "Type": "HIGHLOW"}, {"RVA": 45527, "Type": "HIGHLOW"}, {"RVA": 45577, "Type": "HIGHLOW"}, {"RVA": 45584, "Type": "HIGHLOW"}, {"RVA": 45588, "Type": "HIGHLOW"}, {"RVA": 45592, "Type": "HIGHLOW"}, {"RVA": 45596, "Type": "HIGHLOW"}, {"RVA": 45600, "Type": "HIGHLOW"}, {"RVA": 45604, "Type": "HIGHLOW"}, {"RVA": 45608, "Type": "HIGHLOW"}, {"RVA": 45612, "Type": "HIGHLOW"}, {"RVA": 45686, "Type": "HIGHLOW"}, {"RVA": 45692, "Type": "HIGHLOW"}, {"RVA": 45696, "Type": "HIGHLOW"}, {"RVA": 45700, "Type": "HIGHLOW"}, {"RVA": 45704, "Type": "HIGHLOW"}, {"RVA": 45792, "Type": "HIGHLOW"}, {"RVA": 45830, "Type": "HIGHLOW"}, {"RVA": 45836, "Type": "HIGHLOW"}, {"RVA": 45878, "Type": "HIGHLOW"}, {"RVA": 45947, "Type": "HIGHLOW"}, {"RVA": 45954, "Type": "HIGHLOW"}, {"RVA": 45975, "Type": "HIGHLOW"}, {"RVA": 46046, "Type": "HIGHLOW"}, {"RVA": 46056, "Type": "HIGHLOW"}, {"RVA": 46099, "Type": "HIGHLOW"}, {"RVA": 46123, "Type": "HIGHLOW"}, {"RVA": 46153, "Type": "HIGHLOW"}, {"RVA": 46189, "Type": "HIGHLOW"}, {"RVA": 46237, "Type": "HIGHLOW"}, {"RVA": 46255, "Type": "HIGHLOW"}, {"RVA": 46301, "Type": "HIGHLOW"}, {"RVA": 46336, "Type": "HIGHLOW"}, {"RVA": 46342, "Type": "HIGHLOW"}, {"RVA": 46407, "Type": "HIGHLOW"}, {"RVA": 46420, "Type": "HIGHLOW"}, {"RVA": 46452, "Type": "HIGHLOW"}, {"RVA": 46478, "Type": "HIGHLOW"}, {"RVA": 46528, "Type": "HIGHLOW"}, {"RVA": 46568, "Type": "HIGHLOW"}, {"RVA": 46710, "Type": "HIGHLOW"}, {"RVA": 46771, "Type": "HIGHLOW"}, {"RVA": 46781, "Type": "HIGHLOW"}, {"RVA": 46805, "Type": "HIGHLOW"}, {"RVA": 46846, "Type": "HIGHLOW"}, {"RVA": 46896, "Type": "HIGHLOW"}, {"RVA": 46936, "Type": "HIGHLOW"}, {"RVA": 47195, "Type": "HIGHLOW"}, {"RVA": 47227, "Type": "HIGHLOW"}, {"RVA": 47232, "Type": "HIGHLOW"}, {"RVA": 47515, "Type": "HIGHLOW"}, {"RVA": 47521, "Type": "HIGHLOW"}, {"RVA": 47866, "Type": "HIGHLOW"}, {"RVA": 47879, "Type": "HIGHLOW"}, {"RVA": 47888, "Type": "HIGHLOW"}, {"RVA": 47955, "Type": "HIGHLOW"}, {"RVA": 47970, "Type": "HIGHLOW"}, {"RVA": 48026, "Type": "HIGHLOW"}, {"RVA": 48036, "Type": "HIGHLOW"}, {"RVA": 48101, "Type": "HIGHLOW"}, {"RVA": 48112, "Type": "HIGHLOW"}, {"RVA": 48122, "Type": "HIGHLOW"}, {"RVA": 48139, "Type": "HIGHLOW"}, {"RVA": 48150, "Type": "HIGHLOW"}, {"RVA": 48598, "Type": "HIGHLOW"}, {"RVA": 48615, "Type": "HIGHLOW"}, {"RVA": 48623, "Type": "HIGHLOW"}, {"RVA": 48629, "Type": "HIGHLOW"}, {"RVA": 48634, "Type": "HIGHLOW"}, {"RVA": 48640, "Type": "HIGHLOW"}, {"RVA": 48748, "Type": "HIGHLOW"}, {"RVA": 48754, "Type": "HIGHLOW"}, {"RVA": 48782, "Type": "HIGHLOW"}, {"RVA": 48822, "Type": "HIGHLOW"}, {"RVA": 48898, "Type": "HIGHLOW"}, {"RVA": 48910, "Type": "HIGHLOW"}, {"RVA": 48925, "Type": "HIGHLOW"}, {"RVA": 48930, "Type": "HIGHLOW"}, {"RVA": 48963, "Type": "HIGHLOW"}, {"RVA": 48968, "Type": "HIGHLOW"}, {"RVA": 49006, "Type": "HIGHLOW"}, {"RVA": 49041, "Type": "HIGHLOW"}, {"RVA": 49054, "Type": "HIGHLOW"}, {"RVA": 49066, "Type": "HIGHLOW"}, {"RVA": 49074, "Type": "HIGHLOW"}, {"RVA": 49082, "Type": "HIGHLOW"}, {"RVA": 49094, "Type": "HIGHLOW"}, {"RVA": 49135, "Type": "HIGHLOW"}, {"RVA": 49143, "Type": "HIGHLOW"}, {"RVA": 45056, "Type": "ABSOLUTE"}], [{"SizeOfBlock": {"FileOffset": 89884, "Value": 200, "Offset": 4}, "VirtualAddress": {"FileOffset": 89880, "Value": 49152, "Offset": 0}, "Structure": "IMAGE_BASE_RELOCATION"}, {"RVA": 49154, "Type": "HIGHLOW"}, {"RVA": 49281, "Type": "HIGHLOW"}, {"RVA": 49290, "Type": "HIGHLOW"}, {"RVA": 49302, "Type": "HIGHLOW"}, {"RVA": 49357, "Type": "HIGHLOW"}, {"RVA": 49366, "Type": "HIGHLOW"}, {"RVA": 49378, "Type": "HIGHLOW"}, {"RVA": 49435, "Type": "HIGHLOW"}, {"RVA": 49444, "Type": "HIGHLOW"}, {"RVA": 49456, "Type": "HIGHLOW"}, {"RVA": 49517, "Type": "HIGHLOW"}, {"RVA": 49526, "Type": "HIGHLOW"}, {"RVA": 49538, "Type": "HIGHLOW"}, {"RVA": 49599, "Type": "HIGHLOW"}, {"RVA": 49605, "Type": "HIGHLOW"}, {"RVA": 49614, "Type": "HIGHLOW"}, {"RVA": 49690, "Type": "HIGHLOW"}, {"RVA": 49701, "Type": "HIGHLOW"}, {"RVA": 49707, "Type": "HIGHLOW"}, {"RVA": 49744, "Type": "HIGHLOW"}, {"RVA": 49750, "Type": "HIGHLOW"}, {"RVA": 49755, "Type": "HIGHLOW"}, {"RVA": 49769, "Type": "HIGHLOW"}, {"RVA": 49774, "Type": "HIGHLOW"}, {"RVA": 49779, "Type": "HIGHLOW"}, {"RVA": 49784, "Type": "HIGHLOW"}, {"RVA": 49800, "Type": "HIGHLOW"}, {"RVA": 49847, "Type": "HIGHLOW"}, {"RVA": 49853, "Type": "HIGHLOW"}, {"RVA": 49861, "Type": "HIGHLOW"}, {"RVA": 49932, "Type": "HIGHLOW"}, {"RVA": 49937, "Type": "HIGHLOW"}, {"RVA": 49995, "Type": "HIGHLOW"}, {"RVA": 50000, "Type": "HIGHLOW"}, {"RVA": 50007, "Type": "HIGHLOW"}, {"RVA": 50012, "Type": "HIGHLOW"}, {"RVA": 50019, "Type": "HIGHLOW"}, {"RVA": 50024, "Type": "HIGHLOW"}, {"RVA": 50038, "Type": "HIGHLOW"}, {"RVA": 50135, "Type": "HIGHLOW"}, {"RVA": 50144, "Type": "HIGHLOW"}, {"RVA": 50150, "Type": "HIGHLOW"}, {"RVA": 50286, "Type": "HIGHLOW"}, {"RVA": 50301, "Type": "HIGHLOW"}, {"RVA": 50315, "Type": "HIGHLOW"}, {"RVA": 50321, "Type": "HIGHLOW"}, {"RVA": 50327, "Type": "HIGHLOW"}, {"RVA": 50504, "Type": "HIGHLOW"}, {"RVA": 50509, "Type": "HIGHLOW"}, {"RVA": 50527, "Type": "HIGHLOW"}, {"RVA": 50557, "Type": "HIGHLOW"}, {"RVA": 50577, "Type": "HIGHLOW"}, {"RVA": 50583, "Type": "HIGHLOW"}, {"RVA": 50693, "Type": "HIGHLOW"}, {"RVA": 50728, "Type": "HIGHLOW"}, {"RVA": 50739, "Type": "HIGHLOW"}, {"RVA": 50745, "Type": "HIGHLOW"}, {"RVA": 50761, "Type": "HIGHLOW"}, {"RVA": 50766, "Type": "HIGHLOW"}, {"RVA": 50783, "Type": "HIGHLOW"}, {"RVA": 50791, "Type": "HIGHLOW"}, {"RVA": 50797, "Type": "HIGHLOW"}, {"RVA": 50807, "Type": "HIGHLOW"}, {"RVA": 50813, "Type": "HIGHLOW"}, {"RVA": 50823, "Type": "HIGHLOW"}, {"RVA": 50829, "Type": "HIGHLOW"}, {"RVA": 50839, "Type": "HIGHLOW"}, {"RVA": 50848, "Type": "HIGHLOW"}, {"RVA": 50859, "Type": "HIGHLOW"}, {"RVA": 50864, "Type": "HIGHLOW"}, {"RVA": 50873, "Type": "HIGHLOW"}, {"RVA": 50883, "Type": "HIGHLOW"}, {"RVA": 50894, "Type": "HIGHLOW"}, {"RVA": 50953, "Type": "HIGHLOW"}, {"RVA": 50979, "Type": "HIGHLOW"}, {"RVA": 51005, "Type": "HIGHLOW"}, {"RVA": 51519, "Type": "HIGHLOW"}, {"RVA": 51526, "Type": "HIGHLOW"}, {"RVA": 51532, "Type": "HIGHLOW"}, {"RVA": 51627, "Type": "HIGHLOW"}, {"RVA": 51640, "Type": "HIGHLOW"}, {"RVA": 51665, "Type": "HIGHLOW"}, {"RVA": 51695, "Type": "HIGHLOW"}, {"RVA": 51755, "Type": "HIGHLOW"}, {"RVA": 51795, "Type": "HIGHLOW"}, {"RVA": 51933, "Type": "HIGHLOW"}, {"RVA": 52033, "Type": "HIGHLOW"}, {"RVA": 52068, "Type": "HIGHLOW"}, {"RVA": 52086, "Type": "HIGHLOW"}, {"RVA": 52097, "Type": "HIGHLOW"}, {"RVA": 52373, "Type": "HIGHLOW"}, {"RVA": 52403, "Type": "HIGHLOW"}, {"RVA": 52750, "Type": "HIGHLOW"}, {"RVA": 52823, "Type": "HIGHLOW"}, {"RVA": 52976, "Type": "HIGHLOW"}, {"RVA": 53184, "Type": "HIGHLOW"}], [{"SizeOfBlock": {"FileOffset": 90084, "Value": 144, "Offset": 4}, "VirtualAddress": {"FileOffset": 90080, "Value": 53248, "Offset": 0}, "Structure": "IMAGE_BASE_RELOCATION"}, {"RVA": 53306, "Type": "HIGHLOW"}, {"RVA": 53341, "Type": "HIGHLOW"}, {"RVA": 53494, "Type": "HIGHLOW"}, {"RVA": 54497, "Type": "HIGHLOW"}, {"RVA": 54515, "Type": "HIGHLOW"}, {"RVA": 54533, "Type": "HIGHLOW"}, {"RVA": 54551, "Type": "HIGHLOW"}, {"RVA": 54569, "Type": "HIGHLOW"}, {"RVA": 54607, "Type": "HIGHLOW"}, {"RVA": 54625, "Type": "HIGHLOW"}, {"RVA": 54643, "Type": "HIGHLOW"}, {"RVA": 54661, "Type": "HIGHLOW"}, {"RVA": 54679, "Type": "HIGHLOW"}, {"RVA": 54697, "Type": "HIGHLOW"}, {"RVA": 54715, "Type": "HIGHLOW"}, {"RVA": 54733, "Type": "HIGHLOW"}, {"RVA": 54751, "Type": "HIGHLOW"}, {"RVA": 54769, "Type": "HIGHLOW"}, {"RVA": 54787, "Type": "HIGHLOW"}, {"RVA": 54805, "Type": "HIGHLOW"}, {"RVA": 54823, "Type": "HIGHLOW"}, {"RVA": 55256, "Type": "HIGHLOW"}, {"RVA": 55268, "Type": "HIGHLOW"}, {"RVA": 55388, "Type": "HIGHLOW"}, {"RVA": 55400, "Type": "HIGHLOW"}, {"RVA": 55517, "Type": "HIGHLOW"}, {"RVA": 55529, "Type": "HIGHLOW"}, {"RVA": 55584, "Type": "HIGHLOW"}, {"RVA": 55613, "Type": "HIGHLOW"}, {"RVA": 55650, "Type": "HIGHLOW"}, {"RVA": 55937, "Type": "HIGHLOW"}, {"RVA": 56047, "Type": "HIGHLOW"}, {"RVA": 56156, "Type": "HIGHLOW"}, {"RVA": 56169, "Type": "HIGHLOW"}, {"RVA": 56200, "Type": "HIGHLOW"}, {"RVA": 56283, "Type": "HIGHLOW"}, {"RVA": 56302, "Type": "HIGHLOW"}, {"RVA": 56319, "Type": "HIGHLOW"}, {"RVA": 56356, "Type": "HIGHLOW"}, {"RVA": 56415, "Type": "HIGHLOW"}, {"RVA": 56434, "Type": "HIGHLOW"}, {"RVA": 56458, "Type": "HIGHLOW"}, {"RVA": 56490, "Type": "HIGHLOW"}, {"RVA": 56573, "Type": "HIGHLOW"}, {"RVA": 56613, "Type": "HIGHLOW"}, {"RVA": 56638, "Type": "HIGHLOW"}, {"RVA": 56666, "Type": "HIGHLOW"}, {"RVA": 56711, "Type": "HIGHLOW"}, {"RVA": 56756, "Type": "HIGHLOW"}, {"RVA": 56767, "Type": "HIGHLOW"}, {"RVA": 56813, "Type": "HIGHLOW"}, {"RVA": 56827, "Type": "HIGHLOW"}, {"RVA": 56836, "Type": "HIGHLOW"}, {"RVA": 56900, "Type": "HIGHLOW"}, {"RVA": 56918, "Type": "HIGHLOW"}, {"RVA": 56978, "Type": "HIGHLOW"}, {"RVA": 57015, "Type": "HIGHLOW"}, {"RVA": 57028, "Type": "HIGHLOW"}, {"RVA": 57068, "Type": "HIGHLOW"}, {"RVA": 57118, "Type": "HIGHLOW"}, {"RVA": 57126, "Type": "HIGHLOW"}, {"RVA": 57188, "Type": "HIGHLOW"}, {"RVA": 57245, "Type": "HIGHLOW"}, {"RVA": 57278, "Type": "HIGHLOW"}, {"RVA": 57287, "Type": "HIGHLOW"}, {"RVA": 57326, "Type": "HIGHLOW"}, {"RVA": 57339, "Type": "HIGHLOW"}, {"RVA": 53248, "Type": "ABSOLUTE"}], [{"SizeOfBlock": {"FileOffset": 90228, "Value": 76, "Offset": 4}, "VirtualAddress": {"FileOffset": 90224, "Value": 57344, "Offset": 0}, "Structure": "IMAGE_BASE_RELOCATION"}, {"RVA": 57344, "Type": "HIGHLOW"}, {"RVA": 57358, "Type": "HIGHLOW"}, {"RVA": 57818, "Type": "HIGHLOW"}, {"RVA": 57946, "Type": "HIGHLOW"}, {"RVA": 58053, "Type": "HIGHLOW"}, {"RVA": 58072, "Type": "HIGHLOW"}, {"RVA": 58103, "Type": "HIGHLOW"}, {"RVA": 58121, "Type": "HIGHLOW"}, {"RVA": 58140, "Type": "HIGHLOW"}, {"RVA": 58158, "Type": "HIGHLOW"}, {"RVA": 58222, "Type": "HIGHLOW"}, {"RVA": 58254, "Type": "HIGHLOW"}, {"RVA": 58978, "Type": "HIGHLOW"}, {"RVA": 59012, "Type": "HIGHLOW"}, {"RVA": 59069, "Type": "HIGHLOW"}, {"RVA": 59108, "Type": "HIGHLOW"}, {"RVA": 59140, "Type": "HIGHLOW"}, {"RVA": 59150, "Type": "HIGHLOW"}, {"RVA": 59173, "Type": "HIGHLOW"}, {"RVA": 59210, "Type": "HIGHLOW"}, {"RVA": 59245, "Type": "HIGHLOW"}, {"RVA": 59418, "Type": "HIGHLOW"}, {"RVA": 60396, "Type": "HIGHLOW"}, {"RVA": 60497, "Type": "HIGHLOW"}, {"RVA": 60509, "Type": "HIGHLOW"}, {"RVA": 60629, "Type": "HIGHLOW"}, {"RVA": 60655, "Type": "HIGHLOW"}, {"RVA": 60664, "Type": "HIGHLOW"}, {"RVA": 60885, "Type": "HIGHLOW"}, {"RVA": 60890, "Type": "HIGHLOW"}, {"RVA": 61326, "Type": "HIGHLOW"}, {"RVA": 61332, "Type": "HIGHLOW"}, {"RVA": 61342, "Type": "HIGHLOW"}, {"RVA": 57344, "Type": "ABSOLUTE"}], [{"SizeOfBlock": {"FileOffset": 90304, "Value": 76, "Offset": 4}, "VirtualAddress": {"FileOffset": 90300, "Value": 61440, "Offset": 0}, "Structure": "IMAGE_BASE_RELOCATION"}, {"RVA": 61452, "Type": "HIGHLOW"}, {"RVA": 61458, "Type": "HIGHLOW"}, {"RVA": 61470, "Type": "HIGHLOW"}, {"RVA": 61525, "Type": "HIGHLOW"}, {"RVA": 61549, "Type": "HIGHLOW"}, {"RVA": 61695, "Type": "HIGHLOW"}, {"RVA": 61803, "Type": "HIGHLOW"}, {"RVA": 61809, "Type": "HIGHLOW"}, {"RVA": 61814, "Type": "HIGHLOW"}, {"RVA": 61820, "Type": "HIGHLOW"}, {"RVA": 61837, "Type": "HIGHLOW"}, {"RVA": 61949, "Type": "HIGHLOW"}, {"RVA": 61956, "Type": "HIGHLOW"}, {"RVA": 62080, "Type": "HIGHLOW"}, {"RVA": 62087, "Type": "HIGHLOW"}, {"RVA": 62178, "Type": "HIGHLOW"}, {"RVA": 62223, "Type": "HIGHLOW"}, {"RVA": 62301, "Type": "HIGHLOW"}, {"RVA": 62502, "Type": "HIGHLOW"}, {"RVA": 62514, "Type": "HIGHLOW"}, {"RVA": 62598, "Type": "HIGHLOW"}, {"RVA": 62783, "Type": "HIGHLOW"}, {"RVA": 62807, "Type": "HIGHLOW"}, {"RVA": 62812, "Type": "HIGHLOW"}, {"RVA": 63427, "Type": "HIGHLOW"}, {"RVA": 63459, "Type": "HIGHLOW"}, {"RVA": 63516, "Type": "HIGHLOW"}, {"RVA": 63535, "Type": "HIGHLOW"}, {"RVA": 63741, "Type": "HIGHLOW"}, {"RVA": 64030, "Type": "HIGHLOW"}, {"RVA": 64279, "Type": "HIGHLOW"}, {"RVA": 64352, "Type": "HIGHLOW"}, {"RVA": 64764, "Type": "HIGHLOW"}, {"RVA": 65147, "Type": "HIGHLOW"}], [{"SizeOfBlock": {"FileOffset": 90380, "Value": 128, "Offset": 4}, "VirtualAddress": {"FileOffset": 90376, "Value": 65536, "Offset": 0}, "Structure": "IMAGE_BASE_RELOCATION"}, {"RVA": 65962, "Type": "HIGHLOW"}, {"RVA": 66010, "Type": "HIGHLOW"}, {"RVA": 66020, "Type": "HIGHLOW"}, {"RVA": 66031, "Type": "HIGHLOW"}, {"RVA": 66566, "Type": "HIGHLOW"}, {"RVA": 66916, "Type": "HIGHLOW"}, {"RVA": 67018, "Type": "HIGHLOW"}, {"RVA": 67068, "Type": "HIGHLOW"}, {"RVA": 67092, "Type": "HIGHLOW"}, {"RVA": 67099, "Type": "HIGHLOW"}, {"RVA": 67107, "Type": "HIGHLOW"}, {"RVA": 67112, "Type": "HIGHLOW"}, {"RVA": 67116, "Type": "HIGHLOW"}, {"RVA": 67120, "Type": "HIGHLOW"}, {"RVA": 67161, "Type": "HIGHLOW"}, {"RVA": 67199, "Type": "HIGHLOW"}, {"RVA": 67229, "Type": "HIGHLOW"}, {"RVA": 67236, "Type": "HIGHLOW"}, {"RVA": 67240, "Type": "HIGHLOW"}, {"RVA": 67244, "Type": "HIGHLOW"}, {"RVA": 67248, "Type": "HIGHLOW"}, {"RVA": 67252, "Type": "HIGHLOW"}, {"RVA": 67256, "Type": "HIGHLOW"}, {"RVA": 67260, "Type": "HIGHLOW"}, {"RVA": 67264, "Type": "HIGHLOW"}, {"RVA": 67338, "Type": "HIGHLOW"}, {"RVA": 67344, "Type": "HIGHLOW"}, {"RVA": 67348, "Type": "HIGHLOW"}, {"RVA": 67352, "Type": "HIGHLOW"}, {"RVA": 67356, "Type": "HIGHLOW"}, {"RVA": 67458, "Type": "HIGHLOW"}, {"RVA": 67469, "Type": "HIGHLOW"}, {"RVA": 67496, "Type": "HIGHLOW"}, {"RVA": 67503, "Type": "HIGHLOW"}, {"RVA": 67508, "Type": "HIGHLOW"}, {"RVA": 67512, "Type": "HIGHLOW"}, {"RVA": 67516, "Type": "HIGHLOW"}, {"RVA": 67549, "Type": "HIGHLOW"}, {"RVA": 67591, "Type": "HIGHLOW"}, {"RVA": 67641, "Type": "HIGHLOW"}, {"RVA": 67648, "Type": "HIGHLOW"}, {"RVA": 67652, "Type": "HIGHLOW"}, {"RVA": 67656, "Type": "HIGHLOW"}, {"RVA": 67660, "Type": "HIGHLOW"}, {"RVA": 67664, "Type": "HIGHLOW"}, {"RVA": 67668, "Type": "HIGHLOW"}, {"RVA": 67672, "Type": "HIGHLOW"}, {"RVA": 67676, "Type": "HIGHLOW"}, {"RVA": 67750, "Type": "HIGHLOW"}, {"RVA": 67756, "Type": "HIGHLOW"}, {"RVA": 67760, "Type": "HIGHLOW"}, {"RVA": 67764, "Type": "HIGHLOW"}, {"RVA": 67768, "Type": "HIGHLOW"}, {"RVA": 67898, "Type": "HIGHLOW"}, {"RVA": 67968, "Type": "HIGHLOW"}, {"RVA": 67995, "Type": "HIGHLOW"}, {"RVA": 68006, "Type": "HIGHLOW"}, {"RVA": 68010, "Type": "HIGHLOW"}, {"RVA": 68015, "Type": "HIGHLOW"}, {"RVA": 65536, "Type": "ABSOLUTE"}], [{"SizeOfBlock": {"FileOffset": 90508, "Value": 88, "Offset": 4}, "VirtualAddress": {"FileOffset": 90504, "Value": 69632, "Offset": 0}, "Structure": "IMAGE_BASE_RELOCATION"}, {"RVA": 70064, "Type": "HIGHLOW"}, {"RVA": 70068, "Type": "HIGHLOW"}, {"RVA": 70072, "Type": "HIGHLOW"}, {"RVA": 70076, "Type": "HIGHLOW"}, {"RVA": 70080, "Type": "HIGHLOW"}, {"RVA": 70092, "Type": "HIGHLOW"}, {"RVA": 70096, "Type": "HIGHLOW"}, {"RVA": 70112, "Type": "HIGHLOW"}, {"RVA": 70116, "Type": "HIGHLOW"}, {"RVA": 70120, "Type": "HIGHLOW"}, {"RVA": 70140, "Type": "HIGHLOW"}, {"RVA": 70144, "Type": "HIGHLOW"}, {"RVA": 70148, "Type": "HIGHLOW"}, {"RVA": 70152, "Type": "HIGHLOW"}, {"RVA": 70156, "Type": "HIGHLOW"}, {"RVA": 70160, "Type": "HIGHLOW"}, {"RVA": 70164, "Type": "HIGHLOW"}, {"RVA": 72444, "Type": "HIGHLOW"}, {"RVA": 72452, "Type": "HIGHLOW"}, {"RVA": 72460, "Type": "HIGHLOW"}, {"RVA": 72468, "Type": "HIGHLOW"}, {"RVA": 72476, "Type": "HIGHLOW"}, {"RVA": 72484, "Type": "HIGHLOW"}, {"RVA": 72492, "Type": "HIGHLOW"}, {"RVA": 72500, "Type": "HIGHLOW"}, {"RVA": 72508, "Type": "HIGHLOW"}, {"RVA": 72516, "Type": "HIGHLOW"}, {"RVA": 72524, "Type": "HIGHLOW"}, {"RVA": 72532, "Type": "HIGHLOW"}, {"RVA": 72540, "Type": "HIGHLOW"}, {"RVA": 72548, "Type": "HIGHLOW"}, {"RVA": 72556, "Type": "HIGHLOW"}, {"RVA": 72564, "Type": "HIGHLOW"}, {"RVA": 72572, "Type": "HIGHLOW"}, {"RVA": 72580, "Type": "HIGHLOW"}, {"RVA": 72588, "Type": "HIGHLOW"}, {"RVA": 72596, "Type": "HIGHLOW"}, {"RVA": 72604, "Type": "HIGHLOW"}, {"RVA": 72612, "Type": "HIGHLOW"}, {"RVA": 69632, "Type": "ABSOLUTE"}], [{"SizeOfBlock": {"FileOffset": 90596, "Value": 432, "Offset": 4}, "VirtualAddress": {"FileOffset": 90592, "Value": 77824, "Offset": 0}, "Structure": "IMAGE_BASE_RELOCATION"}, {"RVA": 77888, "Type": "HIGHLOW"}, {"RVA": 77892, "Type": "HIGHLOW"}, {"RVA": 77896, "Type": "HIGHLOW"}, {"RVA": 77900, "Type": "HIGHLOW"}, {"RVA": 77904, "Type": "HIGHLOW"}, {"RVA": 77908, "Type": "HIGHLOW"}, {"RVA": 77912, "Type": "HIGHLOW"}, {"RVA": 77916, "Type": "HIGHLOW"}, {"RVA": 77920, "Type": "HIGHLOW"}, {"RVA": 77924, "Type": "HIGHLOW"}, {"RVA": 77928, "Type": "HIGHLOW"}, {"RVA": 77932, "Type": "HIGHLOW"}, {"RVA": 77936, "Type": "HIGHLOW"}, {"RVA": 77940, "Type": "HIGHLOW"}, {"RVA": 77944, "Type": "HIGHLOW"}, {"RVA": 77948, "Type": "HIGHLOW"}, {"RVA": 77952, "Type": "HIGHLOW"}, {"RVA": 77956, "Type": "HIGHLOW"}, {"RVA": 77960, "Type": "HIGHLOW"}, {"RVA": 77964, "Type": "HIGHLOW"}, {"RVA": 77968, "Type": "HIGHLOW"}, {"RVA": 77972, "Type": "HIGHLOW"}, {"RVA": 77976, "Type": "HIGHLOW"}, {"RVA": 77980, "Type": "HIGHLOW"}, {"RVA": 77984, "Type": "HIGHLOW"}, {"RVA": 77988, "Type": "HIGHLOW"}, {"RVA": 77992, "Type": "HIGHLOW"}, {"RVA": 77996, "Type": "HIGHLOW"}, {"RVA": 78000, "Type": "HIGHLOW"}, {"RVA": 78004, "Type": "HIGHLOW"}, {"RVA": 78008, "Type": "HIGHLOW"}, {"RVA": 78012, "Type": "HIGHLOW"}, {"RVA": 78016, "Type": "HIGHLOW"}, {"RVA": 78020, "Type": "HIGHLOW"}, {"RVA": 78024, "Type": "HIGHLOW"}, {"RVA": 78028, "Type": "HIGHLOW"}, {"RVA": 78032, "Type": "HIGHLOW"}, {"RVA": 78036, "Type": "HIGHLOW"}, {"RVA": 78040, "Type": "HIGHLOW"}, {"RVA": 78044, "Type": "HIGHLOW"}, {"RVA": 78048, "Type": "HIGHLOW"}, {"RVA": 78052, "Type": "HIGHLOW"}, {"RVA": 78056, "Type": "HIGHLOW"}, {"RVA": 78060, "Type": "HIGHLOW"}, {"RVA": 78064, "Type": "HIGHLOW"}, {"RVA": 78068, "Type": "HIGHLOW"}, {"RVA": 78072, "Type": "HIGHLOW"}, {"RVA": 78076, "Type": "HIGHLOW"}, {"RVA": 78080, "Type": "HIGHLOW"}, {"RVA": 78084, "Type": "HIGHLOW"}, {"RVA": 78088, "Type": "HIGHLOW"}, {"RVA": 78092, "Type": "HIGHLOW"}, {"RVA": 78096, "Type": "HIGHLOW"}, {"RVA": 78100, "Type": "HIGHLOW"}, {"RVA": 78104, "Type": "HIGHLOW"}, {"RVA": 78108, "Type": "HIGHLOW"}, {"RVA": 78112, "Type": "HIGHLOW"}, {"RVA": 78116, "Type": "HIGHLOW"}, {"RVA": 78120, "Type": "HIGHLOW"}, {"RVA": 78124, "Type": "HIGHLOW"}, {"RVA": 78128, "Type": "HIGHLOW"}, {"RVA": 78132, "Type": "HIGHLOW"}, {"RVA": 78136, "Type": "HIGHLOW"}, {"RVA": 78140, "Type": "HIGHLOW"}, {"RVA": 78144, "Type": "HIGHLOW"}, {"RVA": 78148, "Type": "HIGHLOW"}, {"RVA": 78152, "Type": "HIGHLOW"}, {"RVA": 78156, "Type": "HIGHLOW"}, {"RVA": 78160, "Type": "HIGHLOW"}, {"RVA": 78164, "Type": "HIGHLOW"}, {"RVA": 78168, "Type": "HIGHLOW"}, {"RVA": 78172, "Type": "HIGHLOW"}, {"RVA": 78176, "Type": "HIGHLOW"}, {"RVA": 78180, "Type": "HIGHLOW"}, {"RVA": 78184, "Type": "HIGHLOW"}, {"RVA": 78188, "Type": "HIGHLOW"}, {"RVA": 78192, "Type": "HIGHLOW"}, {"RVA": 78196, "Type": "HIGHLOW"}, {"RVA": 78200, "Type": "HIGHLOW"}, {"RVA": 78204, "Type": "HIGHLOW"}, {"RVA": 78208, "Type": "HIGHLOW"}, {"RVA": 78212, "Type": "HIGHLOW"}, {"RVA": 78216, "Type": "HIGHLOW"}, {"RVA": 78220, "Type": "HIGHLOW"}, {"RVA": 78224, "Type": "HIGHLOW"}, {"RVA": 78228, "Type": "HIGHLOW"}, {"RVA": 78232, "Type": "HIGHLOW"}, {"RVA": 78236, "Type": "HIGHLOW"}, {"RVA": 78240, "Type": "HIGHLOW"}, {"RVA": 78244, "Type": "HIGHLOW"}, {"RVA": 78248, "Type": "HIGHLOW"}, {"RVA": 78252, "Type": "HIGHLOW"}, {"RVA": 78256, "Type": "HIGHLOW"}, {"RVA": 78260, "Type": "HIGHLOW"}, {"RVA": 78264, "Type": "HIGHLOW"}, {"RVA": 78268, "Type": "HIGHLOW"}, {"RVA": 78272, "Type": "HIGHLOW"}, {"RVA": 78776, "Type": "HIGHLOW"}, {"RVA": 78780, "Type": "HIGHLOW"}, {"RVA": 78816, "Type": "HIGHLOW"}, {"RVA": 78820, "Type": "HIGHLOW"}, {"RVA": 78824, "Type": "HIGHLOW"}, {"RVA": 78828, "Type": "HIGHLOW"}, {"RVA": 78908, "Type": "HIGHLOW"}, {"RVA": 78912, "Type": "HIGHLOW"}, {"RVA": 78932, "Type": "HIGHLOW"}, {"RVA": 78936, "Type": "HIGHLOW"}, {"RVA": 78952, "Type": "HIGHLOW"}, {"RVA": 78956, "Type": "HIGHLOW"}, {"RVA": 78960, "Type": "HIGHLOW"}, {"RVA": 78968, "Type": "HIGHLOW"}, {"RVA": 78992, "Type": "HIGHLOW"}, {"RVA": 78996, "Type": "HIGHLOW"}, {"RVA": 79020, "Type": "HIGHLOW"}, {"RVA": 79036, "Type": "HIGHLOW"}, {"RVA": 79040, "Type": "HIGHLOW"}, {"RVA": 79060, "Type": "HIGHLOW"}, {"RVA": 79064, "Type": "HIGHLOW"}, {"RVA": 79080, "Type": "HIGHLOW"}, {"RVA": 79084, "Type": "HIGHLOW"}, {"RVA": 79092, "Type": "HIGHLOW"}, {"RVA": 79116, "Type": "HIGHLOW"}, {"RVA": 79132, "Type": "HIGHLOW"}, {"RVA": 79136, "Type": "HIGHLOW"}, {"RVA": 79152, "Type": "HIGHLOW"}, {"RVA": 79156, "Type": "HIGHLOW"}, {"RVA": 79172, "Type": "HIGHLOW"}, {"RVA": 79176, "Type": "HIGHLOW"}, {"RVA": 79184, "Type": "HIGHLOW"}, {"RVA": 79208, "Type": "HIGHLOW"}, {"RVA": 79224, "Type": "HIGHLOW"}, {"RVA": 79228, "Type": "HIGHLOW"}, {"RVA": 79244, "Type": "HIGHLOW"}, {"RVA": 79248, "Type": "HIGHLOW"}, {"RVA": 79252, "Type": "HIGHLOW"}, {"RVA": 79260, "Type": "HIGHLOW"}, {"RVA": 79284, "Type": "HIGHLOW"}, {"RVA": 79348, "Type": "HIGHLOW"}, {"RVA": 79356, "Type": "HIGHLOW"}, {"RVA": 79364, "Type": "HIGHLOW"}, {"RVA": 79368, "Type": "HIGHLOW"}, {"RVA": 79376, "Type": "HIGHLOW"}, {"RVA": 79396, "Type": "HIGHLOW"}, {"RVA": 79404, "Type": "HIGHLOW"}, {"RVA": 79424, "Type": "HIGHLOW"}, {"RVA": 79456, "Type": "HIGHLOW"}, {"RVA": 79468, "Type": "HIGHLOW"}, {"RVA": 79496, "Type": "HIGHLOW"}, {"RVA": 79528, "Type": "HIGHLOW"}, {"RVA": 79560, "Type": "HIGHLOW"}, {"RVA": 79592, "Type": "HIGHLOW"}, {"RVA": 79624, "Type": "HIGHLOW"}, {"RVA": 79656, "Type": "HIGHLOW"}, {"RVA": 79688, "Type": "HIGHLOW"}, {"RVA": 79716, "Type": "HIGHLOW"}, {"RVA": 79720, "Type": "HIGHLOW"}, {"RVA": 79752, "Type": "HIGHLOW"}, {"RVA": 79784, "Type": "HIGHLOW"}, {"RVA": 79816, "Type": "HIGHLOW"}, {"RVA": 79848, "Type": "HIGHLOW"}, {"RVA": 79880, "Type": "HIGHLOW"}, {"RVA": 79912, "Type": "HIGHLOW"}, {"RVA": 79924, "Type": "HIGHLOW"}, {"RVA": 79952, "Type": "HIGHLOW"}, {"RVA": 79964, "Type": "HIGHLOW"}, {"RVA": 79992, "Type": "HIGHLOW"}, {"RVA": 80024, "Type": "HIGHLOW"}, {"RVA": 80056, "Type": "HIGHLOW"}, {"RVA": 80088, "Type": "HIGHLOW"}, {"RVA": 80120, "Type": "HIGHLOW"}, {"RVA": 80152, "Type": "HIGHLOW"}, {"RVA": 80184, "Type": "HIGHLOW"}, {"RVA": 80216, "Type": "HIGHLOW"}, {"RVA": 80244, "Type": "HIGHLOW"}, {"RVA": 80248, "Type": "HIGHLOW"}, {"RVA": 80276, "Type": "HIGHLOW"}, {"RVA": 80280, "Type": "HIGHLOW"}, {"RVA": 80312, "Type": "HIGHLOW"}, {"RVA": 80340, "Type": "HIGHLOW"}, {"RVA": 80344, "Type": "HIGHLOW"}, {"RVA": 80376, "Type": "HIGHLOW"}, {"RVA": 80408, "Type": "HIGHLOW"}, {"RVA": 80440, "Type": "HIGHLOW"}, {"RVA": 80452, "Type": "HIGHLOW"}, {"RVA": 80480, "Type": "HIGHLOW"}, {"RVA": 80512, "Type": "HIGHLOW"}, {"RVA": 80520, "Type": "HIGHLOW"}, {"RVA": 80532, "Type": "HIGHLOW"}, {"RVA": 80564, "Type": "HIGHLOW"}, {"RVA": 80576, "Type": "HIGHLOW"}, {"RVA": 80632, "Type": "HIGHLOW"}, {"RVA": 80640, "Type": "HIGHLOW"}, {"RVA": 80644, "Type": "HIGHLOW"}, {"RVA": 80668, "Type": "HIGHLOW"}, {"RVA": 80672, "Type": "HIGHLOW"}, {"RVA": 80688, "Type": "HIGHLOW"}, {"RVA": 80724, "Type": "HIGHLOW"}, {"RVA": 80736, "Type": "HIGHLOW"}, {"RVA": 80744, "Type": "HIGHLOW"}, {"RVA": 80792, "Type": "HIGHLOW"}, {"RVA": 80800, "Type": "HIGHLOW"}, {"RVA": 80804, "Type": "HIGHLOW"}, {"RVA": 80828, "Type": "HIGHLOW"}, {"RVA": 80832, "Type": "HIGHLOW"}, {"RVA": 80860, "Type": "HIGHLOW"}, {"RVA": 80864, "Type": "HIGHLOW"}, {"RVA": 80872, "Type": "HIGHLOW"}, {"RVA": 80880, "Type": "HIGHLOW"}, {"RVA": 80888, "Type": "HIGHLOW"}, {"RVA": 80892, "Type": "HIGHLOW"}, {"RVA": 80900, "Type": "HIGHLOW"}, {"RVA": 80920, "Type": "HIGHLOW"}], [{"SizeOfBlock": {"FileOffset": 91028, "Value": 284, "Offset": 4}, "VirtualAddress": {"FileOffset": 91024, "Value": 86016, "Offset": 0}, "Structure": "IMAGE_BASE_RELOCATION"}, {"RVA": 86016, "Type": "HIGHLOW"}, {"RVA": 86044, "Type": "HIGHLOW"}, {"RVA": 86080, "Type": "HIGHLOW"}, {"RVA": 86488, "Type": "HIGHLOW"}, {"RVA": 86492, "Type": "HIGHLOW"}, {"RVA": 87560, "Type": "HIGHLOW"}, {"RVA": 87816, "Type": "HIGHLOW"}, {"RVA": 87820, "Type": "HIGHLOW"}, {"RVA": 87824, "Type": "HIGHLOW"}, {"RVA": 87828, "Type": "HIGHLOW"}, {"RVA": 87832, "Type": "HIGHLOW"}, {"RVA": 87836, "Type": "HIGHLOW"}, {"RVA": 87840, "Type": "HIGHLOW"}, {"RVA": 87844, "Type": "HIGHLOW"}, {"RVA": 87848, "Type": "HIGHLOW"}, {"RVA": 87852, "Type": "HIGHLOW"}, {"RVA": 87856, "Type": "HIGHLOW"}, {"RVA": 87860, "Type": "HIGHLOW"}, {"RVA": 87864, "Type": "HIGHLOW"}, {"RVA": 87868, "Type": "HIGHLOW"}, {"RVA": 87872, "Type": "HIGHLOW"}, {"RVA": 87876, "Type": "HIGHLOW"}, {"RVA": 87880, "Type": "HIGHLOW"}, {"RVA": 87884, "Type": "HIGHLOW"}, {"RVA": 87888, "Type": "HIGHLOW"}, {"RVA": 87892, "Type": "HIGHLOW"}, {"RVA": 87896, "Type": "HIGHLOW"}, {"RVA": 87900, "Type": "HIGHLOW"}, {"RVA": 87904, "Type": "HIGHLOW"}, {"RVA": 87908, "Type": "HIGHLOW"}, {"RVA": 87912, "Type": "HIGHLOW"}, {"RVA": 87916, "Type": "HIGHLOW"}, {"RVA": 87920, "Type": "HIGHLOW"}, {"RVA": 87924, "Type": "HIGHLOW"}, {"RVA": 87928, "Type": "HIGHLOW"}, {"RVA": 87932, "Type": "HIGHLOW"}, {"RVA": 87936, "Type": "HIGHLOW"}, {"RVA": 87940, "Type": "HIGHLOW"}, {"RVA": 87944, "Type": "HIGHLOW"}, {"RVA": 87948, "Type": "HIGHLOW"}, {"RVA": 87952, "Type": "HIGHLOW"}, {"RVA": 87956, "Type": "HIGHLOW"}, {"RVA": 87960, "Type": "HIGHLOW"}, {"RVA": 87964, "Type": "HIGHLOW"}, {"RVA": 87968, "Type": "HIGHLOW"}, {"RVA": 87972, "Type": "HIGHLOW"}, {"RVA": 87976, "Type": "HIGHLOW"}, {"RVA": 87980, "Type": "HIGHLOW"}, {"RVA": 87984, "Type": "HIGHLOW"}, {"RVA": 88000, "Type": "HIGHLOW"}, {"RVA": 88004, "Type": "HIGHLOW"}, {"RVA": 88008, "Type": "HIGHLOW"}, {"RVA": 88012, "Type": "HIGHLOW"}, {"RVA": 88016, "Type": "HIGHLOW"}, {"RVA": 88020, "Type": "HIGHLOW"}, {"RVA": 88024, "Type": "HIGHLOW"}, {"RVA": 88028, "Type": "HIGHLOW"}, {"RVA": 88032, "Type": "HIGHLOW"}, {"RVA": 88036, "Type": "HIGHLOW"}, {"RVA": 88040, "Type": "HIGHLOW"}, {"RVA": 88044, "Type": "HIGHLOW"}, {"RVA": 88048, "Type": "HIGHLOW"}, {"RVA": 88052, "Type": "HIGHLOW"}, {"RVA": 88056, "Type": "HIGHLOW"}, {"RVA": 88060, "Type": "HIGHLOW"}, {"RVA": 88064, "Type": "HIGHLOW"}, {"RVA": 88068, "Type": "HIGHLOW"}, {"RVA": 88072, "Type": "HIGHLOW"}, {"RVA": 88076, "Type": "HIGHLOW"}, {"RVA": 88080, "Type": "HIGHLOW"}, {"RVA": 88084, "Type": "HIGHLOW"}, {"RVA": 88088, "Type": "HIGHLOW"}, {"RVA": 88092, "Type": "HIGHLOW"}, {"RVA": 88096, "Type": "HIGHLOW"}, {"RVA": 88100, "Type": "HIGHLOW"}, {"RVA": 88104, "Type": "HIGHLOW"}, {"RVA": 88108, "Type": "HIGHLOW"}, {"RVA": 88112, "Type": "HIGHLOW"}, {"RVA": 88116, "Type": "HIGHLOW"}, {"RVA": 88120, "Type": "HIGHLOW"}, {"RVA": 88124, "Type": "HIGHLOW"}, {"RVA": 88128, "Type": "HIGHLOW"}, {"RVA": 88132, "Type": "HIGHLOW"}, {"RVA": 88136, "Type": "HIGHLOW"}, {"RVA": 88140, "Type": "HIGHLOW"}, {"RVA": 88144, "Type": "HIGHLOW"}, {"RVA": 88148, "Type": "HIGHLOW"}, {"RVA": 88152, "Type": "HIGHLOW"}, {"RVA": 88156, "Type": "HIGHLOW"}, {"RVA": 88160, "Type": "HIGHLOW"}, {"RVA": 88164, "Type": "HIGHLOW"}, {"RVA": 88168, "Type": "HIGHLOW"}, {"RVA": 88264, "Type": "HIGHLOW"}, {"RVA": 88280, "Type": "HIGHLOW"}, {"RVA": 88296, "Type": "HIGHLOW"}, {"RVA": 88312, "Type": "HIGHLOW"}, {"RVA": 88328, "Type": "HIGHLOW"}, {"RVA": 88364, "Type": "HIGHLOW"}, {"RVA": 88376, "Type": "HIGHLOW"}, {"RVA": 88380, "Type": "HIGHLOW"}, {"RVA": 88384, "Type": "HIGHLOW"}, {"RVA": 88388, "Type": "HIGHLOW"}, {"RVA": 88392, "Type": "HIGHLOW"}, {"RVA": 88416, "Type": "HIGHLOW"}, {"RVA": 88720, "Type": "HIGHLOW"}, {"RVA": 88728, "Type": "HIGHLOW"}, {"RVA": 89680, "Type": "HIGHLOW"}, {"RVA": 89684, "Type": "HIGHLOW"}, {"RVA": 89688, "Type": "HIGHLOW"}, {"RVA": 89692, "Type": "HIGHLOW"}, {"RVA": 89696, "Type": "HIGHLOW"}, {"RVA": 89700, "Type": "HIGHLOW"}, {"RVA": 89704, "Type": "HIGHLOW"}, {"RVA": 89708, "Type": "HIGHLOW"}, {"RVA": 89712, "Type": "HIGHLOW"}, {"RVA": 89716, "Type": "HIGHLOW"}, {"RVA": 89736, "Type": "HIGHLOW"}, {"RVA": 89740, "Type": "HIGHLOW"}, {"RVA": 89744, "Type": "HIGHLOW"}, {"RVA": 89748, "Type": "HIGHLOW"}, {"RVA": 89752, "Type": "HIGHLOW"}, {"RVA": 89756, "Type": "HIGHLOW"}, {"RVA": 89760, "Type": "HIGHLOW"}, {"RVA": 89764, "Type": "HIGHLOW"}, {"RVA": 89768, "Type": "HIGHLOW"}, {"RVA": 89772, "Type": "HIGHLOW"}, {"RVA": 89784, "Type": "HIGHLOW"}, {"RVA": 89788, "Type": "HIGHLOW"}, {"RVA": 89792, "Type": "HIGHLOW"}, {"RVA": 89796, "Type": "HIGHLOW"}, {"RVA": 89800, "Type": "HIGHLOW"}, {"RVA": 89804, "Type": "HIGHLOW"}, {"RVA": 89808, "Type": "HIGHLOW"}, {"RVA": 89812, "Type": "HIGHLOW"}, {"RVA": 89816, "Type": "HIGHLOW"}, {"RVA": 89820, "Type": "HIGHLOW"}, {"RVA": 89824, "Type": "HIGHLOW"}, {"RVA": 86016, "Type": "ABSOLUTE"}], [{"SizeOfBlock": {"FileOffset": 91312, "Value": 12, "Offset": 4}, "VirtualAddress": {"FileOffset": 91308, "Value": 90112, "Offset": 0}, "Structure": "IMAGE_BASE_RELOCATION"}, {"RVA": 93408, "Type": "HIGHLOW"}, {"RVA": 93428, "Type": "HIGHLOW"}]], "NT_HEADERS": {"Structure": "IMAGE_NT_HEADERS", "Signature": {"FileOffset": 232, "Value": 17744, "Offset": 0}}, "LOAD_CONFIG": {"TimeDateStamp": {"FileOffset": 74244, "Value": "0x0        [Thu Jan  1 00:00:00 1970 UTC]", "Offset": 4}, "ProcessHeapFlags": {"FileOffset": 74284, "Value": 0, "Offset": 44}, "CSDVersion": {"FileOffset": 74292, "Value": 0, "Offset": 52}, "GuardCFFunctionCount": {"FileOffset": 74324, "Value": 4280320, "Offset": 84}, "SEHandlerCount": {"FileOffset": 74308, "Value": 8, "Offset": 68}, "GuardCFCheckFunctionPointer": {"FileOffset": 74312, "Value": 0, "Offset": 72}, "GlobalFlagsClear": {"FileOffset": 74252, "Value": 0, "Offset": 12}, "ProcessAffinityMask": {"FileOffset": 74288, "Value": 0, "Offset": 48}, "VirtualMemoryThreshold": {"FileOffset": 74280, "Value": 0, "Offset": 40}, "LockPrefixTable": {"FileOffset": 74272, "Value": 0, "Offset": 32}, "MaximumAllocationSize": {"FileOffset": 74276, "Value": 0, "Offset": 36}, "Structure": "IMAGE_LOAD_CONFIG_DIRECTORY", "SEHandlerTable": {"FileOffset": 74304, "Value": 4273600, "Offset": 64}, "GuardCFFunctionTable": {"FileOffset": 74320, "Value": 0, "Offset": 80}, "DeCommitFreeBlockThreshold": {"FileOffset": 74264, "Value": 0, "Offset": 24}, "MinorVersion": {"FileOffset": 74250, "Value": 0, "Offset": 10}, "MajorVersion": {"FileOffset": 74248, "Value": 0, "Offset": 8}, "Reserved1": {"FileOffset": 74294, "Value": 0, "Offset": 54}, "SecurityCookie": {"FileOffset": 74300, "Value": 4280412, "Offset": 60}, "GlobalFlagsSet": {"FileOffset": 74256, "Value": 0, "Offset": 16}, "CriticalSectionDefaultTimeout": {"FileOffset": 74260, "Value": 0, "Offset": 20}, "DeCommitTotalFreeThreshold": {"FileOffset": 74268, "Value": 0, "Offset": 28}, "Reserved2": {"FileOffset": 74316, "Value": 0, "Offset": 76}, "EditList": {"FileOffset": 74296, "Value": 0, "Offset": 56}, "GuardFlags": {"FileOffset": 74328, "Value": 4273244, "Offset": 88}, "Size": {"FileOffset": 74240, "Value": 72, "Offset": 0}}, "Flags": ["IMAGE_FILE_32BIT_MACHINE", "IMAGE_FILE_EXECUTABLE_IMAGE"], "Version Information": [{"ValueLength": {"FileOffset": 86874, "Value": 52, "Offset": 2}, "Length": {"FileOffset": 86872, "Value": 664, "Offset": 0}, "Type": {"FileOffset": 86876, "Value": 0, "Offset": 4}, "Structure": "VS_VERSIONINFO"}, {"FileFlagsMask": {"FileOffset": 86936, "Value": 63, "Offset": 24}, "FileType": {"FileOffset": 86948, "Value": 1, "Offset": 36}, "FileVersionMS": {"FileOffset": 86920, "Value": 65536, "Offset": 8}, "FileVersionLS": {"FileOffset": 86924, "Value": 1, "Offset": 12}, "Signature": {"FileOffset": 86912, "Value": 4277077181, "Offset": 0}, "FileSubtype": {"FileOffset": 86952, "Value": 0, "Offset": 40}, "FileFlags": {"FileOffset": 86940, "Value": 0, "Offset": 28}, "FileDateLS": {"FileOffset": 86960, "Value": 0, "Offset": 48}, "ProductVersionLS": {"FileOffset": 86932, "Value": 1, "Offset": 20}, "FileOS": {"FileOffset": 86944, "Value": 262148, "Offset": 32}, "ProductVersionMS": {"FileOffset": 86928, "Value": 65536, "Offset": 16}, "FileDateMS": {"FileOffset": 86956, "Value": 0, "Offset": 44}, "Structure": "VS_FIXEDFILEINFO", "StrucVersion": {"FileOffset": 86916, "Value": 65536, "Offset": 4}}], "Imported symbols": [[{"TimeDateStamp": {"FileOffset": 76320, "Value": "0x0        [Thu Jan  1 00:00:00 1970 UTC]", "Offset": 4}, "Name": {"FileOffset": 76328, "Value": 81562, "Offset": 12}, "ForwarderChain": {"FileOffset": 76324, "Value": 0, "Offset": 8}, "OriginalFirstThunk": {"FileOffset": 76316, "Value": 81416, "Offset": 0}, "FirstThunk": {"FileOffset": 76332, "Value": 70024, "Offset": 16}, "Characteristics": {"FileOffset": 76316, "Value": 81416, "Offset": 0}, "Structure": "IMAGE_IMPORT_DESCRIPTOR"}, {"Hint": 107, "Name": "InternetCloseHandle", "DLL": "WININET.dll"}, {"Hint": 151, "Name": "InternetOpenA", "DLL": "WININET.dll"}, {"Hint": 91, "Name": "HttpSendRequestA", "DLL": "WININET.dll"}, {"Hint": 87, "Name": "HttpOpenRequestA", "DLL": "WININET.dll"}, {"Hint": 113, "Name": "InternetConnectA", "DLL": "WININET.dll"}, {"Hint": 152, "Name": "InternetOpenUrlA", "DLL": "WININET.dll"}], [{"TimeDateStamp": {"FileOffset": 76340, "Value": "0x0        [Thu Jan  1 00:00:00 1970 UTC]", "Offset": 4}, "Name": {"FileOffset": 76348, "Value": 82158, "Offset": 12}, "ForwarderChain": {"FileOffset": 76344, "Value": 0, "Offset": 8}, "OriginalFirstThunk": {"FileOffset": 76336, "Value": 81024, "Offset": 0}, "FirstThunk": {"FileOffset": 76352, "Value": 69632, "Offset": 16}, "Characteristics": {"FileOffset": 76336, "Value": 81024, "Offset": 0}, "Structure": "IMAGE_IMPORT_DESCRIPTOR"}, {"Hint": 202, "Name": "DecodePointer", "DLL": "KERNEL32.dll"}, {"Hint": 1107, "Name": "SetEndOfFile", "DLL": "KERNEL32.dll"}, {"Hint": 143, "Name": "CreateFileW", "DLL": "KERNEL32.dll"}, {"Hint": 722, "Name": "HeapReAlloc", "DLL": "KERNEL32.dll"}, {"Hint": 772, "Name": "IsProcessorFeaturePresent", "DLL": "KERNEL32.dll"}, {"Hint": 136, "Name": "CreateFileA", "DLL": "KERNEL32.dll"}, {"Hint": 1159, "Name": "SetStdHandle", "DLL": "KERNEL32.dll"}, {"Hint": 909, "Name": "PeekNamedPipe", "DLL": "KERNEL32.dll"}, {"Hint": 354, "Name": "FreeLibrary", "DLL": "KERNEL32.dll"}, {"Hint": 1317, "Name": "WriteFile", "DLL": "KERNEL32.dll"}, {"Hint": 1217, "Name": "TerminateThread", "DLL": "KERNEL32.dll"}, {"Hint": 1202, "Name": "Sleep", "DLL": "KERNEL32.dll"}, {"Hint": 479, "Name": "GetExitCodeProcess", "DLL": "KERNEL32.dll"}, {"Hint": 164, "Name": "CreateProcessA", "DLL": "KERNEL32.dll"}, {"Hint": 1216, "Name": "TerminateProcess", "DLL": "KERNEL32.dll"}, {"Hint": 960, "Name": "ReadFile", "DLL": "KERNEL32.dll"}, {"Hint": 623, "Name": "GetSystemDirectoryA", "DLL": "KERNEL32.dll"}, {"Hint": 610, "Name": "GetStartupInfoA", "DLL": "KERNEL32.dll"}, {"Hint": 514, "Name": "GetLastError", "DLL": "KERNEL32.dll"}, {"Hint": 581, "Name": "GetProcAddress", "DLL": "KERNEL32.dll"}, {"Hint": 112, "Name": "CopyFileA", "DLL": "KERNEL32.dll"}, {"Hint": 828, "Name": "LoadLibraryA", "DLL": "KERNEL32.dll"}, {"Hint": 480, "Name": "GetExitCodeThread", "DLL": "KERNEL32.dll"}, {"Hint": 1271, "Name": "WaitForMultipleObjects", "DLL": "KERNEL32.dll"}, {"Hint": 161, "Name": "CreatePipe", "DLL": "KERNEL32.dll"}, {"Hint": 531, "Name": "GetModuleFileNameA", "DLL": "KERNEL32.dll"}, {"Hint": 446, "Name": "GetCurrentDirectoryA", "DLL": "KERNEL32.dll"}, {"Hint": 82, "Name": "CloseHandle", "DLL": "KERNEL32.dll"}, {"Hint": 644, "Name": "GetTempPathA", "DLL": "KERNEL32.dll"}, {"Hint": 211, "Name": "DeleteFileA", "DLL": "KERNEL32.dll"}, {"Hint": 181, "Name": "CreateThread", "DLL": "KERNEL32.dll"}, {"Hint": 1149, "Name": "SetPriorityClass", "DLL": "KERNEL32.dll"}, {"Hint": 448, "Name": "GetCurrentProcess", "DLL": "KERNEL32.dll"}, {"Hint": 452, "Name": "GetCurrentThread", "DLL": "KERNEL32.dll"}, {"Hint": 1154, "Name": "SetProcessPriorityBoost", "DLL": "KERNEL32.dll"}, {"Hint": 1342, "Name": "lstrcatA", "DLL": "KERNEL32.dll"}, {"Hint": 475, "Name": "GetEnvironmentVariableA", "DLL": "KERNEL32.dll"}, {"Hint": 1177, "Name": "SetThreadPriority", "DLL": "KERNEL32.dll"}, {"Hint": 608, "Name": "GetShortPathNameA", "DLL": "KERNEL32.dll"}, {"Hint": 1351, "Name": "lstrcpyA", "DLL": "KERNEL32.dll"}, {"Hint": 1316, "Name": "WriteConsoleW", "DLL": "KERNEL32.dll"}, {"Hint": 719, "Name": "HeapFree", "DLL": "KERNEL32.dll"}, {"Hint": 715, "Name": "HeapAlloc", "DLL": "KERNEL32.dll"}, {"Hint": 633, "Name": "GetSystemTimeAsFileTime", "DLL": "KERNEL32.dll"}, {"Hint": 390, "Name": "GetCommandLineA", "DLL": "KERNEL32.dll"}, {"Hint": 723, "Name": "HeapSetInformation", "DLL": "KERNEL32.dll"}, {"Hint": 611, "Name": "GetStartupInfoW", "DLL": "KERNEL32.dll"}, {"Hint": 1235, "Name": "UnhandledExceptionFilter", "DLL": "KERNEL32.dll"}, {"Hint": 1189, "Name": "SetUnhandledExceptionFilter", "DLL": "KERNEL32.dll"}, {"Hint": 768, "Name": "IsDebuggerPresent", "DLL": "KERNEL32.dll"}, {"Hint": 234, "Name": "EncodePointer", "DLL": "KERNEL32.dll"}, {"Hint": 586, "Name": "GetProcessHeap", "DLL": "KERNEL32.dll"}, {"Hint": 945, "Name": "RaiseException", "DLL": "KERNEL32.dll"}, {"Hint": 717, "Name": "HeapCreate", "DLL": "KERNEL32.dll"}, {"Hint": 536, "Name": "GetModuleHandleW", "DLL": "KERNEL32.dll"}, {"Hint": 281, "Name": "ExitProcess", "DLL": "KERNEL32.dll"}, {"Hint": 612, "Name": "GetStdHandle", "DLL": "KERNEL32.dll"}, {"Hint": 532, "Name": "GetModuleFileNameW", "DLL": "KERNEL32.dll"}, {"Hint": 370, "Name": "GetCPInfo", "DLL": "KERNEL32.dll"}, {"Hint": 751, "Name": "InterlockedIncrement", "DLL": "KERNEL32.dll"}, {"Hint": 747, "Name": "InterlockedDecrement", "DLL": "KERNEL32.dll"}, {"Hint": 360, "Name": "GetACP", "DLL": "KERNEL32.dll"}, {"Hint": 567, "Name": "GetOEMCP", "DLL": "KERNEL32.dll"}, {"Hint": 778, "Name": "IsValidCodePage", "DLL": "KERNEL32.dll"}, {"Hint": 1221, "Name": "TlsAlloc", "DLL": "KERNEL32.dll"}, {"Hint": 1223, "Name": "TlsGetValue", "DLL": "KERNEL32.dll"}, {"Hint": 1224, "Name": "TlsSetValue", "DLL": "KERNEL32.dll"}, {"Hint": 1222, "Name": "TlsFree", "DLL": "KERNEL32.dll"}, {"Hint": 1139, "Name": "SetLastError", "DLL": "KERNEL32.dll"}, {"Hint": 453, "Name": "GetCurrentThreadId", "DLL": "KERNEL32.dll"}, {"Hint": 1297, "Name": "WideCharToMultiByte", "DLL": "KERNEL32.dll"}, {"Hint": 410, "Name": "GetConsoleCP", "DLL": "KERNEL32.dll"}, {"Hint": 428, "Name": "GetConsoleMode", "DLL": "KERNEL32.dll"}, {"Hint": 343, "Name": "FlushFileBuffers", "DLL": "KERNEL32.dll"}, {"Hint": 739, "Name": "InitializeCriticalSectionAndSpinCount", "DLL": "KERNEL32.dll"}, {"Hint": 209, "Name": "DeleteCriticalSection", "DLL": "KERNEL32.dll"}, {"Hint": 825, "Name": "LeaveCriticalSection", "DLL": "KERNEL32.dll"}, {"Hint": 238, "Name": "EnterCriticalSection", "DLL": "KERNEL32.dll"}, {"Hint": 1048, "Name": "RtlUnwind", "DLL": "KERNEL32.dll"}, {"Hint": 871, "Name": "MultiByteToWideChar", "DLL": "KERNEL32.dll"}, {"Hint": 1135, "Name": "SetHandleCount", "DLL": "KERNEL32.dll"}, {"Hint": 499, "Name": "GetFileType", "DLL": "KERNEL32.dll"}, {"Hint": 1126, "Name": "SetFilePointer", "DLL": "KERNEL32.dll"}, {"Hint": 353, "Name": "FreeEnvironmentStringsW", "DLL": "KERNEL32.dll"}, {"Hint": 474, "Name": "GetEnvironmentStringsW", "DLL": "KERNEL32.dll"}, {"Hint": 935, "Name": "QueryPerformanceCounter", "DLL": "KERNEL32.dll"}, {"Hint": 659, "Name": "GetTickCount", "DLL": "KERNEL32.dll"}, {"Hint": 449, "Name": "GetCurrentProcessId", "DLL": "KERNEL32.dll"}, {"Hint": 724, "Name": "HeapSize", "DLL": "KERNEL32.dll"}, {"Hint": 831, "Name": "LoadLibraryW", "DLL": "KERNEL32.dll"}, {"Hint": 813, "Name": "LCMapStringW", "DLL": "KERNEL32.dll"}, {"Hint": 617, "Name": "GetStringTypeW", "DLL": "KERNEL32.dll"}], [{"TimeDateStamp": {"FileOffset": 76360, "Value": "0x0        [Thu Jan  1 00:00:00 1970 UTC]", "Offset": 4}, "Name": {"FileOffset": 76368, "Value": 82186, "Offset": 12}, "ForwarderChain": {"FileOffset": 76364, "Value": 0, "Offset": 8}, "OriginalFirstThunk": {"FileOffset": 76356, "Value": 81408, "Offset": 0}, "FirstThunk": {"FileOffset": 76372, "Value": 70016, "Offset": 16}, "Characteristics": {"FileOffset": 76356, "Value": 81408, "Offset": 0}, "Structure": "IMAGE_IMPORT_DESCRIPTOR"}, {"Hint": 505, "Name": "LoadStringA", "DLL": "USER32.dll"}], [{"TimeDateStamp": {"FileOffset": 76380, "Value": "0x0        [Thu Jan  1 00:00:00 1970 UTC]", "Offset": 4}, "Name": {"FileOffset": 76388, "Value": 82234, "Offset": 12}, "ForwarderChain": {"FileOffset": 76384, "Value": 0, "Offset": 8}, "OriginalFirstThunk": {"FileOffset": 76376, "Value": 81396, "Offset": 0}, "FirstThunk": {"FileOffset": 76392, "Value": 70004, "Offset": 16}, "Characteristics": {"FileOffset": 76376, "Value": 81396, "Offset": 0}, "Structure": "IMAGE_IMPORT_DESCRIPTOR"}, {"Hint": 288, "Name": "ShellExecuteExA", "DLL": "SHELL32.dll"}, {"Hint": 127, "Name": "SHChangeNotify", "DLL": "SHELL32.dll"}]], "PE Sections": [{"PointerToRawData": {"FileOffset": 500, "Value": 1024, "Offset": 20}, "SHA1": "62afa9a1e033f4e96ebbaf5cfa307a92cbfb0552", "SHA256": "d401847b56c6ebc499fd2633a0017609a59e6c677f1f510584810f875ab2596e", "Name": {"FileOffset": 480, "Value": ".text", "Offset": 0}, "NumberOfRelocations": {"FileOffset": 512, "Value": 0, "Offset": 32}, "Misc_VirtualSize": {"FileOffset": 488, "Value": 63928, "Offset": 8}, "Characteristics": {"FileOffset": 516, "Value": 1610612768, "Offset": 36}, "Misc": {"FileOffset": 488, "Value": 63928, "Offset": 8}, "PointerToLinenumbers": {"FileOffset": 508, "Value": 0, "Offset": 28}, "SizeOfRawData": {"FileOffset": 496, "Value": 64000, "Offset": 16}, "Misc_PhysicalAddress": {"FileOffset": 488, "Value": 63928, "Offset": 8}, "PointerToRelocations": {"FileOffset": 504, "Value": 0, "Offset": 24}, "Flags": ["IMAGE_SCN_MEM_EXECUTE", "IMAGE_SCN_CNT_CODE", "IMAGE_SCN_MEM_READ"], "SHA512": "017d847ada8618343af334c07b326ad4f06865dbd534e9e814f3f5ae8319eae910a97dbb0d8abeb37fba099d6d48231c9184fe301e4096fffe231245bcc48f60", "MD5": "47b240260347281017e6998413af1300", "Entropy": 6.5762132837108345, "VirtualAddress": {"FileOffset": 492, "Value": 4096, "Offset": 12}, "Structure": "IMAGE_SECTION_HEADER", "NumberOfLinenumbers": {"FileOffset": 514, "Value": 0, "Offset": 34}}, {"PointerToRawData": {"FileOffset": 540, "Value": 65024, "Offset": 20}, "SHA1": "e9b0bbc7a0a381340f542efeda4a5a00487d2703", "SHA256": "cac53567451e7c72bdc59a635bf9f27de949661694b013556da8006a7cc57263", "Name": {"FileOffset": 520, "Value": ".rdata", "Offset": 0}, "NumberOfRelocations": {"FileOffset": 552, "Value": 0, "Offset": 32}, "Misc_VirtualSize": {"FileOffset": 528, "Value": 13710, "Offset": 8}, "Characteristics": {"FileOffset": 556, "Value": 1073741888, "Offset": 36}, "Misc": {"FileOffset": 528, "Value": 13710, "Offset": 8}, "PointerToLinenumbers": {"FileOffset": 548, "Value": 0, "Offset": 28}, "SizeOfRawData": {"FileOffset": 536, "Value": 13824, "Offset": 16}, "Misc_PhysicalAddress": {"FileOffset": 528, "Value": 13710, "Offset": 8}, "PointerToRelocations": {"FileOffset": 544, "Value": 0, "Offset": 24}, "Flags": ["IMAGE_SCN_CNT_INITIALIZED_DATA", "IMAGE_SCN_MEM_READ"], "SHA512": "e231074fc24122133870f8f814873fe55dac44e8586940555862b055cefc9d567247d7fe6af31d0b7beb724018a6f693a596e5d9aeef84d3ba447fd0ac564b17", "MD5": "4305a7e124529369ccd2b1425502d8e2", "Entropy": 5.0104665518374505, "VirtualAddress": {"FileOffset": 532, "Value": 69632, "Offset": 12}, "Structure": "IMAGE_SECTION_HEADER", "NumberOfLinenumbers": {"FileOffset": 554, "Value": 0, "Offset": 34}}, {"PointerToRawData": {"FileOffset": 580, "Value": 78848, "Offset": 20}, "SHA1": "d327e8797398b340a77ddbfefe0ee1d52f4346bb", "SHA256": "ef76b0127f53fde7d0f067207085ca0c98e6e62ce5437dcc466dda9ae6e08609", "Name": {"FileOffset": 560, "Value": ".data", "Offset": 0}, "NumberOfRelocations": {"FileOffset": 592, "Value": 0, "Offset": 32}, "Misc_VirtualSize": {"FileOffset": 568, "Value": 16260, "Offset": 8}, "Characteristics": {"FileOffset": 596, "Value": 3221225536, "Offset": 36}, "Misc": {"FileOffset": 568, "Value": 16260, "Offset": 8}, "PointerToLinenumbers": {"FileOffset": 588, "Value": 0, "Offset": 28}, "SizeOfRawData": {"FileOffset": 576, "Value": 7680, "Offset": 16}, "Misc_PhysicalAddress": {"FileOffset": 568, "Value": 16260, "Offset": 8}, "PointerToRelocations": {"FileOffset": 584, "Value": 0, "Offset": 24}, "Flags": ["IMAGE_SCN_CNT_INITIALIZED_DATA", "IMAGE_SCN_MEM_WRITE", "IMAGE_SCN_MEM_READ"], "SHA512": "02d7dd4681224c2f156217c3e4ee6ba54166d97cce4107f71ab56e2c75d033e55b3a6a3318b0e540557916c076ea200734d30dfef0d4c65eca5e49372622ba8a", "MD5": "24b11eae5884eeda4f79bafcb937d125", "Entropy": 2.4657090721495885, "VirtualAddress": {"FileOffset": 572, "Value": 86016, "Offset": 12}, "Structure": "IMAGE_SECTION_HEADER", "NumberOfLinenumbers": {"FileOffset": 594, "Value": 0, "Offset": 34}}, {"PointerToRawData": {"FileOffset": 620, "Value": 86528, "Offset": 20}, "SHA1": "55ffbe2814384f4deb925a1730ced3ed6622aecf", "SHA256": "213b4818d77688a7e35efc3922763f950a3e32ae0ab94fa664c07275082bd968", "Name": {"FileOffset": 600, "Value": ".rsrc", "Offset": 0}, "NumberOfRelocations": {"FileOffset": 632, "Value": 0, "Offset": 32}, "Misc_VirtualSize": {"FileOffset": 608, "Value": 1356, "Offset": 8}, "Characteristics": {"FileOffset": 636, "Value": 1073741888, "Offset": 36}, "Misc": {"FileOffset": 608, "Value": 1356, "Offset": 8}, "PointerToLinenumbers": {"FileOffset": 628, "Value": 0, "Offset": 28}, "SizeOfRawData": {"FileOffset": 616, "Value": 1536, "Offset": 16}, "Misc_PhysicalAddress": {"FileOffset": 608, "Value": 1356, "Offset": 8}, "PointerToRelocations": {"FileOffset": 624, "Value": 0, "Offset": 24}, "Flags": ["IMAGE_SCN_CNT_INITIALIZED_DATA", "IMAGE_SCN_MEM_READ"], "SHA512": "92e5714e405cc777ae90e637505a7775a2faf685c93c70abcbea8875f1cdaf7413132857c2216c255fc93e08b373f7b8e348d2b9a18ae4318d2857523053f4fa", "MD5": "c0d04aae0e364ed494b73c91ba13f859", "Entropy": 4.3972786495554965, "VirtualAddress": {"FileOffset": 612, "Value": 102400, "Offset": 12}, "Structure": "IMAGE_SECTION_HEADER", "NumberOfLinenumbers": {"FileOffset": 634, "Value": 0, "Offset": 34}}, {"PointerToRawData": {"FileOffset": 660, "Value": 88064, "Offset": 20}, "SHA1": "b266f577ea206d48a9ca75c6d18f5cea7e0186e7", "SHA256": "5be48132c5a6dd73016b5930aefdfc6dad4bab99ec2ea0545b66c6db25f4dc00", "Name": {"FileOffset": 640, "Value": ".reloc", "Offset": 0}, "NumberOfRelocations": {"FileOffset": 672, "Value": 0, "Offset": 32}, "Misc_VirtualSize": {"FileOffset": 648, "Value": 5872, "Offset": 8}, "Characteristics": {"FileOffset": 676, "Value": 1107296320, "Offset": 36}, "Misc": {"FileOffset": 648, "Value": 5872, "Offset": 8}, "PointerToLinenumbers": {"FileOffset": 668, "Value": 0, "Offset": 28}, "SizeOfRawData": {"FileOffset": 656, "Value": 6144, "Offset": 16}, "Misc_PhysicalAddress": {"FileOffset": 648, "Value": 5872, "Offset": 8}, "PointerToRelocations": {"FileOffset": 664, "Value": 0, "Offset": 24}, "Flags": ["IMAGE_SCN_CNT_INITIALIZED_DATA", "IMAGE_SCN_MEM_DISCARDABLE", "IMAGE_SCN_MEM_READ"], "SHA512": "04a7a37ec70298e80040194b4ba71c3583c5e3ce8520db9f0fabdd8e69eb24750fba0650ca4f987bee82f936922199d8ca51b145dda8fa16b6c8e502cb6fb8e0", "MD5": "a4758e9f9b44385fd58fa0296ac4959c", "Entropy": 4.391380501278172, "VirtualAddress": {"FileOffset": 652, "Value": 106496, "Offset": 12}, "Structure": "IMAGE_SECTION_HEADER", "NumberOfLinenumbers": {"FileOffset": 674, "Value": 0, "Offset": 34}}], "Resource directory": [{"MajorVersion": {"FileOffset": 86536, "Value": 4, "Offset": 8}, "NumberOfIdEntries": {"FileOffset": 86542, "Value": 3, "Offset": 14}, "MinorVersion": {"FileOffset": 86538, "Value": 0, "Offset": 10}, "TimeDateStamp": {"FileOffset": 86532, "Value": "0x0        [Thu Jan  1 00:00:00 1970 UTC]", "Offset": 4}, "Characteristics": {"FileOffset": 86528, "Value": 0, "Offset": 0}, "NumberOfNamedEntries": {"FileOffset": 86540, "Value": 0, "Offset": 12}, "Structure": "IMAGE_RESOURCE_DIRECTORY"}, {"Structure": "IMAGE_RESOURCE_DIRECTORY_ENTRY", "Id": [6, "RT_STRING"], "OffsetToData": {"FileOffset": 86548, "Value": 2147483688, "Offset": 4}, "Name": {"FileOffset": 86544, "Value": 6, "Offset": 0}}, [{"MajorVersion": {"FileOffset": 86576, "Value": 4, "Offset": 8}, "NumberOfIdEntries": {"FileOffset": 86582, "Value": 1, "Offset": 14}, "MinorVersion": {"FileOffset": 86578, "Value": 0, "Offset": 10}, "TimeDateStamp": {"FileOffset": 86572, "Value": "0x0        [Thu Jan  1 00:00:00 1970 UTC]", "Offset": 4}, "Characteristics": {"FileOffset": 86568, "Value": 0, "Offset": 0}, "NumberOfNamedEntries": {"FileOffset": 86580, "Value": 0, "Offset": 12}, "Structure": "IMAGE_RESOURCE_DIRECTORY"}, {"Structure": "IMAGE_RESOURCE_DIRECTORY_ENTRY", "Id": 1, "OffsetToData": {"FileOffset": 86588, "Value": 2147483760, "Offset": 4}, "Name": {"FileOffset": 86584, "Value": 1, "Offset": 0}}, [{"MajorVersion": {"FileOffset": 86648, "Value": 4, "Offset": 8}, "NumberOfIdEntries": {"FileOffset": 86654, "Value": 1, "Offset": 14}, "MinorVersion": {"FileOffset": 86650, "Value": 0, "Offset": 10}, "TimeDateStamp": {"FileOffset": 86644, "Value": "0x0        [Thu Jan  1 00:00:00 1970 UTC]", "Offset": 4}, "Characteristics": {"FileOffset": 86640, "Value": 0, "Offset": 0}, "NumberOfNamedEntries": {"FileOffset": 86652, "Value": 0, "Offset": 12}, "Structure": "IMAGE_RESOURCE_DIRECTORY"}, {"LANG": 4, "SUBLANG_NAME": "SUBLANG_CHINESE_SIMPLIFIED", "Name": {"FileOffset": 86656, "Value": 2052, "Offset": 0}, "CodePage": {"FileOffset": 86720, "Value": 1252, "Offset": 8}, "LANG_NAME": "LANG_CHINESE", "OffsetToData": {"FileOffset": 86712, "Value": 102632, "Offset": 0}, "Reserved": {"FileOffset": 86724, "Value": 0, "Offset": 12}, "SUBLANG": 2, "Structure": "IMAGE_RESOURCE_DATA_ENTRY", "Size": {"FileOffset": 86716, "Value": 112, "Offset": 4}}, "GovdJlDSmd=kyBQbxLwlmWqnripV6w#C5qvYBWoF"]], {"Structure": "IMAGE_RESOURCE_DIRECTORY_ENTRY", "Id": [16, "RT_VERSION"], "OffsetToData": {"FileOffset": 86556, "Value": 2147483712, "Offset": 4}, "Name": {"FileOffset": 86552, "Value": 16, "Offset": 0}}, [{"MajorVersion": {"FileOffset": 86600, "Value": 4, "Offset": 8}, "NumberOfIdEntries": {"FileOffset": 86606, "Value": 1, "Offset": 14}, "MinorVersion": {"FileOffset": 86602, "Value": 0, "Offset": 10}, "TimeDateStamp": {"FileOffset": 86596, "Value": "0x0        [Thu Jan  1 00:00:00 1970 UTC]", "Offset": 4}, "Characteristics": {"FileOffset": 86592, "Value": 0, "Offset": 0}, "NumberOfNamedEntries": {"FileOffset": 86604, "Value": 0, "Offset": 12}, "Structure": "IMAGE_RESOURCE_DIRECTORY"}, {"Structure": "IMAGE_RESOURCE_DIRECTORY_ENTRY", "Id": 1, "OffsetToData": {"FileOffset": 86612, "Value": 2147483784, "Offset": 4}, "Name": {"FileOffset": 86608, "Value": 1, "Offset": 0}}, [{"MajorVersion": {"FileOffset": 86672, "Value": 4, "Offset": 8}, "NumberOfIdEntries": {"FileOffset": 86678, "Value": 1, "Offset": 14}, "MinorVersion": {"FileOffset": 86674, "Value": 0, "Offset": 10}, "TimeDateStamp": {"FileOffset": 86668, "Value": "0x0        [Thu Jan  1 00:00:00 1970 UTC]", "Offset": 4}, "Characteristics": {"FileOffset": 86664, "Value": 0, "Offset": 0}, "NumberOfNamedEntries": {"FileOffset": 86676, "Value": 0, "Offset": 12}, "Structure": "IMAGE_RESOURCE_DIRECTORY"}, {"LANG": 4, "SUBLANG_NAME": "SUBLANG_CHINESE_SIMPLIFIED", "Name": {"FileOffset": 86680, "Value": 2052, "Offset": 0}, "CodePage": {"FileOffset": 86736, "Value": 1252, "Offset": 8}, "LANG_NAME": "LANG_CHINESE", "OffsetToData": {"FileOffset": 86728, "Value": 102744, "Offset": 0}, "Reserved": {"FileOffset": 86740, "Value": 0, "Offset": 12}, "SUBLANG": 2, "Structure": "IMAGE_RESOURCE_DATA_ENTRY", "Size": {"FileOffset": 86732, "Value": 664, "Offset": 4}}]], {"Structure": "IMAGE_RESOURCE_DIRECTORY_ENTRY", "Id": [24, "RT_MANIFEST"], "OffsetToData": {"FileOffset": 86564, "Value": 2147483736, "Offset": 4}, "Name": {"FileOffset": 86560, "Value": 24, "Offset": 0}}, [{"MajorVersion": {"FileOffset": 86624, "Value": 4, "Offset": 8}, "NumberOfIdEntries": {"FileOffset": 86630, "Value": 1, "Offset": 14}, "MinorVersion": {"FileOffset": 86626, "Value": 0, "Offset": 10}, "TimeDateStamp": {"FileOffset": 86620, "Value": "0x0        [Thu Jan  1 00:00:00 1970 UTC]", "Offset": 4}, "Characteristics": {"FileOffset": 86616, "Value": 0, "Offset": 0}, "NumberOfNamedEntries": {"FileOffset": 86628, "Value": 0, "Offset": 12}, "Structure": "IMAGE_RESOURCE_DIRECTORY"}, {"Structure": "IMAGE_RESOURCE_DIRECTORY_ENTRY", "Id": 1, "OffsetToData": {"FileOffset": 86636, "Value": 2147483808, "Offset": 4}, "Name": {"FileOffset": 86632, "Value": 1, "Offset": 0}}, [{"MajorVersion": {"FileOffset": 86696, "Value": 4, "Offset": 8}, "NumberOfIdEntries": {"FileOffset": 86702, "Value": 1, "Offset": 14}, "MinorVersion": {"FileOffset": 86698, "Value": 0, "Offset": 10}, "TimeDateStamp": {"FileOffset": 86692, "Value": "0x0        [Thu Jan  1 00:00:00 1970 UTC]", "Offset": 4}, "Characteristics": {"FileOffset": 86688, "Value": 0, "Offset": 0}, "NumberOfNamedEntries": {"FileOffset": 86700, "Value": 0, "Offset": 12}, "Structure": "IMAGE_RESOURCE_DIRECTORY"}, {"LANG": 9, "SUBLANG_NAME": "SUBLANG_ENGLISH_US", "Name": {"FileOffset": 86704, "Value": 1033, "Offset": 0}, "CodePage": {"FileOffset": 86752, "Value": 1252, "Offset": 8}, "LANG_NAME": "LANG_ENGLISH", "OffsetToData": {"FileOffset": 86744, "Value": 103408, "Offset": 0}, "Reserved": {"FileOffset": 86756, "Value": 0, "Offset": 12}, "SUBLANG": 1, "Structure": "IMAGE_RESOURCE_DATA_ENTRY", "Size": {"FileOffset": 86748, "Value": 346, "Offset": 4}}]]]}
