{"DllCharacteristics": [], "Exported symbols": [{"MajorVersion": {"FileOffset": 7720, "Value": 0, "Offset": 8}, "AddressOfFunctions": {"FileOffset": 7740, "Value": 13896, "Offset": 28}, "Name": {"FileOffset": 7724, "Value": 13906, "Offset": 12}, "TimeDateStamp": {"FileOffset": 7716, "Value": "0x4BC2E346 [Mon Apr 12 09:09:26 2010 UTC]", "Offset": 4}, "Characteristics": {"FileOffset": 7712, "Value": 0, "Offset": 0}, "AddressOfNames": {"FileOffset": 7744, "Value": 13900, "Offset": 32}, "AddressOfNameOrdinals": {"FileOffset": 7748, "Value": 13904, "Offset": 36}, "Base": {"FileOffset": 7728, "Value": 1, "Offset": 16}, "NumberOfFunctions": {"FileOffset": 7732, "Value": 1, "Offset": 20}, "NumberOfNames": {"FileOffset": 7736, "Value": 1, "Offset": 24}, "Structure": "IMAGE_EXPORT_DIRECTORY", "MinorVersion": {"FileOffset": 7722, "Value": 0, "Offset": 10}}, {"Ordinal": 1, "RVA": 7758, "Name": "ServiceMain"}], "FILE_HEADER": {"NumberOfSections": {"FileOffset": 246, "Value": 5, "Offset": 2}, "TimeDateStamp": {"FileOffset": 248, "Value": "0x4BC2E349 [Mon Apr 12 09:09:29 2010 UTC]", "Offset": 4}, "PointerToSymbolTable": {"FileOffset": 252, "Value": 0, "Offset": 8}, "NumberOfSymbols": {"FileOffset": 256, "Value": 0, "Offset": 12}, "Machine": {"FileOffset": 244, "Value": 332, "Offset": 0}, "Characteristics": {"FileOffset": 262, "Value": 8462, "Offset": 18}, "SizeOfOptionalHeader": {"FileOffset": 260, "Value": 224, "Offset": 16}, "Structure": "IMAGE_FILE_HEADER"}, "Directories": [{"VirtualAddress": {"FileOffset": 360, "Value": 13856, "Offset": 0}, "Structure": "IMAGE_DIRECTORY_ENTRY_EXPORT", "Size": {"FileOffset": 364, "Value": 77, "Offset": 4}}, {"VirtualAddress": {"FileOffset": 368, "Value": 12624, "Offset": 0}, "Structure": "IMAGE_DIRECTORY_ENTRY_IMPORT", "Size": {"FileOffset": 372, "Value": 100, "Offset": 4}}, {"VirtualAddress": {"FileOffset": 376, "Value": 20480, "Offset": 0}, "Structure": "IMAGE_DIRECTORY_ENTRY_RESOURCE", "Size": {"FileOffset": 380, "Value": 968, "Offset": 4}}, {"VirtualAddress": {"FileOffset": 384, "Value": 0, "Offset": 0}, "Structure": "IMAGE_DIRECTORY_ENTRY_EXCEPTION", "Size": {"FileOffset": 388, "Value": 0, "Offset": 4}}, {"VirtualAddress": {"FileOffset": 392, "Value": 0, "Offset": 0}, "Structure": "IMAGE_DIRECTORY_ENTRY_SECURITY", "Size": {"FileOffset": 396, "Value": 0, "Offset": 4}}, {"VirtualAddress": {"FileOffset": 400, "Value": 24576, "Offset": 0}, "Structure": "IMAGE_DIRECTORY_ENTRY_BASERELOC", "Size": {"FileOffset": 404, "Value": 380, "Offset": 4}}, {"VirtualAddress": {"FileOffset": 408, "Value": 0, "Offset": 0}, "Structure": "IMAGE_DIRECTORY_ENTRY_DEBUG", "Size": {"FileOffset": 412, "Value": 0, "Offset": 4}}, {"VirtualAddress": {"FileOffset": 416, "Value": 0, "Offset": 0}, "Structure": "IMAGE_DIRECTORY_ENTRY_COPYRIGHT", "Size": {"FileOffset": 420, "Value": 0, "Offset": 4}}, {"VirtualAddress": {"FileOffset": 424, "Value": 0, "Offset": 0}, "Structure": "IMAGE_DIRECTORY_ENTRY_GLOBALPTR", "Size": {"FileOffset": 428, "Value": 0, "Offset": 4}}, {"VirtualAddress": {"FileOffset": 432, "Value": 0, "Offset": 0}, "Structure": "IMAGE_DIRECTORY_ENTRY_TLS", "Size": {"FileOffset": 436, "Value": 0, "Offset": 4}}, {"VirtualAddress": {"FileOffset": 440, "Value": 0, "Offset": 0}, "Structure": "IMAGE_DIRECTORY_ENTRY_LOAD_CONFIG", "Size": {"FileOffset": 444, "Value": 0, "Offset": 4}}, {"VirtualAddress": {"FileOffset": 448, "Value": 0, "Offset": 0}, "Structure": "IMAGE_DIRECTORY_ENTRY_BOUND_IMPORT", "Size": {"FileOffset": 452, "Value": 0, "Offset": 4}}, {"VirtualAddress": {"FileOffset": 456, "Value": 12288, "Offset": 0}, "Structure": "IMAGE_DIRECTORY_ENTRY_IAT", "Size": {"FileOffset": 460, "Value": 252, "Offset": 4}}, {"VirtualAddress": {"FileOffset": 464, "Value": 0, "Offset": 0}, "Structure": "IMAGE_DIRECTORY_ENTRY_DELAY_IMPORT", "Size": {"FileOffset": 468, "Value": 0, "Offset": 4}}, {"VirtualAddress": {"FileOffset": 472, "Value": 0, "Offset": 0}, "Structure": "IMAGE_DIRECTORY_ENTRY_COM_DESCRIPTOR", "Size": {"FileOffset": 476, "Value": 0, "Offset": 4}}, {"VirtualAddress": {"FileOffset": 480, "Value": 0, "Offset": 0}, "Structure": "IMAGE_DIRECTORY_ENTRY_RESERVED", "Size": {"FileOffset": 484, "Value": 0, "Offset": 4}}], "OPTIONAL_HEADER": {"DllCharacteristics": {"FileOffset": 334, "Value": 0, "Offset": 70}, "BaseOfCode": {"FileOffset": 284, "Value": 4096, "Offset": 20}, "MajorLinkerVersion": {"FileOffset": 266, "Value": 6, "Offset": 2}, "MinorOperatingSystemVersion": {"FileOffset": 306, "Value": 0, "Offset": 42}, "MinorLinkerVersion": {"FileOffset": 267, "Value": 0, "Offset": 3}, "MajorSubsystemVersion": {"FileOffset": 312, "Value": 4, "Offset": 48}, "MajorOperatingSystemVersion": {"FileOffset": 304, "Value": 4, "Offset": 40}, "SizeOfStackCommit": {"FileOffset": 340, "Value": 4096, "Offset": 76}, "SizeOfUninitializedData": {"FileOffset": 276, "Value": 0, "Offset": 12}, "NumberOfRvaAndSizes": {"FileOffset": 356, "Value": 16, "Offset": 92}, "SizeOfHeapReserve": {"FileOffset": 344, "Value": 1048576, "Offset": 80}, "LoaderFlags": {"FileOffset": 352, "Value": 0, "Offset": 88}, "SizeOfHeapCommit": {"FileOffset": 348, "Value": 4096, "Offset": 84}, "SizeOfStackReserve": {"FileOffset": 336, "Value": 1048576, "Offset": 72}, "Structure": "IMAGE_OPTIONAL_HEADER", "SizeOfHeaders": {"FileOffset": 324, "Value": 1024, "Offset": 60}, "Subsystem": {"FileOffset": 332, "Value": 2, "Offset": 68}, "Magic": {"FileOffset": 264, "Value": 267, "Offset": 0}, "MinorImageVersion": {"FileOffset": 310, "Value": 0, "Offset": 46}, "MajorImageVersion": {"FileOffset": 308, "Value": 0, "Offset": 44}, "FileAlignment": {"FileOffset": 300, "Value": 512, "Offset": 36}, "BaseOfData": {"FileOffset": 288, "Value": 12288, "Offset": 24}, "AddressOfEntryPoint": {"FileOffset": 280, "Value": 8641, "Offset": 16}, "SectionAlignment": {"FileOffset": 296, "Value": 4096, "Offset": 32}, "SizeOfCode": {"FileOffset": 268, "Value": 5120, "Offset": 4}, "ImageBase": {"FileOffset": 292, "Value": 268435456, "Offset": 28}, "SizeOfInitializedData": {"FileOffset": 272, "Value": 4608, "Offset": 8}, "SizeOfImage": {"FileOffset": 320, "Value": 28672, "Offset": 56}, "MinorSubsystemVersion": {"FileOffset": 314, "Value": 0, "Offset": 50}, "CheckSum": {"FileOffset": 328, "Value": 0, "Offset": 64}, "Reserved1": {"FileOffset": 316, "Value": 0, "Offset": 52}}, "DOS_HEADER": {"e_cblp": {"FileOffset": 2, "Value": 144, "Offset": 2}, "e_crlc": {"FileOffset": 6, "Value": 0, "Offset": 6}, "e_ovno": {"FileOffset": 26, "Value": 0, "Offset": 26}, "e_minalloc": {"FileOffset": 10, "Value": 0, "Offset": 10}, "e_csum": {"FileOffset": 18, "Value": 0, "Offset": 18}, "e_cparhdr": {"FileOffset": 8, "Value": 4, "Offset": 8}, "e_cp": {"FileOffset": 4, "Value": 3, "Offset": 4}, "e_cs": {"FileOffset": 22, "Value": 0, "Offset": 22}, "e_maxalloc": {"FileOffset": 12, "Value": 65535, "Offset": 12}, "e_lfarlc": {"FileOffset": 24, "Value": 64, "Offset": 24}, "e_oemid": {"FileOffset": 36, "Value": 0, "Offset": 36}, "e_lfanew": {"FileOffset": 60, "Value": 240, "Offset": 60}, "e_ss": {"FileOffset": 14, "Value": 0, "Offset": 14}, "e_magic": {"FileOffset": 0, "Value": 23117, "Offset": 0}, "e_oeminfo": {"FileOffset": 38, "Value": 0, "Offset": 38}, "e_res2": {"FileOffset": 40, "Value": "", "Offset": 40}, "e_res": {"FileOffset": 28, "Value": "", "Offset": 28}, "e_sp": {"FileOffset": 16, "Value": 184, "Offset": 16}, "Structure": "IMAGE_DOS_HEADER", "e_ip": {"FileOffset": 20, "Value": 0, "Offset": 20}}, "Base relocations": [[{"SizeOfBlock": {"FileOffset": 10244, "Value": 268, "Offset": 4}, "VirtualAddress": {"FileOffset": 10240, "Value": 4096, "Offset": 0}, "Structure": "IMAGE_BASE_RELOCATION"}, {"RVA": 4198, "Type": "HIGHLOW"}, {"RVA": 4210, "Type": "HIGHLOW"}, {"RVA": 4228, "Type": "HIGHLOW"}, {"RVA": 4261, "Type": "HIGHLOW"}, {"RVA": 4272, "Type": "HIGHLOW"}, {"RVA": 4286, "Type": "HIGHLOW"}, {"RVA": 4299, "Type": "HIGHLOW"}, {"RVA": 4313, "Type": "HIGHLOW"}, {"RVA": 4358, "Type": "HIGHLOW"}, {"RVA": 4365, "Type": "HIGHLOW"}, {"RVA": 4399, "Type": "HIGHLOW"}, {"RVA": 4507, "Type": "HIGHLOW"}, {"RVA": 4540, "Type": "HIGHLOW"}, {"RVA": 4565, "Type": "HIGHLOW"}, {"RVA": 4604, "Type": "HIGHLOW"}, {"RVA": 4624, "Type": "HIGHLOW"}, {"RVA": 4662, "Type": "HIGHLOW"}, {"RVA": 4675, "Type": "HIGHLOW"}, {"RVA": 4734, "Type": "HIGHLOW"}, {"RVA": 4787, "Type": "HIGHLOW"}, {"RVA": 4794, "Type": "HIGHLOW"}, {"RVA": 4815, "Type": "HIGHLOW"}, {"RVA": 4939, "Type": "HIGHLOW"}, {"RVA": 4946, "Type": "HIGHLOW"}, {"RVA": 4987, "Type": "HIGHLOW"}, {"RVA": 5025, "Type": "HIGHLOW"}, {"RVA": 5075, "Type": "HIGHLOW"}, {"RVA": 5088, "Type": "HIGHLOW"}, {"RVA": 5103, "Type": "HIGHLOW"}, {"RVA": 5119, "Type": "HIGHLOW"}, {"RVA": 5126, "Type": "HIGHLOW"}, {"RVA": 5154, "Type": "HIGHLOW"}, {"RVA": 5221, "Type": "HIGHLOW"}, {"RVA": 5231, "Type": "HIGHLOW"}, {"RVA": 5243, "Type": "HIGHLOW"}, {"RVA": 5282, "Type": "HIGHLOW"}, {"RVA": 5322, "Type": "HIGHLOW"}, {"RVA": 5338, "Type": "HIGHLOW"}, {"RVA": 5355, "Type": "HIGHLOW"}, {"RVA": 5474, "Type": "HIGHLOW"}, {"RVA": 5549, "Type": "HIGHLOW"}, {"RVA": 5562, "Type": "HIGHLOW"}, {"RVA": 5576, "Type": "HIGHLOW"}, {"RVA": 5583, "Type": "HIGHLOW"}, {"RVA": 5593, "Type": "HIGHLOW"}, {"RVA": 5601, "Type": "HIGHLOW"}, {"RVA": 5621, "Type": "HIGHLOW"}, {"RVA": 5631, "Type": "HIGHLOW"}, {"RVA": 5644, "Type": "HIGHLOW"}, {"RVA": 5650, "Type": "HIGHLOW"}, {"RVA": 5660, "Type": "HIGHLOW"}, {"RVA": 5688, "Type": "HIGHLOW"}, {"RVA": 5694, "Type": "HIGHLOW"}, {"RVA": 5734, "Type": "HIGHLOW"}, {"RVA": 5777, "Type": "HIGHLOW"}, {"RVA": 5794, "Type": "HIGHLOW"}, {"RVA": 5937, "Type": "HIGHLOW"}, {"RVA": 5948, "Type": "HIGHLOW"}, {"RVA": 5988, "Type": "HIGHLOW"}, {"RVA": 6065, "Type": "HIGHLOW"}, {"RVA": 6149, "Type": "HIGHLOW"}, {"RVA": 6185, "Type": "HIGHLOW"}, {"RVA": 6221, "Type": "HIGHLOW"}, {"RVA": 6288, "Type": "HIGHLOW"}, {"RVA": 6295, "Type": "HIGHLOW"}, {"RVA": 6329, "Type": "HIGHLOW"}, {"RVA": 6408, "Type": "HIGHLOW"}, {"RVA": 6421, "Type": "HIGHLOW"}, {"RVA": 6450, "Type": "HIGHLOW"}, {"RVA": 6468, "Type": "HIGHLOW"}, {"RVA": 6557, "Type": "HIGHLOW"}, {"RVA": 6570, "Type": "HIGHLOW"}, {"RVA": 6666, "Type": "HIGHLOW"}, {"RVA": 6677, "Type": "HIGHLOW"}, {"RVA": 6724, "Type": "HIGHLOW"}, {"RVA": 6741, "Type": "HIGHLOW"}, {"RVA": 6766, "Type": "HIGHLOW"}, {"RVA": 6825, "Type": "HIGHLOW"}, {"RVA": 6832, "Type": "HIGHLOW"}, {"RVA": 6844, "Type": "HIGHLOW"}, {"RVA": 6907, "Type": "HIGHLOW"}, {"RVA": 6940, "Type": "HIGHLOW"}, {"RVA": 6958, "Type": "HIGHLOW"}, {"RVA": 7017, "Type": "HIGHLOW"}, {"RVA": 7024, "Type": "HIGHLOW"}, {"RVA": 7036, "Type": "HIGHLOW"}, {"RVA": 7111, "Type": "HIGHLOW"}, {"RVA": 7139, "Type": "HIGHLOW"}, {"RVA": 7203, "Type": "HIGHLOW"}, {"RVA": 7210, "Type": "HIGHLOW"}, {"RVA": 7245, "Type": "HIGHLOW"}, {"RVA": 7259, "Type": "HIGHLOW"}, {"RVA": 7272, "Type": "HIGHLOW"}, {"RVA": 7295, "Type": "HIGHLOW"}, {"RVA": 7340, "Type": "HIGHLOW"}, {"RVA": 7369, "Type": "HIGHLOW"}, {"RVA": 7441, "Type": "HIGHLOW"}, {"RVA": 7460, "Type": "HIGHLOW"}, {"RVA": 7468, "Type": "HIGHLOW"}, {"RVA": 7481, "Type": "HIGHLOW"}, {"RVA": 7517, "Type": "HIGHLOW"}, {"RVA": 7535, "Type": "HIGHLOW"}, {"RVA": 7554, "Type": "HIGHLOW"}, {"RVA": 7566, "Type": "HIGHLOW"}, {"RVA": 7575, "Type": "HIGHLOW"}, {"RVA": 7603, "Type": "HIGHLOW"}, {"RVA": 7611, "Type": "HIGHLOW"}, {"RVA": 7630, "Type": "HIGHLOW"}, {"RVA": 7658, "Type": "HIGHLOW"}, {"RVA": 7676, "Type": "HIGHLOW"}, {"RVA": 7688, "Type": "HIGHLOW"}, {"RVA": 7698, "Type": "HIGHLOW"}, {"RVA": 7706, "Type": "HIGHLOW"}, {"RVA": 7720, "Type": "HIGHLOW"}, {"RVA": 7727, "Type": "HIGHLOW"}, {"RVA": 7748, "Type": "HIGHLOW"}, {"RVA": 7759, "Type": "HIGHLOW"}, {"RVA": 7778, "Type": "HIGHLOW"}, {"RVA": 7815, "Type": "HIGHLOW"}, {"RVA": 7829, "Type": "HIGHLOW"}, {"RVA": 7836, "Type": "HIGHLOW"}, {"RVA": 7843, "Type": "HIGHLOW"}, {"RVA": 7855, "Type": "HIGHLOW"}, {"RVA": 7916, "Type": "HIGHLOW"}, {"RVA": 7973, "Type": "HIGHLOW"}, {"RVA": 7978, "Type": "HIGHLOW"}, {"RVA": 8035, "Type": "HIGHLOW"}, {"RVA": 8074, "Type": "HIGHLOW"}, {"RVA": 8087, "Type": "HIGHLOW"}, {"RVA": 8123, "Type": "HIGHLOW"}], [{"SizeOfBlock": {"FileOffset": 10512, "Value": 84, "Offset": 4}, "VirtualAddress": {"FileOffset": 10508, "Value": 8192, "Offset": 0}, "Structure": "IMAGE_BASE_RELOCATION"}, {"RVA": 8192, "Type": "HIGHLOW"}, {"RVA": 8256, "Type": "HIGHLOW"}, {"RVA": 8262, "Type": "HIGHLOW"}, {"RVA": 8268, "Type": "HIGHLOW"}, {"RVA": 8274, "Type": "HIGHLOW"}, {"RVA": 8280, "Type": "HIGHLOW"}, {"RVA": 8321, "Type": "HIGHLOW"}, {"RVA": 8334, "Type": "HIGHLOW"}, {"RVA": 8341, "Type": "HIGHLOW"}, {"RVA": 8346, "Type": "HIGHLOW"}, {"RVA": 8384, "Type": "HIGHLOW"}, {"RVA": 8390, "Type": "HIGHLOW"}, {"RVA": 8396, "Type": "HIGHLOW"}, {"RVA": 8402, "Type": "HIGHLOW"}, {"RVA": 8466, "Type": "HIGHLOW"}, {"RVA": 8480, "Type": "HIGHLOW"}, {"RVA": 8488, "Type": "HIGHLOW"}, {"RVA": 8494, "Type": "HIGHLOW"}, {"RVA": 8505, "Type": "HIGHLOW"}, {"RVA": 8518, "Type": "HIGHLOW"}, {"RVA": 8526, "Type": "HIGHLOW"}, {"RVA": 8540, "Type": "HIGHLOW"}, {"RVA": 8545, "Type": "HIGHLOW"}, {"RVA": 8550, "Type": "HIGHLOW"}, {"RVA": 8555, "Type": "HIGHLOW"}, {"RVA": 8566, "Type": "HIGHLOW"}, {"RVA": 8579, "Type": "HIGHLOW"}, {"RVA": 8589, "Type": "HIGHLOW"}, {"RVA": 8610, "Type": "HIGHLOW"}, {"RVA": 8622, "Type": "HIGHLOW"}, {"RVA": 8628, "Type": "HIGHLOW"}, {"RVA": 8662, "Type": "HIGHLOW"}, {"RVA": 8680, "Type": "HIGHLOW"}, {"RVA": 8772, "Type": "HIGHLOW"}, {"RVA": 8800, "Type": "HIGHLOW"}, {"RVA": 8806, "Type": "HIGHLOW"}, {"RVA": 8825, "Type": "HIGHLOW"}, {"RVA": 8845, "Type": "HIGHLOW"}], [{"SizeOfBlock": {"FileOffset": 10596, "Value": 16, "Offset": 4}, "VirtualAddress": {"FileOffset": 10592, "Value": 12288, "Offset": 0}, "Structure": "IMAGE_BASE_RELOCATION"}, {"RVA": 12552, "Type": "HIGHLOW"}, {"RVA": 12580, "Type": "HIGHLOW"}, {"RVA": 12592, "Type": "HIGHLOW"}, {"RVA": 12620, "Type": "HIGHLOW"}], [{"SizeOfBlock": {"FileOffset": 10612, "Value": 12, "Offset": 4}, "VirtualAddress": {"FileOffset": 10608, "Value": 16384, "Offset": 0}, "Structure": "IMAGE_BASE_RELOCATION"}, {"RVA": 16388, "Type": "HIGHLOW"}, {"RVA": 16384, "Type": "ABSOLUTE"}]], "NT_HEADERS": {"Structure": "IMAGE_NT_HEADERS", "Signature": {"FileOffset": 240, "Value": 17744, "Offset": 0}}, "Flags": ["IMAGE_FILE_LOCAL_SYMS_STRIPPED", "IMAGE_FILE_32BIT_MACHINE", "IMAGE_FILE_EXECUTABLE_IMAGE", "IMAGE_FILE_DLL", "IMAGE_FILE_LINE_NUMS_STRIPPED"], "Version Information": [{"ValueLength": {"FileOffset": 9306, "Value": 52, "Offset": 2}, "Length": {"FileOffset": 9304, "Value": 880, "Offset": 0}, "Type": {"FileOffset": 9308, "Value": 0, "Offset": 4}, "Structure": "VS_VERSIONINFO"}, {"FileFlagsMask": {"FileOffset": 9368, "Value": 0, "Offset": 24}, "FileType": {"FileOffset": 9380, "Value": 2, "Offset": 36}, "FileVersionMS": {"FileOffset": 9352, "Value": 589824, "Offset": 8}, "FileVersionLS": {"FileOffset": 9356, "Value": 65592, "Offset": 12}, "Signature": {"FileOffset": 9344, "Value": 4277077181, "Offset": 0}, "FileSubtype": {"FileOffset": 9384, "Value": 0, "Offset": 40}, "FileFlags": {"FileOffset": 9372, "Value": 0, "Offset": 28}, "FileDateLS": {"FileOffset": 9392, "Value": 0, "Offset": 48}, "ProductVersionLS": {"FileOffset": 9364, "Value": 65592, "Offset": 20}, "FileOS": {"FileOffset": 9376, "Value": 262148, "Offset": 32}, "ProductVersionMS": {"FileOffset": 9360, "Value": 589824, "Offset": 16}, "FileDateMS": {"FileOffset": 9388, "Value": 0, "Offset": 44}, "Structure": "VS_FIXEDFILEINFO", "StrucVersion": {"FileOffset": 9348, "Value": 65536, "Offset": 4}}], "Imported symbols": [[{"TimeDateStamp": {"FileOffset": 6484, "Value": "0x0        [Thu Jan  1 00:00:00 1970 UTC]", "Offset": 4}, "Name": {"FileOffset": 6492, "Value": 13164, "Offset": 12}, "ForwarderChain": {"FileOffset": 6488, "Value": 0, "Offset": 8}, "OriginalFirstThunk": {"FileOffset": 6480, "Value": 12736, "Offset": 0}, "FirstThunk": {"FileOffset": 6496, "Value": 12300, "Offset": 16}, "Characteristics": {"FileOffset": 6480, "Value": 12736, "Offset": 0}, "Structure": "IMAGE_IMPORT_DESCRIPTOR"}, {"Hint": 735, "Name": "WriteFile", "DLL": "KERNEL32.dll"}, {"Hint": 381, "Name": "GetWindowsDirectoryA", "DLL": "KERNEL32.dll"}, {"Hint": 536, "Name": "ReadFile", "DLL": "KERNEL32.dll"}, {"Hint": 505, "Name": "PeekNamedPipe", "DLL": "KERNEL32.dll"}, {"Hint": 495, "Name": "OpenProcess", "DLL": "KERNEL32.dll"}, {"Hint": 67, "Name": "CreatePipe", "DLL": "KERNEL32.dll"}, {"Hint": 27, "Name": "CloseHandle", "DLL": "KERNEL32.dll"}, {"Hint": 68, "Name": "CreateProcessA", "DLL": "KERNEL32.dll"}, {"Hint": 177, "Name": "FreeConsole", "DLL": "KERNEL32.dll"}, {"Hint": 670, "Name": "TerminateProcess", "DLL": "KERNEL32.dll"}, {"Hint": 345, "Name": "GetSystemDirectoryA", "DLL": "KERNEL32.dll"}, {"Hint": 662, "Name": "Sleep", "DLL": "KERNEL32.dll"}], [{"TimeDateStamp": {"FileOffset": 6504, "Value": "0x0        [Thu Jan  1 00:00:00 1970 UTC]", "Offset": 4}, "Name": {"FileOffset": 6512, "Value": 13228, "Offset": 12}, "ForwarderChain": {"FileOffset": 6508, "Value": 0, "Offset": 8}, "OriginalFirstThunk": {"FileOffset": 6500, "Value": 12724, "Offset": 0}, "FirstThunk": {"FileOffset": 6516, "Value": 12288, "Offset": 16}, "Characteristics": {"FileOffset": 6500, "Value": 12724, "Offset": 0}, "Structure": "IMAGE_IMPORT_DESCRIPTOR"}, {"Hint": 398, "Name": "RegisterServiceCtrlHandlerA", "DLL": "ADVAPI32.dll"}, {"Hint": 430, "Name": "SetServiceStatus", "DLL": "ADVAPI32.dll"}], [{"TimeDateStamp": {"FileOffset": 6524, "Value": "0x0        [Thu Jan  1 00:00:00 1970 UTC]", "Offset": 4}, "Name": {"FileOffset": 6532, "Value": 13466, "Offset": 12}, "ForwarderChain": {"FileOffset": 6528, "Value": 0, "Offset": 8}, "OriginalFirstThunk": {"FileOffset": 6520, "Value": 12928, "Offset": 0}, "FirstThunk": {"FileOffset": 6536, "Value": 12492, "Offset": 16}, "Characteristics": {"FileOffset": 6520, "Value": 12928, "Offset": 0}, "Structure": "IMAGE_IMPORT_DESCRIPTOR"}, {"Hint": 146, "Name": "InternetOpenA", "DLL": "WININET.dll"}, {"Hint": 111, "Name": "InternetConnectA", "DLL": "WININET.dll"}, {"Hint": 85, "Name": "HttpOpenRequestA", "DLL": "WININET.dll"}, {"Hint": 152, "Name": "InternetQueryOptionA", "DLL": "WININET.dll"}, {"Hint": 167, "Name": "InternetSetOptionA", "DLL": "WININET.dll"}, {"Hint": 105, "Name": "InternetCloseHandle", "DLL": "WININET.dll"}, {"Hint": 154, "Name": "InternetReadFile", "DLL": "WININET.dll"}, {"Hint": 89, "Name": "HttpSendRequestA", "DLL": "WININET.dll"}, {"Hint": 90, "Name": "HttpSendRequestExA", "DLL": "WININET.dll"}, {"Hint": 186, "Name": "InternetWriteFile", "DLL": "WININET.dll"}, {"Hint": 83, "Name": "HttpEndRequestA", "DLL": "WININET.dll"}], [{"TimeDateStamp": {"FileOffset": 6544, "Value": "0x0        [Thu Jan  1 00:00:00 1970 UTC]", "Offset": 4}, "Name": {"FileOffset": 6552, "Value": 13744, "Offset": 12}, "ForwarderChain": {"FileOffset": 6548, "Value": 0, "Offset": 8}, "OriginalFirstThunk": {"FileOffset": 6540, "Value": 12788, "Offset": 0}, "FirstThunk": {"FileOffset": 6556, "Value": 12352, "Offset": 16}, "Characteristics": {"FileOffset": 6540, "Value": 12788, "Offset": 0}, "Structure": "IMAGE_IMPORT_DESCRIPTOR"}, {"Hint": 453, "Name": "_strnicmp", "DLL": "MSVCRT.dll"}, {"Hint": 157, "Name": "_adjust_fdiv", "DLL": "MSVCRT.dll"}, {"Hint": 657, "Name": "malloc", "DLL": "MSVCRT.dll"}, {"Hint": 271, "Name": "_initterm", "DLL": "MSVCRT.dll"}, {"Hint": 606, "Name": "free", "DLL": "MSVCRT.dll"}, {"Hint": 390, "Name": "_onexit", "DLL": "MSVCRT.dll"}, {"Hint": 85, "Name": "__dllonexit", "DLL": "MSVCRT.dll"}, {"Hint": 705, "Name": "strncpy", "DLL": "MSVCRT.dll"}, {"Hint": 753, "Name": "wcstombs", "DLL": "MSVCRT.dll"}, {"Hint": 241, "Name": "_ftol", "DLL": "MSVCRT.dll"}, {"Hint": 665, "Name": "memset", "DLL": "MSVCRT.dll"}, {"Hint": 16, "Name": "??3@YAXPAX@Z", "DLL": "MSVCRT.dll"}, {"Hint": 605, "Name": "fread", "DLL": "MSVCRT.dll"}, {"Hint": 696, "Name": "strcmp", "DLL": "MSVCRT.dll"}, {"Hint": 690, "Name": "sprintf", "DLL": "MSVCRT.dll"}, {"Hint": 707, "Name": "strrchr", "DLL": "MSVCRT.dll"}, {"Hint": 612, "Name": "ftell", "DLL": "MSVCRT.dll"}, {"Hint": 610, "Name": "fseek", "DLL": "MSVCRT.dll"}, {"Hint": 588, "Name": "fclose", "DLL": "MSVCRT.dll"}, {"Hint": 702, "Name": "strlen", "DLL": "MSVCRT.dll"}, {"Hint": 599, "Name": "fopen", "DLL": "MSVCRT.dll"}, {"Hint": 15, "Name": "??2@YAPAXI@Z", "DLL": "MSVCRT.dll"}, {"Hint": 614, "Name": "fwrite", "DLL": "MSVCRT.dll"}, {"Hint": 573, "Name": "atoi", "DLL": "MSVCRT.dll"}, {"Hint": 73, "Name": "__CxxFrameHandler", "DLL": "MSVCRT.dll"}, {"Hint": 709, "Name": "strstr", "DLL": "MSVCRT.dll"}, {"Hint": 663, "Name": "memcpy", "DLL": "MSVCRT.dll"}, {"Hint": 678, "Name": "rand", "DLL": "MSVCRT.dll"}, {"Hint": 698, "Name": "strcpy", "DLL": "MSVCRT.dll"}, {"Hint": 693, "Name": "sscanf", "DLL": "MSVCRT.dll"}, {"Hint": 694, "Name": "strcat", "DLL": "MSVCRT.dll"}, {"Hint": 692, "Name": "srand", "DLL": "MSVCRT.dll"}, {"Hint": 720, "Name": "time", "DLL": "MSVCRT.dll"}, {"Hint": 449, "Name": "_stricmp", "DLL": "MSVCRT.dll"}]], "PE Sections": [{"PointerToRawData": {"FileOffset": 508, "Value": 1024, "Offset": 20}, "SHA1": "4981aa8c5e7788e139a357eef8ed1c83bcd5d24c", "SHA256": "b4733cb1efe27a1ead691ddc2673e32f98c2635ff3640c4c8b569a2e46a86934", "Name": {"FileOffset": 488, "Value": ".text", "Offset": 0}, "NumberOfRelocations": {"FileOffset": 520, "Value": 0, "Offset": 32}, "Misc_VirtualSize": {"FileOffset": 496, "Value": 4758, "Offset": 8}, "Characteristics": {"FileOffset": 524, "Value": 1610612768, "Offset": 36}, "Misc": {"FileOffset": 496, "Value": 4758, "Offset": 8}, "PointerToLinenumbers": {"FileOffset": 516, "Value": 0, "Offset": 28}, "SizeOfRawData": {"FileOffset": 504, "Value": 5120, "Offset": 16}, "Misc_PhysicalAddress": {"FileOffset": 496, "Value": 4758, "Offset": 8}, "PointerToRelocations": {"FileOffset": 512, "Value": 0, "Offset": 24}, "Flags": ["IMAGE_SCN_MEM_EXECUTE", "IMAGE_SCN_CNT_CODE", "IMAGE_SCN_MEM_READ"], "SHA512": "bdd1434c89c90ccf94c03a6af0322bcabb12f8757406fb1bd0ab9e09ccfb27e188864046b0d3ccec141571b69221145212cf7b5c0c7222b110af084fa1774291", "MD5": "7b6b67983ff9c4b047be875180b12992", "Entropy": 5.845116727311696, "VirtualAddress": {"FileOffset": 500, "Value": 4096, "Offset": 12}, "Structure": "IMAGE_SECTION_HEADER", "NumberOfLinenumbers": {"FileOffset": 522, "Value": 0, "Offset": 34}}, {"PointerToRawData": {"FileOffset": 548, "Value": 6144, "Offset": 20}, "SHA1": "4b4a827f24a3440747388f287d1f6af5d4731b63", "SHA256": "701ce8c856e001bb2d5dde7639953c63ad12dd52b7562b2d003a62a4035a20b3", "Name": {"FileOffset": 528, "Value": ".rdata", "Offset": 0}, "NumberOfRelocations": {"FileOffset": 560, "Value": 0, "Offset": 32}, "Misc_VirtualSize": {"FileOffset": 536, "Value": 1645, "Offset": 8}, "Characteristics": {"FileOffset": 564, "Value": 1073741888, "Offset": 36}, "Misc": {"FileOffset": 536, "Value": 1645, "Offset": 8}, "PointerToLinenumbers": {"FileOffset": 556, "Value": 0, "Offset": 28}, "SizeOfRawData": {"FileOffset": 544, "Value": 2048, "Offset": 16}, "Misc_PhysicalAddress": {"FileOffset": 536, "Value": 1645, "Offset": 8}, "PointerToRelocations": {"FileOffset": 552, "Value": 0, "Offset": 24}, "Flags": ["IMAGE_SCN_CNT_INITIALIZED_DATA", "IMAGE_SCN_MEM_READ"], "SHA512": "87da2de1e79e47b5be983358ca62b754a3999867d5d5e249515c384a593608a0ce67fad5a87610601d1a499dde371be82a30649c9d292073f42a02b9739a4829", "MD5": "d9e42bc04e62c6d411255c34c78ef0ff", "Entropy": 4.174764408342799, "VirtualAddress": {"FileOffset": 540, "Value": 12288, "Offset": 12}, "Structure": "IMAGE_SECTION_HEADER", "NumberOfLinenumbers": {"FileOffset": 562, "Value": 0, "Offset": 34}}, {"PointerToRawData": {"FileOffset": 588, "Value": 8192, "Offset": 20}, "SHA1": "36045d89949692140787611667d9d029e82517dc", "SHA256": "77de45c83073383e8945e3565f97b6580489af57bfc8c3751f61fd68bd7e2a71", "Name": {"FileOffset": 568, "Value": ".data", "Offset": 0}, "NumberOfRelocations": {"FileOffset": 600, "Value": 0, "Offset": 32}, "Misc_VirtualSize": {"FileOffset": 576, "Value": 876, "Offset": 8}, "Characteristics": {"FileOffset": 604, "Value": 3221225536, "Offset": 36}, "Misc": {"FileOffset": 576, "Value": 876, "Offset": 8}, "PointerToLinenumbers": {"FileOffset": 596, "Value": 0, "Offset": 28}, "SizeOfRawData": {"FileOffset": 584, "Value": 1024, "Offset": 16}, "Misc_PhysicalAddress": {"FileOffset": 576, "Value": 876, "Offset": 8}, "PointerToRelocations": {"FileOffset": 592, "Value": 0, "Offset": 24}, "Flags": ["IMAGE_SCN_CNT_INITIALIZED_DATA", "IMAGE_SCN_MEM_WRITE", "IMAGE_SCN_MEM_READ"], "SHA512": "53ae44192b88849822809d24f0cd3f9d7bc1886f6a0680956d16c412e48943e183c952c63e8927a5cd659a143db8c48708960065c1f76f97fb9b581512e93664", "MD5": "91fa9ec7eb39f64600ef913fd3b0e909", "Entropy": 2.9779031400200418, "VirtualAddress": {"FileOffset": 580, "Value": 16384, "Offset": 12}, "Structure": "IMAGE_SECTION_HEADER", "NumberOfLinenumbers": {"FileOffset": 602, "Value": 0, "Offset": 34}}, {"PointerToRawData": {"FileOffset": 628, "Value": 9216, "Offset": 20}, "SHA1": "119d63e3447926b7ed0f29d152e0a4927dfa428d", "SHA256": "95c28f401d457895e8f8c1adeace4d29efa150e3b4934c9644a03f07be40ff2f", "Name": {"FileOffset": 608, "Value": ".rsrc", "Offset": 0}, "NumberOfRelocations": {"FileOffset": 640, "Value": 0, "Offset": 32}, "Misc_VirtualSize": {"FileOffset": 616, "Value": 968, "Offset": 8}, "Characteristics": {"FileOffset": 644, "Value": 1073741888, "Offset": 36}, "Misc": {"FileOffset": 616, "Value": 968, "Offset": 8}, "PointerToLinenumbers": {"FileOffset": 636, "Value": 0, "Offset": 28}, "SizeOfRawData": {"FileOffset": 624, "Value": 1024, "Offset": 16}, "Misc_PhysicalAddress": {"FileOffset": 616, "Value": 968, "Offset": 8}, "PointerToRelocations": {"FileOffset": 632, "Value": 0, "Offset": 24}, "Flags": ["IMAGE_SCN_CNT_INITIALIZED_DATA", "IMAGE_SCN_MEM_READ"], "SHA512": "1d7a0df83c4f3c295ca99257ce6fb83ab1dd06d5395271e7310479f958be8e94a99efea0f9354ad69ec8ea143b302e3fa8bfebbc995ea442a34a6af2fdf169ce", "MD5": "ed7e593af66858a07279dee4191f25f4", "Entropy": 3.5511214135081235, "VirtualAddress": {"FileOffset": 620, "Value": 20480, "Offset": 12}, "Structure": "IMAGE_SECTION_HEADER", "NumberOfLinenumbers": {"FileOffset": 642, "Value": 0, "Offset": 34}}, {"PointerToRawData": {"FileOffset": 668, "Value": 10240, "Offset": 20}, "SHA1": "be1206635413cf4b2cffc1dbf25dd3673948ed94", "SHA256": "f2a28dd48f9b2acd1f0a60dae7bd526fbcaa1a2fffceddc08f15870a65c24c2c", "Name": {"FileOffset": 648, "Value": ".reloc", "Offset": 0}, "NumberOfRelocations": {"FileOffset": 680, "Value": 0, "Offset": 32}, "Misc_VirtualSize": {"FileOffset": 656, "Value": 490, "Offset": 8}, "Characteristics": {"FileOffset": 684, "Value": 1107296320, "Offset": 36}, "Misc": {"FileOffset": 656, "Value": 490, "Offset": 8}, "PointerToLinenumbers": {"FileOffset": 676, "Value": 0, "Offset": 28}, "SizeOfRawData": {"FileOffset": 664, "Value": 512, "Offset": 16}, "Misc_PhysicalAddress": {"FileOffset": 656, "Value": 490, "Offset": 8}, "PointerToRelocations": {"FileOffset": 672, "Value": 0, "Offset": 24}, "Flags": ["IMAGE_SCN_CNT_INITIALIZED_DATA", "IMAGE_SCN_MEM_DISCARDABLE", "IMAGE_SCN_MEM_READ"], "SHA512": "cdd88665e0d0dc232334ca208ddeaec863b552ca15c90f901ad277a8aae95ccc1f06f5843228635c0fab52e2e0b220e09708b7706ebb49c4c538867f04d70882", "MD5": "d57a1bb70524669a0e3bba5263734b65", "Entropy": 5.211573072757559, "VirtualAddress": {"FileOffset": 660, "Value": 24576, "Offset": 12}, "Structure": "IMAGE_SECTION_HEADER", "NumberOfLinenumbers": {"FileOffset": 682, "Value": 0, "Offset": 34}}], "Resource directory": [{"MajorVersion": {"FileOffset": 9224, "Value": 4, "Offset": 8}, "NumberOfIdEntries": {"FileOffset": 9230, "Value": 1, "Offset": 14}, "MinorVersion": {"FileOffset": 9226, "Value": 0, "Offset": 10}, "TimeDateStamp": {"FileOffset": 9220, "Value": "0x0        [Thu Jan  1 00:00:00 1970 UTC]", "Offset": 4}, "Characteristics": {"FileOffset": 9216, "Value": 0, "Offset": 0}, "NumberOfNamedEntries": {"FileOffset": 9228, "Value": 0, "Offset": 12}, "Structure": "IMAGE_RESOURCE_DIRECTORY"}, {"Structure": "IMAGE_RESOURCE_DIRECTORY_ENTRY", "Id": [16, "RT_VERSION"], "OffsetToData": {"FileOffset": 9236, "Value": 2147483672, "Offset": 4}, "Name": {"FileOffset": 9232, "Value": 16, "Offset": 0}}, [{"MajorVersion": {"FileOffset": 9248, "Value": 4, "Offset": 8}, "NumberOfIdEntries": {"FileOffset": 9254, "Value": 1, "Offset": 14}, "MinorVersion": {"FileOffset": 9250, "Value": 0, "Offset": 10}, "TimeDateStamp": {"FileOffset": 9244, "Value": "0x0        [Thu Jan  1 00:00:00 1970 UTC]", "Offset": 4}, "Characteristics": {"FileOffset": 9240, "Value": 0, "Offset": 0}, "NumberOfNamedEntries": {"FileOffset": 9252, "Value": 0, "Offset": 12}, "Structure": "IMAGE_RESOURCE_DIRECTORY"}, {"Structure": "IMAGE_RESOURCE_DIRECTORY_ENTRY", "Id": 1, "OffsetToData": {"FileOffset": 9260, "Value": 2147483696, "Offset": 4}, "Name": {"FileOffset": 9256, "Value": 1, "Offset": 0}}, [{"MajorVersion": {"FileOffset": 9272, "Value": 4, "Offset": 8}, "NumberOfIdEntries": {"FileOffset": 9278, "Value": 1, "Offset": 14}, "MinorVersion": {"FileOffset": 9274, "Value": 0, "Offset": 10}, "TimeDateStamp": {"FileOffset": 9268, "Value": "0x0        [Thu Jan  1 00:00:00 1970 UTC]", "Offset": 4}, "Characteristics": {"FileOffset": 9264, "Value": 0, "Offset": 0}, "NumberOfNamedEntries": {"FileOffset": 9276, "Value": 0, "Offset": 12}, "Structure": "IMAGE_RESOURCE_DIRECTORY"}, {"LANG": 9, "SUBLANG_NAME": "SUBLANG_ENGLISH_US", "Name": {"FileOffset": 9280, "Value": 1033, "Offset": 0}, "CodePage": {"FileOffset": 9296, "Value": 1252, "Offset": 8}, "LANG_NAME": "LANG_ENGLISH", "OffsetToData": {"FileOffset": 9288, "Value": 20568, "Offset": 0}, "Reserved": {"FileOffset": 9300, "Value": 0, "Offset": 12}, "SUBLANG": 1, "Structure": "IMAGE_RESOURCE_DATA_ENTRY", "Size": {"FileOffset": 9292, "Value": 880, "Offset": 4}}]]]}
