{"DllCharacteristics": [], "Exported symbols": [{"MajorVersion": {"FileOffset": 17544, "Value": 0, "Offset": 8}, "AddressOfFunctions": {"FileOffset": 17564, "Value": 22696, "Offset": 28}, "Name": {"FileOffset": 17548, "Value": 22726, "Offset": 12}, "TimeDateStamp": {"FileOffset": 17540, "Value": "0x4D96E767 [Sat Apr  2 09:07:51 2011 UTC]", "Offset": 4}, "Characteristics": {"FileOffset": 17536, "Value": 0, "Offset": 0}, "AddressOfNames": {"FileOffset": 17568, "Value": 22708, "Offset": 32}, "AddressOfNameOrdinals": {"FileOffset": 17572, "Value": 22720, "Offset": 36}, "Base": {"FileOffset": 17552, "Value": 1, "Offset": 16}, "NumberOfFunctions": {"FileOffset": 17556, "Value": 3, "Offset": 20}, "NumberOfNames": {"FileOffset": 17560, "Value": 3, "Offset": 24}, "Structure": "IMAGE_EXPORT_DIRECTORY", "MinorVersion": {"FileOffset": 17546, "Value": 0, "Offset": 10}}, {"Ordinal": 1, "RVA": 16160, "Name": "ServiceMain"}, {"Ordinal": 2, "RVA": 15056, "Name": "install"}, {"Ordinal": 3, "RVA": 15776, "Name": "uninstall"}], "FILE_HEADER": {"NumberOfSections": {"FileOffset": 222, "Value": 5, "Offset": 2}, "TimeDateStamp": {"FileOffset": 224, "Value": "0x4D96E767 [Sat Apr  2 09:07:51 2011 UTC]", "Offset": 4}, "PointerToSymbolTable": {"FileOffset": 228, "Value": 0, "Offset": 8}, "NumberOfSymbols": {"FileOffset": 232, "Value": 0, "Offset": 12}, "Machine": {"FileOffset": 220, "Value": 332, "Offset": 0}, "Characteristics": {"FileOffset": 238, "Value": 8462, "Offset": 18}, "SizeOfOptionalHeader": {"FileOffset": 236, "Value": 224, "Offset": 16}, "Structure": "IMAGE_FILE_HEADER"}, "Directories": [{"VirtualAddress": {"FileOffset": 336, "Value": 22656, "Offset": 0}, "Structure": "IMAGE_DIRECTORY_ENTRY_EXPORT", "Size": {"FileOffset": 340, "Value": 112, "Offset": 4}}, {"VirtualAddress": {"FileOffset": 344, "Value": 20888, "Offset": 0}, "Structure": "IMAGE_DIRECTORY_ENTRY_IMPORT", "Size": {"FileOffset": 348, "Value": 100, "Offset": 4}}, {"VirtualAddress": {"FileOffset": 352, "Value": 28672, "Offset": 0}, "Structure": "IMAGE_DIRECTORY_ENTRY_RESOURCE", "Size": {"FileOffset": 356, "Value": 1008, "Offset": 4}}, {"VirtualAddress": {"FileOffset": 360, "Value": 0, "Offset": 0}, "Structure": "IMAGE_DIRECTORY_ENTRY_EXCEPTION", "Size": {"FileOffset": 364, "Value": 0, "Offset": 4}}, {"VirtualAddress": {"FileOffset": 368, "Value": 0, "Offset": 0}, "Structure": "IMAGE_DIRECTORY_ENTRY_SECURITY", "Size": {"FileOffset": 372, "Value": 0, "Offset": 4}}, {"VirtualAddress": {"FileOffset": 376, "Value": 32768, "Offset": 0}, "Structure": "IMAGE_DIRECTORY_ENTRY_BASERELOC", "Size": {"FileOffset": 380, "Value": 948, "Offset": 4}}, {"VirtualAddress": {"FileOffset": 384, "Value": 0, "Offset": 0}, "Structure": "IMAGE_DIRECTORY_ENTRY_DEBUG", "Size": {"FileOffset": 388, "Value": 0, "Offset": 4}}, {"VirtualAddress": {"FileOffset": 392, "Value": 0, "Offset": 0}, "Structure": "IMAGE_DIRECTORY_ENTRY_COPYRIGHT", "Size": {"FileOffset": 396, "Value": 0, "Offset": 4}}, {"VirtualAddress": {"FileOffset": 400, "Value": 0, "Offset": 0}, "Structure": "IMAGE_DIRECTORY_ENTRY_GLOBALPTR", "Size": {"FileOffset": 404, "Value": 0, "Offset": 4}}, {"VirtualAddress": {"FileOffset": 408, "Value": 0, "Offset": 0}, "Structure": "IMAGE_DIRECTORY_ENTRY_TLS", "Size": {"FileOffset": 412, "Value": 0, "Offset": 4}}, {"VirtualAddress": {"FileOffset": 416, "Value": 0, "Offset": 0}, "Structure": "IMAGE_DIRECTORY_ENTRY_LOAD_CONFIG", "Size": {"FileOffset": 420, "Value": 0, "Offset": 4}}, {"VirtualAddress": {"FileOffset": 424, "Value": 0, "Offset": 0}, "Structure": "IMAGE_DIRECTORY_ENTRY_BOUND_IMPORT", "Size": {"FileOffset": 428, "Value": 0, "Offset": 4}}, {"VirtualAddress": {"FileOffset": 432, "Value": 20480, "Offset": 0}, "Structure": "IMAGE_DIRECTORY_ENTRY_IAT", "Size": {"FileOffset": 436, "Value": 312, "Offset": 4}}, {"VirtualAddress": {"FileOffset": 440, "Value": 0, "Offset": 0}, "Structure": "IMAGE_DIRECTORY_ENTRY_DELAY_IMPORT", "Size": {"FileOffset": 444, "Value": 0, "Offset": 4}}, {"VirtualAddress": {"FileOffset": 448, "Value": 0, "Offset": 0}, "Structure": "IMAGE_DIRECTORY_ENTRY_COM_DESCRIPTOR", "Size": {"FileOffset": 452, "Value": 0, "Offset": 4}}, {"VirtualAddress": {"FileOffset": 456, "Value": 0, "Offset": 0}, "Structure": "IMAGE_DIRECTORY_ENTRY_RESERVED", "Size": {"FileOffset": 460, "Value": 0, "Offset": 4}}], "OPTIONAL_HEADER": {"DllCharacteristics": {"FileOffset": 310, "Value": 0, "Offset": 70}, "BaseOfCode": {"FileOffset": 260, "Value": 4096, "Offset": 20}, "MajorLinkerVersion": {"FileOffset": 242, "Value": 6, "Offset": 2}, "MinorOperatingSystemVersion": {"FileOffset": 282, "Value": 0, "Offset": 42}, "MinorLinkerVersion": {"FileOffset": 243, "Value": 0, "Offset": 3}, "MajorSubsystemVersion": {"FileOffset": 288, "Value": 4, "Offset": 48}, "MajorOperatingSystemVersion": {"FileOffset": 280, "Value": 4, "Offset": 40}, "SizeOfStackCommit": {"FileOffset": 316, "Value": 4096, "Offset": 76}, "SizeOfUninitializedData": {"FileOffset": 252, "Value": 0, "Offset": 12}, "NumberOfRvaAndSizes": {"FileOffset": 332, "Value": 16, "Offset": 92}, "SizeOfHeapReserve": {"FileOffset": 320, "Value": 1048576, "Offset": 80}, "LoaderFlags": {"FileOffset": 328, "Value": 0, "Offset": 88}, "SizeOfHeapCommit": {"FileOffset": 324, "Value": 4096, "Offset": 84}, "SizeOfStackReserve": {"FileOffset": 312, "Value": 1048576, "Offset": 72}, "Structure": "IMAGE_OPTIONAL_HEADER", "SizeOfHeaders": {"FileOffset": 300, "Value": 1024, "Offset": 60}, "Subsystem": {"FileOffset": 308, "Value": 2, "Offset": 68}, "Magic": {"FileOffset": 240, "Value": 267, "Offset": 0}, "MinorImageVersion": {"FileOffset": 286, "Value": 0, "Offset": 46}, "MajorImageVersion": {"FileOffset": 284, "Value": 0, "Offset": 44}, "FileAlignment": {"FileOffset": 276, "Value": 512, "Offset": 36}, "BaseOfData": {"FileOffset": 264, "Value": 20480, "Offset": 24}, "AddressOfEntryPoint": {"FileOffset": 256, "Value": 17705, "Offset": 16}, "SectionAlignment": {"FileOffset": 272, "Value": 4096, "Offset": 32}, "SizeOfCode": {"FileOffset": 244, "Value": 14336, "Offset": 4}, "ImageBase": {"FileOffset": 268, "Value": 268435456, "Offset": 28}, "SizeOfInitializedData": {"FileOffset": 248, "Value": 7168, "Offset": 8}, "SizeOfImage": {"FileOffset": 296, "Value": 36864, "Offset": 56}, "MinorSubsystemVersion": {"FileOffset": 290, "Value": 0, "Offset": 50}, "CheckSum": {"FileOffset": 304, "Value": 0, "Offset": 64}, "Reserved1": {"FileOffset": 292, "Value": 0, "Offset": 52}}, "DOS_HEADER": {"e_cblp": {"FileOffset": 2, "Value": 144, "Offset": 2}, "e_crlc": {"FileOffset": 6, "Value": 0, "Offset": 6}, "e_ovno": {"FileOffset": 26, "Value": 0, "Offset": 26}, "e_minalloc": {"FileOffset": 10, "Value": 0, "Offset": 10}, "e_csum": {"FileOffset": 18, "Value": 0, "Offset": 18}, "e_cparhdr": {"FileOffset": 8, "Value": 4, "Offset": 8}, "e_cp": {"FileOffset": 4, "Value": 3, "Offset": 4}, "e_cs": {"FileOffset": 22, "Value": 0, "Offset": 22}, "e_maxalloc": {"FileOffset": 12, "Value": 65535, "Offset": 12}, "e_lfarlc": {"FileOffset": 24, "Value": 64, "Offset": 24}, "e_oemid": {"FileOffset": 36, "Value": 0, "Offset": 36}, "e_lfanew": {"FileOffset": 60, "Value": 216, "Offset": 60}, "e_ss": {"FileOffset": 14, "Value": 0, "Offset": 14}, "e_magic": {"FileOffset": 0, "Value": 23117, "Offset": 0}, "e_oeminfo": {"FileOffset": 38, "Value": 0, "Offset": 38}, "e_res2": {"FileOffset": 40, "Value": "", "Offset": 40}, "e_res": {"FileOffset": 28, "Value": "", "Offset": 28}, "e_sp": {"FileOffset": 16, "Value": 184, "Offset": 16}, "Structure": "IMAGE_DOS_HEADER", "e_ip": {"FileOffset": 20, "Value": 0, "Offset": 20}}, "Base relocations": [[{"SizeOfBlock": {"FileOffset": 20996, "Value": 204, "Offset": 4}, "VirtualAddress": {"FileOffset": 20992, "Value": 4096, "Offset": 0}, "Structure": "IMAGE_BASE_RELOCATION"}, {"RVA": 4174, "Type": "HIGHLOW"}, {"RVA": 4245, "Type": "HIGHLOW"}, {"RVA": 4340, "Type": "HIGHLOW"}, {"RVA": 4368, "Type": "HIGHLOW"}, {"RVA": 4449, "Type": "HIGHLOW"}, {"RVA": 4454, "Type": "HIGHLOW"}, {"RVA": 4466, "Type": "HIGHLOW"}, {"RVA": 4486, "Type": "HIGHLOW"}, {"RVA": 4509, "Type": "HIGHLOW"}, {"RVA": 4522, "Type": "HIGHLOW"}, {"RVA": 4542, "Type": "HIGHLOW"}, {"RVA": 4592, "Type": "HIGHLOW"}, {"RVA": 5125, "Type": "HIGHLOW"}, {"RVA": 5145, "Type": "HIGHLOW"}, {"RVA": 5191, "Type": "HIGHLOW"}, {"RVA": 5207, "Type": "HIGHLOW"}, {"RVA": 5219, "Type": "HIGHLOW"}, {"RVA": 5256, "Type": "HIGHLOW"}, {"RVA": 5286, "Type": "HIGHLOW"}, {"RVA": 5333, "Type": "HIGHLOW"}, {"RVA": 5398, "Type": "HIGHLOW"}, {"RVA": 5498, "Type": "HIGHLOW"}, {"RVA": 5529, "Type": "HIGHLOW"}, {"RVA": 5540, "Type": "HIGHLOW"}, {"RVA": 5557, "Type": "HIGHLOW"}, {"RVA": 5587, "Type": "HIGHLOW"}, {"RVA": 5635, "Type": "HIGHLOW"}, {"RVA": 5668, "Type": "HIGHLOW"}, {"RVA": 5699, "Type": "HIGHLOW"}, {"RVA": 5724, "Type": "HIGHLOW"}, {"RVA": 5816, "Type": "HIGHLOW"}, {"RVA": 5869, "Type": "HIGHLOW"}, {"RVA": 6058, "Type": "HIGHLOW"}, {"RVA": 6085, "Type": "HIGHLOW"}, {"RVA": 6093, "Type": "HIGHLOW"}, {"RVA": 6116, "Type": "HIGHLOW"}, {"RVA": 6189, "Type": "HIGHLOW"}, {"RVA": 6197, "Type": "HIGHLOW"}, {"RVA": 6224, "Type": "HIGHLOW"}, {"RVA": 6273, "Type": "HIGHLOW"}, {"RVA": 6317, "Type": "HIGHLOW"}, {"RVA": 6330, "Type": "HIGHLOW"}, {"RVA": 6369, "Type": "HIGHLOW"}, {"RVA": 6432, "Type": "HIGHLOW"}, {"RVA": 6584, "Type": "HIGHLOW"}, {"RVA": 6667, "Type": "HIGHLOW"}, {"RVA": 6673, "Type": "HIGHLOW"}, {"RVA": 6697, "Type": "HIGHLOW"}, {"RVA": 6711, "Type": "HIGHLOW"}, {"RVA": 6739, "Type": "HIGHLOW"}, {"RVA": 6752, "Type": "HIGHLOW"}, {"RVA": 6779, "Type": "HIGHLOW"}, {"RVA": 6788, "Type": "HIGHLOW"}, {"RVA": 6860, "Type": "HIGHLOW"}, {"RVA": 6870, "Type": "HIGHLOW"}, {"RVA": 6876, "Type": "HIGHLOW"}, {"RVA": 6887, "Type": "HIGHLOW"}, {"RVA": 6894, "Type": "HIGHLOW"}, {"RVA": 6924, "Type": "HIGHLOW"}, {"RVA": 6944, "Type": "HIGHLOW"}, {"RVA": 7031, "Type": "HIGHLOW"}, {"RVA": 7057, "Type": "HIGHLOW"}, {"RVA": 7094, "Type": "HIGHLOW"}, {"RVA": 7175, "Type": "HIGHLOW"}, {"RVA": 7242, "Type": "HIGHLOW"}, {"RVA": 7265, "Type": "HIGHLOW"}, {"RVA": 7343, "Type": "HIGHLOW"}, {"RVA": 7378, "Type": "HIGHLOW"}, {"RVA": 7404, "Type": "HIGHLOW"}, {"RVA": 7439, "Type": "HIGHLOW"}, {"RVA": 7457, "Type": "HIGHLOW"}, {"RVA": 7524, "Type": "HIGHLOW"}, {"RVA": 7547, "Type": "HIGHLOW"}, {"RVA": 7625, "Type": "HIGHLOW"}, {"RVA": 7660, "Type": "HIGHLOW"}, {"RVA": 7734, "Type": "HIGHLOW"}, {"RVA": 7769, "Type": "HIGHLOW"}, {"RVA": 7793, "Type": "HIGHLOW"}, {"RVA": 7805, "Type": "HIGHLOW"}, {"RVA": 7812, "Type": "HIGHLOW"}, {"RVA": 7819, "Type": "HIGHLOW"}, {"RVA": 7836, "Type": "HIGHLOW"}, {"RVA": 7846, "Type": "HIGHLOW"}, {"RVA": 7855, "Type": "HIGHLOW"}, {"RVA": 7861, "Type": "HIGHLOW"}, {"RVA": 7870, "Type": "HIGHLOW"}, {"RVA": 7949, "Type": "HIGHLOW"}, {"RVA": 7955, "Type": "HIGHLOW"}, {"RVA": 7964, "Type": "HIGHLOW"}, {"RVA": 8076, "Type": "HIGHLOW"}, {"RVA": 8080, "Type": "HIGHLOW"}, {"RVA": 8084, "Type": "HIGHLOW"}, {"RVA": 8088, "Type": "HIGHLOW"}, {"RVA": 8092, "Type": "HIGHLOW"}, {"RVA": 8096, "Type": "HIGHLOW"}, {"RVA": 8100, "Type": "HIGHLOW"}, {"RVA": 8152, "Type": "HIGHLOW"}, {"RVA": 8190, "Type": "HIGHLOW"}], [{"SizeOfBlock": {"FileOffset": 21200, "Value": 284, "Offset": 4}, "VirtualAddress": {"FileOffset": 21196, "Value": 8192, "Offset": 0}, "Structure": "IMAGE_BASE_RELOCATION"}, {"RVA": 8200, "Type": "HIGHLOW"}, {"RVA": 8341, "Type": "HIGHLOW"}, {"RVA": 8357, "Type": "HIGHLOW"}, {"RVA": 8519, "Type": "HIGHLOW"}, {"RVA": 8538, "Type": "HIGHLOW"}, {"RVA": 8607, "Type": "HIGHLOW"}, {"RVA": 8666, "Type": "HIGHLOW"}, {"RVA": 8714, "Type": "HIGHLOW"}, {"RVA": 8734, "Type": "HIGHLOW"}, {"RVA": 8774, "Type": "HIGHLOW"}, {"RVA": 8793, "Type": "HIGHLOW"}, {"RVA": 8804, "Type": "HIGHLOW"}, {"RVA": 8826, "Type": "HIGHLOW"}, {"RVA": 8836, "Type": "HIGHLOW"}, {"RVA": 8899, "Type": "HIGHLOW"}, {"RVA": 8911, "Type": "HIGHLOW"}, {"RVA": 8949, "Type": "HIGHLOW"}, {"RVA": 8976, "Type": "HIGHLOW"}, {"RVA": 9017, "Type": "HIGHLOW"}, {"RVA": 9052, "Type": "HIGHLOW"}, {"RVA": 9058, "Type": "HIGHLOW"}, {"RVA": 9065, "Type": "HIGHLOW"}, {"RVA": 9077, "Type": "HIGHLOW"}, {"RVA": 9087, "Type": "HIGHLOW"}, {"RVA": 9092, "Type": "HIGHLOW"}, {"RVA": 9097, "Type": "HIGHLOW"}, {"RVA": 9102, "Type": "HIGHLOW"}, {"RVA": 9108, "Type": "HIGHLOW"}, {"RVA": 9128, "Type": "HIGHLOW"}, {"RVA": 9227, "Type": "HIGHLOW"}, {"RVA": 9267, "Type": "HIGHLOW"}, {"RVA": 9293, "Type": "HIGHLOW"}, {"RVA": 9313, "Type": "HIGHLOW"}, {"RVA": 9338, "Type": "HIGHLOW"}, {"RVA": 9358, "Type": "HIGHLOW"}, {"RVA": 9366, "Type": "HIGHLOW"}, {"RVA": 9386, "Type": "HIGHLOW"}, {"RVA": 9446, "Type": "HIGHLOW"}, {"RVA": 9467, "Type": "HIGHLOW"}, {"RVA": 9527, "Type": "HIGHLOW"}, {"RVA": 9537, "Type": "HIGHLOW"}, {"RVA": 9548, "Type": "HIGHLOW"}, {"RVA": 9558, "Type": "HIGHLOW"}, {"RVA": 9578, "Type": "HIGHLOW"}, {"RVA": 9629, "Type": "HIGHLOW"}, {"RVA": 9639, "Type": "HIGHLOW"}, {"RVA": 9659, "Type": "HIGHLOW"}, {"RVA": 9677, "Type": "HIGHLOW"}, {"RVA": 9697, "Type": "HIGHLOW"}, {"RVA": 9762, "Type": "HIGHLOW"}, {"RVA": 9784, "Type": "HIGHLOW"}, {"RVA": 9804, "Type": "HIGHLOW"}, {"RVA": 9826, "Type": "HIGHLOW"}, {"RVA": 9854, "Type": "HIGHLOW"}, {"RVA": 9882, "Type": "HIGHLOW"}, {"RVA": 9902, "Type": "HIGHLOW"}, {"RVA": 9977, "Type": "HIGHLOW"}, {"RVA": 9997, "Type": "HIGHLOW"}, {"RVA": 10048, "Type": "HIGHLOW"}, {"RVA": 10075, "Type": "HIGHLOW"}, {"RVA": 10183, "Type": "HIGHLOW"}, {"RVA": 10200, "Type": "HIGHLOW"}, {"RVA": 10232, "Type": "HIGHLOW"}, {"RVA": 10248, "Type": "HIGHLOW"}, {"RVA": 10268, "Type": "HIGHLOW"}, {"RVA": 10297, "Type": "HIGHLOW"}, {"RVA": 10345, "Type": "HIGHLOW"}, {"RVA": 10353, "Type": "HIGHLOW"}, {"RVA": 10373, "Type": "HIGHLOW"}, {"RVA": 10460, "Type": "HIGHLOW"}, {"RVA": 10480, "Type": "HIGHLOW"}, {"RVA": 10599, "Type": "HIGHLOW"}, {"RVA": 10615, "Type": "HIGHLOW"}, {"RVA": 10647, "Type": "HIGHLOW"}, {"RVA": 10666, "Type": "HIGHLOW"}, {"RVA": 10689, "Type": "HIGHLOW"}, {"RVA": 10804, "Type": "HIGHLOW"}, {"RVA": 10829, "Type": "HIGHLOW"}, {"RVA": 10921, "Type": "HIGHLOW"}, {"RVA": 10941, "Type": "HIGHLOW"}, {"RVA": 10962, "Type": "HIGHLOW"}, {"RVA": 10973, "Type": "HIGHLOW"}, {"RVA": 10989, "Type": "HIGHLOW"}, {"RVA": 10997, "Type": "HIGHLOW"}, {"RVA": 11017, "Type": "HIGHLOW"}, {"RVA": 11039, "Type": "HIGHLOW"}, {"RVA": 11059, "Type": "HIGHLOW"}, {"RVA": 11084, "Type": "HIGHLOW"}, {"RVA": 11107, "Type": "HIGHLOW"}, {"RVA": 11135, "Type": "HIGHLOW"}, {"RVA": 11155, "Type": "HIGHLOW"}, {"RVA": 11174, "Type": "HIGHLOW"}, {"RVA": 11194, "Type": "HIGHLOW"}, {"RVA": 11213, "Type": "HIGHLOW"}, {"RVA": 11233, "Type": "HIGHLOW"}, {"RVA": 11252, "Type": "HIGHLOW"}, {"RVA": 11272, "Type": "HIGHLOW"}, {"RVA": 11352, "Type": "HIGHLOW"}, {"RVA": 11405, "Type": "HIGHLOW"}, {"RVA": 11433, "Type": "HIGHLOW"}, {"RVA": 11510, "Type": "HIGHLOW"}, {"RVA": 11537, "Type": "HIGHLOW"}, {"RVA": 11632, "Type": "HIGHLOW"}, {"RVA": 11636, "Type": "HIGHLOW"}, {"RVA": 11640, "Type": "HIGHLOW"}, {"RVA": 11644, "Type": "HIGHLOW"}, {"RVA": 11648, "Type": "HIGHLOW"}, {"RVA": 11652, "Type": "HIGHLOW"}, {"RVA": 11656, "Type": "HIGHLOW"}, {"RVA": 11665, "Type": "HIGHLOW"}, {"RVA": 11684, "Type": "HIGHLOW"}, {"RVA": 11704, "Type": "HIGHLOW"}, {"RVA": 11726, "Type": "HIGHLOW"}, {"RVA": 11754, "Type": "HIGHLOW"}, {"RVA": 11774, "Type": "HIGHLOW"}, {"RVA": 11779, "Type": "HIGHLOW"}, {"RVA": 11812, "Type": "HIGHLOW"}, {"RVA": 11835, "Type": "HIGHLOW"}, {"RVA": 11851, "Type": "HIGHLOW"}, {"RVA": 11860, "Type": "HIGHLOW"}, {"RVA": 11878, "Type": "HIGHLOW"}, {"RVA": 11898, "Type": "HIGHLOW"}, {"RVA": 11962, "Type": "HIGHLOW"}, {"RVA": 11982, "Type": "HIGHLOW"}, {"RVA": 11998, "Type": "HIGHLOW"}, {"RVA": 12030, "Type": "HIGHLOW"}, {"RVA": 12042, "Type": "HIGHLOW"}, {"RVA": 12062, "Type": "HIGHLOW"}, {"RVA": 12081, "Type": "HIGHLOW"}, {"RVA": 12094, "Type": "HIGHLOW"}, {"RVA": 12110, "Type": "HIGHLOW"}, {"RVA": 12125, "Type": "HIGHLOW"}, {"RVA": 12145, "Type": "HIGHLOW"}, {"RVA": 12164, "Type": "HIGHLOW"}, {"RVA": 12184, "Type": "HIGHLOW"}, {"RVA": 12239, "Type": "HIGHLOW"}, {"RVA": 12261, "Type": "HIGHLOW"}, {"RVA": 8192, "Type": "ABSOLUTE"}], [{"SizeOfBlock": {"FileOffset": 21484, "Value": 276, "Offset": 4}, "VirtualAddress": {"FileOffset": 21480, "Value": 12288, "Offset": 0}, "Structure": "IMAGE_BASE_RELOCATION"}, {"RVA": 12296, "Type": "HIGHLOW"}, {"RVA": 12316, "Type": "HIGHLOW"}, {"RVA": 12338, "Type": "HIGHLOW"}, {"RVA": 12358, "Type": "HIGHLOW"}, {"RVA": 12380, "Type": "HIGHLOW"}, {"RVA": 12400, "Type": "HIGHLOW"}, {"RVA": 12417, "Type": "HIGHLOW"}, {"RVA": 12432, "Type": "HIGHLOW"}, {"RVA": 12452, "Type": "HIGHLOW"}, {"RVA": 12471, "Type": "HIGHLOW"}, {"RVA": 12491, "Type": "HIGHLOW"}, {"RVA": 12545, "Type": "HIGHLOW"}, {"RVA": 12579, "Type": "HIGHLOW"}, {"RVA": 12616, "Type": "HIGHLOW"}, {"RVA": 12643, "Type": "HIGHLOW"}, {"RVA": 12655, "Type": "HIGHLOW"}, {"RVA": 12661, "Type": "HIGHLOW"}, {"RVA": 12670, "Type": "HIGHLOW"}, {"RVA": 12688, "Type": "HIGHLOW"}, {"RVA": 12707, "Type": "HIGHLOW"}, {"RVA": 12727, "Type": "HIGHLOW"}, {"RVA": 12837, "Type": "HIGHLOW"}, {"RVA": 12857, "Type": "HIGHLOW"}, {"RVA": 12862, "Type": "HIGHLOW"}, {"RVA": 12903, "Type": "HIGHLOW"}, {"RVA": 13037, "Type": "HIGHLOW"}, {"RVA": 13077, "Type": "HIGHLOW"}, {"RVA": 13101, "Type": "HIGHLOW"}, {"RVA": 13126, "Type": "HIGHLOW"}, {"RVA": 13157, "Type": "HIGHLOW"}, {"RVA": 13177, "Type": "HIGHLOW"}, {"RVA": 13212, "Type": "HIGHLOW"}, {"RVA": 13233, "Type": "HIGHLOW"}, {"RVA": 13238, "Type": "HIGHLOW"}, {"RVA": 13270, "Type": "HIGHLOW"}, {"RVA": 13389, "Type": "HIGHLOW"}, {"RVA": 13479, "Type": "HIGHLOW"}, {"RVA": 13537, "Type": "HIGHLOW"}, {"RVA": 13601, "Type": "HIGHLOW"}, {"RVA": 13630, "Type": "HIGHLOW"}, {"RVA": 13650, "Type": "HIGHLOW"}, {"RVA": 13701, "Type": "HIGHLOW"}, {"RVA": 13725, "Type": "HIGHLOW"}, {"RVA": 13740, "Type": "HIGHLOW"}, {"RVA": 13752, "Type": "HIGHLOW"}, {"RVA": 13758, "Type": "HIGHLOW"}, {"RVA": 13766, "Type": "HIGHLOW"}, {"RVA": 13786, "Type": "HIGHLOW"}, {"RVA": 13839, "Type": "HIGHLOW"}, {"RVA": 13859, "Type": "HIGHLOW"}, {"RVA": 13953, "Type": "HIGHLOW"}, {"RVA": 13972, "Type": "HIGHLOW"}, {"RVA": 13992, "Type": "HIGHLOW"}, {"RVA": 14014, "Type": "HIGHLOW"}, {"RVA": 14042, "Type": "HIGHLOW"}, {"RVA": 14059, "Type": "HIGHLOW"}, {"RVA": 14064, "Type": "HIGHLOW"}, {"RVA": 14117, "Type": "HIGHLOW"}, {"RVA": 14163, "Type": "HIGHLOW"}, {"RVA": 14175, "Type": "HIGHLOW"}, {"RVA": 14195, "Type": "HIGHLOW"}, {"RVA": 14214, "Type": "HIGHLOW"}, {"RVA": 14234, "Type": "HIGHLOW"}, {"RVA": 14296, "Type": "HIGHLOW"}, {"RVA": 14319, "Type": "HIGHLOW"}, {"RVA": 14351, "Type": "HIGHLOW"}, {"RVA": 14363, "Type": "HIGHLOW"}, {"RVA": 14383, "Type": "HIGHLOW"}, {"RVA": 14447, "Type": "HIGHLOW"}, {"RVA": 14460, "Type": "HIGHLOW"}, {"RVA": 14476, "Type": "HIGHLOW"}, {"RVA": 14491, "Type": "HIGHLOW"}, {"RVA": 14511, "Type": "HIGHLOW"}, {"RVA": 14530, "Type": "HIGHLOW"}, {"RVA": 14550, "Type": "HIGHLOW"}, {"RVA": 14608, "Type": "HIGHLOW"}, {"RVA": 14627, "Type": "HIGHLOW"}, {"RVA": 14639, "Type": "HIGHLOW"}, {"RVA": 14659, "Type": "HIGHLOW"}, {"RVA": 14678, "Type": "HIGHLOW"}, {"RVA": 14698, "Type": "HIGHLOW"}, {"RVA": 14756, "Type": "HIGHLOW"}, {"RVA": 14830, "Type": "HIGHLOW"}, {"RVA": 14850, "Type": "HIGHLOW"}, {"RVA": 15008, "Type": "HIGHLOW"}, {"RVA": 15025, "Type": "HIGHLOW"}, {"RVA": 15032, "Type": "HIGHLOW"}, {"RVA": 15122, "Type": "HIGHLOW"}, {"RVA": 15152, "Type": "HIGHLOW"}, {"RVA": 15214, "Type": "HIGHLOW"}, {"RVA": 15244, "Type": "HIGHLOW"}, {"RVA": 15265, "Type": "HIGHLOW"}, {"RVA": 15270, "Type": "HIGHLOW"}, {"RVA": 15321, "Type": "HIGHLOW"}, {"RVA": 15341, "Type": "HIGHLOW"}, {"RVA": 15425, "Type": "HIGHLOW"}, {"RVA": 15450, "Type": "HIGHLOW"}, {"RVA": 15455, "Type": "HIGHLOW"}, {"RVA": 15519, "Type": "HIGHLOW"}, {"RVA": 15538, "Type": "HIGHLOW"}, {"RVA": 15562, "Type": "HIGHLOW"}, {"RVA": 15572, "Type": "HIGHLOW"}, {"RVA": 15597, "Type": "HIGHLOW"}, {"RVA": 15605, "Type": "HIGHLOW"}, {"RVA": 15625, "Type": "HIGHLOW"}, {"RVA": 15684, "Type": "HIGHLOW"}, {"RVA": 15694, "Type": "HIGHLOW"}, {"RVA": 15724, "Type": "HIGHLOW"}, {"RVA": 15751, "Type": "HIGHLOW"}, {"RVA": 15832, "Type": "HIGHLOW"}, {"RVA": 15852, "Type": "HIGHLOW"}, {"RVA": 15908, "Type": "HIGHLOW"}, {"RVA": 15935, "Type": "HIGHLOW"}, {"RVA": 15955, "Type": "HIGHLOW"}, {"RVA": 15991, "Type": "HIGHLOW"}, {"RVA": 16034, "Type": "HIGHLOW"}, {"RVA": 16058, "Type": "HIGHLOW"}, {"RVA": 16083, "Type": "HIGHLOW"}, {"RVA": 16091, "Type": "HIGHLOW"}, {"RVA": 16111, "Type": "HIGHLOW"}, {"RVA": 16131, "Type": "HIGHLOW"}, {"RVA": 16142, "Type": "HIGHLOW"}, {"RVA": 16201, "Type": "HIGHLOW"}, {"RVA": 16207, "Type": "HIGHLOW"}, {"RVA": 16213, "Type": "HIGHLOW"}, {"RVA": 16220, "Type": "HIGHLOW"}, {"RVA": 16239, "Type": "HIGHLOW"}, {"RVA": 16274, "Type": "HIGHLOW"}, {"RVA": 16284, "Type": "HIGHLOW"}, {"RVA": 16292, "Type": "HIGHLOW"}, {"RVA": 16303, "Type": "HIGHLOW"}, {"RVA": 16312, "Type": "HIGHLOW"}, {"RVA": 16348, "Type": "HIGHLOW"}, {"RVA": 16369, "Type": "HIGHLOW"}], [{"SizeOfBlock": {"FileOffset": 21760, "Value": 164, "Offset": 4}, "VirtualAddress": {"FileOffset": 21756, "Value": 16384, "Offset": 0}, "Structure": "IMAGE_BASE_RELOCATION"}, {"RVA": 16413, "Type": "HIGHLOW"}, {"RVA": 16445, "Type": "HIGHLOW"}, {"RVA": 16462, "Type": "HIGHLOW"}, {"RVA": 16471, "Type": "HIGHLOW"}, {"RVA": 16487, "Type": "HIGHLOW"}, {"RVA": 16500, "Type": "HIGHLOW"}, {"RVA": 16509, "Type": "HIGHLOW"}, {"RVA": 16514, "Type": "HIGHLOW"}, {"RVA": 16521, "Type": "HIGHLOW"}, {"RVA": 16594, "Type": "HIGHLOW"}, {"RVA": 16612, "Type": "HIGHLOW"}, {"RVA": 16616, "Type": "HIGHLOW"}, {"RVA": 16620, "Type": "HIGHLOW"}, {"RVA": 16624, "Type": "HIGHLOW"}, {"RVA": 16628, "Type": "HIGHLOW"}, {"RVA": 16649, "Type": "HIGHLOW"}, {"RVA": 16743, "Type": "HIGHLOW"}, {"RVA": 16796, "Type": "HIGHLOW"}, {"RVA": 16810, "Type": "HIGHLOW"}, {"RVA": 16847, "Type": "HIGHLOW"}, {"RVA": 16874, "Type": "HIGHLOW"}, {"RVA": 16893, "Type": "HIGHLOW"}, {"RVA": 16899, "Type": "HIGHLOW"}, {"RVA": 16905, "Type": "HIGHLOW"}, {"RVA": 16911, "Type": "HIGHLOW"}, {"RVA": 16925, "Type": "HIGHLOW"}, {"RVA": 16946, "Type": "HIGHLOW"}, {"RVA": 16951, "Type": "HIGHLOW"}, {"RVA": 17010, "Type": "HIGHLOW"}, {"RVA": 17034, "Type": "HIGHLOW"}, {"RVA": 17054, "Type": "HIGHLOW"}, {"RVA": 17093, "Type": "HIGHLOW"}, {"RVA": 17108, "Type": "HIGHLOW"}, {"RVA": 17234, "Type": "HIGHLOW"}, {"RVA": 17261, "Type": "HIGHLOW"}, {"RVA": 17294, "Type": "HIGHLOW"}, {"RVA": 17313, "Type": "HIGHLOW"}, {"RVA": 17335, "Type": "HIGHLOW"}, {"RVA": 17340, "Type": "HIGHLOW"}, {"RVA": 17370, "Type": "HIGHLOW"}, {"RVA": 17428, "Type": "HIGHLOW"}, {"RVA": 17442, "Type": "HIGHLOW"}, {"RVA": 17448, "Type": "HIGHLOW"}, {"RVA": 17454, "Type": "HIGHLOW"}, {"RVA": 17460, "Type": "HIGHLOW"}, {"RVA": 17466, "Type": "HIGHLOW"}, {"RVA": 17472, "Type": "HIGHLOW"}, {"RVA": 17478, "Type": "HIGHLOW"}, {"RVA": 17484, "Type": "HIGHLOW"}, {"RVA": 17490, "Type": "HIGHLOW"}, {"RVA": 17506, "Type": "HIGHLOW"}, {"RVA": 17512, "Type": "HIGHLOW"}, {"RVA": 17518, "Type": "HIGHLOW"}, {"RVA": 17524, "Type": "HIGHLOW"}, {"RVA": 17530, "Type": "HIGHLOW"}, {"RVA": 17544, "Type": "HIGHLOW"}, {"RVA": 17552, "Type": "HIGHLOW"}, {"RVA": 17558, "Type": "HIGHLOW"}, {"RVA": 17569, "Type": "HIGHLOW"}, {"RVA": 17582, "Type": "HIGHLOW"}, {"RVA": 17590, "Type": "HIGHLOW"}, {"RVA": 17604, "Type": "HIGHLOW"}, {"RVA": 17609, "Type": "HIGHLOW"}, {"RVA": 17614, "Type": "HIGHLOW"}, {"RVA": 17619, "Type": "HIGHLOW"}, {"RVA": 17630, "Type": "HIGHLOW"}, {"RVA": 17643, "Type": "HIGHLOW"}, {"RVA": 17653, "Type": "HIGHLOW"}, {"RVA": 17674, "Type": "HIGHLOW"}, {"RVA": 17686, "Type": "HIGHLOW"}, {"RVA": 17692, "Type": "HIGHLOW"}, {"RVA": 17726, "Type": "HIGHLOW"}, {"RVA": 17744, "Type": "HIGHLOW"}, {"RVA": 17836, "Type": "HIGHLOW"}, {"RVA": 17864, "Type": "HIGHLOW"}, {"RVA": 17884, "Type": "HIGHLOW"}, {"RVA": 17916, "Type": "HIGHLOW"}, {"RVA": 16384, "Type": "ABSOLUTE"}], [{"SizeOfBlock": {"FileOffset": 21924, "Value": 20, "Offset": 4}, "VirtualAddress": {"FileOffset": 21920, "Value": 20480, "Offset": 0}, "Structure": "IMAGE_BASE_RELOCATION"}, {"RVA": 20792, "Type": "HIGHLOW"}, {"RVA": 20816, "Type": "HIGHLOW"}, {"RVA": 20844, "Type": "HIGHLOW"}, {"RVA": 20856, "Type": "HIGHLOW"}, {"RVA": 20884, "Type": "HIGHLOW"}, {"RVA": 20480, "Type": "ABSOLUTE"}]], "NT_HEADERS": {"Structure": "IMAGE_NT_HEADERS", "Signature": {"FileOffset": 216, "Value": 17744, "Offset": 0}}, "Flags": ["IMAGE_FILE_LOCAL_SYMS_STRIPPED", "IMAGE_FILE_32BIT_MACHINE", "IMAGE_FILE_EXECUTABLE_IMAGE", "IMAGE_FILE_DLL", "IMAGE_FILE_LINE_NUMS_STRIPPED"], "Version Information": [{"ValueLength": {"FileOffset": 20066, "Value": 52, "Offset": 2}, "Length": {"FileOffset": 20064, "Value": 912, "Offset": 0}, "Type": {"FileOffset": 20068, "Value": 0, "Offset": 4}, "Structure": "VS_VERSIONINFO"}, {"FileFlagsMask": {"FileOffset": 20128, "Value": 63, "Offset": 24}, "FileType": {"FileOffset": 20140, "Value": 2, "Offset": 36}, "FileVersionMS": {"FileOffset": 20112, "Value": 327681, "Offset": 8}, "FileVersionLS": {"FileOffset": 20116, "Value": 170399112, "Offset": 12}, "Signature": {"FileOffset": 20104, "Value": 4277077181, "Offset": 0}, "FileSubtype": {"FileOffset": 20144, "Value": 0, "Offset": 40}, "FileFlags": {"FileOffset": 20132, "Value": 0, "Offset": 28}, "FileDateLS": {"FileOffset": 20152, "Value": 0, "Offset": 48}, "ProductVersionLS": {"FileOffset": 20124, "Value": 170399112, "Offset": 20}, "FileOS": {"FileOffset": 20136, "Value": 262148, "Offset": 32}, "ProductVersionMS": {"FileOffset": 20120, "Value": 327681, "Offset": 16}, "FileDateMS": {"FileOffset": 20148, "Value": 0, "Offset": 44}, "Structure": "VS_FIXEDFILEINFO", "StrucVersion": {"FileOffset": 20108, "Value": 65536, "Offset": 4}}], "Imported symbols": [[{"TimeDateStamp": {"FileOffset": 15772, "Value": "0x0        [Thu Jan  1 00:00:00 1970 UTC]", "Offset": 4}, "Name": {"FileOffset": 15780, "Value": 21968, "Offset": 12}, "ForwarderChain": {"FileOffset": 15776, "Value": 0, "Offset": 8}, "OriginalFirstThunk": {"FileOffset": 15768, "Value": 21044, "Offset": 0}, "FirstThunk": {"FileOffset": 15784, "Value": 20536, "Offset": 16}, "Characteristics": {"FileOffset": 15768, "Value": 21044, "Offset": 0}, "Structure": "IMAGE_IMPORT_DESCRIPTOR"}, {"Hint": 14, "Name": "AttachConsole", "DLL": "KERNEL32.dll"}, {"Hint": 102, "Name": "CreateProcessA", "DLL": "KERNEL32.dll"}, {"Hint": 298, "Name": "GetConsoleDisplayMode", "DLL": "KERNEL32.dll"}, {"Hint": 693, "Name": "ReadFile", "DLL": "KERNEL32.dll"}, {"Hint": 657, "Name": "PeekNamedPipe", "DLL": "KERNEL32.dll"}, {"Hint": 346, "Name": "GetExitCodeProcess", "DLL": "KERNEL32.dll"}, {"Hint": 350, "Name": "GetFileAttributesA", "DLL": "KERNEL32.dll"}, {"Hint": 449, "Name": "GetSystemDirectoryA", "DLL": "KERNEL32.dll"}, {"Hint": 188, "Name": "ExpandEnvironmentStringsA", "DLL": "KERNEL32.dll"}, {"Hint": 823, "Name": "SetStdHandle", "DLL": "KERNEL32.dll"}, {"Hint": 491, "Name": "GetVolumeInformationA", "DLL": "KERNEL32.dll"}, {"Hint": 83, "Name": "CreateFileA", "DLL": "KERNEL32.dll"}, {"Hint": 957, "Name": "lstrcatA", "DLL": "KERNEL32.dll"}, {"Hint": 376, "Name": "GetLogicalDrives", "DLL": "KERNEL32.dll"}, {"Hint": 664, "Name": "Process32Next", "DLL": "KERNEL32.dll"}, {"Hint": 662, "Name": "Process32First", "DLL": "KERNEL32.dll"}, {"Hint": 114, "Name": "CreateToolhelp32Snapshot", "DLL": "KERNEL32.dll"}, {"Hint": 646, "Name": "OpenProcess", "DLL": "KERNEL32.dll"}, {"Hint": 932, "Name": "WriteFile", "DLL": "KERNEL32.dll"}, {"Hint": 355, "Name": "GetFileSize", "DLL": "KERNEL32.dll"}, {"Hint": 381, "Name": "GetModuleFileNameA", "DLL": "KERNEL32.dll"}, {"Hint": 863, "Name": "TerminateThread", "DLL": "KERNEL32.dll"}, {"Hint": 922, "Name": "WriteConsoleInputA", "DLL": "KERNEL32.dll"}, {"Hint": 276, "Name": "GetComputerNameA", "DLL": "KERNEL32.dll"}, {"Hint": 854, "Name": "Sleep", "DLL": "KERNEL32.dll"}, {"Hint": 369, "Name": "GetLastError", "DLL": "KERNEL32.dll"}, {"Hint": 101, "Name": "CreatePipe", "DLL": "KERNEL32.dll"}, {"Hint": 499, "Name": "GetWindowsDirectoryA", "DLL": "KERNEL32.dll"}, {"Hint": 778, "Name": "SetCurrentDirectoryA", "DLL": "KERNEL32.dll"}, {"Hint": 252, "Name": "GenerateConsoleCtrlEvent", "DLL": "KERNEL32.dll"}, {"Hint": 111, "Name": "CreateThread", "DLL": "KERNEL32.dll"}, {"Hint": 912, "Name": "WaitForSingleObject", "DLL": "KERNEL32.dll"}, {"Hint": 52, "Name": "CloseHandle", "DLL": "KERNEL32.dll"}, {"Hint": 371, "Name": "GetLocalTime", "DLL": "KERNEL32.dll"}, {"Hint": 862, "Name": "TerminateProcess", "DLL": "KERNEL32.dll"}, {"Hint": 339, "Name": "GetDriveTypeA", "DLL": "KERNEL32.dll"}], [{"TimeDateStamp": {"FileOffset": 15792, "Value": "0x0        [Thu Jan  1 00:00:00 1970 UTC]", "Offset": 4}, "Name": {"FileOffset": 15800, "Value": 22112, "Offset": 12}, "ForwarderChain": {"FileOffset": 15796, "Value": 0, "Offset": 8}, "OriginalFirstThunk": {"FileOffset": 15788, "Value": 21192, "Offset": 0}, "FirstThunk": {"FileOffset": 15804, "Value": 20684, "Offset": 16}, "Characteristics": {"FileOffset": 15788, "Value": 21192, "Offset": 0}, "Structure": "IMAGE_IMPORT_DESCRIPTOR"}, {"Hint": 157, "Name": "_adjust_fdiv", "DLL": "MSVCRT.dll"}, {"Hint": 16, "Name": "??3@YAXPAX@Z", "DLL": "MSVCRT.dll"}, {"Hint": 15, "Name": "??2@YAPAXI@Z", "DLL": "MSVCRT.dll"}, {"Hint": 690, "Name": "sprintf", "DLL": "MSVCRT.dll"}, {"Hint": 445, "Name": "_strcmpi", "DLL": "MSVCRT.dll"}, {"Hint": 73, "Name": "__CxxFrameHandler", "DLL": "MSVCRT.dll"}, {"Hint": 573, "Name": "atoi", "DLL": "MSVCRT.dll"}, {"Hint": 707, "Name": "strrchr", "DLL": "MSVCRT.dll"}, {"Hint": 753, "Name": "wcstombs", "DLL": "MSVCRT.dll"}, {"Hint": 678, "Name": "rand", "DLL": "MSVCRT.dll"}, {"Hint": 241, "Name": "_ftol", "DLL": "MSVCRT.dll"}, {"Hint": 693, "Name": "sscanf", "DLL": "MSVCRT.dll"}, {"Hint": 657, "Name": "malloc", "DLL": "MSVCRT.dll"}, {"Hint": 271, "Name": "_initterm", "DLL": "MSVCRT.dll"}, {"Hint": 606, "Name": "free", "DLL": "MSVCRT.dll"}], [{"TimeDateStamp": {"FileOffset": 15812, "Value": "0x0        [Thu Jan  1 00:00:00 1970 UTC]", "Offset": 4}, "Name": {"FileOffset": 15820, "Value": 22378, "Offset": 12}, "ForwarderChain": {"FileOffset": 15816, "Value": 0, "Offset": 8}, "OriginalFirstThunk": {"FileOffset": 15808, "Value": 21256, "Offset": 0}, "FirstThunk": {"FileOffset": 15824, "Value": 20748, "Offset": 16}, "Characteristics": {"FileOffset": 15808, "Value": 21256, "Offset": 0}, "Structure": "IMAGE_IMPORT_DESCRIPTOR"}, {"Hint": 87, "Name": "HttpQueryInfoA", "DLL": "WININET.dll"}, {"Hint": 105, "Name": "InternetCloseHandle", "DLL": "WININET.dll"}, {"Hint": 154, "Name": "InternetReadFile", "DLL": "WININET.dll"}, {"Hint": 89, "Name": "HttpSendRequestA", "DLL": "WININET.dll"}, {"Hint": 152, "Name": "InternetQueryOptionA", "DLL": "WININET.dll"}, {"Hint": 146, "Name": "InternetOpenA", "DLL": "WININET.dll"}, {"Hint": 167, "Name": "InternetSetOptionA", "DLL": "WININET.dll"}, {"Hint": 111, "Name": "InternetConnectA", "DLL": "WININET.dll"}, {"Hint": 85, "Name": "HttpOpenRequestA", "DLL": "WININET.dll"}, {"Hint": 80, "Name": "HttpAddRequestHeadersA", "DLL": "WININET.dll"}], [{"TimeDateStamp": {"FileOffset": 15832, "Value": "0x0        [Thu Jan  1 00:00:00 1970 UTC]", "Offset": 4}, "Name": {"FileOffset": 15840, "Value": 22640, "Offset": 12}, "ForwarderChain": {"FileOffset": 15836, "Value": 0, "Offset": 8}, "OriginalFirstThunk": {"FileOffset": 15828, "Value": 20988, "Offset": 0}, "FirstThunk": {"FileOffset": 15844, "Value": 20480, "Offset": 16}, "Characteristics": {"FileOffset": 15828, "Value": 20988, "Offset": 0}, "Structure": "IMAGE_IMPORT_DESCRIPTOR"}, {"Hint": 211, "Name": "EnumServicesStatusExA", "DLL": "ADVAPI32.dll"}, {"Hint": 429, "Name": "OpenSCManagerA", "DLL": "ADVAPI32.dll"}, {"Hint": 66, "Name": "ControlService", "DLL": "ADVAPI32.dll"}, {"Hint": 431, "Name": "OpenServiceA", "DLL": "ADVAPI32.dll"}, {"Hint": 585, "Name": "StartServiceA", "DLL": "ADVAPI32.dll"}, {"Hint": 459, "Name": "RegCloseKey", "DLL": "ADVAPI32.dll"}, {"Hint": 516, "Name": "RegSetValueExA", "DLL": "ADVAPI32.dll"}, {"Hint": 503, "Name": "RegQueryValueExA", "DLL": "ADVAPI32.dll"}, {"Hint": 492, "Name": "RegOpenKeyExA", "DLL": "ADVAPI32.dll"}, {"Hint": 472, "Name": "RegDeleteValueA", "DLL": "ADVAPI32.dll"}, {"Hint": 524, "Name": "RegisterServiceCtrlHandlerA", "DLL": "ADVAPI32.dll"}, {"Hint": 580, "Name": "SetServiceStatus", "DLL": "ADVAPI32.dll"}, {"Hint": 62, "Name": "CloseServiceHandle", "DLL": "ADVAPI32.dll"}]], "PE Sections": [{"PointerToRawData": {"FileOffset": 484, "Value": 1024, "Offset": 20}, "SHA1": "ef320c732ed998cddda734070871f0dbcff74848", "SHA256": "ca8dd9b5566041727c3bb4ed2578650cb0d95c439695426fd35a72e6b8298130", "Name": {"FileOffset": 464, "Value": ".text", "Offset": 0}, "NumberOfRelocations": {"FileOffset": 496, "Value": 0, "Offset": 32}, "Misc_VirtualSize": {"FileOffset": 472, "Value": 13829, "Offset": 8}, "Characteristics": {"FileOffset": 500, "Value": 1610612768, "Offset": 36}, "Misc": {"FileOffset": 472, "Value": 13829, "Offset": 8}, "PointerToLinenumbers": {"FileOffset": 492, "Value": 0, "Offset": 28}, "SizeOfRawData": {"FileOffset": 480, "Value": 14336, "Offset": 16}, "Misc_PhysicalAddress": {"FileOffset": 472, "Value": 13829, "Offset": 8}, "PointerToRelocations": {"FileOffset": 488, "Value": 0, "Offset": 24}, "Flags": ["IMAGE_SCN_MEM_EXECUTE", "IMAGE_SCN_CNT_CODE", "IMAGE_SCN_MEM_READ"], "SHA512": "a0b263509e107b2d5eaffe82431da0296fbddf083de98102dee951c4f1a5563d004b61d911ddb6b5b8429fed196a45784727b06d557900bbc652bf56416332c5", "MD5": "c04712783f10b32ce36e227ce29c3560", "Entropy": 6.245208792245681, "VirtualAddress": {"FileOffset": 476, "Value": 4096, "Offset": 12}, "Structure": "IMAGE_SECTION_HEADER", "NumberOfLinenumbers": {"FileOffset": 498, "Value": 0, "Offset": 34}}, {"PointerToRawData": {"FileOffset": 524, "Value": 15360, "Offset": 20}, "SHA1": "a80c2bf76b8c643cd29a3b53d23ac5986e501f86", "SHA256": "f44bc387802b661d2842bba558fa4704c2894f6c31976bbfccf88ffed77dd18f", "Name": {"FileOffset": 504, "Value": ".rdata", "Offset": 0}, "NumberOfRelocations": {"FileOffset": 536, "Value": 0, "Offset": 32}, "Misc_VirtualSize": {"FileOffset": 512, "Value": 2288, "Offset": 8}, "Characteristics": {"FileOffset": 540, "Value": 1073741888, "Offset": 36}, "Misc": {"FileOffset": 512, "Value": 2288, "Offset": 8}, "PointerToLinenumbers": {"FileOffset": 532, "Value": 0, "Offset": 28}, "SizeOfRawData": {"FileOffset": 520, "Value": 2560, "Offset": 16}, "Misc_PhysicalAddress": {"FileOffset": 512, "Value": 2288, "Offset": 8}, "PointerToRelocations": {"FileOffset": 528, "Value": 0, "Offset": 24}, "Flags": ["IMAGE_SCN_CNT_INITIALIZED_DATA", "IMAGE_SCN_MEM_READ"], "SHA512": "c9767bc9c7dc4f55a58eedfb4727dd5b0abdb9a66c4c8b1e1691cdd05c807d6628d48439f85dc85ab10c452b46f38e0608e862d804dc14ea3ed1c4565e7a39d7", "MD5": "24fee20064571ac9a92acd1a301a1608", "Entropy": 4.664469655285715, "VirtualAddress": {"FileOffset": 516, "Value": 20480, "Offset": 12}, "Structure": "IMAGE_SECTION_HEADER", "NumberOfLinenumbers": {"FileOffset": 538, "Value": 0, "Offset": 34}}, {"PointerToRawData": {"FileOffset": 564, "Value": 17920, "Offset": 20}, "SHA1": "96783ad171b3b733cf427d2769296b5344e159ba", "SHA256": "bd6b062b206acc8a26d6bcd57cd3795c03a2d8acbe3738a646d9675253da0ed5", "Name": {"FileOffset": 544, "Value": ".data", "Offset": 0}, "NumberOfRelocations": {"FileOffset": 576, "Value": 0, "Offset": 32}, "Misc_VirtualSize": {"FileOffset": 552, "Value": 2028, "Offset": 8}, "Characteristics": {"FileOffset": 580, "Value": 3221225536, "Offset": 36}, "Misc": {"FileOffset": 552, "Value": 2028, "Offset": 8}, "PointerToLinenumbers": {"FileOffset": 572, "Value": 0, "Offset": 28}, "SizeOfRawData": {"FileOffset": 560, "Value": 2048, "Offset": 16}, "Misc_PhysicalAddress": {"FileOffset": 552, "Value": 2028, "Offset": 8}, "PointerToRelocations": {"FileOffset": 568, "Value": 0, "Offset": 24}, "Flags": ["IMAGE_SCN_CNT_INITIALIZED_DATA", "IMAGE_SCN_MEM_WRITE", "IMAGE_SCN_MEM_READ"], "SHA512": "6f9edac625efe59c7ad14d3848febbb79cde676669194e5c8855cb6ea89aadd35fda081eb4b817d8e484d5b2e4f867b91eec97c88bbd8caebb223a17a2dfd0f5", "MD5": "9f2c8baa117720f3ae213041d890dcc4", "Entropy": 5.86518134481149, "VirtualAddress": {"FileOffset": 556, "Value": 24576, "Offset": 12}, "Structure": "IMAGE_SECTION_HEADER", "NumberOfLinenumbers": {"FileOffset": 578, "Value": 0, "Offset": 34}}, {"PointerToRawData": {"FileOffset": 604, "Value": 19968, "Offset": 20}, "SHA1": "21c446b502c1a709d86c7d26e95bb51f7c64148d", "SHA256": "7092fba6d222f208f5fe34a92f4879428185c873e7c940cd5f9f6eef9f089750", "Name": {"FileOffset": 584, "Value": ".rsrc", "Offset": 0}, "NumberOfRelocations": {"FileOffset": 616, "Value": 0, "Offset": 32}, "Misc_VirtualSize": {"FileOffset": 592, "Value": 1008, "Offset": 8}, "Characteristics": {"FileOffset": 620, "Value": 1073741888, "Offset": 36}, "Misc": {"FileOffset": 592, "Value": 1008, "Offset": 8}, "PointerToLinenumbers": {"FileOffset": 612, "Value": 0, "Offset": 28}, "SizeOfRawData": {"FileOffset": 600, "Value": 1024, "Offset": 16}, "Misc_PhysicalAddress": {"FileOffset": 592, "Value": 1008, "Offset": 8}, "PointerToRelocations": {"FileOffset": 608, "Value": 0, "Offset": 24}, "Flags": ["IMAGE_SCN_CNT_INITIALIZED_DATA", "IMAGE_SCN_MEM_READ"], "SHA512": "323aa776522d5df221dee2731835431f98f64e1342ae1e7051bf8d486ccce0c4bc2176b407220a5bd1aebb21fc0efaa911b1f5818d37d66d2c9ecdd0e0ffa003", "MD5": "af51fb3d206629674ba71e27507a3064", "Entropy": 3.4077763417906866, "VirtualAddress": {"FileOffset": 596, "Value": 28672, "Offset": 12}, "Structure": "IMAGE_SECTION_HEADER", "NumberOfLinenumbers": {"FileOffset": 618, "Value": 0, "Offset": 34}}, {"PointerToRawData": {"FileOffset": 644, "Value": 20992, "Offset": 20}, "SHA1": "2b4ca9fe47c15a15f58c9e37c6679331ec11b134", "SHA256": "a37304becd44222b75611bc0d189e3f4fea003aa39681b5d6def5a93a51cdfdc", "Name": {"FileOffset": 624, "Value": ".reloc", "Offset": 0}, "NumberOfRelocations": {"FileOffset": 656, "Value": 0, "Offset": 32}, "Misc_VirtualSize": {"FileOffset": 632, "Value": 1114, "Offset": 8}, "Characteristics": {"FileOffset": 660, "Value": 1107296320, "Offset": 36}, "Misc": {"FileOffset": 632, "Value": 1114, "Offset": 8}, "PointerToLinenumbers": {"FileOffset": 652, "Value": 0, "Offset": 28}, "SizeOfRawData": {"FileOffset": 640, "Value": 1536, "Offset": 16}, "Misc_PhysicalAddress": {"FileOffset": 632, "Value": 1114, "Offset": 8}, "PointerToRelocations": {"FileOffset": 648, "Value": 0, "Offset": 24}, "Flags": ["IMAGE_SCN_CNT_INITIALIZED_DATA", "IMAGE_SCN_MEM_DISCARDABLE", "IMAGE_SCN_MEM_READ"], "SHA512": "037e644bd4e11f298834b2c9ccb1189d06c395767224b1afa87f35207c9107ba0a39676d58647a5f07fede87a56c91063e2e21e0e54470654d18e0188faf2e55", "MD5": "e224a1abd73602636559eac4c2c98ec4", "Entropy": 4.9087147644559685, "VirtualAddress": {"FileOffset": 636, "Value": 32768, "Offset": 12}, "Structure": "IMAGE_SECTION_HEADER", "NumberOfLinenumbers": {"FileOffset": 658, "Value": 0, "Offset": 34}}], "Resource directory": [{"MajorVersion": {"FileOffset": 19976, "Value": 0, "Offset": 8}, "NumberOfIdEntries": {"FileOffset": 19982, "Value": 1, "Offset": 14}, "MinorVersion": {"FileOffset": 19978, "Value": 0, "Offset": 10}, "TimeDateStamp": {"FileOffset": 19972, "Value": "0x0        [Thu Jan  1 00:00:00 1970 UTC]", "Offset": 4}, "Characteristics": {"FileOffset": 19968, "Value": 0, "Offset": 0}, "NumberOfNamedEntries": {"FileOffset": 19980, "Value": 0, "Offset": 12}, "Structure": "IMAGE_RESOURCE_DIRECTORY"}, {"Structure": "IMAGE_RESOURCE_DIRECTORY_ENTRY", "Id": [16, "RT_VERSION"], "OffsetToData": {"FileOffset": 19988, "Value": 2147483672, "Offset": 4}, "Name": {"FileOffset": 19984, "Value": 16, "Offset": 0}}, [{"MajorVersion": {"FileOffset": 20000, "Value": 0, "Offset": 8}, "NumberOfIdEntries": {"FileOffset": 20006, "Value": 1, "Offset": 14}, "MinorVersion": {"FileOffset": 20002, "Value": 0, "Offset": 10}, "TimeDateStamp": {"FileOffset": 19996, "Value": "0x0        [Thu Jan  1 00:00:00 1970 UTC]", "Offset": 4}, "Characteristics": {"FileOffset": 19992, "Value": 0, "Offset": 0}, "NumberOfNamedEntries": {"FileOffset": 20004, "Value": 0, "Offset": 12}, "Structure": "IMAGE_RESOURCE_DIRECTORY"}, {"Structure": "IMAGE_RESOURCE_DIRECTORY_ENTRY", "Id": 1, "OffsetToData": {"FileOffset": 20012, "Value": 2147483696, "Offset": 4}, "Name": {"FileOffset": 20008, "Value": 1, "Offset": 0}}, [{"MajorVersion": {"FileOffset": 20024, "Value": 0, "Offset": 8}, "NumberOfIdEntries": {"FileOffset": 20030, "Value": 1, "Offset": 14}, "MinorVersion": {"FileOffset": 20026, "Value": 0, "Offset": 10}, "TimeDateStamp": {"FileOffset": 20020, "Value": "0x0        [Thu Jan  1 00:00:00 1970 UTC]", "Offset": 4}, "Characteristics": {"FileOffset": 20016, "Value": 0, "Offset": 0}, "NumberOfNamedEntries": {"FileOffset": 20028, "Value": 0, "Offset": 12}, "Structure": "IMAGE_RESOURCE_DIRECTORY"}, {"LANG": 9, "SUBLANG_NAME": "SUBLANG_ENGLISH_US", "Name": {"FileOffset": 20032, "Value": 1033, "Offset": 0}, "CodePage": {"FileOffset": 20048, "Value": 0, "Offset": 8}, "LANG_NAME": "LANG_ENGLISH", "OffsetToData": {"FileOffset": 20040, "Value": 28768, "Offset": 0}, "Reserved": {"FileOffset": 20052, "Value": 0, "Offset": 12}, "SUBLANG": 1, "Structure": "IMAGE_RESOURCE_DATA_ENTRY", "Size": {"FileOffset": 20044, "Value": 912, "Offset": 4}}]]]}
