{"DllCharacteristics": [], "FILE_HEADER": {"NumberOfSections": {"FileOffset": 230, "Value": 4, "Offset": 2}, "TimeDateStamp": {"FileOffset": 232, "Value": "0x4C95CB03 [Sun Sep 19 08:34:11 2010 UTC]", "Offset": 4}, "PointerToSymbolTable": {"FileOffset": 236, "Value": 0, "Offset": 8}, "NumberOfSymbols": {"FileOffset": 240, "Value": 0, "Offset": 12}, "Machine": {"FileOffset": 228, "Value": 332, "Offset": 0}, "Characteristics": {"FileOffset": 246, "Value": 271, "Offset": 18}, "SizeOfOptionalHeader": {"FileOffset": 244, "Value": 224, "Offset": 16}, "Structure": "IMAGE_FILE_HEADER"}, "Directories": [{"VirtualAddress": {"FileOffset": 344, "Value": 0, "Offset": 0}, "Structure": "IMAGE_DIRECTORY_ENTRY_EXPORT", "Size": {"FileOffset": 348, "Value": 0, "Offset": 4}}, {"VirtualAddress": {"FileOffset": 352, "Value": 16764, "Offset": 0}, "Structure": "IMAGE_DIRECTORY_ENTRY_IMPORT", "Size": {"FileOffset": 356, "Value": 140, "Offset": 4}}, {"VirtualAddress": {"FileOffset": 360, "Value": 24576, "Offset": 0}, "Structure": "IMAGE_DIRECTORY_ENTRY_RESOURCE", "Size": {"FileOffset": 364, "Value": 160, "Offset": 4}}, {"VirtualAddress": {"FileOffset": 368, "Value": 0, "Offset": 0}, "Structure": "IMAGE_DIRECTORY_ENTRY_EXCEPTION", "Size": {"FileOffset": 372, "Value": 0, "Offset": 4}}, {"VirtualAddress": {"FileOffset": 376, "Value": 0, "Offset": 0}, "Structure": "IMAGE_DIRECTORY_ENTRY_SECURITY", "Size": {"FileOffset": 380, "Value": 0, "Offset": 4}}, {"VirtualAddress": {"FileOffset": 384, "Value": 0, "Offset": 0}, "Structure": "IMAGE_DIRECTORY_ENTRY_BASERELOC", "Size": {"FileOffset": 388, "Value": 0, "Offset": 4}}, {"VirtualAddress": {"FileOffset": 392, "Value": 0, "Offset": 0}, "Structure": "IMAGE_DIRECTORY_ENTRY_DEBUG", "Size": {"FileOffset": 396, "Value": 0, "Offset": 4}}, {"VirtualAddress": {"FileOffset": 400, "Value": 0, "Offset": 0}, "Structure": "IMAGE_DIRECTORY_ENTRY_COPYRIGHT", "Size": {"FileOffset": 404, "Value": 0, "Offset": 4}}, {"VirtualAddress": {"FileOffset": 408, "Value": 0, "Offset": 0}, "Structure": "IMAGE_DIRECTORY_ENTRY_GLOBALPTR", "Size": {"FileOffset": 412, "Value": 0, "Offset": 4}}, {"VirtualAddress": {"FileOffset": 416, "Value": 0, "Offset": 0}, "Structure": "IMAGE_DIRECTORY_ENTRY_TLS", "Size": {"FileOffset": 420, "Value": 0, "Offset": 4}}, {"VirtualAddress": {"FileOffset": 424, "Value": 0, "Offset": 0}, "Structure": "IMAGE_DIRECTORY_ENTRY_LOAD_CONFIG", "Size": {"FileOffset": 428, "Value": 0, "Offset": 4}}, {"VirtualAddress": {"FileOffset": 432, "Value": 0, "Offset": 0}, "Structure": "IMAGE_DIRECTORY_ENTRY_BOUND_IMPORT", "Size": {"FileOffset": 436, "Value": 0, "Offset": 4}}, {"VirtualAddress": {"FileOffset": 440, "Value": 16384, "Offset": 0}, "Structure": "IMAGE_DIRECTORY_ENTRY_IAT", "Size": {"FileOffset": 444, "Value": 304, "Offset": 4}}, {"VirtualAddress": {"FileOffset": 448, "Value": 0, "Offset": 0}, "Structure": "IMAGE_DIRECTORY_ENTRY_DELAY_IMPORT", "Size": {"FileOffset": 452, "Value": 0, "Offset": 4}}, {"VirtualAddress": {"FileOffset": 456, "Value": 0, "Offset": 0}, "Structure": "IMAGE_DIRECTORY_ENTRY_COM_DESCRIPTOR", "Size": {"FileOffset": 460, "Value": 0, "Offset": 4}}, {"VirtualAddress": {"FileOffset": 464, "Value": 0, "Offset": 0}, "Structure": "IMAGE_DIRECTORY_ENTRY_RESERVED", "Size": {"FileOffset": 468, "Value": 0, "Offset": 4}}], "OPTIONAL_HEADER": {"DllCharacteristics": {"FileOffset": 318, "Value": 0, "Offset": 70}, "BaseOfCode": {"FileOffset": 268, "Value": 4096, "Offset": 20}, "MajorLinkerVersion": {"FileOffset": 250, "Value": 6, "Offset": 2}, "MinorOperatingSystemVersion": {"FileOffset": 290, "Value": 0, "Offset": 42}, "MinorLinkerVersion": {"FileOffset": 251, "Value": 0, "Offset": 3}, "MajorSubsystemVersion": {"FileOffset": 296, "Value": 4, "Offset": 48}, "MajorOperatingSystemVersion": {"FileOffset": 288, "Value": 4, "Offset": 40}, "SizeOfStackCommit": {"FileOffset": 324, "Value": 4096, "Offset": 76}, "SizeOfUninitializedData": {"FileOffset": 260, "Value": 0, "Offset": 12}, "NumberOfRvaAndSizes": {"FileOffset": 340, "Value": 16, "Offset": 92}, "SizeOfHeapReserve": {"FileOffset": 328, "Value": 1048576, "Offset": 80}, "LoaderFlags": {"FileOffset": 336, "Value": 0, "Offset": 88}, "SizeOfHeapCommit": {"FileOffset": 332, "Value": 4096, "Offset": 84}, "SizeOfStackReserve": {"FileOffset": 320, "Value": 1048576, "Offset": 72}, "Structure": "IMAGE_OPTIONAL_HEADER", "SizeOfHeaders": {"FileOffset": 308, "Value": 1024, "Offset": 60}, "Subsystem": {"FileOffset": 316, "Value": 2, "Offset": 68}, "Magic": {"FileOffset": 248, "Value": 267, "Offset": 0}, "MinorImageVersion": {"FileOffset": 294, "Value": 0, "Offset": 46}, "MajorImageVersion": {"FileOffset": 292, "Value": 0, "Offset": 44}, "FileAlignment": {"FileOffset": 284, "Value": 512, "Offset": 36}, "BaseOfData": {"FileOffset": 272, "Value": 16384, "Offset": 24}, "AddressOfEntryPoint": {"FileOffset": 264, "Value": 13184, "Offset": 16}, "SectionAlignment": {"FileOffset": 280, "Value": 4096, "Offset": 32}, "SizeOfCode": {"FileOffset": 252, "Value": 9728, "Offset": 4}, "ImageBase": {"FileOffset": 276, "Value": 4194304, "Offset": 28}, "SizeOfInitializedData": {"FileOffset": 256, "Value": 3072, "Offset": 8}, "SizeOfImage": {"FileOffset": 304, "Value": 28672, "Offset": 56}, "MinorSubsystemVersion": {"FileOffset": 298, "Value": 0, "Offset": 50}, "CheckSum": {"FileOffset": 312, "Value": 0, "Offset": 64}, "Reserved1": {"FileOffset": 300, "Value": 0, "Offset": 52}}, "DOS_HEADER": {"e_cblp": {"FileOffset": 2, "Value": 144, "Offset": 2}, "e_crlc": {"FileOffset": 6, "Value": 0, "Offset": 6}, "e_ovno": {"FileOffset": 26, "Value": 0, "Offset": 26}, "e_minalloc": {"FileOffset": 10, "Value": 0, "Offset": 10}, "e_csum": {"FileOffset": 18, "Value": 0, "Offset": 18}, "e_cparhdr": {"FileOffset": 8, "Value": 4, "Offset": 8}, "e_cp": {"FileOffset": 4, "Value": 3, "Offset": 4}, "e_cs": {"FileOffset": 22, "Value": 0, "Offset": 22}, "e_maxalloc": {"FileOffset": 12, "Value": 65535, "Offset": 12}, "e_lfarlc": {"FileOffset": 24, "Value": 64, "Offset": 24}, "e_oemid": {"FileOffset": 36, "Value": 0, "Offset": 36}, "e_lfanew": {"FileOffset": 60, "Value": 224, "Offset": 60}, "e_ss": {"FileOffset": 14, "Value": 0, "Offset": 14}, "e_magic": {"FileOffset": 0, "Value": 23117, "Offset": 0}, "e_oeminfo": {"FileOffset": 38, "Value": 0, "Offset": 38}, "e_res2": {"FileOffset": 40, "Value": "", "Offset": 40}, "e_res": {"FileOffset": 28, "Value": "", "Offset": 28}, "e_sp": {"FileOffset": 16, "Value": 184, "Offset": 16}, "Structure": "IMAGE_DOS_HEADER", "e_ip": {"FileOffset": 20, "Value": 0, "Offset": 20}}, "NT_HEADERS": {"Structure": "IMAGE_NT_HEADERS", "Signature": {"FileOffset": 224, "Value": 17744, "Offset": 0}}, "Flags": ["IMAGE_FILE_LOCAL_SYMS_STRIPPED", "IMAGE_FILE_32BIT_MACHINE", "IMAGE_FILE_EXECUTABLE_IMAGE", "IMAGE_FILE_LINE_NUMS_STRIPPED", "IMAGE_FILE_RELOCS_STRIPPED"], "Imported symbols": [[{"TimeDateStamp": {"FileOffset": 11136, "Value": "0x0        [Thu Jan  1 00:00:00 1970 UTC]", "Offset": 4}, "Name": {"FileOffset": 11144, "Value": 17734, "Offset": 12}, "ForwarderChain": {"FileOffset": 11140, "Value": 0, "Offset": 8}, "OriginalFirstThunk": {"FileOffset": 11132, "Value": 16904, "Offset": 0}, "FirstThunk": {"FileOffset": 11148, "Value": 16384, "Offset": 16}, "Characteristics": {"FileOffset": 11132, "Value": 16904, "Offset": 0}, "Structure": "IMAGE_IMPORT_DESCRIPTOR"}, {"Hint": 830, "Name": "Sleep", "DLL": "KERNEL32.dll"}, {"Hint": 49, "Name": "CloseHandle", "DLL": "KERNEL32.dll"}, {"Hint": 138, "Name": "DisconnectNamedPipe", "DLL": "KERNEL32.dll"}, {"Hint": 129, "Name": "DeleteFileA", "DLL": "KERNEL32.dll"}, {"Hint": 838, "Name": "TerminateProcess", "DLL": "KERNEL32.dll"}, {"Hint": 839, "Name": "TerminateThread", "DLL": "KERNEL32.dll"}, {"Hint": 888, "Name": "WaitForMultipleObjects", "DLL": "KERNEL32.dll"}, {"Hint": 108, "Name": "CreateThread", "DLL": "KERNEL32.dll"}, {"Hint": 98, "Name": "CreateProcessA", "DLL": "KERNEL32.dll"}, {"Hint": 63, "Name": "CopyFileA", "DLL": "KERNEL32.dll"}, {"Hint": 456, "Name": "GetTempPathA", "DLL": "KERNEL32.dll"}, {"Hint": 438, "Name": "GetSystemDirectoryA", "DLL": "KERNEL32.dll"}, {"Hint": 145, "Name": "DuplicateHandle", "DLL": "KERNEL32.dll"}, {"Hint": 315, "Name": "GetCurrentProcess", "DLL": "KERNEL32.dll"}, {"Hint": 428, "Name": "GetStartupInfoA", "DLL": "KERNEL32.dll"}, {"Hint": 97, "Name": "CreatePipe", "DLL": "KERNEL32.dll"}, {"Hint": 675, "Name": "ReadFile", "DLL": "KERNEL32.dll"}, {"Hint": 639, "Name": "PeekNamedPipe", "DLL": "KERNEL32.dll"}, {"Hint": 907, "Name": "WriteFile", "DLL": "KERNEL32.dll"}, {"Hint": 774, "Name": "SetFilePointer", "DLL": "KERNEL32.dll"}, {"Hint": 79, "Name": "CreateFileA", "DLL": "KERNEL32.dll"}, {"Hint": 371, "Name": "GetModuleFileNameA", "DLL": "KERNEL32.dll"}, {"Hint": 798, "Name": "SetProcessPriorityBoost", "DLL": "KERNEL32.dll"}, {"Hint": 813, "Name": "SetThreadPriority", "DLL": "KERNEL32.dll"}, {"Hint": 317, "Name": "GetCurrentThread", "DLL": "KERNEL32.dll"}, {"Hint": 796, "Name": "SetPriorityClass", "DLL": "KERNEL32.dll"}, {"Hint": 932, "Name": "lstrcatA", "DLL": "KERNEL32.dll"}, {"Hint": 941, "Name": "lstrcpyA", "DLL": "KERNEL32.dll"}, {"Hint": 336, "Name": "GetEnvironmentVariableA", "DLL": "KERNEL32.dll"}, {"Hint": 426, "Name": "GetShortPathNameA", "DLL": "KERNEL32.dll"}, {"Hint": 373, "Name": "GetModuleHandleA", "DLL": "KERNEL32.dll"}], [{"TimeDateStamp": {"FileOffset": 11156, "Value": "0x0        [Thu Jan  1 00:00:00 1970 UTC]", "Offset": 4}, "Name": {"FileOffset": 11164, "Value": 17784, "Offset": 12}, "ForwarderChain": {"FileOffset": 11160, "Value": 0, "Offset": 8}, "OriginalFirstThunk": {"FileOffset": 11152, "Value": 17144, "Offset": 0}, "FirstThunk": {"FileOffset": 11168, "Value": 16624, "Offset": 16}, "Characteristics": {"FileOffset": 11152, "Value": 17144, "Offset": 0}, "Structure": "IMAGE_IMPORT_DESCRIPTOR"}, {"Hint": 126, "Name": "SHChangeNotify", "DLL": "SHELL32.dll"}, {"Hint": 265, "Name": "ShellExecuteExA", "DLL": "SHELL32.dll"}], [{"TimeDateStamp": {"FileOffset": 11176, "Value": "0x0        [Thu Jan  1 00:00:00 1970 UTC]", "Offset": 4}, "Name": {"FileOffset": 11184, "Value": 17810, "Offset": 12}, "ForwarderChain": {"FileOffset": 11180, "Value": 0, "Offset": 8}, "OriginalFirstThunk": {"FileOffset": 11172, "Value": 17156, "Offset": 0}, "FirstThunk": {"FileOffset": 11188, "Value": 16636, "Offset": 16}, "Characteristics": {"FileOffset": 11172, "Value": 17156, "Offset": 0}, "Structure": "IMAGE_IMPORT_DESCRIPTOR"}, {"Ordinal": 16, "DLL": "WS2_32.dll"}, {"Ordinal": 19, "DLL": "WS2_32.dll"}, {"Ordinal": 18, "DLL": "WS2_32.dll"}, {"Ordinal": 151, "DLL": "WS2_32.dll"}, {"Ordinal": 115, "DLL": "WS2_32.dll"}, {"Hint": 65, "Name": "WSASocketA", "DLL": "WS2_32.dll"}, {"Ordinal": 21, "DLL": "WS2_32.dll"}, {"Ordinal": 11, "DLL": "WS2_32.dll"}, {"Ordinal": 4, "DLL": "WS2_32.dll"}, {"Ordinal": 116, "DLL": "WS2_32.dll"}, {"Ordinal": 3, "DLL": "WS2_32.dll"}, {"Ordinal": 9, "DLL": "WS2_32.dll"}], [{"TimeDateStamp": {"FileOffset": 11196, "Value": "0x0        [Thu Jan  1 00:00:00 1970 UTC]", "Offset": 4}, "Name": {"FileOffset": 11204, "Value": 17822, "Offset": 12}, "ForwarderChain": {"FileOffset": 11200, "Value": 0, "Offset": 8}, "OriginalFirstThunk": {"FileOffset": 11192, "Value": 17032, "Offset": 0}, "FirstThunk": {"FileOffset": 11208, "Value": 16512, "Offset": 16}, "Characteristics": {"FileOffset": 11192, "Value": 17032, "Offset": 0}, "Structure": "IMAGE_IMPORT_DESCRIPTOR"}, {"Ordinal": 825, "DLL": "MFC42.DLL"}, {"Ordinal": 823, "DLL": "MFC42.DLL"}], [{"TimeDateStamp": {"FileOffset": 11216, "Value": "0x0        [Thu Jan  1 00:00:00 1970 UTC]", "Offset": 4}, "Name": {"FileOffset": 11224, "Value": 17870, "Offset": 12}, "ForwarderChain": {"FileOffset": 11220, "Value": 0, "Offset": 8}, "OriginalFirstThunk": {"FileOffset": 11212, "Value": 17064, "Offset": 0}, "FirstThunk": {"FileOffset": 11228, "Value": 16544, "Offset": 16}, "Characteristics": {"FileOffset": 11212, "Value": 17064, "Offset": 0}, "Structure": "IMAGE_IMPORT_DESCRIPTOR"}, {"Hint": 183, "Name": "_controlfp", "DLL": "MSVCRT.dll"}, {"Hint": 88, "Name": "__getmainargs", "DLL": "MSVCRT.dll"}, {"Hint": 202, "Name": "_except_handler3", "DLL": "MSVCRT.dll"}, {"Hint": 129, "Name": "__set_app_type", "DLL": "MSVCRT.dll"}, {"Hint": 111, "Name": "__p__fmode", "DLL": "MSVCRT.dll"}, {"Hint": 106, "Name": "__p__commode", "DLL": "MSVCRT.dll"}, {"Hint": 157, "Name": "_adjust_fdiv", "DLL": "MSVCRT.dll"}, {"Hint": 85, "Name": "__dllonexit", "DLL": "MSVCRT.dll"}, {"Hint": 271, "Name": "_initterm", "DLL": "MSVCRT.dll"}, {"Hint": 690, "Name": "sprintf", "DLL": "MSVCRT.dll"}, {"Hint": 574, "Name": "atol", "DLL": "MSVCRT.dll"}, {"Hint": 705, "Name": "strncpy", "DLL": "MSVCRT.dll"}, {"Hint": 695, "Name": "strchr", "DLL": "MSVCRT.dll"}, {"Hint": 143, "Name": "_acmdln", "DLL": "MSVCRT.dll"}, {"Hint": 390, "Name": "_onexit", "DLL": "MSVCRT.dll"}, {"Hint": 211, "Name": "_exit", "DLL": "MSVCRT.dll"}, {"Hint": 72, "Name": "_XcptFilter", "DLL": "MSVCRT.dll"}, {"Hint": 585, "Name": "exit", "DLL": "MSVCRT.dll"}, {"Hint": 131, "Name": "__setusermatherr", "DLL": "MSVCRT.dll"}], [{"TimeDateStamp": {"FileOffset": 11236, "Value": "0x0        [Thu Jan  1 00:00:00 1970 UTC]", "Offset": 4}, "Name": {"FileOffset": 11244, "Value": 18204, "Offset": 12}, "ForwarderChain": {"FileOffset": 11240, "Value": 0, "Offset": 8}, "OriginalFirstThunk": {"FileOffset": 11232, "Value": 17044, "Offset": 0}, "FirstThunk": {"FileOffset": 11248, "Value": 16524, "Offset": 16}, "Characteristics": {"FileOffset": 11232, "Value": 17044, "Offset": 0}, "Structure": "IMAGE_IMPORT_DESCRIPTOR"}, {"Hint": 165, "Name": "??0_Winit@std@@QAE@XZ", "DLL": "MSVCP60.dll"}, {"Hint": 265, "Name": "??1Init@ios_base@std@@QAE@XZ", "DLL": "MSVCP60.dll"}, {"Hint": 158, "Name": "??0Init@ios_base@std@@QAE@XZ", "DLL": "MSVCP60.dll"}, {"Hint": 269, "Name": "??1_Winit@std@@QAE@XZ", "DLL": "MSVCP60.dll"}]], "PE Sections": [{"PointerToRawData": {"FileOffset": 492, "Value": 1024, "Offset": 20}, "SHA1": "a8529e6ab164d64ffb83a7340ad8a887d9272890", "SHA256": "8ac66801fc44c2f5c0894d12c673310f42c359d471f5d64a3102c9a768d5fa66", "Name": {"FileOffset": 472, "Value": ".text", "Offset": 0}, "NumberOfRelocations": {"FileOffset": 504, "Value": 0, "Offset": 32}, "Misc_VirtualSize": {"FileOffset": 480, "Value": 9500, "Offset": 8}, "Characteristics": {"FileOffset": 508, "Value": 1610612768, "Offset": 36}, "Misc": {"FileOffset": 480, "Value": 9500, "Offset": 8}, "PointerToLinenumbers": {"FileOffset": 500, "Value": 0, "Offset": 28}, "SizeOfRawData": {"FileOffset": 488, "Value": 9728, "Offset": 16}, "Misc_PhysicalAddress": {"FileOffset": 480, "Value": 9500, "Offset": 8}, "PointerToRelocations": {"FileOffset": 496, "Value": 0, "Offset": 24}, "Flags": ["IMAGE_SCN_MEM_EXECUTE", "IMAGE_SCN_CNT_CODE", "IMAGE_SCN_MEM_READ"], "SHA512": "80c883faceb7449dc2a83bcba5a2dec4d2733d20973bd2032ca7a06a1eb7e8f22e21ca036ab03268cdf67589de6a9f4976c85455aec20fb815232ee7feb45656", "MD5": "6d4e22edae0788b1d8ebcc4c3727f8c8", "Entropy": 6.4801445674468425, "VirtualAddress": {"FileOffset": 484, "Value": 4096, "Offset": 12}, "Structure": "IMAGE_SECTION_HEADER", "NumberOfLinenumbers": {"FileOffset": 506, "Value": 0, "Offset": 34}}, {"PointerToRawData": {"FileOffset": 532, "Value": 10752, "Offset": 20}, "SHA1": "95988569f1779ad8ce06526c723776e0123ee733", "SHA256": "8eee26dca90f5fb728773087a0a45b839c63d4b9a8d59b23643bbd4a29304465", "Name": {"FileOffset": 512, "Value": ".rdata", "Offset": 0}, "NumberOfRelocations": {"FileOffset": 544, "Value": 0, "Offset": 32}, "Misc_VirtualSize": {"FileOffset": 520, "Value": 1852, "Offset": 8}, "Characteristics": {"FileOffset": 548, "Value": 1073741888, "Offset": 36}, "Misc": {"FileOffset": 520, "Value": 1852, "Offset": 8}, "PointerToLinenumbers": {"FileOffset": 540, "Value": 0, "Offset": 28}, "SizeOfRawData": {"FileOffset": 528, "Value": 2048, "Offset": 16}, "Misc_PhysicalAddress": {"FileOffset": 520, "Value": 1852, "Offset": 8}, "PointerToRelocations": {"FileOffset": 536, "Value": 0, "Offset": 24}, "Flags": ["IMAGE_SCN_CNT_INITIALIZED_DATA", "IMAGE_SCN_MEM_READ"], "SHA512": "c0c3ba0b9e2d9f6f0344d49bd69f3b67aa67f8fa042a8df49b3ecf8456fd88f6213e45750ed949cb6c52fafa4e3367e5ee6788e69c4969c8752e48745aeb5aa5", "MD5": "0da080c8c1f47465cf6659c3436ae094", "Entropy": 4.761127748444854, "VirtualAddress": {"FileOffset": 524, "Value": 16384, "Offset": 12}, "Structure": "IMAGE_SECTION_HEADER", "NumberOfLinenumbers": {"FileOffset": 546, "Value": 0, "Offset": 34}}, {"PointerToRawData": {"FileOffset": 572, "Value": 12800, "Offset": 20}, "SHA1": "b8607cd57f049f17dfdfae9e64f2b76f06a34a3a", "SHA256": "706c44adb1c53e9f06d044ed122a66f975d11ce03053691889bf318559cfff3e", "Name": {"FileOffset": 552, "Value": ".data", "Offset": 0}, "NumberOfRelocations": {"FileOffset": 584, "Value": 0, "Offset": 32}, "Misc_VirtualSize": {"FileOffset": 560, "Value": 352, "Offset": 8}, "Characteristics": {"FileOffset": 588, "Value": 3221225536, "Offset": 36}, "Misc": {"FileOffset": 560, "Value": 352, "Offset": 8}, "PointerToLinenumbers": {"FileOffset": 580, "Value": 0, "Offset": 28}, "SizeOfRawData": {"FileOffset": 568, "Value": 512, "Offset": 16}, "Misc_PhysicalAddress": {"FileOffset": 560, "Value": 352, "Offset": 8}, "PointerToRelocations": {"FileOffset": 576, "Value": 0, "Offset": 24}, "Flags": ["IMAGE_SCN_CNT_INITIALIZED_DATA", "IMAGE_SCN_MEM_WRITE", "IMAGE_SCN_MEM_READ"], "SHA512": "3ae9d02ba05cd2d545f0d7af4150cc501f428a685d31bdc0d876121fd7e827724add5cf0c2c899983778bbfb7d540fdc34781a713736c7200578f6c58c88a5be", "MD5": "045dbb14f99f5f58e076f96d7e728eac", "Entropy": 2.4524063998576175, "VirtualAddress": {"FileOffset": 564, "Value": 20480, "Offset": 12}, "Structure": "IMAGE_SECTION_HEADER", "NumberOfLinenumbers": {"FileOffset": 586, "Value": 0, "Offset": 34}}, {"PointerToRawData": {"FileOffset": 612, "Value": 13312, "Offset": 20}, "SHA1": "1b5c1ecfb000ef4cd14e44094ce08bd8b3822e2f", "SHA256": "31c8ded6a66818a6b45971b7fe254e639131e64bc7613862dfec5fb716c445df", "Name": {"FileOffset": 592, "Value": ".rsrc", "Offset": 0}, "NumberOfRelocations": {"FileOffset": 624, "Value": 0, "Offset": 32}, "Misc_VirtualSize": {"FileOffset": 600, "Value": 160, "Offset": 8}, "Characteristics": {"FileOffset": 628, "Value": 1073741888, "Offset": 36}, "Misc": {"FileOffset": 600, "Value": 160, "Offset": 8}, "PointerToLinenumbers": {"FileOffset": 620, "Value": 0, "Offset": 28}, "SizeOfRawData": {"FileOffset": 608, "Value": 512, "Offset": 16}, "Misc_PhysicalAddress": {"FileOffset": 600, "Value": 160, "Offset": 8}, "PointerToRelocations": {"FileOffset": 616, "Value": 0, "Offset": 24}, "Flags": ["IMAGE_SCN_CNT_INITIALIZED_DATA", "IMAGE_SCN_MEM_READ"], "SHA512": "067a5d035330bad302fdd8018428de3055f90b848a2aa2cabaf67cb1913fafa7a57ce442103b78b4754a8fd35b530aa593c481973412b239e68b9d3ccdc78fbe", "MD5": "367ab9b6708740b796eb74cdc1d7d8a6", "Entropy": 0.9883397206248277, "VirtualAddress": {"FileOffset": 604, "Value": 24576, "Offset": 12}, "Structure": "IMAGE_SECTION_HEADER", "NumberOfLinenumbers": {"FileOffset": 626, "Value": 0, "Offset": 34}}], "Resource directory": [{"MajorVersion": {"FileOffset": 13320, "Value": 0, "Offset": 8}, "NumberOfIdEntries": {"FileOffset": 13326, "Value": 1, "Offset": 14}, "MinorVersion": {"FileOffset": 13322, "Value": 0, "Offset": 10}, "TimeDateStamp": {"FileOffset": 13316, "Value": "0x0        [Thu Jan  1 00:00:00 1970 UTC]", "Offset": 4}, "Characteristics": {"FileOffset": 13312, "Value": 0, "Offset": 0}, "NumberOfNamedEntries": {"FileOffset": 13324, "Value": 0, "Offset": 12}, "Structure": "IMAGE_RESOURCE_DIRECTORY"}, {"Structure": "IMAGE_RESOURCE_DIRECTORY_ENTRY", "Id": [6, "RT_STRING"], "OffsetToData": {"FileOffset": 13332, "Value": 2147483672, "Offset": 4}, "Name": {"FileOffset": 13328, "Value": 6, "Offset": 0}}, [{"MajorVersion": {"FileOffset": 13344, "Value": 0, "Offset": 8}, "NumberOfIdEntries": {"FileOffset": 13350, "Value": 1, "Offset": 14}, "MinorVersion": {"FileOffset": 13346, "Value": 0, "Offset": 10}, "TimeDateStamp": {"FileOffset": 13340, "Value": "0x0        [Thu Jan  1 00:00:00 1970 UTC]", "Offset": 4}, "Characteristics": {"FileOffset": 13336, "Value": 0, "Offset": 0}, "NumberOfNamedEntries": {"FileOffset": 13348, "Value": 0, "Offset": 12}, "Structure": "IMAGE_RESOURCE_DIRECTORY"}, {"Structure": "IMAGE_RESOURCE_DIRECTORY_ENTRY", "Id": 1, "OffsetToData": {"FileOffset": 13356, "Value": 2147483696, "Offset": 4}, "Name": {"FileOffset": 13352, "Value": 1, "Offset": 0}}, [{"MajorVersion": {"FileOffset": 13368, "Value": 0, "Offset": 8}, "NumberOfIdEntries": {"FileOffset": 13374, "Value": 1, "Offset": 14}, "MinorVersion": {"FileOffset": 13370, "Value": 0, "Offset": 10}, "TimeDateStamp": {"FileOffset": 13364, "Value": "0x0        [Thu Jan  1 00:00:00 1970 UTC]", "Offset": 4}, "Characteristics": {"FileOffset": 13360, "Value": 0, "Offset": 0}, "NumberOfNamedEntries": {"FileOffset": 13372, "Value": 0, "Offset": 12}, "Structure": "IMAGE_RESOURCE_DIRECTORY"}, {"LANG": 4, "SUBLANG_NAME": "SUBLANG_CHINESE_SIMPLIFIED", "Name": {"FileOffset": 13376, "Value": 2052, "Offset": 0}, "CodePage": {"FileOffset": 13392, "Value": 0, "Offset": 8}, "LANG_NAME": "LANG_CHINESE", "OffsetToData": {"FileOffset": 13384, "Value": 24672, "Offset": 0}, "Reserved": {"FileOffset": 13396, "Value": 0, "Offset": 12}, "SUBLANG": 2, "Structure": "IMAGE_RESOURCE_DATA_ENTRY", "Size": {"FileOffset": 13388, "Value": 62, "Offset": 4}}, "Hello from MFC!", "\u0000\u0000\u0000"]]]}
