{"DllCharacteristics": ["IMAGE_DLLCHARACTERISTICS_NO_SEH", "IMAGE_DLLCHARACTERISTICS_TERMINAL_SERVER_AWARE", "IMAGE_DLLCHARACTERISTICS_NX_COMPAT"], "FILE_HEADER": {"NumberOfSections": {"FileOffset": 238, "Value": 5, "Offset": 2}, "TimeDateStamp": {"FileOffset": 240, "Value": "0x4A87E807 [Sun Aug 16 11:05:43 2009 UTC]", "Offset": 4}, "PointerToSymbolTable": {"FileOffset": 244, "Value": 0, "Offset": 8}, "NumberOfSymbols": {"FileOffset": 248, "Value": 0, "Offset": 12}, "Machine": {"FileOffset": 236, "Value": 332, "Offset": 0}, "Characteristics": {"FileOffset": 254, "Value": 259, "Offset": 18}, "SizeOfOptionalHeader": {"FileOffset": 252, "Value": 224, "Offset": 16}, "Structure": "IMAGE_FILE_HEADER"}, "Parsing Warnings": ["RVA AddressOfNames in the export directory points to an invalid address: 0"], "Directories": [{"VirtualAddress": {"FileOffset": 352, "Value": 59216, "Offset": 0}, "Structure": "IMAGE_DIRECTORY_ENTRY_EXPORT", "Size": {"FileOffset": 356, "Value": 51, "Offset": 4}}, {"VirtualAddress": {"FileOffset": 360, "Value": 55772, "Offset": 0}, "Structure": "IMAGE_DIRECTORY_ENTRY_IMPORT", "Size": {"FileOffset": 364, "Value": 180, "Offset": 4}}, {"VirtualAddress": {"FileOffset": 368, "Value": 172032, "Offset": 0}, "Structure": "IMAGE_DIRECTORY_ENTRY_RESOURCE", "Size": {"FileOffset": 372, "Value": 307108, "Offset": 4}}, {"VirtualAddress": {"FileOffset": 376, "Value": 0, "Offset": 0}, "Structure": "IMAGE_DIRECTORY_ENTRY_EXCEPTION", "Size": {"FileOffset": 380, "Value": 0, "Offset": 4}}, {"VirtualAddress": {"FileOffset": 384, "Value": 0, "Offset": 0}, "Structure": "IMAGE_DIRECTORY_ENTRY_SECURITY", "Size": {"FileOffset": 388, "Value": 0, "Offset": 4}}, {"VirtualAddress": {"FileOffset": 392, "Value": 0, "Offset": 0}, "Structure": "IMAGE_DIRECTORY_ENTRY_BASERELOC", "Size": {"FileOffset": 396, "Value": 0, "Offset": 4}}, {"VirtualAddress": {"FileOffset": 400, "Value": 53888, "Offset": 0}, "Structure": "IMAGE_DIRECTORY_ENTRY_DEBUG", "Size": {"FileOffset": 404, "Value": 28, "Offset": 4}}, {"VirtualAddress": {"FileOffset": 408, "Value": 0, "Offset": 0}, "Structure": "IMAGE_DIRECTORY_ENTRY_COPYRIGHT", "Size": {"FileOffset": 412, "Value": 0, "Offset": 4}}, {"VirtualAddress": {"FileOffset": 416, "Value": 0, "Offset": 0}, "Structure": "IMAGE_DIRECTORY_ENTRY_GLOBALPTR", "Size": {"FileOffset": 420, "Value": 0, "Offset": 4}}, {"VirtualAddress": {"FileOffset": 424, "Value": 0, "Offset": 0}, "Structure": "IMAGE_DIRECTORY_ENTRY_TLS", "Size": {"FileOffset": 428, "Value": 0, "Offset": 4}}, {"VirtualAddress": {"FileOffset": 432, "Value": 0, "Offset": 0}, "Structure": "IMAGE_DIRECTORY_ENTRY_LOAD_CONFIG", "Size": {"FileOffset": 436, "Value": 0, "Offset": 4}}, {"VirtualAddress": {"FileOffset": 440, "Value": 0, "Offset": 0}, "Structure": "IMAGE_DIRECTORY_ENTRY_BOUND_IMPORT", "Size": {"FileOffset": 444, "Value": 0, "Offset": 4}}, {"VirtualAddress": {"FileOffset": 448, "Value": 53248, "Offset": 0}, "Structure": "IMAGE_DIRECTORY_ENTRY_IAT", "Size": {"FileOffset": 452, "Value": 632, "Offset": 4}}, {"VirtualAddress": {"FileOffset": 456, "Value": 0, "Offset": 0}, "Structure": "IMAGE_DIRECTORY_ENTRY_DELAY_IMPORT", "Size": {"FileOffset": 460, "Value": 0, "Offset": 4}}, {"VirtualAddress": {"FileOffset": 464, "Value": 0, "Offset": 0}, "Structure": "IMAGE_DIRECTORY_ENTRY_COM_DESCRIPTOR", "Size": {"FileOffset": 468, "Value": 0, "Offset": 4}}, {"VirtualAddress": {"FileOffset": 472, "Value": 0, "Offset": 0}, "Structure": "IMAGE_DIRECTORY_ENTRY_RESERVED", "Size": {"FileOffset": 476, "Value": 0, "Offset": 4}}], "OPTIONAL_HEADER": {"DllCharacteristics": {"FileOffset": 326, "Value": 34048, "Offset": 70}, "BaseOfCode": {"FileOffset": 276, "Value": 4096, "Offset": 20}, "MajorLinkerVersion": {"FileOffset": 258, "Value": 9, "Offset": 2}, "MinorOperatingSystemVersion": {"FileOffset": 298, "Value": 0, "Offset": 42}, "MinorLinkerVersion": {"FileOffset": 259, "Value": 0, "Offset": 3}, "MajorSubsystemVersion": {"FileOffset": 304, "Value": 4, "Offset": 48}, "MajorOperatingSystemVersion": {"FileOffset": 296, "Value": 5, "Offset": 40}, "SizeOfStackCommit": {"FileOffset": 332, "Value": 4096, "Offset": 76}, "SizeOfUninitializedData": {"FileOffset": 268, "Value": 0, "Offset": 12}, "NumberOfRvaAndSizes": {"FileOffset": 348, "Value": 16, "Offset": 92}, "SizeOfHeapReserve": {"FileOffset": 336, "Value": 1048576, "Offset": 80}, "LoaderFlags": {"FileOffset": 344, "Value": 0, "Offset": 88}, "SizeOfHeapCommit": {"FileOffset": 340, "Value": 4096, "Offset": 84}, "SizeOfStackReserve": {"FileOffset": 328, "Value": 1048576, "Offset": 72}, "Structure": "IMAGE_OPTIONAL_HEADER", "SizeOfHeaders": {"FileOffset": 316, "Value": 1024, "Offset": 60}, "Subsystem": {"FileOffset": 324, "Value": 2, "Offset": 68}, "Magic": {"FileOffset": 256, "Value": 267, "Offset": 0}, "MinorImageVersion": {"FileOffset": 302, "Value": 0, "Offset": 46}, "MajorImageVersion": {"FileOffset": 300, "Value": 0, "Offset": 44}, "FileAlignment": {"FileOffset": 292, "Value": 512, "Offset": 36}, "BaseOfData": {"FileOffset": 280, "Value": 53248, "Offset": 24}, "AddressOfEntryPoint": {"FileOffset": 272, "Value": 37166, "Offset": 16}, "SectionAlignment": {"FileOffset": 288, "Value": 4096, "Offset": 32}, "SizeOfCode": {"FileOffset": 260, "Value": 48640, "Offset": 4}, "ImageBase": {"FileOffset": 284, "Value": 4194304, "Offset": 28}, "SizeOfInitializedData": {"FileOffset": 264, "Value": 314368, "Offset": 8}, "SizeOfImage": {"FileOffset": 312, "Value": 479232, "Offset": 56}, "MinorSubsystemVersion": {"FileOffset": 306, "Value": 0, "Offset": 50}, "CheckSum": {"FileOffset": 320, "Value": 86557, "Offset": 64}, "Reserved1": {"FileOffset": 308, "Value": 0, "Offset": 52}}, "DOS_HEADER": {"e_cblp": {"FileOffset": 2, "Value": 144, "Offset": 2}, "e_crlc": {"FileOffset": 6, "Value": 0, "Offset": 6}, "e_ovno": {"FileOffset": 26, "Value": 0, "Offset": 26}, "e_minalloc": {"FileOffset": 10, "Value": 0, "Offset": 10}, "e_csum": {"FileOffset": 18, "Value": 0, "Offset": 18}, "e_cparhdr": {"FileOffset": 8, "Value": 4, "Offset": 8}, "e_cp": {"FileOffset": 4, "Value": 3, "Offset": 4}, "e_cs": {"FileOffset": 22, "Value": 0, "Offset": 22}, "e_maxalloc": {"FileOffset": 12, "Value": 65535, "Offset": 12}, "e_lfarlc": {"FileOffset": 24, "Value": 64, "Offset": 24}, "e_oemid": {"FileOffset": 36, "Value": 0, "Offset": 36}, "e_lfanew": {"FileOffset": 60, "Value": 232, "Offset": 60}, "e_ss": {"FileOffset": 14, "Value": 0, "Offset": 14}, "e_magic": {"FileOffset": 0, "Value": 23117, "Offset": 0}, "e_oeminfo": {"FileOffset": 38, "Value": 0, "Offset": 38}, "e_res2": {"FileOffset": 40, "Value": "", "Offset": 40}, "e_res": {"FileOffset": 28, "Value": "", "Offset": 28}, "e_sp": {"FileOffset": 16, "Value": 184, "Offset": 16}, "Structure": "IMAGE_DOS_HEADER", "e_ip": {"FileOffset": 20, "Value": 0, "Offset": 20}}, "NT_HEADERS": {"Structure": "IMAGE_NT_HEADERS", "Signature": {"FileOffset": 232, "Value": 17744, "Offset": 0}}, "Flags": ["IMAGE_FILE_32BIT_MACHINE", "IMAGE_FILE_EXECUTABLE_IMAGE", "IMAGE_FILE_RELOCS_STRIPPED"], "Debug information": [{"MajorVersion": {"FileOffset": 50312, "Value": 0, "Offset": 8}, "PointerToRawData": {"FileOffset": 50328, "Value": 55684, "Offset": 24}, "MinorVersion": {"FileOffset": 50314, "Value": 0, "Offset": 10}, "TimeDateStamp": {"FileOffset": 50308, "Value": "0x4A87E807 [Sun Aug 16 11:05:43 2009 UTC]", "Offset": 4}, "Characteristics": {"FileOffset": 50304, "Value": 0, "Offset": 0}, "Structure": "IMAGE_DEBUG_DIRECTORY", "Type": "IMAGE_DEBUG_TYPE_CODEVIEW", "SizeOfData": {"FileOffset": 50320, "Value": 81, "Offset": 16}, "AddressOfRawData": {"FileOffset": 50324, "Value": 59268, "Offset": 20}}], "Imported symbols": [[{"TimeDateStamp": {"FileOffset": 52192, "Value": "0x0        [Thu Jan  1 00:00:00 1970 UTC]", "Offset": 4}, "Name": {"FileOffset": 52200, "Value": 56584, "Offset": 12}, "ForwarderChain": {"FileOffset": 52196, "Value": 0, "Offset": 8}, "OriginalFirstThunk": {"FileOffset": 52188, "Value": 55976, "Offset": 0}, "FirstThunk": {"FileOffset": 52204, "Value": 53272, "Offset": 16}, "Characteristics": {"FileOffset": 52188, "Value": 55976, "Offset": 0}, "Structure": "IMAGE_IMPORT_DESCRIPTOR"}, {"Ordinal": 17, "DLL": "COMCTL32.dll"}], [{"TimeDateStamp": {"FileOffset": 52212, "Value": "0x0        [Thu Jan  1 00:00:00 1970 UTC]", "Offset": 4}, "Name": {"FileOffset": 52220, "Value": 57780, "Offset": 12}, "ForwarderChain": {"FileOffset": 52216, "Value": 0, "Offset": 8}, "OriginalFirstThunk": {"FileOffset": 52208, "Value": 56020, "Offset": 0}, "FirstThunk": {"FileOffset": 52224, "Value": 53316, "Offset": 16}, "Characteristics": {"FileOffset": 52208, "Value": 56020, "Offset": 0}, "Structure": "IMAGE_IMPORT_DESCRIPTOR"}, {"Hint": 986, "Name": "SetFileAttributesW", "DLL": "KERNEL32.dll"}, {"Hint": 476, "Name": "GetFullPathNameA", "DLL": "KERNEL32.dll"}, {"Hint": 785, "Name": "MoveFileA", "DLL": "KERNEL32.dll"}, {"Hint": 192, "Name": "DeleteFileA", "DLL": "KERNEL32.dll"}, {"Hint": 195, "Name": "DeleteFileW", "DLL": "KERNEL32.dll"}, {"Hint": 108, "Name": "CreateDirectoryA", "DLL": "KERNEL32.dll"}, {"Hint": 113, "Name": "CreateDirectoryW", "DLL": "KERNEL32.dll"}, {"Hint": 281, "Name": "FindClose", "DLL": "KERNEL32.dll"}, {"Hint": 302, "Name": "FindNextFileA", "DLL": "KERNEL32.dll"}, {"Hint": 285, "Name": "FindFirstFileA", "DLL": "KERNEL32.dll"}, {"Hint": 304, "Name": "FindNextFileW", "DLL": "KERNEL32.dll"}, {"Hint": 292, "Name": "FindFirstFileW", "DLL": "KERNEL32.dll"}, {"Hint": 614, "Name": "GetTickCount", "DLL": "KERNEL32.dll"}, {"Hint": 1146, "Name": "WideCharToMultiByte", "DLL": "KERNEL32.dll"}, {"Hint": 794, "Name": "MultiByteToWideChar", "DLL": "KERNEL32.dll"}, {"Hint": 629, "Name": "GetVersionExA", "DLL": "KERNEL32.dll"}, {"Hint": 645, "Name": "GlobalAlloc", "DLL": "KERNEL32.dll"}, {"Hint": 1205, "Name": "lstrlenA", "DLL": "KERNEL32.dll"}, {"Hint": 500, "Name": "GetModuleFileNameA", "DLL": "KERNEL32.dll"}, {"Hint": 310, "Name": "FindResourceA", "DLL": "KERNEL32.dll"}, {"Hint": 502, "Name": "GetModuleHandleA", "DLL": "KERNEL32.dll"}, {"Hint": 669, "Name": "HeapAlloc", "DLL": "KERNEL32.dll"}, {"Hint": 547, "Name": "GetProcessHeap", "DLL": "KERNEL32.dll"}, {"Hint": 673, "Name": "HeapFree", "DLL": "KERNEL32.dll"}, {"Hint": 676, "Name": "HeapReAlloc", "DLL": "KERNEL32.dll"}, {"Hint": 82, "Name": "CompareStringA", "DLL": "KERNEL32.dll"}, {"Hint": 260, "Name": "ExitProcess", "DLL": "KERNEL32.dll"}, {"Hint": 983, "Name": "SetFileAttributesA", "DLL": "KERNEL32.dll"}, {"Hint": 525, "Name": "GetNumberFormatA", "DLL": "KERNEL32.dll"}, {"Hint": 1196, "Name": "lstrcmpiA", "DLL": "KERNEL32.dll"}, {"Hint": 544, "Name": "GetProcAddress", "DLL": "KERNEL32.dll"}, {"Hint": 208, "Name": "DosDateTimeToFileTime", "DLL": "KERNEL32.dll"}, {"Hint": 430, "Name": "GetDateFormatA", "DLL": "KERNEL32.dll"}, {"Hint": 616, "Name": "GetTimeFormatA", "DLL": "KERNEL32.dll"}, {"Hint": 272, "Name": "FileTimeToSystemTime", "DLL": "KERNEL32.dll"}, {"Hint": 271, "Name": "FileTimeToLocalFileTime", "DLL": "KERNEL32.dll"}, {"Hint": 263, "Name": "ExpandEnvironmentStringsA", "DLL": "KERNEL32.dll"}, {"Hint": 1124, "Name": "WaitForSingleObject", "DLL": "KERNEL32.dll"}, {"Hint": 966, "Name": "SetCurrentDirectoryA", "DLL": "KERNEL32.dll"}, {"Hint": 1057, "Name": "Sleep", "DLL": "KERNEL32.dll"}, {"Hint": 602, "Name": "GetTempPathA", "DLL": "KERNEL32.dll"}, {"Hint": 786, "Name": "MoveFileExA", "DLL": "KERNEL32.dll"}, {"Hint": 501, "Name": "GetModuleFileNameW", "DLL": "KERNEL32.dll"}, {"Hint": 976, "Name": "SetEnvironmentVariableA", "DLL": "KERNEL32.dll"}, {"Hint": 367, "Name": "GetCommandLineA", "DLL": "KERNEL32.dll"}, {"Hint": 763, "Name": "LocalFileTimeToFileTime", "DLL": "KERNEL32.dll"}, {"Hint": 1066, "Name": "SystemTimeToFileTime", "DLL": "KERNEL32.dll"}, {"Hint": 719, "Name": "IsDBCSLeadByte", "DLL": "KERNEL32.dll"}, {"Hint": 347, "Name": "GetCPInfo", "DLL": "KERNEL32.dll"}, {"Hint": 332, "Name": "FreeLibrary", "DLL": "KERNEL32.dll"}, {"Hint": 753, "Name": "LoadLibraryA", "DLL": "KERNEL32.dll"}, {"Hint": 423, "Name": "GetCurrentDirectoryA", "DLL": "KERNEL32.dll"}, {"Hint": 462, "Name": "GetFileAttributesW", "DLL": "KERNEL32.dll"}, {"Hint": 457, "Name": "GetFileAttributesA", "DLL": "KERNEL32.dll"}, {"Hint": 1165, "Name": "WriteFile", "DLL": "KERNEL32.dll"}, {"Hint": 995, "Name": "SetFileTime", "DLL": "KERNEL32.dll"}, {"Hint": 571, "Name": "GetStdHandle", "DLL": "KERNEL32.dll"}, {"Hint": 872, "Name": "ReadFile", "DLL": "KERNEL32.dll"}, {"Hint": 1004, "Name": "SetLastError", "DLL": "KERNEL32.dll"}, {"Hint": 127, "Name": "CreateFileW", "DLL": "KERNEL32.dll"}, {"Hint": 120, "Name": "CreateFileA", "DLL": "KERNEL32.dll"}, {"Hint": 471, "Name": "GetFileType", "DLL": "KERNEL32.dll"}, {"Hint": 991, "Name": "SetFilePointer", "DLL": "KERNEL32.dll"}, {"Hint": 67, "Name": "CloseHandle", "DLL": "KERNEL32.dll"}, {"Hint": 973, "Name": "SetEndOfFile", "DLL": "KERNEL32.dll"}, {"Hint": 486, "Name": "GetLastError", "DLL": "KERNEL32.dll"}, {"Hint": 488, "Name": "GetLocaleInfoA", "DLL": "KERNEL32.dll"}], [{"TimeDateStamp": {"FileOffset": 52232, "Value": "0x0        [Thu Jan  1 00:00:00 1970 UTC]", "Offset": 4}, "Name": {"FileOffset": 52240, "Value": 58648, "Offset": 12}, "ForwarderChain": {"FileOffset": 52236, "Value": 0, "Offset": 8}, "OriginalFirstThunk": {"FileOffset": 52228, "Value": 56336, "Offset": 0}, "FirstThunk": {"FileOffset": 52244, "Value": 53632, "Offset": 16}, "Characteristics": {"FileOffset": 52228, "Value": 56336, "Offset": 0}, "Structure": "IMAGE_IMPORT_DESCRIPTOR"}, {"Hint": 523, "Name": "OemToCharBuffA", "DLL": "USER32.dll"}, {"Hint": 41, "Name": "CharLowerA", "DLL": "USER32.dll"}, {"Hint": 777, "Name": "wvsprintfA", "DLL": "USER32.dll"}, {"Hint": 241, "Name": "FindWindowExA", "DLL": "USER32.dll"}, {"Hint": 266, "Name": "GetClassNameA", "DLL": "USER32.dll"}, {"Hint": 588, "Name": "ReleaseDC", "DLL": "USER32.dll"}, {"Hint": 282, "Name": "GetDC", "DLL": "USER32.dll"}, {"Hint": 606, "Name": "SendMessageA", "DLL": "USER32.dll"}, {"Hint": 775, "Name": "wsprintfA", "DLL": "USER32.dll"}, {"Hint": 630, "Name": "SetDlgItemTextA", "DLL": "USER32.dll"}, {"Hint": 211, "Name": "EndDialog", "DLL": "USER32.dll"}, {"Hint": 157, "Name": "DestroyIcon", "DLL": "USER32.dll"}, {"Hint": 601, "Name": "SendDlgItemMessageA", "DLL": "USER32.dll"}, {"Hint": 289, "Name": "GetDlgItemTextA", "DLL": "USER32.dll"}, {"Hint": 165, "Name": "DialogBoxParamA", "DLL": "USER32.dll"}, {"Hint": 458, "Name": "IsWindowVisible", "DLL": "USER32.dll"}, {"Hint": 764, "Name": "WaitForInputIdle", "DLL": "USER32.dll"}, {"Hint": 364, "Name": "GetSysColor", "DLL": "USER32.dll"}, {"Hint": 542, "Name": "PostMessageA", "DLL": "USER32.dll"}, {"Hint": 639, "Name": "SetMenu", "DLL": "USER32.dll"}, {"Hint": 633, "Name": "SetFocus", "DLL": "USER32.dll"}, {"Hint": 464, "Name": "LoadBitmapA", "DLL": "USER32.dll"}, {"Hint": 52, "Name": "CharToOemBuffA", "DLL": "USER32.dll"}, {"Hint": 51, "Name": "CharToOemA", "DLL": "USER32.dll"}, {"Hint": 522, "Name": "OemToCharA", "DLL": "USER32.dll"}, {"Hint": 499, "Name": "MapWindowPoints", "DLL": "USER32.dll"}, {"Hint": 103, "Name": "CreateWindowExA", "DLL": "USER32.dll"}, {"Hint": 745, "Name": "UpdateWindow", "DLL": "USER32.dll"}, {"Hint": 683, "Name": "SetWindowTextA", "DLL": "USER32.dll"}, {"Hint": 466, "Name": "LoadCursorA", "DLL": "USER32.dll"}, {"Hint": 564, "Name": "RegisterClassExA", "DLL": "USER32.dll"}, {"Hint": 676, "Name": "SetWindowLongA", "DLL": "USER32.dll"}, {"Hint": 385, "Name": "GetWindowLongA", "DLL": "USER32.dll"}, {"Hint": 149, "Name": "DefWindowProcA", "DLL": "USER32.dll"}, {"Hint": 539, "Name": "PeekMessageA", "DLL": "USER32.dll"}, {"Hint": 330, "Name": "GetMessageA", "DLL": "USER32.dll"}, {"Hint": 725, "Name": "TranslateMessage", "DLL": "USER32.dll"}, {"Hint": 160, "Name": "DestroyWindow", "DLL": "USER32.dll"}, {"Hint": 269, "Name": "GetClientRect", "DLL": "USER32.dll"}, {"Hint": 79, "Name": "CopyRect", "DLL": "USER32.dll"}, {"Hint": 453, "Name": "IsWindow", "DLL": "USER32.dll"}, {"Hint": 504, "Name": "MessageBoxA", "DLL": "USER32.dll"}, {"Hint": 696, "Name": "ShowWindow", "DLL": "USER32.dll"}, {"Hint": 287, "Name": "GetDlgItem", "DLL": "USER32.dll"}, {"Hint": 483, "Name": "LoadStringA", "DLL": "USER32.dll"}, {"Hint": 679, "Name": "SetWindowPos", "DLL": "USER32.dll"}, {"Hint": 396, "Name": "GetWindowTextA", "DLL": "USER32.dll"}, {"Hint": 367, "Name": "GetSystemMetrics", "DLL": "USER32.dll"}, {"Hint": 381, "Name": "GetWindow", "DLL": "USER32.dll"}, {"Hint": 55, "Name": "CharUpperA", "DLL": "USER32.dll"}, {"Hint": 392, "Name": "GetWindowRect", "DLL": "USER32.dll"}, {"Hint": 470, "Name": "LoadIconA", "DLL": "USER32.dll"}, {"Hint": 341, "Name": "GetParent", "DLL": "USER32.dll"}, {"Hint": 209, "Name": "EnableWindow", "DLL": "USER32.dll"}, {"Hint": 168, "Name": "DispatchMessageA", "DLL": "USER32.dll"}], [{"TimeDateStamp": {"FileOffset": 52252, "Value": "0x0        [Thu Jan  1 00:00:00 1970 UTC]", "Offset": 4}, "Name": {"FileOffset": 52260, "Value": 58796, "Offset": 12}, "ForwarderChain": {"FileOffset": 52256, "Value": 0, "Offset": 8}, "OriginalFirstThunk": {"FileOffset": 52248, "Value": 55984, "Offset": 0}, "FirstThunk": {"FileOffset": 52264, "Value": 53280, "Offset": 16}, "Characteristics": {"FileOffset": 52248, "Value": 55984, "Offset": 0}, "Structure": "IMAGE_IMPORT_DESCRIPTOR"}, {"Hint": 437, "Name": "GetDeviceCaps", "DLL": "GDI32.dll"}, {"Hint": 46, "Name": "CreateCompatibleDC", "DLL": "GDI32.dll"}, {"Hint": 482, "Name": "GetObjectA", "DLL": "GDI32.dll"}, {"Hint": 45, "Name": "CreateCompatibleBitmap", "DLL": "GDI32.dll"}, {"Hint": 606, "Name": "SelectObject", "DLL": "GDI32.dll"}, {"Hint": 666, "Name": "StretchBlt", "DLL": "GDI32.dll"}, {"Hint": 208, "Name": "DeleteObject", "DLL": "GDI32.dll"}, {"Hint": 205, "Name": "DeleteDC", "DLL": "GDI32.dll"}], [{"TimeDateStamp": {"FileOffset": 52272, "Value": "0x0        [Thu Jan  1 00:00:00 1970 UTC]", "Offset": 4}, "Name": {"FileOffset": 52280, "Value": 58892, "Offset": 12}, "ForwarderChain": {"FileOffset": 52276, "Value": 0, "Offset": 8}, "OriginalFirstThunk": {"FileOffset": 52268, "Value": 55952, "Offset": 0}, "FirstThunk": {"FileOffset": 52284, "Value": 53248, "Offset": 16}, "Characteristics": {"FileOffset": 52268, "Value": 55952, "Offset": 0}, "Structure": "IMAGE_IMPORT_DESCRIPTOR"}, {"Hint": 554, "Name": "RegCloseKey", "DLL": "ADVAPI32.dll"}, {"Hint": 602, "Name": "RegOpenKeyExA", "DLL": "ADVAPI32.dll"}, {"Hint": 615, "Name": "RegQueryValueExA", "DLL": "ADVAPI32.dll"}, {"Hint": 562, "Name": "RegCreateKeyExA", "DLL": "ADVAPI32.dll"}, {"Hint": 631, "Name": "RegSetValueExA", "DLL": "ADVAPI32.dll"}], [{"TimeDateStamp": {"FileOffset": 52292, "Value": "0x0        [Thu Jan  1 00:00:00 1970 UTC]", "Offset": 4}, "Name": {"FileOffset": 52300, "Value": 59070, "Offset": 12}, "ForwarderChain": {"FileOffset": 52296, "Value": 0, "Offset": 8}, "OriginalFirstThunk": {"FileOffset": 52288, "Value": 56300, "Offset": 0}, "FirstThunk": {"FileOffset": 52304, "Value": 53596, "Offset": 16}, "Characteristics": {"FileOffset": 52288, "Value": 56300, "Offset": 0}, "Structure": "IMAGE_IMPORT_DESCRIPTOR"}, {"Hint": 278, "Name": "ShellExecuteExA", "DLL": "SHELL32.dll"}, {"Hint": 168, "Name": "SHFileOperationA", "DLL": "SHELL32.dll"}, {"Hint": 185, "Name": "SHGetFileInfoA", "DLL": "SHELL32.dll"}, {"Hint": 216, "Name": "SHGetSpecialFolderLocation", "DLL": "SHELL32.dll"}, {"Hint": 201, "Name": "SHGetMalloc", "DLL": "SHELL32.dll"}, {"Hint": 119, "Name": "SHBrowseForFolderA", "DLL": "SHELL32.dll"}, {"Hint": 207, "Name": "SHGetPathFromIDListA", "DLL": "SHELL32.dll"}, {"Hint": 124, "Name": "SHChangeNotify", "DLL": "SHELL32.dll"}], [{"TimeDateStamp": {"FileOffset": 52312, "Value": "0x0        [Thu Jan  1 00:00:00 1970 UTC]", "Offset": 4}, "Name": {"FileOffset": 52320, "Value": 59178, "Offset": 12}, "ForwarderChain": {"FileOffset": 52316, "Value": 0, "Offset": 8}, "OriginalFirstThunk": {"FileOffset": 52308, "Value": 56560, "Offset": 0}, "FirstThunk": {"FileOffset": 52324, "Value": 53856, "Offset": 16}, "Characteristics": {"FileOffset": 52308, "Value": 56560, "Offset": 0}, "Structure": "IMAGE_IMPORT_DESCRIPTOR"}, {"Hint": 133, "Name": "CreateStreamOnHGlobal", "DLL": "ole32.dll"}, {"Hint": 244, "Name": "OleInitialize", "DLL": "ole32.dll"}, {"Hint": 16, "Name": "CoCreateInstance", "DLL": "ole32.dll"}, {"Hint": 267, "Name": "OleUninitialize", "DLL": "ole32.dll"}, {"Hint": 8, "Name": "CLSIDFromString", "DLL": "ole32.dll"}], [{"TimeDateStamp": {"FileOffset": 52332, "Value": "0x0        [Thu Jan  1 00:00:00 1970 UTC]", "Offset": 4}, "Name": {"FileOffset": 52340, "Value": 59188, "Offset": 12}, "ForwarderChain": {"FileOffset": 52336, "Value": 0, "Offset": 8}, "OriginalFirstThunk": {"FileOffset": 52328, "Value": 56292, "Offset": 0}, "FirstThunk": {"FileOffset": 52344, "Value": 53588, "Offset": 16}, "Characteristics": {"FileOffset": 52328, "Value": 56292, "Offset": 0}, "Structure": "IMAGE_IMPORT_DESCRIPTOR"}, {"Ordinal": 8, "DLL": "OLEAUT32.dll"}]], "PE Sections": [{"PointerToRawData": {"FileOffset": 500, "Value": 1024, "Offset": 20}, "SHA1": "e513f5e6e7c16ba58bd1dbfc24e69a9034acfde8", "SHA256": "bcddd31a6861e70ebe8471202e08243eb3107a4cfafdb1e5f4fc7e6beb727dd2", "Name": {"FileOffset": 480, "Value": ".text", "Offset": 0}, "NumberOfRelocations": {"FileOffset": 512, "Value": 0, "Offset": 32}, "Misc_VirtualSize": {"FileOffset": 488, "Value": 48567, "Offset": 8}, "Characteristics": {"FileOffset": 516, "Value": 1610612768, "Offset": 36}, "Misc": {"FileOffset": 488, "Value": 48567, "Offset": 8}, "PointerToLinenumbers": {"FileOffset": 508, "Value": 0, "Offset": 28}, "SizeOfRawData": {"FileOffset": 496, "Value": 48640, "Offset": 16}, "Misc_PhysicalAddress": {"FileOffset": 488, "Value": 48567, "Offset": 8}, "PointerToRelocations": {"FileOffset": 504, "Value": 0, "Offset": 24}, "Flags": ["IMAGE_SCN_MEM_EXECUTE", "IMAGE_SCN_CNT_CODE", "IMAGE_SCN_MEM_READ"], "SHA512": "0c4ec62cadb11667e36eb1ba4c700e7576835bc96cd66a284025fd9445c57720861134a25e8a711c25fac1edab7b94c97d6742fcf4aeb14ede7445ec83d91652", "MD5": "14e0e667d420ec1a3ff4a7622469c762", "Entropy": 6.546222652705879, "VirtualAddress": {"FileOffset": 492, "Value": 4096, "Offset": 12}, "Structure": "IMAGE_SECTION_HEADER", "NumberOfLinenumbers": {"FileOffset": 514, "Value": 0, "Offset": 34}}, {"PointerToRawData": {"FileOffset": 540, "Value": 49664, "Offset": 20}, "SHA1": "e3bbe06b0da8b4451a13e06b15de30a5dfbb8b37", "SHA256": "579838134e0abffe1e159cf80c00369cc7991bf94caa2241999c8335fbfe0d9d", "Name": {"FileOffset": 520, "Value": ".rdata", "Offset": 0}, "NumberOfRelocations": {"FileOffset": 552, "Value": 0, "Offset": 32}, "Misc_VirtualSize": {"FileOffset": 528, "Value": 6101, "Offset": 8}, "Characteristics": {"FileOffset": 556, "Value": 1073741888, "Offset": 36}, "Misc": {"FileOffset": 528, "Value": 6101, "Offset": 8}, "PointerToLinenumbers": {"FileOffset": 548, "Value": 0, "Offset": 28}, "SizeOfRawData": {"FileOffset": 536, "Value": 6144, "Offset": 16}, "Misc_PhysicalAddress": {"FileOffset": 528, "Value": 6101, "Offset": 8}, "PointerToRelocations": {"FileOffset": 544, "Value": 0, "Offset": 24}, "Flags": ["IMAGE_SCN_CNT_INITIALIZED_DATA", "IMAGE_SCN_MEM_READ"], "SHA512": "4a23ec6e52dfe52d66bc069b8e159fd816c31dd42113dba3baadef4f3e7d4bf7523960e1342a944cee3603aac5c9245af3926a724a4f07f2fef738b3738987e4", "MD5": "cfc3d62e1d5821e2defe2196840909ea", "Entropy": 5.384019730141908, "VirtualAddress": {"FileOffset": 532, "Value": 53248, "Offset": 12}, "Structure": "IMAGE_SECTION_HEADER", "NumberOfLinenumbers": {"FileOffset": 554, "Value": 0, "Offset": 34}}, {"PointerToRawData": {"FileOffset": 580, "Value": 55808, "Offset": 20}, "SHA1": "c8b7f52ede09b31b873fb7da68b0a179f0b90542", "SHA256": "ad3799ab1107c1b2b3c571bab6694dce31704cd98a15aef962aa79102e3a9f29", "Name": {"FileOffset": 560, "Value": ".data", "Offset": 0}, "NumberOfRelocations": {"FileOffset": 592, "Value": 0, "Offset": 32}, "Misc_VirtualSize": {"FileOffset": 568, "Value": 105656, "Offset": 8}, "Characteristics": {"FileOffset": 596, "Value": 3221225536, "Offset": 36}, "Misc": {"FileOffset": 568, "Value": 105656, "Offset": 8}, "PointerToLinenumbers": {"FileOffset": 588, "Value": 0, "Offset": 28}, "SizeOfRawData": {"FileOffset": 576, "Value": 512, "Offset": 16}, "Misc_PhysicalAddress": {"FileOffset": 568, "Value": 105656, "Offset": 8}, "PointerToRelocations": {"FileOffset": 584, "Value": 0, "Offset": 24}, "Flags": ["IMAGE_SCN_CNT_INITIALIZED_DATA", "IMAGE_SCN_MEM_WRITE", "IMAGE_SCN_MEM_READ"], "SHA512": "ee9d2215998aa89a2192a0736961ca0f1f6f4eba0da12b42d46d19db47f11b13445aee46ce3f95ed0879573f0a384e0d96c11c65da657412b617349fc896ae8a", "MD5": "0fdd92fffc3dedd0d6504bffc2229aa1", "Entropy": 1.2979945737040555, "VirtualAddress": {"FileOffset": 572, "Value": 61440, "Offset": 12}, "Structure": "IMAGE_SECTION_HEADER", "NumberOfLinenumbers": {"FileOffset": 594, "Value": 0, "Offset": 34}}, {"PointerToRawData": {"FileOffset": 620, "Value": 56320, "Offset": 20}, "SHA1": "f011ebf9bb993407a3c4332fb91ffd4a75c70e92", "SHA256": "af3ab33cc832378a5d104c34ad0ababfd7213cdcafc48ec4886a01694728bf64", "Name": {"FileOffset": 600, "Value": ".CRT", "Offset": 0}, "NumberOfRelocations": {"FileOffset": 632, "Value": 0, "Offset": 32}, "Misc_VirtualSize": {"FileOffset": 608, "Value": 16, "Offset": 8}, "Characteristics": {"FileOffset": 636, "Value": 1073741888, "Offset": 36}, "Misc": {"FileOffset": 608, "Value": 16, "Offset": 8}, "PointerToLinenumbers": {"FileOffset": 628, "Value": 0, "Offset": 28}, "SizeOfRawData": {"FileOffset": 616, "Value": 512, "Offset": 16}, "Misc_PhysicalAddress": {"FileOffset": 608, "Value": 16, "Offset": 8}, "PointerToRelocations": {"FileOffset": 624, "Value": 0, "Offset": 24}, "Flags": ["IMAGE_SCN_CNT_INITIALIZED_DATA", "IMAGE_SCN_MEM_READ"], "SHA512": "1b35dbe935ab26b126adffd41ed62bf7913597d47dfeb6449a0cfbece18a78405eb96cae14505fb7a496546adc81f8ff5444e3ca27632e93c9a337a71e828a23", "MD5": "d9f91643921952c7bc8c7ea02a29dd4f", "Entropy": 0.21310128450968063, "VirtualAddress": {"FileOffset": 612, "Value": 167936, "Offset": 12}, "Structure": "IMAGE_SECTION_HEADER", "NumberOfLinenumbers": {"FileOffset": 634, "Value": 0, "Offset": 34}}, {"PointerToRawData": {"FileOffset": 660, "Value": 56832, "Offset": 20}, "SHA1": "7b54f98f421b7e843a4ec3810d662d0ee0e79655", "SHA256": "d332c7748f19883a8cbc52132bf35c1ab1f8ae4e1c92d5e6897fe3d5d2a5ad60", "Name": {"FileOffset": 640, "Value": ".rsrc", "Offset": 0}, "NumberOfRelocations": {"FileOffset": 672, "Value": 0, "Offset": 32}, "Misc_VirtualSize": {"FileOffset": 648, "Value": 307108, "Offset": 8}, "Characteristics": {"FileOffset": 676, "Value": 1073741888, "Offset": 36}, "Misc": {"FileOffset": 648, "Value": 307108, "Offset": 8}, "PointerToLinenumbers": {"FileOffset": 668, "Value": 0, "Offset": 28}, "SizeOfRawData": {"FileOffset": 656, "Value": 307200, "Offset": 16}, "Misc_PhysicalAddress": {"FileOffset": 648, "Value": 307108, "Offset": 8}, "PointerToRelocations": {"FileOffset": 664, "Value": 0, "Offset": 24}, "Flags": ["IMAGE_SCN_CNT_INITIALIZED_DATA", "IMAGE_SCN_MEM_READ"], "SHA512": "392debc5f75ad71b28ce9a88c89a66adbd2ed636167bbda11a970ec1cfe195c53e5de429f98f7531aa4bdd16a6cb8d4841174dc9504c4af3737ab0d5843545b7", "MD5": "b3ad6da3a3c2d0961158cb0e1983bcc9", "Entropy": 4.42334294220178, "VirtualAddress": {"FileOffset": 652, "Value": 172032, "Offset": 12}, "Structure": "IMAGE_SECTION_HEADER", "NumberOfLinenumbers": {"FileOffset": 674, "Value": 0, "Offset": 34}}], "Resource directory": [{"MajorVersion": {"FileOffset": 56840, "Value": 4, "Offset": 8}, "NumberOfIdEntries": {"FileOffset": 56846, "Value": 6, "Offset": 14}, "MinorVersion": {"FileOffset": 56842, "Value": 0, "Offset": 10}, "TimeDateStamp": {"FileOffset": 56836, "Value": "0x0        [Thu Jan  1 00:00:00 1970 UTC]", "Offset": 4}, "Characteristics": {"FileOffset": 56832, "Value": 0, "Offset": 0}, "NumberOfNamedEntries": {"FileOffset": 56844, "Value": 0, "Offset": 12}, "Structure": "IMAGE_RESOURCE_DIRECTORY"}, {"Structure": "IMAGE_RESOURCE_DIRECTORY_ENTRY", "Id": [2, "RT_BITMAP"], "OffsetToData": {"FileOffset": 56852, "Value": 2147483712, "Offset": 4}, "Name": {"FileOffset": 56848, "Value": 2, "Offset": 0}}, [{"MajorVersion": {"FileOffset": 56904, "Value": 4, "Offset": 8}, "NumberOfIdEntries": {"FileOffset": 56910, "Value": 1, "Offset": 14}, "MinorVersion": {"FileOffset": 56906, "Value": 0, "Offset": 10}, "TimeDateStamp": {"FileOffset": 56900, "Value": "0x0        [Thu Jan  1 00:00:00 1970 UTC]", "Offset": 4}, "Characteristics": {"FileOffset": 56896, "Value": 0, "Offset": 0}, "NumberOfNamedEntries": {"FileOffset": 56908, "Value": 0, "Offset": 12}, "Structure": "IMAGE_RESOURCE_DIRECTORY"}, {"Structure": "IMAGE_RESOURCE_DIRECTORY_ENTRY", "Id": 101, "OffsetToData": {"FileOffset": 56916, "Value": 2147484000, "Offset": 4}, "Name": {"FileOffset": 56912, "Value": 101, "Offset": 0}}, [{"MajorVersion": {"FileOffset": 57192, "Value": 4, "Offset": 8}, "NumberOfIdEntries": {"FileOffset": 57198, "Value": 1, "Offset": 14}, "MinorVersion": {"FileOffset": 57194, "Value": 0, "Offset": 10}, "TimeDateStamp": {"FileOffset": 57188, "Value": "0x0        [Thu Jan  1 00:00:00 1970 UTC]", "Offset": 4}, "Characteristics": {"FileOffset": 57184, "Value": 0, "Offset": 0}, "NumberOfNamedEntries": {"FileOffset": 57196, "Value": 0, "Offset": 12}, "Structure": "IMAGE_RESOURCE_DIRECTORY"}, {"LANG": 9, "SUBLANG_NAME": "SUBLANG_ENGLISH_US", "Name": {"FileOffset": 57200, "Value": 1033, "Offset": 0}, "CodePage": {"FileOffset": 57768, "Value": 1252, "Offset": 8}, "LANG_NAME": "LANG_ENGLISH", "OffsetToData": {"FileOffset": 57760, "Value": 173484, "Offset": 0}, "Reserved": {"FileOffset": 57772, "Value": 0, "Offset": 12}, "SUBLANG": 1, "Structure": "IMAGE_RESOURCE_DATA_ENTRY", "Size": {"FileOffset": 57764, "Value": 2998, "Offset": 4}}]], {"Structure": "IMAGE_RESOURCE_DIRECTORY_ENTRY", "Id": [3, "RT_ICON"], "OffsetToData": {"FileOffset": 56860, "Value": 2147483736, "Offset": 4}, "Name": {"FileOffset": 56856, "Value": 3, "Offset": 0}}, [{"MajorVersion": {"FileOffset": 56928, "Value": 4, "Offset": 8}, "NumberOfIdEntries": {"FileOffset": 56934, "Value": 10, "Offset": 14}, "MinorVersion": {"FileOffset": 56930, "Value": 0, "Offset": 10}, "TimeDateStamp": {"FileOffset": 56924, "Value": "0x0        [Thu Jan  1 00:00:00 1970 UTC]", "Offset": 4}, "Characteristics": {"FileOffset": 56920, "Value": 0, "Offset": 0}, "NumberOfNamedEntries": {"FileOffset": 56932, "Value": 0, "Offset": 12}, "Structure": "IMAGE_RESOURCE_DIRECTORY"}, {"Structure": "IMAGE_RESOURCE_DIRECTORY_ENTRY", "Id": 1, "OffsetToData": {"FileOffset": 56940, "Value": 2147484024, "Offset": 4}, "Name": {"FileOffset": 56936, "Value": 1, "Offset": 0}}, [{"MajorVersion": {"FileOffset": 57216, "Value": 4, "Offset": 8}, "NumberOfIdEntries": {"FileOffset": 57222, "Value": 1, "Offset": 14}, "MinorVersion": {"FileOffset": 57218, "Value": 0, "Offset": 10}, "TimeDateStamp": {"FileOffset": 57212, "Value": "0x0        [Thu Jan  1 00:00:00 1970 UTC]", "Offset": 4}, "Characteristics": {"FileOffset": 57208, "Value": 0, "Offset": 0}, "NumberOfNamedEntries": {"FileOffset": 57220, "Value": 0, "Offset": 12}, "Structure": "IMAGE_RESOURCE_DIRECTORY"}, {"LANG": 0, "SUBLANG_NAME": "SUBLANG_DEFAULT", "Name": {"FileOffset": 57224, "Value": 1024, "Offset": 0}, "CodePage": {"FileOffset": 57784, "Value": 1252, "Offset": 8}, "LANG_NAME": "LANG_NEUTRAL", "OffsetToData": {"FileOffset": 57776, "Value": 176484, "Offset": 0}, "Reserved": {"FileOffset": 57788, "Value": 0, "Offset": 12}, "SUBLANG": 1, "Structure": "IMAGE_RESOURCE_DATA_ENTRY", "Size": {"FileOffset": 57780, "Value": 1640, "Offset": 4}}], {"Structure": "IMAGE_RESOURCE_DIRECTORY_ENTRY", "Id": 2, "OffsetToData": {"FileOffset": 56948, "Value": 2147484048, "Offset": 4}, "Name": {"FileOffset": 56944, "Value": 2, "Offset": 0}}, [{"MajorVersion": {"FileOffset": 57240, "Value": 4, "Offset": 8}, "NumberOfIdEntries": {"FileOffset": 57246, "Value": 1, "Offset": 14}, "MinorVersion": {"FileOffset": 57242, "Value": 0, "Offset": 10}, "TimeDateStamp": {"FileOffset": 57236, "Value": "0x0        [Thu Jan  1 00:00:00 1970 UTC]", "Offset": 4}, "Characteristics": {"FileOffset": 57232, "Value": 0, "Offset": 0}, "NumberOfNamedEntries": {"FileOffset": 57244, "Value": 0, "Offset": 12}, "Structure": "IMAGE_RESOURCE_DIRECTORY"}, {"LANG": 0, "SUBLANG_NAME": "SUBLANG_DEFAULT", "Name": {"FileOffset": 57248, "Value": 1024, "Offset": 0}, "CodePage": {"FileOffset": 57800, "Value": 1252, "Offset": 8}, "LANG_NAME": "LANG_NEUTRAL", "OffsetToData": {"FileOffset": 57792, "Value": 178124, "Offset": 0}, "Reserved": {"FileOffset": 57804, "Value": 0, "Offset": 12}, "SUBLANG": 1, "Structure": "IMAGE_RESOURCE_DATA_ENTRY", "Size": {"FileOffset": 57796, "Value": 744, "Offset": 4}}], {"Structure": "IMAGE_RESOURCE_DIRECTORY_ENTRY", "Id": 3, "OffsetToData": {"FileOffset": 56956, "Value": 2147484072, "Offset": 4}, "Name": {"FileOffset": 56952, "Value": 3, "Offset": 0}}, [{"MajorVersion": {"FileOffset": 57264, "Value": 4, "Offset": 8}, "NumberOfIdEntries": {"FileOffset": 57270, "Value": 1, "Offset": 14}, "MinorVersion": {"FileOffset": 57266, "Value": 0, "Offset": 10}, "TimeDateStamp": {"FileOffset": 57260, "Value": "0x0        [Thu Jan  1 00:00:00 1970 UTC]", "Offset": 4}, "Characteristics": {"FileOffset": 57256, "Value": 0, "Offset": 0}, "NumberOfNamedEntries": {"FileOffset": 57268, "Value": 0, "Offset": 12}, "Structure": "IMAGE_RESOURCE_DIRECTORY"}, {"LANG": 0, "SUBLANG_NAME": "SUBLANG_DEFAULT", "Name": {"FileOffset": 57272, "Value": 1024, "Offset": 0}, "CodePage": {"FileOffset": 57816, "Value": 1252, "Offset": 8}, "LANG_NAME": "LANG_NEUTRAL", "OffsetToData": {"FileOffset": 57808, "Value": 178868, "Offset": 0}, "Reserved": {"FileOffset": 57820, "Value": 0, "Offset": 12}, "SUBLANG": 1, "Structure": "IMAGE_RESOURCE_DATA_ENTRY", "Size": {"FileOffset": 57812, "Value": 296, "Offset": 4}}], {"Structure": "IMAGE_RESOURCE_DIRECTORY_ENTRY", "Id": 4, "OffsetToData": {"FileOffset": 56964, "Value": 2147484096, "Offset": 4}, "Name": {"FileOffset": 56960, "Value": 4, "Offset": 0}}, [{"MajorVersion": {"FileOffset": 57288, "Value": 4, "Offset": 8}, "NumberOfIdEntries": {"FileOffset": 57294, "Value": 1, "Offset": 14}, "MinorVersion": {"FileOffset": 57290, "Value": 0, "Offset": 10}, "TimeDateStamp": {"FileOffset": 57284, "Value": "0x0        [Thu Jan  1 00:00:00 1970 UTC]", "Offset": 4}, "Characteristics": {"FileOffset": 57280, "Value": 0, "Offset": 0}, "NumberOfNamedEntries": {"FileOffset": 57292, "Value": 0, "Offset": 12}, "Structure": "IMAGE_RESOURCE_DIRECTORY"}, {"LANG": 0, "SUBLANG_NAME": "SUBLANG_DEFAULT", "Name": {"FileOffset": 57296, "Value": 1024, "Offset": 0}, "CodePage": {"FileOffset": 57832, "Value": 1252, "Offset": 8}, "LANG_NAME": "LANG_NEUTRAL", "OffsetToData": {"FileOffset": 57824, "Value": 179164, "Offset": 0}, "Reserved": {"FileOffset": 57836, "Value": 0, "Offset": 12}, "SUBLANG": 1, "Structure": "IMAGE_RESOURCE_DATA_ENTRY", "Size": {"FileOffset": 57828, "Value": 3752, "Offset": 4}}], {"Structure": "IMAGE_RESOURCE_DIRECTORY_ENTRY", "Id": 5, "OffsetToData": {"FileOffset": 56972, "Value": 2147484120, "Offset": 4}, "Name": {"FileOffset": 56968, "Value": 5, "Offset": 0}}, [{"MajorVersion": {"FileOffset": 57312, "Value": 4, "Offset": 8}, "NumberOfIdEntries": {"FileOffset": 57318, "Value": 1, "Offset": 14}, "MinorVersion": {"FileOffset": 57314, "Value": 0, "Offset": 10}, "TimeDateStamp": {"FileOffset": 57308, "Value": "0x0        [Thu Jan  1 00:00:00 1970 UTC]", "Offset": 4}, "Characteristics": {"FileOffset": 57304, "Value": 0, "Offset": 0}, "NumberOfNamedEntries": {"FileOffset": 57316, "Value": 0, "Offset": 12}, "Structure": "IMAGE_RESOURCE_DIRECTORY"}, {"LANG": 0, "SUBLANG_NAME": "SUBLANG_DEFAULT", "Name": {"FileOffset": 57320, "Value": 1024, "Offset": 0}, "CodePage": {"FileOffset": 57848, "Value": 1252, "Offset": 8}, "LANG_NAME": "LANG_NEUTRAL", "OffsetToData": {"FileOffset": 57840, "Value": 182916, "Offset": 0}, "Reserved": {"FileOffset": 57852, "Value": 0, "Offset": 12}, "SUBLANG": 1, "Structure": "IMAGE_RESOURCE_DATA_ENTRY", "Size": {"FileOffset": 57844, "Value": 2216, "Offset": 4}}], {"Structure": "IMAGE_RESOURCE_DIRECTORY_ENTRY", "Id": 6, "OffsetToData": {"FileOffset": 56980, "Value": 2147484144, "Offset": 4}, "Name": {"FileOffset": 56976, "Value": 6, "Offset": 0}}, [{"MajorVersion": {"FileOffset": 57336, "Value": 4, "Offset": 8}, "NumberOfIdEntries": {"FileOffset": 57342, "Value": 1, "Offset": 14}, "MinorVersion": {"FileOffset": 57338, "Value": 0, "Offset": 10}, "TimeDateStamp": {"FileOffset": 57332, "Value": "0x0        [Thu Jan  1 00:00:00 1970 UTC]", "Offset": 4}, "Characteristics": {"FileOffset": 57328, "Value": 0, "Offset": 0}, "NumberOfNamedEntries": {"FileOffset": 57340, "Value": 0, "Offset": 12}, "Structure": "IMAGE_RESOURCE_DIRECTORY"}, {"LANG": 0, "SUBLANG_NAME": "SUBLANG_DEFAULT", "Name": {"FileOffset": 57344, "Value": 1024, "Offset": 0}, "CodePage": {"FileOffset": 57864, "Value": 1252, "Offset": 8}, "LANG_NAME": "LANG_NEUTRAL", "OffsetToData": {"FileOffset": 57856, "Value": 185132, "Offset": 0}, "Reserved": {"FileOffset": 57868, "Value": 0, "Offset": 12}, "SUBLANG": 1, "Structure": "IMAGE_RESOURCE_DATA_ENTRY", "Size": {"FileOffset": 57860, "Value": 1384, "Offset": 4}}], {"Structure": "IMAGE_RESOURCE_DIRECTORY_ENTRY", "Id": 7, "OffsetToData": {"FileOffset": 56988, "Value": 2147484168, "Offset": 4}, "Name": {"FileOffset": 56984, "Value": 7, "Offset": 0}}, [{"MajorVersion": {"FileOffset": 57360, "Value": 4, "Offset": 8}, "NumberOfIdEntries": {"FileOffset": 57366, "Value": 1, "Offset": 14}, "MinorVersion": {"FileOffset": 57362, "Value": 0, "Offset": 10}, "TimeDateStamp": {"FileOffset": 57356, "Value": "0x0        [Thu Jan  1 00:00:00 1970 UTC]", "Offset": 4}, "Characteristics": {"FileOffset": 57352, "Value": 0, "Offset": 0}, "NumberOfNamedEntries": {"FileOffset": 57364, "Value": 0, "Offset": 12}, "Structure": "IMAGE_RESOURCE_DIRECTORY"}, {"LANG": 0, "SUBLANG_NAME": "SUBLANG_DEFAULT", "Name": {"FileOffset": 57368, "Value": 1024, "Offset": 0}, "CodePage": {"FileOffset": 57880, "Value": 1252, "Offset": 8}, "LANG_NAME": "LANG_NEUTRAL", "OffsetToData": {"FileOffset": 57872, "Value": 186516, "Offset": 0}, "Reserved": {"FileOffset": 57884, "Value": 0, "Offset": 12}, "SUBLANG": 1, "Structure": "IMAGE_RESOURCE_DATA_ENTRY", "Size": {"FileOffset": 57876, "Value": 270376, "Offset": 4}}], {"Structure": "IMAGE_RESOURCE_DIRECTORY_ENTRY", "Id": 8, "OffsetToData": {"FileOffset": 56996, "Value": 2147484192, "Offset": 4}, "Name": {"FileOffset": 56992, "Value": 8, "Offset": 0}}, [{"MajorVersion": {"FileOffset": 57384, "Value": 4, "Offset": 8}, "NumberOfIdEntries": {"FileOffset": 57390, "Value": 1, "Offset": 14}, "MinorVersion": {"FileOffset": 57386, "Value": 0, "Offset": 10}, "TimeDateStamp": {"FileOffset": 57380, "Value": "0x0        [Thu Jan  1 00:00:00 1970 UTC]", "Offset": 4}, "Characteristics": {"FileOffset": 57376, "Value": 0, "Offset": 0}, "NumberOfNamedEntries": {"FileOffset": 57388, "Value": 0, "Offset": 12}, "Structure": "IMAGE_RESOURCE_DIRECTORY"}, {"LANG": 0, "SUBLANG_NAME": "SUBLANG_DEFAULT", "Name": {"FileOffset": 57392, "Value": 1024, "Offset": 0}, "CodePage": {"FileOffset": 57896, "Value": 1252, "Offset": 8}, "LANG_NAME": "LANG_NEUTRAL", "OffsetToData": {"FileOffset": 57888, "Value": 456892, "Offset": 0}, "Reserved": {"FileOffset": 57900, "Value": 0, "Offset": 12}, "SUBLANG": 1, "Structure": "IMAGE_RESOURCE_DATA_ENTRY", "Size": {"FileOffset": 57892, "Value": 9640, "Offset": 4}}], {"Structure": "IMAGE_RESOURCE_DIRECTORY_ENTRY", "Id": 9, "OffsetToData": {"FileOffset": 57004, "Value": 2147484216, "Offset": 4}, "Name": {"FileOffset": 57000, "Value": 9, "Offset": 0}}, [{"MajorVersion": {"FileOffset": 57408, "Value": 4, "Offset": 8}, "NumberOfIdEntries": {"FileOffset": 57414, "Value": 1, "Offset": 14}, "MinorVersion": {"FileOffset": 57410, "Value": 0, "Offset": 10}, "TimeDateStamp": {"FileOffset": 57404, "Value": "0x0        [Thu Jan  1 00:00:00 1970 UTC]", "Offset": 4}, "Characteristics": {"FileOffset": 57400, "Value": 0, "Offset": 0}, "NumberOfNamedEntries": {"FileOffset": 57412, "Value": 0, "Offset": 12}, "Structure": "IMAGE_RESOURCE_DIRECTORY"}, {"LANG": 0, "SUBLANG_NAME": "SUBLANG_DEFAULT", "Name": {"FileOffset": 57416, "Value": 1024, "Offset": 0}, "CodePage": {"FileOffset": 57912, "Value": 1252, "Offset": 8}, "LANG_NAME": "LANG_NEUTRAL", "OffsetToData": {"FileOffset": 57904, "Value": 466532, "Offset": 0}, "Reserved": {"FileOffset": 57916, "Value": 0, "Offset": 12}, "SUBLANG": 1, "Structure": "IMAGE_RESOURCE_DATA_ENTRY", "Size": {"FileOffset": 57908, "Value": 4264, "Offset": 4}}], {"Structure": "IMAGE_RESOURCE_DIRECTORY_ENTRY", "Id": 10, "OffsetToData": {"FileOffset": 57012, "Value": 2147484240, "Offset": 4}, "Name": {"FileOffset": 57008, "Value": 10, "Offset": 0}}, [{"MajorVersion": {"FileOffset": 57432, "Value": 4, "Offset": 8}, "NumberOfIdEntries": {"FileOffset": 57438, "Value": 1, "Offset": 14}, "MinorVersion": {"FileOffset": 57434, "Value": 0, "Offset": 10}, "TimeDateStamp": {"FileOffset": 57428, "Value": "0x0        [Thu Jan  1 00:00:00 1970 UTC]", "Offset": 4}, "Characteristics": {"FileOffset": 57424, "Value": 0, "Offset": 0}, "NumberOfNamedEntries": {"FileOffset": 57436, "Value": 0, "Offset": 12}, "Structure": "IMAGE_RESOURCE_DIRECTORY"}, {"LANG": 0, "SUBLANG_NAME": "SUBLANG_DEFAULT", "Name": {"FileOffset": 57440, "Value": 1024, "Offset": 0}, "CodePage": {"FileOffset": 57928, "Value": 1252, "Offset": 8}, "LANG_NAME": "LANG_NEUTRAL", "OffsetToData": {"FileOffset": 57920, "Value": 470796, "Offset": 0}, "Reserved": {"FileOffset": 57932, "Value": 0, "Offset": 12}, "SUBLANG": 1, "Structure": "IMAGE_RESOURCE_DATA_ENTRY", "Size": {"FileOffset": 57924, "Value": 1128, "Offset": 4}}]], {"Structure": "IMAGE_RESOURCE_DIRECTORY_ENTRY", "Id": [5, "RT_DIALOG"], "OffsetToData": {"FileOffset": 56868, "Value": 2147483832, "Offset": 4}, "Name": {"FileOffset": 56864, "Value": 5, "Offset": 0}}, [{"MajorVersion": {"FileOffset": 57024, "Value": 4, "Offset": 8}, "NumberOfIdEntries": {"FileOffset": 57030, "Value": 0, "Offset": 14}, "MinorVersion": {"FileOffset": 57026, "Value": 0, "Offset": 10}, "TimeDateStamp": {"FileOffset": 57020, "Value": "0x0        [Thu Jan  1 00:00:00 1970 UTC]", "Offset": 4}, "Characteristics": {"FileOffset": 57016, "Value": 0, "Offset": 0}, "NumberOfNamedEntries": {"FileOffset": 57028, "Value": 6, "Offset": 12}, "Structure": "IMAGE_RESOURCE_DIRECTORY"}, {"Name": {"FileOffset": 57032, "Value": 2147484960, "Offset": 0}, "OffsetToData": {"FileOffset": 57036, "Value": 2147484264, "Offset": 4}, "Structure": "IMAGE_RESOURCE_DIRECTORY_ENTRY"}, [{"MajorVersion": {"FileOffset": 57456, "Value": 4, "Offset": 8}, "NumberOfIdEntries": {"FileOffset": 57462, "Value": 1, "Offset": 14}, "MinorVersion": {"FileOffset": 57458, "Value": 0, "Offset": 10}, "TimeDateStamp": {"FileOffset": 57452, "Value": "0x0        [Thu Jan  1 00:00:00 1970 UTC]", "Offset": 4}, "Characteristics": {"FileOffset": 57448, "Value": 0, "Offset": 0}, "NumberOfNamedEntries": {"FileOffset": 57460, "Value": 0, "Offset": 12}, "Structure": "IMAGE_RESOURCE_DIRECTORY"}, {"LANG": 9, "SUBLANG_NAME": "SUBLANG_ENGLISH_US", "Name": {"FileOffset": 57464, "Value": 1033, "Offset": 0}, "CodePage": {"FileOffset": 57944, "Value": 1252, "Offset": 8}, "LANG_NAME": "LANG_ENGLISH", "OffsetToData": {"FileOffset": 57936, "Value": 471924, "Offset": 0}, "Reserved": {"FileOffset": 57948, "Value": 0, "Offset": 12}, "SUBLANG": 1, "Structure": "IMAGE_RESOURCE_DATA_ENTRY", "Size": {"FileOffset": 57940, "Value": 642, "Offset": 4}}], {"Name": {"FileOffset": 57040, "Value": 2147484982, "Offset": 0}, "OffsetToData": {"FileOffset": 57044, "Value": 2147484288, "Offset": 4}, "Structure": "IMAGE_RESOURCE_DIRECTORY_ENTRY"}, [{"MajorVersion": {"FileOffset": 57480, "Value": 4, "Offset": 8}, "NumberOfIdEntries": {"FileOffset": 57486, "Value": 1, "Offset": 14}, "MinorVersion": {"FileOffset": 57482, "Value": 0, "Offset": 10}, "TimeDateStamp": {"FileOffset": 57476, "Value": "0x0        [Thu Jan  1 00:00:00 1970 UTC]", "Offset": 4}, "Characteristics": {"FileOffset": 57472, "Value": 0, "Offset": 0}, "NumberOfNamedEntries": {"FileOffset": 57484, "Value": 0, "Offset": 12}, "Structure": "IMAGE_RESOURCE_DIRECTORY"}, {"LANG": 9, "SUBLANG_NAME": "SUBLANG_ENGLISH_US", "Name": {"FileOffset": 57488, "Value": 1033, "Offset": 0}, "CodePage": {"FileOffset": 57960, "Value": 1252, "Offset": 8}, "LANG_NAME": "LANG_ENGLISH", "OffsetToData": {"FileOffset": 57952, "Value": 472568, "Offset": 0}, "Reserved": {"FileOffset": 57964, "Value": 0, "Offset": 12}, "SUBLANG": 1, "Structure": "IMAGE_RESOURCE_DATA_ENTRY", "Size": {"FileOffset": 57956, "Value": 310, "Offset": 4}}], {"Name": {"FileOffset": 57048, "Value": 2147485008, "Offset": 0}, "OffsetToData": {"FileOffset": 57052, "Value": 2147484312, "Offset": 4}, "Structure": "IMAGE_RESOURCE_DIRECTORY_ENTRY"}, [{"MajorVersion": {"FileOffset": 57504, "Value": 4, "Offset": 8}, "NumberOfIdEntries": {"FileOffset": 57510, "Value": 1, "Offset": 14}, "MinorVersion": {"FileOffset": 57506, "Value": 0, "Offset": 10}, "TimeDateStamp": {"FileOffset": 57500, "Value": "0x0        [Thu Jan  1 00:00:00 1970 UTC]", "Offset": 4}, "Characteristics": {"FileOffset": 57496, "Value": 0, "Offset": 0}, "NumberOfNamedEntries": {"FileOffset": 57508, "Value": 0, "Offset": 12}, "Structure": "IMAGE_RESOURCE_DIRECTORY"}, {"LANG": 9, "SUBLANG_NAME": "SUBLANG_ENGLISH_US", "Name": {"FileOffset": 57512, "Value": 1033, "Offset": 0}, "CodePage": {"FileOffset": 57976, "Value": 1252, "Offset": 8}, "LANG_NAME": "LANG_ENGLISH", "OffsetToData": {"FileOffset": 57968, "Value": 472880, "Offset": 0}, "Reserved": {"FileOffset": 57980, "Value": 0, "Offset": 12}, "SUBLANG": 1, "Structure": "IMAGE_RESOURCE_DATA_ENTRY", "Size": {"FileOffset": 57972, "Value": 232, "Offset": 4}}], {"Name": {"FileOffset": 57056, "Value": 2147485030, "Offset": 0}, "OffsetToData": {"FileOffset": 57060, "Value": 2147484336, "Offset": 4}, "Structure": "IMAGE_RESOURCE_DIRECTORY_ENTRY"}, [{"MajorVersion": {"FileOffset": 57528, "Value": 4, "Offset": 8}, "NumberOfIdEntries": {"FileOffset": 57534, "Value": 1, "Offset": 14}, "MinorVersion": {"FileOffset": 57530, "Value": 0, "Offset": 10}, "TimeDateStamp": {"FileOffset": 57524, "Value": "0x0        [Thu Jan  1 00:00:00 1970 UTC]", "Offset": 4}, "Characteristics": {"FileOffset": 57520, "Value": 0, "Offset": 0}, "NumberOfNamedEntries": {"FileOffset": 57532, "Value": 0, "Offset": 12}, "Structure": "IMAGE_RESOURCE_DIRECTORY"}, {"LANG": 9, "SUBLANG_NAME": "SUBLANG_ENGLISH_US", "Name": {"FileOffset": 57536, "Value": 1033, "Offset": 0}, "CodePage": {"FileOffset": 57992, "Value": 1252, "Offset": 8}, "LANG_NAME": "LANG_ENGLISH", "OffsetToData": {"FileOffset": 57984, "Value": 473112, "Offset": 0}, "Reserved": {"FileOffset": 57996, "Value": 0, "Offset": 12}, "SUBLANG": 1, "Structure": "IMAGE_RESOURCE_DATA_ENTRY", "Size": {"FileOffset": 57988, "Value": 298, "Offset": 4}}], {"Name": {"FileOffset": 57064, "Value": 2147485050, "Offset": 0}, "OffsetToData": {"FileOffset": 57068, "Value": 2147484360, "Offset": 4}, "Structure": "IMAGE_RESOURCE_DIRECTORY_ENTRY"}, [{"MajorVersion": {"FileOffset": 57552, "Value": 4, "Offset": 8}, "NumberOfIdEntries": {"FileOffset": 57558, "Value": 1, "Offset": 14}, "MinorVersion": {"FileOffset": 57554, "Value": 0, "Offset": 10}, "TimeDateStamp": {"FileOffset": 57548, "Value": "0x0        [Thu Jan  1 00:00:00 1970 UTC]", "Offset": 4}, "Characteristics": {"FileOffset": 57544, "Value": 0, "Offset": 0}, "NumberOfNamedEntries": {"FileOffset": 57556, "Value": 0, "Offset": 12}, "Structure": "IMAGE_RESOURCE_DIRECTORY"}, {"LANG": 9, "SUBLANG_NAME": "SUBLANG_ENGLISH_US", "Name": {"FileOffset": 57560, "Value": 1033, "Offset": 0}, "CodePage": {"FileOffset": 58008, "Value": 1252, "Offset": 8}, "LANG_NAME": "LANG_ENGLISH", "OffsetToData": {"FileOffset": 58000, "Value": 473412, "Offset": 0}, "Reserved": {"FileOffset": 58012, "Value": 0, "Offset": 12}, "SUBLANG": 1, "Structure": "IMAGE_RESOURCE_DATA_ENTRY", "Size": {"FileOffset": 58004, "Value": 820, "Offset": 4}}], {"Name": {"FileOffset": 57072, "Value": 2147485080, "Offset": 0}, "OffsetToData": {"FileOffset": 57076, "Value": 2147484384, "Offset": 4}, "Structure": "IMAGE_RESOURCE_DIRECTORY_ENTRY"}, [{"MajorVersion": {"FileOffset": 57576, "Value": 4, "Offset": 8}, "NumberOfIdEntries": {"FileOffset": 57582, "Value": 1, "Offset": 14}, "MinorVersion": {"FileOffset": 57578, "Value": 0, "Offset": 10}, "TimeDateStamp": {"FileOffset": 57572, "Value": "0x0        [Thu Jan  1 00:00:00 1970 UTC]", "Offset": 4}, "Characteristics": {"FileOffset": 57568, "Value": 0, "Offset": 0}, "NumberOfNamedEntries": {"FileOffset": 57580, "Value": 0, "Offset": 12}, "Structure": "IMAGE_RESOURCE_DIRECTORY"}, {"LANG": 9, "SUBLANG_NAME": "SUBLANG_ENGLISH_US", "Name": {"FileOffset": 57584, "Value": 1033, "Offset": 0}, "CodePage": {"FileOffset": 58024, "Value": 1252, "Offset": 8}, "LANG_NAME": "LANG_ENGLISH", "OffsetToData": {"FileOffset": 58016, "Value": 474232, "Offset": 0}, "Reserved": {"FileOffset": 58028, "Value": 0, "Offset": 12}, "SUBLANG": 1, "Structure": "IMAGE_RESOURCE_DATA_ENTRY", "Size": {"FileOffset": 58020, "Value": 542, "Offset": 4}}]], {"Structure": "IMAGE_RESOURCE_DIRECTORY_ENTRY", "Id": [6, "RT_STRING"], "OffsetToData": {"FileOffset": 56876, "Value": 2147483896, "Offset": 4}, "Name": {"FileOffset": 56872, "Value": 6, "Offset": 0}}, [{"MajorVersion": {"FileOffset": 57088, "Value": 4, "Offset": 8}, "NumberOfIdEntries": {"FileOffset": 57094, "Value": 5, "Offset": 14}, "MinorVersion": {"FileOffset": 57090, "Value": 0, "Offset": 10}, "TimeDateStamp": {"FileOffset": 57084, "Value": "0x0        [Thu Jan  1 00:00:00 1970 UTC]", "Offset": 4}, "Characteristics": {"FileOffset": 57080, "Value": 0, "Offset": 0}, "NumberOfNamedEntries": {"FileOffset": 57092, "Value": 0, "Offset": 12}, "Structure": "IMAGE_RESOURCE_DIRECTORY"}, {"Structure": "IMAGE_RESOURCE_DIRECTORY_ENTRY", "Id": 7, "OffsetToData": {"FileOffset": 57100, "Value": 2147484408, "Offset": 4}, "Name": {"FileOffset": 57096, "Value": 7, "Offset": 0}}, [{"MajorVersion": {"FileOffset": 57600, "Value": 4, "Offset": 8}, "NumberOfIdEntries": {"FileOffset": 57606, "Value": 1, "Offset": 14}, "MinorVersion": {"FileOffset": 57602, "Value": 0, "Offset": 10}, "TimeDateStamp": {"FileOffset": 57596, "Value": "0x0        [Thu Jan  1 00:00:00 1970 UTC]", "Offset": 4}, "Characteristics": {"FileOffset": 57592, "Value": 0, "Offset": 0}, "NumberOfNamedEntries": {"FileOffset": 57604, "Value": 0, "Offset": 12}, "Structure": "IMAGE_RESOURCE_DIRECTORY"}, {"LANG": 9, "SUBLANG_NAME": "SUBLANG_ENGLISH_US", "Name": {"FileOffset": 57608, "Value": 1033, "Offset": 0}, "CodePage": {"FileOffset": 58040, "Value": 1252, "Offset": 8}, "LANG_NAME": "LANG_ENGLISH", "OffsetToData": {"FileOffset": 58032, "Value": 474776, "Offset": 0}, "Reserved": {"FileOffset": 58044, "Value": 0, "Offset": 12}, "SUBLANG": 1, "Structure": "IMAGE_RESOURCE_DATA_ENTRY", "Size": {"FileOffset": 58036, "Value": 556, "Offset": 4}}, "Select destination folder", "Extracting %s", "Skipping %s", "Unexpected end of archive", "The file \"%s\" header is corrupt", "The archive comment header is corrupt", "The archive comment is corrupt", "Not enough memory", "Unknown method in %s", "Cannot open %s", "Cannot create %s", "Cannot create folder %s"], {"Structure": "IMAGE_RESOURCE_DIRECTORY_ENTRY", "Id": 8, "OffsetToData": {"FileOffset": 57108, "Value": 2147484432, "Offset": 4}, "Name": {"FileOffset": 57104, "Value": 8, "Offset": 0}}, [{"MajorVersion": {"FileOffset": 57624, "Value": 4, "Offset": 8}, "NumberOfIdEntries": {"FileOffset": 57630, "Value": 1, "Offset": 14}, "MinorVersion": {"FileOffset": 57626, "Value": 0, "Offset": 10}, "TimeDateStamp": {"FileOffset": 57620, "Value": "0x0        [Thu Jan  1 00:00:00 1970 UTC]", "Offset": 4}, "Characteristics": {"FileOffset": 57616, "Value": 0, "Offset": 0}, "NumberOfNamedEntries": {"FileOffset": 57628, "Value": 0, "Offset": 12}, "Structure": "IMAGE_RESOURCE_DIRECTORY"}, {"LANG": 9, "SUBLANG_NAME": "SUBLANG_ENGLISH_US", "Name": {"FileOffset": 57632, "Value": 1033, "Offset": 0}, "CodePage": {"FileOffset": 58056, "Value": 1252, "Offset": 8}, "LANG_NAME": "LANG_ENGLISH", "OffsetToData": {"FileOffset": 58048, "Value": 475332, "Offset": 0}, "Reserved": {"FileOffset": 58060, "Value": 0, "Offset": 12}, "SUBLANG": 1, "Structure": "IMAGE_RESOURCE_DATA_ENTRY", "Size": {"FileOffset": 58052, "Value": 946, "Offset": 4}}, "CRC failed in the encrypted file %s (wrong password ?)", "CRC failed in %s", "Packed data CRC failed in %s", "Wrong password for %s", "Write error in the file %s. Probably the disk is full", "Read error in the file %s", "File close error", "The required volume is absent", "The archive is either in unknown format or damaged", "Extracting from %s", "Next volume", "The archive header is corrupt", "Close", "Error", "Errors encountered while performing the operation\nLook at the information window for more details"], {"Structure": "IMAGE_RESOURCE_DIRECTORY_ENTRY", "Id": 9, "OffsetToData": {"FileOffset": 57116, "Value": 2147484456, "Offset": 4}, "Name": {"FileOffset": 57112, "Value": 9, "Offset": 0}}, [{"MajorVersion": {"FileOffset": 57648, "Value": 4, "Offset": 8}, "NumberOfIdEntries": {"FileOffset": 57654, "Value": 1, "Offset": 14}, "MinorVersion": {"FileOffset": 57650, "Value": 0, "Offset": 10}, "TimeDateStamp": {"FileOffset": 57644, "Value": "0x0        [Thu Jan  1 00:00:00 1970 UTC]", "Offset": 4}, "Characteristics": {"FileOffset": 57640, "Value": 0, "Offset": 0}, "NumberOfNamedEntries": {"FileOffset": 57652, "Value": 0, "Offset": 12}, "Structure": "IMAGE_RESOURCE_DIRECTORY"}, {"LANG": 9, "SUBLANG_NAME": "SUBLANG_ENGLISH_US", "Name": {"FileOffset": 57656, "Value": 1033, "Offset": 0}, "CodePage": {"FileOffset": 58072, "Value": 1252, "Offset": 8}, "LANG_NAME": "LANG_ENGLISH", "OffsetToData": {"FileOffset": 58064, "Value": 476280, "Offset": 0}, "Reserved": {"FileOffset": 58076, "Value": 0, "Offset": 12}, "SUBLANG": 1, "Structure": "IMAGE_RESOURCE_DATA_ENTRY", "Size": {"FileOffset": 58068, "Value": 530, "Offset": 4}}, "bytes", "modified on", "folder is not accessible", "Some files could not be created.\nPlease close all applications, reboot Windows and restart this installation", "Some installation files are corrupt.\nPlease download a fresh copy and retry the installation", "All files"], {"Structure": "IMAGE_RESOURCE_DIRECTORY_ENTRY", "Id": 10, "OffsetToData": {"FileOffset": 57124, "Value": 2147484480, "Offset": 4}, "Name": {"FileOffset": 57120, "Value": 10, "Offset": 0}}, [{"MajorVersion": {"FileOffset": 57672, "Value": 4, "Offset": 8}, "NumberOfIdEntries": {"FileOffset": 57678, "Value": 1, "Offset": 14}, "MinorVersion": {"FileOffset": 57674, "Value": 0, "Offset": 10}, "TimeDateStamp": {"FileOffset": 57668, "Value": "0x0        [Thu Jan  1 00:00:00 1970 UTC]", "Offset": 4}, "Characteristics": {"FileOffset": 57664, "Value": 0, "Offset": 0}, "NumberOfNamedEntries": {"FileOffset": 57676, "Value": 0, "Offset": 12}, "Structure": "IMAGE_RESOURCE_DIRECTORY"}, {"LANG": 9, "SUBLANG_NAME": "SUBLANG_ENGLISH_US", "Name": {"FileOffset": 57680, "Value": 1033, "Offset": 0}, "CodePage": {"FileOffset": 58088, "Value": 1252, "Offset": 8}, "LANG_NAME": "LANG_ENGLISH", "OffsetToData": {"FileOffset": 58080, "Value": 476812, "Offset": 0}, "Reserved": {"FileOffset": 58092, "Value": 0, "Offset": 12}, "SUBLANG": 1, "Structure": "IMAGE_RESOURCE_DATA_ENTRY", "Size": {"FileOffset": 58084, "Value": 638, "Offset": 4}}, "<ul><li>Press <b>Install</b> button to start extraction.</li><br><br>", "<li>Use <b>Browse</b> button to select the destination", "folder from the folders tree. It can be also entered", "manually.</lI><br><br>", "<lI>If the destination folder does not exist, it will be", "created automatically before extraction.</lI></ul>"], {"Structure": "IMAGE_RESOURCE_DIRECTORY_ENTRY", "Id": 11, "OffsetToData": {"FileOffset": 57132, "Value": 2147484504, "Offset": 4}, "Name": {"FileOffset": 57128, "Value": 11, "Offset": 0}}, [{"MajorVersion": {"FileOffset": 57696, "Value": 4, "Offset": 8}, "NumberOfIdEntries": {"FileOffset": 57702, "Value": 1, "Offset": 14}, "MinorVersion": {"FileOffset": 57698, "Value": 0, "Offset": 10}, "TimeDateStamp": {"FileOffset": 57692, "Value": "0x0        [Thu Jan  1 00:00:00 1970 UTC]", "Offset": 4}, "Characteristics": {"FileOffset": 57688, "Value": 0, "Offset": 0}, "NumberOfNamedEntries": {"FileOffset": 57700, "Value": 0, "Offset": 12}, "Structure": "IMAGE_RESOURCE_DIRECTORY"}, {"LANG": 9, "SUBLANG_NAME": "SUBLANG_ENGLISH_US", "Name": {"FileOffset": 57704, "Value": 1033, "Offset": 0}, "CodePage": {"FileOffset": 58104, "Value": 1252, "Offset": 8}, "LANG_NAME": "LANG_ENGLISH", "OffsetToData": {"FileOffset": 58096, "Value": 477452, "Offset": 0}, "Reserved": {"FileOffset": 58108, "Value": 0, "Offset": 12}, "SUBLANG": 1, "Structure": "IMAGE_RESOURCE_DATA_ENTRY", "Size": {"FileOffset": 58100, "Value": 76, "Offset": 4}}, "The archive is corrupt"]], {"Structure": "IMAGE_RESOURCE_DIRECTORY_ENTRY", "Id": [14, "RT_GROUP_ICON"], "OffsetToData": {"FileOffset": 56884, "Value": 2147483952, "Offset": 4}, "Name": {"FileOffset": 56880, "Value": 14, "Offset": 0}}, [{"MajorVersion": {"FileOffset": 57144, "Value": 4, "Offset": 8}, "NumberOfIdEntries": {"FileOffset": 57150, "Value": 1, "Offset": 14}, "MinorVersion": {"FileOffset": 57146, "Value": 0, "Offset": 10}, "TimeDateStamp": {"FileOffset": 57140, "Value": "0x0        [Thu Jan  1 00:00:00 1970 UTC]", "Offset": 4}, "Characteristics": {"FileOffset": 57136, "Value": 0, "Offset": 0}, "NumberOfNamedEntries": {"FileOffset": 57148, "Value": 0, "Offset": 12}, "Structure": "IMAGE_RESOURCE_DIRECTORY"}, {"Structure": "IMAGE_RESOURCE_DIRECTORY_ENTRY", "Id": 100, "OffsetToData": {"FileOffset": 57156, "Value": 2147484528, "Offset": 4}, "Name": {"FileOffset": 57152, "Value": 100, "Offset": 0}}, [{"MajorVersion": {"FileOffset": 57720, "Value": 4, "Offset": 8}, "NumberOfIdEntries": {"FileOffset": 57726, "Value": 1, "Offset": 14}, "MinorVersion": {"FileOffset": 57722, "Value": 0, "Offset": 10}, "TimeDateStamp": {"FileOffset": 57716, "Value": "0x0        [Thu Jan  1 00:00:00 1970 UTC]", "Offset": 4}, "Characteristics": {"FileOffset": 57712, "Value": 0, "Offset": 0}, "NumberOfNamedEntries": {"FileOffset": 57724, "Value": 0, "Offset": 12}, "Structure": "IMAGE_RESOURCE_DIRECTORY"}, {"LANG": 0, "SUBLANG_NAME": "SUBLANG_DEFAULT", "Name": {"FileOffset": 57728, "Value": 1024, "Offset": 0}, "CodePage": {"FileOffset": 58120, "Value": 1252, "Offset": 8}, "LANG_NAME": "LANG_NEUTRAL", "OffsetToData": {"FileOffset": 58112, "Value": 477528, "Offset": 0}, "Reserved": {"FileOffset": 58124, "Value": 0, "Offset": 12}, "SUBLANG": 1, "Structure": "IMAGE_RESOURCE_DATA_ENTRY", "Size": {"FileOffset": 58116, "Value": 146, "Offset": 4}}]], {"Structure": "IMAGE_RESOURCE_DIRECTORY_ENTRY", "Id": [24, "RT_MANIFEST"], "OffsetToData": {"FileOffset": 56892, "Value": 2147483976, "Offset": 4}, "Name": {"FileOffset": 56888, "Value": 24, "Offset": 0}}, [{"MajorVersion": {"FileOffset": 57168, "Value": 4, "Offset": 8}, "NumberOfIdEntries": {"FileOffset": 57174, "Value": 1, "Offset": 14}, "MinorVersion": {"FileOffset": 57170, "Value": 0, "Offset": 10}, "TimeDateStamp": {"FileOffset": 57164, "Value": "0x0        [Thu Jan  1 00:00:00 1970 UTC]", "Offset": 4}, "Characteristics": {"FileOffset": 57160, "Value": 0, "Offset": 0}, "NumberOfNamedEntries": {"FileOffset": 57172, "Value": 0, "Offset": 12}, "Structure": "IMAGE_RESOURCE_DIRECTORY"}, {"Structure": "IMAGE_RESOURCE_DIRECTORY_ENTRY", "Id": 1, "OffsetToData": {"FileOffset": 57180, "Value": 2147484552, "Offset": 4}, "Name": {"FileOffset": 57176, "Value": 1, "Offset": 0}}, [{"MajorVersion": {"FileOffset": 57744, "Value": 4, "Offset": 8}, "NumberOfIdEntries": {"FileOffset": 57750, "Value": 1, "Offset": 14}, "MinorVersion": {"FileOffset": 57746, "Value": 0, "Offset": 10}, "TimeDateStamp": {"FileOffset": 57740, "Value": "0x0        [Thu Jan  1 00:00:00 1970 UTC]", "Offset": 4}, "Characteristics": {"FileOffset": 57736, "Value": 0, "Offset": 0}, "NumberOfNamedEntries": {"FileOffset": 57748, "Value": 0, "Offset": 12}, "Structure": "IMAGE_RESOURCE_DIRECTORY"}, {"LANG": 9, "SUBLANG_NAME": "SUBLANG_ENGLISH_US", "Name": {"FileOffset": 57752, "Value": 1033, "Offset": 0}, "CodePage": {"FileOffset": 58136, "Value": 1252, "Offset": 8}, "LANG_NAME": "LANG_ENGLISH", "OffsetToData": {"FileOffset": 58128, "Value": 477676, "Offset": 0}, "Reserved": {"FileOffset": 58140, "Value": 0, "Offset": 12}, "SUBLANG": 1, "Structure": "IMAGE_RESOURCE_DATA_ENTRY", "Size": {"FileOffset": 58132, "Value": 1464, "Offset": 4}}]]]}
