{"DllCharacteristics": [], "FILE_HEADER": {"NumberOfSections": {"FileOffset": 230, "Value": 4, "Offset": 2}, "TimeDateStamp": {"FileOffset": 232, "Value": "0x49ABAC54 [Mon Mar  2 09:52:20 2009 UTC]", "Offset": 4}, "PointerToSymbolTable": {"FileOffset": 236, "Value": 0, "Offset": 8}, "NumberOfSymbols": {"FileOffset": 240, "Value": 0, "Offset": 12}, "Machine": {"FileOffset": 228, "Value": 332, "Offset": 0}, "Characteristics": {"FileOffset": 246, "Value": 8462, "Offset": 18}, "SizeOfOptionalHeader": {"FileOffset": 244, "Value": 224, "Offset": 16}, "Structure": "IMAGE_FILE_HEADER"}, "Directories": [{"VirtualAddress": {"FileOffset": 344, "Value": 0, "Offset": 0}, "Structure": "IMAGE_DIRECTORY_ENTRY_EXPORT", "Size": {"FileOffset": 348, "Value": 0, "Offset": 4}}, {"VirtualAddress": {"FileOffset": 352, "Value": 42768, "Offset": 0}, "Structure": "IMAGE_DIRECTORY_ENTRY_IMPORT", "Size": {"FileOffset": 356, "Value": 160, "Offset": 4}}, {"VirtualAddress": {"FileOffset": 360, "Value": 0, "Offset": 0}, "Structure": "IMAGE_DIRECTORY_ENTRY_RESOURCE", "Size": {"FileOffset": 364, "Value": 0, "Offset": 4}}, {"VirtualAddress": {"FileOffset": 368, "Value": 0, "Offset": 0}, "Structure": "IMAGE_DIRECTORY_ENTRY_EXCEPTION", "Size": {"FileOffset": 372, "Value": 0, "Offset": 4}}, {"VirtualAddress": {"FileOffset": 376, "Value": 0, "Offset": 0}, "Structure": "IMAGE_DIRECTORY_ENTRY_SECURITY", "Size": {"FileOffset": 380, "Value": 0, "Offset": 4}}, {"VirtualAddress": {"FileOffset": 384, "Value": 61440, "Offset": 0}, "Structure": "IMAGE_DIRECTORY_ENTRY_BASERELOC", "Size": {"FileOffset": 388, "Value": 2220, "Offset": 4}}, {"VirtualAddress": {"FileOffset": 392, "Value": 0, "Offset": 0}, "Structure": "IMAGE_DIRECTORY_ENTRY_DEBUG", "Size": {"FileOffset": 396, "Value": 0, "Offset": 4}}, {"VirtualAddress": {"FileOffset": 400, "Value": 0, "Offset": 0}, "Structure": "IMAGE_DIRECTORY_ENTRY_COPYRIGHT", "Size": {"FileOffset": 404, "Value": 0, "Offset": 4}}, {"VirtualAddress": {"FileOffset": 408, "Value": 0, "Offset": 0}, "Structure": "IMAGE_DIRECTORY_ENTRY_GLOBALPTR", "Size": {"FileOffset": 412, "Value": 0, "Offset": 4}}, {"VirtualAddress": {"FileOffset": 416, "Value": 0, "Offset": 0}, "Structure": "IMAGE_DIRECTORY_ENTRY_TLS", "Size": {"FileOffset": 420, "Value": 0, "Offset": 4}}, {"VirtualAddress": {"FileOffset": 424, "Value": 0, "Offset": 0}, "Structure": "IMAGE_DIRECTORY_ENTRY_LOAD_CONFIG", "Size": {"FileOffset": 428, "Value": 0, "Offset": 4}}, {"VirtualAddress": {"FileOffset": 432, "Value": 0, "Offset": 0}, "Structure": "IMAGE_DIRECTORY_ENTRY_BOUND_IMPORT", "Size": {"FileOffset": 436, "Value": 0, "Offset": 4}}, {"VirtualAddress": {"FileOffset": 440, "Value": 40960, "Offset": 0}, "Structure": "IMAGE_DIRECTORY_ENTRY_IAT", "Size": {"FileOffset": 444, "Value": 436, "Offset": 4}}, {"VirtualAddress": {"FileOffset": 448, "Value": 0, "Offset": 0}, "Structure": "IMAGE_DIRECTORY_ENTRY_DELAY_IMPORT", "Size": {"FileOffset": 452, "Value": 0, "Offset": 4}}, {"VirtualAddress": {"FileOffset": 456, "Value": 0, "Offset": 0}, "Structure": "IMAGE_DIRECTORY_ENTRY_COM_DESCRIPTOR", "Size": {"FileOffset": 460, "Value": 0, "Offset": 4}}, {"VirtualAddress": {"FileOffset": 464, "Value": 0, "Offset": 0}, "Structure": "IMAGE_DIRECTORY_ENTRY_RESERVED", "Size": {"FileOffset": 468, "Value": 0, "Offset": 4}}], "OPTIONAL_HEADER": {"DllCharacteristics": {"FileOffset": 318, "Value": 0, "Offset": 70}, "BaseOfCode": {"FileOffset": 268, "Value": 4096, "Offset": 20}, "MajorLinkerVersion": {"FileOffset": 250, "Value": 6, "Offset": 2}, "MinorOperatingSystemVersion": {"FileOffset": 290, "Value": 0, "Offset": 42}, "MinorLinkerVersion": {"FileOffset": 251, "Value": 0, "Offset": 3}, "MajorSubsystemVersion": {"FileOffset": 296, "Value": 4, "Offset": 48}, "MajorOperatingSystemVersion": {"FileOffset": 288, "Value": 4, "Offset": 40}, "SizeOfStackCommit": {"FileOffset": 324, "Value": 4096, "Offset": 76}, "SizeOfUninitializedData": {"FileOffset": 260, "Value": 0, "Offset": 12}, "NumberOfRvaAndSizes": {"FileOffset": 340, "Value": 16, "Offset": 92}, "SizeOfHeapReserve": {"FileOffset": 328, "Value": 1048576, "Offset": 80}, "LoaderFlags": {"FileOffset": 336, "Value": 0, "Offset": 88}, "SizeOfHeapCommit": {"FileOffset": 332, "Value": 4096, "Offset": 84}, "SizeOfStackReserve": {"FileOffset": 320, "Value": 1048576, "Offset": 72}, "Structure": "IMAGE_OPTIONAL_HEADER", "SizeOfHeaders": {"FileOffset": 308, "Value": 4096, "Offset": 60}, "Subsystem": {"FileOffset": 316, "Value": 2, "Offset": 68}, "Magic": {"FileOffset": 248, "Value": 267, "Offset": 0}, "MinorImageVersion": {"FileOffset": 294, "Value": 0, "Offset": 46}, "MajorImageVersion": {"FileOffset": 292, "Value": 0, "Offset": 44}, "FileAlignment": {"FileOffset": 284, "Value": 4096, "Offset": 36}, "BaseOfData": {"FileOffset": 272, "Value": 40960, "Offset": 24}, "AddressOfEntryPoint": {"FileOffset": 264, "Value": 14626, "Offset": 16}, "SectionAlignment": {"FileOffset": 280, "Value": 4096, "Offset": 32}, "SizeOfCode": {"FileOffset": 252, "Value": 36864, "Offset": 4}, "ImageBase": {"FileOffset": 276, "Value": 268435456, "Offset": 28}, "SizeOfInitializedData": {"FileOffset": 256, "Value": 24576, "Offset": 8}, "SizeOfImage": {"FileOffset": 304, "Value": 65536, "Offset": 56}, "MinorSubsystemVersion": {"FileOffset": 298, "Value": 0, "Offset": 50}, "CheckSum": {"FileOffset": 312, "Value": 0, "Offset": 64}, "Reserved1": {"FileOffset": 300, "Value": 0, "Offset": 52}}, "DOS_HEADER": {"e_cblp": {"FileOffset": 2, "Value": 144, "Offset": 2}, "e_crlc": {"FileOffset": 6, "Value": 0, "Offset": 6}, "e_ovno": {"FileOffset": 26, "Value": 0, "Offset": 26}, "e_minalloc": {"FileOffset": 10, "Value": 0, "Offset": 10}, "e_csum": {"FileOffset": 18, "Value": 0, "Offset": 18}, "e_cparhdr": {"FileOffset": 8, "Value": 4, "Offset": 8}, "e_cp": {"FileOffset": 4, "Value": 3, "Offset": 4}, "e_cs": {"FileOffset": 22, "Value": 0, "Offset": 22}, "e_maxalloc": {"FileOffset": 12, "Value": 65535, "Offset": 12}, "e_lfarlc": {"FileOffset": 24, "Value": 64, "Offset": 24}, "e_oemid": {"FileOffset": 36, "Value": 0, "Offset": 36}, "e_lfanew": {"FileOffset": 60, "Value": 224, "Offset": 60}, "e_ss": {"FileOffset": 14, "Value": 0, "Offset": 14}, "e_magic": {"FileOffset": 0, "Value": 23117, "Offset": 0}, "e_oeminfo": {"FileOffset": 38, "Value": 0, "Offset": 38}, "e_res2": {"FileOffset": 40, "Value": "", "Offset": 40}, "e_res": {"FileOffset": 28, "Value": "", "Offset": 28}, "e_sp": {"FileOffset": 16, "Value": 184, "Offset": 16}, "Structure": "IMAGE_DOS_HEADER", "e_ip": {"FileOffset": 20, "Value": 0, "Offset": 20}}, "Base relocations": [[{"SizeOfBlock": {"FileOffset": 53252, "Value": 188, "Offset": 4}, "VirtualAddress": {"FileOffset": 53248, "Value": 4096, "Offset": 0}, "Structure": "IMAGE_BASE_RELOCATION"}, {"RVA": 4108, "Type": "HIGHLOW"}, {"RVA": 4113, "Type": "HIGHLOW"}, {"RVA": 4119, "Type": "HIGHLOW"}, {"RVA": 4135, "Type": "HIGHLOW"}, {"RVA": 4161, "Type": "HIGHLOW"}, {"RVA": 4189, "Type": "HIGHLOW"}, {"RVA": 4245, "Type": "HIGHLOW"}, {"RVA": 4271, "Type": "HIGHLOW"}, {"RVA": 4302, "Type": "HIGHLOW"}, {"RVA": 4445, "Type": "HIGHLOW"}, {"RVA": 4451, "Type": "HIGHLOW"}, {"RVA": 4461, "Type": "HIGHLOW"}, {"RVA": 4506, "Type": "HIGHLOW"}, {"RVA": 4541, "Type": "HIGHLOW"}, {"RVA": 4611, "Type": "HIGHLOW"}, {"RVA": 4624, "Type": "HIGHLOW"}, {"RVA": 4691, "Type": "HIGHLOW"}, {"RVA": 4712, "Type": "HIGHLOW"}, {"RVA": 4732, "Type": "HIGHLOW"}, {"RVA": 4739, "Type": "HIGHLOW"}, {"RVA": 4745, "Type": "HIGHLOW"}, {"RVA": 4755, "Type": "HIGHLOW"}, {"RVA": 4778, "Type": "HIGHLOW"}, {"RVA": 4816, "Type": "HIGHLOW"}, {"RVA": 4821, "Type": "HIGHLOW"}, {"RVA": 4872, "Type": "HIGHLOW"}, {"RVA": 5032, "Type": "HIGHLOW"}, {"RVA": 5138, "Type": "HIGHLOW"}, {"RVA": 5143, "Type": "HIGHLOW"}, {"RVA": 5220, "Type": "HIGHLOW"}, {"RVA": 5238, "Type": "HIGHLOW"}, {"RVA": 5288, "Type": "HIGHLOW"}, {"RVA": 5320, "Type": "HIGHLOW"}, {"RVA": 5341, "Type": "HIGHLOW"}, {"RVA": 5375, "Type": "HIGHLOW"}, {"RVA": 5385, "Type": "HIGHLOW"}, {"RVA": 5418, "Type": "HIGHLOW"}, {"RVA": 5487, "Type": "HIGHLOW"}, {"RVA": 5532, "Type": "HIGHLOW"}, {"RVA": 5537, "Type": "HIGHLOW"}, {"RVA": 5587, "Type": "HIGHLOW"}, {"RVA": 5603, "Type": "HIGHLOW"}, {"RVA": 5637, "Type": "HIGHLOW"}, {"RVA": 5689, "Type": "HIGHLOW"}, {"RVA": 5706, "Type": "HIGHLOW"}, {"RVA": 5749, "Type": "HIGHLOW"}, {"RVA": 5811, "Type": "HIGHLOW"}, {"RVA": 5842, "Type": "HIGHLOW"}, {"RVA": 5873, "Type": "HIGHLOW"}, {"RVA": 6006, "Type": "HIGHLOW"}, {"RVA": 6023, "Type": "HIGHLOW"}, {"RVA": 6045, "Type": "HIGHLOW"}, {"RVA": 6097, "Type": "HIGHLOW"}, {"RVA": 6106, "Type": "HIGHLOW"}, {"RVA": 6186, "Type": "HIGHLOW"}, {"RVA": 6236, "Type": "HIGHLOW"}, {"RVA": 6255, "Type": "HIGHLOW"}, {"RVA": 6286, "Type": "HIGHLOW"}, {"RVA": 6503, "Type": "HIGHLOW"}, {"RVA": 6684, "Type": "HIGHLOW"}, {"RVA": 6733, "Type": "HIGHLOW"}, {"RVA": 6743, "Type": "HIGHLOW"}, {"RVA": 6799, "Type": "HIGHLOW"}, {"RVA": 6928, "Type": "HIGHLOW"}, {"RVA": 6984, "Type": "HIGHLOW"}, {"RVA": 7050, "Type": "HIGHLOW"}, {"RVA": 7283, "Type": "HIGHLOW"}, {"RVA": 7341, "Type": "HIGHLOW"}, {"RVA": 7419, "Type": "HIGHLOW"}, {"RVA": 7531, "Type": "HIGHLOW"}, {"RVA": 7538, "Type": "HIGHLOW"}, {"RVA": 7586, "Type": "HIGHLOW"}, {"RVA": 7612, "Type": "HIGHLOW"}, {"RVA": 7625, "Type": "HIGHLOW"}, {"RVA": 7651, "Type": "HIGHLOW"}, {"RVA": 7744, "Type": "HIGHLOW"}, {"RVA": 7765, "Type": "HIGHLOW"}, {"RVA": 7815, "Type": "HIGHLOW"}, {"RVA": 7918, "Type": "HIGHLOW"}, {"RVA": 7936, "Type": "HIGHLOW"}, {"RVA": 7966, "Type": "HIGHLOW"}, {"RVA": 7982, "Type": "HIGHLOW"}, {"RVA": 8012, "Type": "HIGHLOW"}, {"RVA": 8037, "Type": "HIGHLOW"}, {"RVA": 8066, "Type": "HIGHLOW"}, {"RVA": 8085, "Type": "HIGHLOW"}, {"RVA": 8122, "Type": "HIGHLOW"}, {"RVA": 8150, "Type": "HIGHLOW"}, {"RVA": 8174, "Type": "HIGHLOW"}, {"RVA": 4096, "Type": "ABSOLUTE"}], [{"SizeOfBlock": {"FileOffset": 53440, "Value": 240, "Offset": 4}, "VirtualAddress": {"FileOffset": 53436, "Value": 8192, "Offset": 0}, "Structure": "IMAGE_BASE_RELOCATION"}, {"RVA": 8194, "Type": "HIGHLOW"}, {"RVA": 8212, "Type": "HIGHLOW"}, {"RVA": 8225, "Type": "HIGHLOW"}, {"RVA": 8275, "Type": "HIGHLOW"}, {"RVA": 8286, "Type": "HIGHLOW"}, {"RVA": 8314, "Type": "HIGHLOW"}, {"RVA": 8357, "Type": "HIGHLOW"}, {"RVA": 8427, "Type": "HIGHLOW"}, {"RVA": 8471, "Type": "HIGHLOW"}, {"RVA": 8498, "Type": "HIGHLOW"}, {"RVA": 8507, "Type": "HIGHLOW"}, {"RVA": 8513, "Type": "HIGHLOW"}, {"RVA": 8535, "Type": "HIGHLOW"}, {"RVA": 8560, "Type": "HIGHLOW"}, {"RVA": 8582, "Type": "HIGHLOW"}, {"RVA": 8611, "Type": "HIGHLOW"}, {"RVA": 8621, "Type": "HIGHLOW"}, {"RVA": 8644, "Type": "HIGHLOW"}, {"RVA": 8677, "Type": "HIGHLOW"}, {"RVA": 8684, "Type": "HIGHLOW"}, {"RVA": 8694, "Type": "HIGHLOW"}, {"RVA": 8702, "Type": "HIGHLOW"}, {"RVA": 8716, "Type": "HIGHLOW"}, {"RVA": 8727, "Type": "HIGHLOW"}, {"RVA": 8767, "Type": "HIGHLOW"}, {"RVA": 8793, "Type": "HIGHLOW"}, {"RVA": 8841, "Type": "HIGHLOW"}, {"RVA": 8961, "Type": "HIGHLOW"}, {"RVA": 8971, "Type": "HIGHLOW"}, {"RVA": 8979, "Type": "HIGHLOW"}, {"RVA": 8987, "Type": "HIGHLOW"}, {"RVA": 9023, "Type": "HIGHLOW"}, {"RVA": 9028, "Type": "HIGHLOW"}, {"RVA": 9039, "Type": "HIGHLOW"}, {"RVA": 9045, "Type": "HIGHLOW"}, {"RVA": 9068, "Type": "HIGHLOW"}, {"RVA": 9097, "Type": "HIGHLOW"}, {"RVA": 9103, "Type": "HIGHLOW"}, {"RVA": 9123, "Type": "HIGHLOW"}, {"RVA": 9128, "Type": "HIGHLOW"}, {"RVA": 9137, "Type": "HIGHLOW"}, {"RVA": 9154, "Type": "HIGHLOW"}, {"RVA": 9168, "Type": "HIGHLOW"}, {"RVA": 9177, "Type": "HIGHLOW"}, {"RVA": 9218, "Type": "HIGHLOW"}, {"RVA": 9229, "Type": "HIGHLOW"}, {"RVA": 9245, "Type": "HIGHLOW"}, {"RVA": 9290, "Type": "HIGHLOW"}, {"RVA": 9301, "Type": "HIGHLOW"}, {"RVA": 9310, "Type": "HIGHLOW"}, {"RVA": 9334, "Type": "HIGHLOW"}, {"RVA": 9343, "Type": "HIGHLOW"}, {"RVA": 9363, "Type": "HIGHLOW"}, {"RVA": 9371, "Type": "HIGHLOW"}, {"RVA": 9390, "Type": "HIGHLOW"}, {"RVA": 9399, "Type": "HIGHLOW"}, {"RVA": 9451, "Type": "HIGHLOW"}, {"RVA": 9476, "Type": "HIGHLOW"}, {"RVA": 9480, "Type": "HIGHLOW"}, {"RVA": 9484, "Type": "HIGHLOW"}, {"RVA": 9488, "Type": "HIGHLOW"}, {"RVA": 9511, "Type": "HIGHLOW"}, {"RVA": 9541, "Type": "HIGHLOW"}, {"RVA": 9548, "Type": "HIGHLOW"}, {"RVA": 9582, "Type": "HIGHLOW"}, {"RVA": 9604, "Type": "HIGHLOW"}, {"RVA": 9633, "Type": "HIGHLOW"}, {"RVA": 9704, "Type": "HIGHLOW"}, {"RVA": 9716, "Type": "HIGHLOW"}, {"RVA": 9744, "Type": "HIGHLOW"}, {"RVA": 9765, "Type": "HIGHLOW"}, {"RVA": 9770, "Type": "HIGHLOW"}, {"RVA": 9793, "Type": "HIGHLOW"}, {"RVA": 9895, "Type": "HIGHLOW"}, {"RVA": 9946, "Type": "HIGHLOW"}, {"RVA": 9967, "Type": "HIGHLOW"}, {"RVA": 10051, "Type": "HIGHLOW"}, {"RVA": 10119, "Type": "HIGHLOW"}, {"RVA": 10129, "Type": "HIGHLOW"}, {"RVA": 10176, "Type": "HIGHLOW"}, {"RVA": 10319, "Type": "HIGHLOW"}, {"RVA": 10343, "Type": "HIGHLOW"}, {"RVA": 10415, "Type": "HIGHLOW"}, {"RVA": 10433, "Type": "HIGHLOW"}, {"RVA": 10458, "Type": "HIGHLOW"}, {"RVA": 10478, "Type": "HIGHLOW"}, {"RVA": 10515, "Type": "HIGHLOW"}, {"RVA": 10522, "Type": "HIGHLOW"}, {"RVA": 10556, "Type": "HIGHLOW"}, {"RVA": 10561, "Type": "HIGHLOW"}, {"RVA": 10594, "Type": "HIGHLOW"}, {"RVA": 10599, "Type": "HIGHLOW"}, {"RVA": 10632, "Type": "HIGHLOW"}, {"RVA": 10637, "Type": "HIGHLOW"}, {"RVA": 10680, "Type": "HIGHLOW"}, {"RVA": 10693, "Type": "HIGHLOW"}, {"RVA": 10698, "Type": "HIGHLOW"}, {"RVA": 10717, "Type": "HIGHLOW"}, {"RVA": 10738, "Type": "HIGHLOW"}, {"RVA": 10754, "Type": "HIGHLOW"}, {"RVA": 10767, "Type": "HIGHLOW"}, {"RVA": 10791, "Type": "HIGHLOW"}, {"RVA": 10816, "Type": "HIGHLOW"}, {"RVA": 10822, "Type": "HIGHLOW"}, {"RVA": 10856, "Type": "HIGHLOW"}, {"RVA": 10982, "Type": "HIGHLOW"}, {"RVA": 11090, "Type": "HIGHLOW"}, {"RVA": 11215, "Type": "HIGHLOW"}, {"RVA": 11240, "Type": "HIGHLOW"}, {"RVA": 11282, "Type": "HIGHLOW"}, {"RVA": 11288, "Type": "HIGHLOW"}, {"RVA": 11505, "Type": "HIGHLOW"}, {"RVA": 11512, "Type": "HIGHLOW"}, {"RVA": 11537, "Type": "HIGHLOW"}, {"RVA": 11603, "Type": "HIGHLOW"}, {"RVA": 11621, "Type": "HIGHLOW"}], [{"SizeOfBlock": {"FileOffset": 53680, "Value": 212, "Offset": 4}, "VirtualAddress": {"FileOffset": 53676, "Value": 12288, "Offset": 0}, "Structure": "IMAGE_BASE_RELOCATION"}, {"RVA": 12568, "Type": "HIGHLOW"}, {"RVA": 12574, "Type": "HIGHLOW"}, {"RVA": 12582, "Type": "HIGHLOW"}, {"RVA": 12609, "Type": "HIGHLOW"}, {"RVA": 13225, "Type": "HIGHLOW"}, {"RVA": 13292, "Type": "HIGHLOW"}, {"RVA": 13350, "Type": "HIGHLOW"}, {"RVA": 13356, "Type": "HIGHLOW"}, {"RVA": 13373, "Type": "HIGHLOW"}, {"RVA": 13400, "Type": "HIGHLOW"}, {"RVA": 13441, "Type": "HIGHLOW"}, {"RVA": 13461, "Type": "HIGHLOW"}, {"RVA": 13575, "Type": "HIGHLOW"}, {"RVA": 13585, "Type": "HIGHLOW"}, {"RVA": 13596, "Type": "HIGHLOW"}, {"RVA": 13609, "Type": "HIGHLOW"}, {"RVA": 13622, "Type": "HIGHLOW"}, {"RVA": 13635, "Type": "HIGHLOW"}, {"RVA": 13648, "Type": "HIGHLOW"}, {"RVA": 13655, "Type": "HIGHLOW"}, {"RVA": 13670, "Type": "HIGHLOW"}, {"RVA": 13715, "Type": "HIGHLOW"}, {"RVA": 13725, "Type": "HIGHLOW"}, {"RVA": 14424, "Type": "HIGHLOW"}, {"RVA": 14431, "Type": "HIGHLOW"}, {"RVA": 14446, "Type": "HIGHLOW"}, {"RVA": 14454, "Type": "HIGHLOW"}, {"RVA": 14465, "Type": "HIGHLOW"}, {"RVA": 14471, "Type": "HIGHLOW"}, {"RVA": 14477, "Type": "HIGHLOW"}, {"RVA": 14487, "Type": "HIGHLOW"}, {"RVA": 14511, "Type": "HIGHLOW"}, {"RVA": 14516, "Type": "HIGHLOW"}, {"RVA": 14526, "Type": "HIGHLOW"}, {"RVA": 14552, "Type": "HIGHLOW"}, {"RVA": 14566, "Type": "HIGHLOW"}, {"RVA": 14574, "Type": "HIGHLOW"}, {"RVA": 14580, "Type": "HIGHLOW"}, {"RVA": 14647, "Type": "HIGHLOW"}, {"RVA": 14665, "Type": "HIGHLOW"}, {"RVA": 14757, "Type": "HIGHLOW"}, {"RVA": 14784, "Type": "HIGHLOW"}, {"RVA": 14799, "Type": "HIGHLOW"}, {"RVA": 14827, "Type": "HIGHLOW"}, {"RVA": 14835, "Type": "HIGHLOW"}, {"RVA": 14861, "Type": "HIGHLOW"}, {"RVA": 14875, "Type": "HIGHLOW"}, {"RVA": 14889, "Type": "HIGHLOW"}, {"RVA": 14900, "Type": "HIGHLOW"}, {"RVA": 14920, "Type": "HIGHLOW"}, {"RVA": 14926, "Type": "HIGHLOW"}, {"RVA": 14940, "Type": "HIGHLOW"}, {"RVA": 14949, "Type": "HIGHLOW"}, {"RVA": 14966, "Type": "HIGHLOW"}, {"RVA": 14994, "Type": "HIGHLOW"}, {"RVA": 15009, "Type": "HIGHLOW"}, {"RVA": 15027, "Type": "HIGHLOW"}, {"RVA": 15036, "Type": "HIGHLOW"}, {"RVA": 15064, "Type": "HIGHLOW"}, {"RVA": 15099, "Type": "HIGHLOW"}, {"RVA": 15109, "Type": "HIGHLOW"}, {"RVA": 15118, "Type": "HIGHLOW"}, {"RVA": 15146, "Type": "HIGHLOW"}, {"RVA": 15181, "Type": "HIGHLOW"}, {"RVA": 15193, "Type": "HIGHLOW"}, {"RVA": 15209, "Type": "HIGHLOW"}, {"RVA": 15259, "Type": "HIGHLOW"}, {"RVA": 15269, "Type": "HIGHLOW"}, {"RVA": 15340, "Type": "HIGHLOW"}, {"RVA": 15359, "Type": "HIGHLOW"}, {"RVA": 15475, "Type": "HIGHLOW"}, {"RVA": 15635, "Type": "HIGHLOW"}, {"RVA": 15712, "Type": "HIGHLOW"}, {"RVA": 15736, "Type": "HIGHLOW"}, {"RVA": 15757, "Type": "HIGHLOW"}, {"RVA": 15832, "Type": "HIGHLOW"}, {"RVA": 15838, "Type": "HIGHLOW"}, {"RVA": 15846, "Type": "HIGHLOW"}, {"RVA": 15854, "Type": "HIGHLOW"}, {"RVA": 15862, "Type": "HIGHLOW"}, {"RVA": 15874, "Type": "HIGHLOW"}, {"RVA": 15879, "Type": "HIGHLOW"}, {"RVA": 15891, "Type": "HIGHLOW"}, {"RVA": 15899, "Type": "HIGHLOW"}, {"RVA": 15907, "Type": "HIGHLOW"}, {"RVA": 15915, "Type": "HIGHLOW"}, {"RVA": 15937, "Type": "HIGHLOW"}, {"RVA": 15945, "Type": "HIGHLOW"}, {"RVA": 15953, "Type": "HIGHLOW"}, {"RVA": 15961, "Type": "HIGHLOW"}, {"RVA": 15969, "Type": "HIGHLOW"}, {"RVA": 15988, "Type": "HIGHLOW"}, {"RVA": 15996, "Type": "HIGHLOW"}, {"RVA": 16041, "Type": "HIGHLOW"}, {"RVA": 16068, "Type": "HIGHLOW"}, {"RVA": 16084, "Type": "HIGHLOW"}, {"RVA": 16090, "Type": "HIGHLOW"}, {"RVA": 16103, "Type": "HIGHLOW"}, {"RVA": 16122, "Type": "HIGHLOW"}, {"RVA": 16249, "Type": "HIGHLOW"}, {"RVA": 16259, "Type": "HIGHLOW"}, {"RVA": 16287, "Type": "HIGHLOW"}], [{"SizeOfBlock": {"FileOffset": 53892, "Value": 216, "Offset": 4}, "VirtualAddress": {"FileOffset": 53888, "Value": 16384, "Offset": 0}, "Structure": "IMAGE_BASE_RELOCATION"}, {"RVA": 16445, "Type": "HIGHLOW"}, {"RVA": 16453, "Type": "HIGHLOW"}, {"RVA": 16543, "Type": "HIGHLOW"}, {"RVA": 16556, "Type": "HIGHLOW"}, {"RVA": 16712, "Type": "HIGHLOW"}, {"RVA": 16736, "Type": "HIGHLOW"}, {"RVA": 16743, "Type": "HIGHLOW"}, {"RVA": 16751, "Type": "HIGHLOW"}, {"RVA": 16756, "Type": "HIGHLOW"}, {"RVA": 16760, "Type": "HIGHLOW"}, {"RVA": 16764, "Type": "HIGHLOW"}, {"RVA": 16805, "Type": "HIGHLOW"}, {"RVA": 16843, "Type": "HIGHLOW"}, {"RVA": 16869, "Type": "HIGHLOW"}, {"RVA": 16876, "Type": "HIGHLOW"}, {"RVA": 16880, "Type": "HIGHLOW"}, {"RVA": 16884, "Type": "HIGHLOW"}, {"RVA": 16888, "Type": "HIGHLOW"}, {"RVA": 16892, "Type": "HIGHLOW"}, {"RVA": 16896, "Type": "HIGHLOW"}, {"RVA": 16900, "Type": "HIGHLOW"}, {"RVA": 16904, "Type": "HIGHLOW"}, {"RVA": 16978, "Type": "HIGHLOW"}, {"RVA": 16984, "Type": "HIGHLOW"}, {"RVA": 16988, "Type": "HIGHLOW"}, {"RVA": 16992, "Type": "HIGHLOW"}, {"RVA": 16996, "Type": "HIGHLOW"}, {"RVA": 17098, "Type": "HIGHLOW"}, {"RVA": 17109, "Type": "HIGHLOW"}, {"RVA": 17136, "Type": "HIGHLOW"}, {"RVA": 17143, "Type": "HIGHLOW"}, {"RVA": 17148, "Type": "HIGHLOW"}, {"RVA": 17152, "Type": "HIGHLOW"}, {"RVA": 17156, "Type": "HIGHLOW"}, {"RVA": 17185, "Type": "HIGHLOW"}, {"RVA": 17227, "Type": "HIGHLOW"}, {"RVA": 17277, "Type": "HIGHLOW"}, {"RVA": 17284, "Type": "HIGHLOW"}, {"RVA": 17288, "Type": "HIGHLOW"}, {"RVA": 17292, "Type": "HIGHLOW"}, {"RVA": 17296, "Type": "HIGHLOW"}, {"RVA": 17300, "Type": "HIGHLOW"}, {"RVA": 17304, "Type": "HIGHLOW"}, {"RVA": 17308, "Type": "HIGHLOW"}, {"RVA": 17312, "Type": "HIGHLOW"}, {"RVA": 17386, "Type": "HIGHLOW"}, {"RVA": 17392, "Type": "HIGHLOW"}, {"RVA": 17396, "Type": "HIGHLOW"}, {"RVA": 17400, "Type": "HIGHLOW"}, {"RVA": 17404, "Type": "HIGHLOW"}, {"RVA": 17486, "Type": "HIGHLOW"}, {"RVA": 17819, "Type": "HIGHLOW"}, {"RVA": 17863, "Type": "HIGHLOW"}, {"RVA": 17875, "Type": "HIGHLOW"}, {"RVA": 17903, "Type": "HIGHLOW"}, {"RVA": 17928, "Type": "HIGHLOW"}, {"RVA": 17954, "Type": "HIGHLOW"}, {"RVA": 17962, "Type": "HIGHLOW"}, {"RVA": 17979, "Type": "HIGHLOW"}, {"RVA": 17984, "Type": "HIGHLOW"}, {"RVA": 17997, "Type": "HIGHLOW"}, {"RVA": 18002, "Type": "HIGHLOW"}, {"RVA": 18121, "Type": "HIGHLOW"}, {"RVA": 18136, "Type": "HIGHLOW"}, {"RVA": 18158, "Type": "HIGHLOW"}, {"RVA": 18462, "Type": "HIGHLOW"}, {"RVA": 18648, "Type": "HIGHLOW"}, {"RVA": 18914, "Type": "HIGHLOW"}, {"RVA": 18985, "Type": "HIGHLOW"}, {"RVA": 19018, "Type": "HIGHLOW"}, {"RVA": 19041, "Type": "HIGHLOW"}, {"RVA": 19158, "Type": "HIGHLOW"}, {"RVA": 19870, "Type": "HIGHLOW"}, {"RVA": 19874, "Type": "HIGHLOW"}, {"RVA": 19878, "Type": "HIGHLOW"}, {"RVA": 19882, "Type": "HIGHLOW"}, {"RVA": 19886, "Type": "HIGHLOW"}, {"RVA": 19890, "Type": "HIGHLOW"}, {"RVA": 19894, "Type": "HIGHLOW"}, {"RVA": 19898, "Type": "HIGHLOW"}, {"RVA": 20122, "Type": "HIGHLOW"}, {"RVA": 20129, "Type": "HIGHLOW"}, {"RVA": 20146, "Type": "HIGHLOW"}, {"RVA": 20152, "Type": "HIGHLOW"}, {"RVA": 20168, "Type": "HIGHLOW"}, {"RVA": 20175, "Type": "HIGHLOW"}, {"RVA": 20182, "Type": "HIGHLOW"}, {"RVA": 20190, "Type": "HIGHLOW"}, {"RVA": 20229, "Type": "HIGHLOW"}, {"RVA": 20241, "Type": "HIGHLOW"}, {"RVA": 20251, "Type": "HIGHLOW"}, {"RVA": 20259, "Type": "HIGHLOW"}, {"RVA": 20267, "Type": "HIGHLOW"}, {"RVA": 20273, "Type": "HIGHLOW"}, {"RVA": 20289, "Type": "HIGHLOW"}, {"RVA": 20295, "Type": "HIGHLOW"}, {"RVA": 20302, "Type": "HIGHLOW"}, {"RVA": 20311, "Type": "HIGHLOW"}, {"RVA": 20318, "Type": "HIGHLOW"}, {"RVA": 20326, "Type": "HIGHLOW"}, {"RVA": 20332, "Type": "HIGHLOW"}, {"RVA": 20343, "Type": "HIGHLOW"}, {"RVA": 20351, "Type": "HIGHLOW"}, {"RVA": 16384, "Type": "ABSOLUTE"}], [{"SizeOfBlock": {"FileOffset": 54108, "Value": 176, "Offset": 4}, "VirtualAddress": {"FileOffset": 54104, "Value": 20480, "Offset": 0}, "Structure": "IMAGE_BASE_RELOCATION"}, {"RVA": 20942, "Type": "HIGHLOW"}, {"RVA": 20956, "Type": "HIGHLOW"}, {"RVA": 20962, "Type": "HIGHLOW"}, {"RVA": 20988, "Type": "HIGHLOW"}, {"RVA": 20993, "Type": "HIGHLOW"}, {"RVA": 21008, "Type": "HIGHLOW"}, {"RVA": 21014, "Type": "HIGHLOW"}, {"RVA": 21030, "Type": "HIGHLOW"}, {"RVA": 21041, "Type": "HIGHLOW"}, {"RVA": 21059, "Type": "HIGHLOW"}, {"RVA": 21078, "Type": "HIGHLOW"}, {"RVA": 21089, "Type": "HIGHLOW"}, {"RVA": 21095, "Type": "HIGHLOW"}, {"RVA": 21100, "Type": "HIGHLOW"}, {"RVA": 21106, "Type": "HIGHLOW"}, {"RVA": 21119, "Type": "HIGHLOW"}, {"RVA": 21148, "Type": "HIGHLOW"}, {"RVA": 21154, "Type": "HIGHLOW"}, {"RVA": 21165, "Type": "HIGHLOW"}, {"RVA": 21171, "Type": "HIGHLOW"}, {"RVA": 21181, "Type": "HIGHLOW"}, {"RVA": 21187, "Type": "HIGHLOW"}, {"RVA": 21203, "Type": "HIGHLOW"}, {"RVA": 21209, "Type": "HIGHLOW"}, {"RVA": 21277, "Type": "HIGHLOW"}, {"RVA": 21443, "Type": "HIGHLOW"}, {"RVA": 21936, "Type": "HIGHLOW"}, {"RVA": 21947, "Type": "HIGHLOW"}, {"RVA": 21955, "Type": "HIGHLOW"}, {"RVA": 21974, "Type": "HIGHLOW"}, {"RVA": 21980, "Type": "HIGHLOW"}, {"RVA": 22002, "Type": "HIGHLOW"}, {"RVA": 22009, "Type": "HIGHLOW"}, {"RVA": 22015, "Type": "HIGHLOW"}, {"RVA": 22025, "Type": "HIGHLOW"}, {"RVA": 22031, "Type": "HIGHLOW"}, {"RVA": 22036, "Type": "HIGHLOW"}, {"RVA": 22042, "Type": "HIGHLOW"}, {"RVA": 22058, "Type": "HIGHLOW"}, {"RVA": 22067, "Type": "HIGHLOW"}, {"RVA": 22093, "Type": "HIGHLOW"}, {"RVA": 22110, "Type": "HIGHLOW"}, {"RVA": 22116, "Type": "HIGHLOW"}, {"RVA": 22135, "Type": "HIGHLOW"}, {"RVA": 22233, "Type": "HIGHLOW"}, {"RVA": 23179, "Type": "HIGHLOW"}, {"RVA": 23194, "Type": "HIGHLOW"}, {"RVA": 23277, "Type": "HIGHLOW"}, {"RVA": 23372, "Type": "HIGHLOW"}, {"RVA": 23380, "Type": "HIGHLOW"}, {"RVA": 23406, "Type": "HIGHLOW"}, {"RVA": 23412, "Type": "HIGHLOW"}, {"RVA": 23429, "Type": "HIGHLOW"}, {"RVA": 23454, "Type": "HIGHLOW"}, {"RVA": 23466, "Type": "HIGHLOW"}, {"RVA": 23472, "Type": "HIGHLOW"}, {"RVA": 23485, "Type": "HIGHLOW"}, {"RVA": 23501, "Type": "HIGHLOW"}, {"RVA": 23507, "Type": "HIGHLOW"}, {"RVA": 23515, "Type": "HIGHLOW"}, {"RVA": 23545, "Type": "HIGHLOW"}, {"RVA": 23551, "Type": "HIGHLOW"}, {"RVA": 23568, "Type": "HIGHLOW"}, {"RVA": 23591, "Type": "HIGHLOW"}, {"RVA": 23601, "Type": "HIGHLOW"}, {"RVA": 23626, "Type": "HIGHLOW"}, {"RVA": 23724, "Type": "HIGHLOW"}, {"RVA": 23748, "Type": "HIGHLOW"}, {"RVA": 23754, "Type": "HIGHLOW"}, {"RVA": 23805, "Type": "HIGHLOW"}, {"RVA": 23880, "Type": "HIGHLOW"}, {"RVA": 23914, "Type": "HIGHLOW"}, {"RVA": 23940, "Type": "HIGHLOW"}, {"RVA": 23969, "Type": "HIGHLOW"}, {"RVA": 23982, "Type": "HIGHLOW"}, {"RVA": 24019, "Type": "HIGHLOW"}, {"RVA": 24094, "Type": "HIGHLOW"}, {"RVA": 24113, "Type": "HIGHLOW"}, {"RVA": 24232, "Type": "HIGHLOW"}, {"RVA": 24245, "Type": "HIGHLOW"}, {"RVA": 24282, "Type": "HIGHLOW"}, {"RVA": 24398, "Type": "HIGHLOW"}, {"RVA": 24507, "Type": "HIGHLOW"}, {"RVA": 20480, "Type": "ABSOLUTE"}], [{"SizeOfBlock": {"FileOffset": 54284, "Value": 256, "Offset": 4}, "VirtualAddress": {"FileOffset": 54280, "Value": 24576, "Offset": 0}, "Structure": "IMAGE_BASE_RELOCATION"}, {"RVA": 24776, "Type": "HIGHLOW"}, {"RVA": 24789, "Type": "HIGHLOW"}, {"RVA": 24883, "Type": "HIGHLOW"}, {"RVA": 24902, "Type": "HIGHLOW"}, {"RVA": 25022, "Type": "HIGHLOW"}, {"RVA": 25029, "Type": "HIGHLOW"}, {"RVA": 25101, "Type": "HIGHLOW"}, {"RVA": 25111, "Type": "HIGHLOW"}, {"RVA": 25309, "Type": "HIGHLOW"}, {"RVA": 25319, "Type": "HIGHLOW"}, {"RVA": 25451, "Type": "HIGHLOW"}, {"RVA": 25462, "Type": "HIGHLOW"}, {"RVA": 25467, "Type": "HIGHLOW"}, {"RVA": 25477, "Type": "HIGHLOW"}, {"RVA": 25482, "Type": "HIGHLOW"}, {"RVA": 25538, "Type": "HIGHLOW"}, {"RVA": 25550, "Type": "HIGHLOW"}, {"RVA": 25557, "Type": "HIGHLOW"}, {"RVA": 25573, "Type": "HIGHLOW"}, {"RVA": 25579, "Type": "HIGHLOW"}, {"RVA": 25586, "Type": "HIGHLOW"}, {"RVA": 25596, "Type": "HIGHLOW"}, {"RVA": 25621, "Type": "HIGHLOW"}, {"RVA": 25629, "Type": "HIGHLOW"}, {"RVA": 25634, "Type": "HIGHLOW"}, {"RVA": 25646, "Type": "HIGHLOW"}, {"RVA": 25651, "Type": "HIGHLOW"}, {"RVA": 25680, "Type": "HIGHLOW"}, {"RVA": 25686, "Type": "HIGHLOW"}, {"RVA": 25772, "Type": "HIGHLOW"}, {"RVA": 25778, "Type": "HIGHLOW"}, {"RVA": 25812, "Type": "HIGHLOW"}, {"RVA": 25832, "Type": "HIGHLOW"}, {"RVA": 25882, "Type": "HIGHLOW"}, {"RVA": 25889, "Type": "HIGHLOW"}, {"RVA": 25910, "Type": "HIGHLOW"}, {"RVA": 25960, "Type": "HIGHLOW"}, {"RVA": 25970, "Type": "HIGHLOW"}, {"RVA": 26003, "Type": "HIGHLOW"}, {"RVA": 26024, "Type": "HIGHLOW"}, {"RVA": 26060, "Type": "HIGHLOW"}, {"RVA": 26102, "Type": "HIGHLOW"}, {"RVA": 26116, "Type": "HIGHLOW"}, {"RVA": 26165, "Type": "HIGHLOW"}, {"RVA": 26171, "Type": "HIGHLOW"}, {"RVA": 26184, "Type": "HIGHLOW"}, {"RVA": 26217, "Type": "HIGHLOW"}, {"RVA": 26254, "Type": "HIGHLOW"}, {"RVA": 26269, "Type": "HIGHLOW"}, {"RVA": 26284, "Type": "HIGHLOW"}, {"RVA": 26334, "Type": "HIGHLOW"}, {"RVA": 26350, "Type": "HIGHLOW"}, {"RVA": 26417, "Type": "HIGHLOW"}, {"RVA": 26429, "Type": "HIGHLOW"}, {"RVA": 26439, "Type": "HIGHLOW"}, {"RVA": 26459, "Type": "HIGHLOW"}, {"RVA": 26473, "Type": "HIGHLOW"}, {"RVA": 26486, "Type": "HIGHLOW"}, {"RVA": 26491, "Type": "HIGHLOW"}, {"RVA": 26497, "Type": "HIGHLOW"}, {"RVA": 26588, "Type": "HIGHLOW"}, {"RVA": 26595, "Type": "HIGHLOW"}, {"RVA": 26667, "Type": "HIGHLOW"}, {"RVA": 26736, "Type": "HIGHLOW"}, {"RVA": 26963, "Type": "HIGHLOW"}, {"RVA": 26988, "Type": "HIGHLOW"}, {"RVA": 27041, "Type": "HIGHLOW"}, {"RVA": 27049, "Type": "HIGHLOW"}, {"RVA": 27075, "Type": "HIGHLOW"}, {"RVA": 27087, "Type": "HIGHLOW"}, {"RVA": 27103, "Type": "HIGHLOW"}, {"RVA": 27166, "Type": "HIGHLOW"}, {"RVA": 27246, "Type": "HIGHLOW"}, {"RVA": 27265, "Type": "HIGHLOW"}, {"RVA": 27327, "Type": "HIGHLOW"}, {"RVA": 27345, "Type": "HIGHLOW"}, {"RVA": 27360, "Type": "HIGHLOW"}, {"RVA": 27378, "Type": "HIGHLOW"}, {"RVA": 27416, "Type": "HIGHLOW"}, {"RVA": 27429, "Type": "HIGHLOW"}, {"RVA": 27443, "Type": "HIGHLOW"}, {"RVA": 27454, "Type": "HIGHLOW"}, {"RVA": 27473, "Type": "HIGHLOW"}, {"RVA": 27512, "Type": "HIGHLOW"}, {"RVA": 27527, "Type": "HIGHLOW"}, {"RVA": 27593, "Type": "HIGHLOW"}, {"RVA": 27613, "Type": "HIGHLOW"}, {"RVA": 27643, "Type": "HIGHLOW"}, {"RVA": 27655, "Type": "HIGHLOW"}, {"RVA": 27683, "Type": "HIGHLOW"}, {"RVA": 27704, "Type": "HIGHLOW"}, {"RVA": 27726, "Type": "HIGHLOW"}, {"RVA": 27733, "Type": "HIGHLOW"}, {"RVA": 27781, "Type": "HIGHLOW"}, {"RVA": 27821, "Type": "HIGHLOW"}, {"RVA": 27827, "Type": "HIGHLOW"}, {"RVA": 27839, "Type": "HIGHLOW"}, {"RVA": 27898, "Type": "HIGHLOW"}, {"RVA": 27906, "Type": "HIGHLOW"}, {"RVA": 27947, "Type": "HIGHLOW"}, {"RVA": 27960, "Type": "HIGHLOW"}, {"RVA": 27965, "Type": "HIGHLOW"}, {"RVA": 27978, "Type": "HIGHLOW"}, {"RVA": 27990, "Type": "HIGHLOW"}, {"RVA": 28038, "Type": "HIGHLOW"}, {"RVA": 28095, "Type": "HIGHLOW"}, {"RVA": 28116, "Type": "HIGHLOW"}, {"RVA": 28129, "Type": "HIGHLOW"}, {"RVA": 28190, "Type": "HIGHLOW"}, {"RVA": 28224, "Type": "HIGHLOW"}, {"RVA": 28232, "Type": "HIGHLOW"}, {"RVA": 28308, "Type": "HIGHLOW"}, {"RVA": 28323, "Type": "HIGHLOW"}, {"RVA": 28348, "Type": "HIGHLOW"}, {"RVA": 28386, "Type": "HIGHLOW"}, {"RVA": 28432, "Type": "HIGHLOW"}, {"RVA": 28447, "Type": "HIGHLOW"}, {"RVA": 28479, "Type": "HIGHLOW"}, {"RVA": 28513, "Type": "HIGHLOW"}, {"RVA": 28558, "Type": "HIGHLOW"}, {"RVA": 28578, "Type": "HIGHLOW"}, {"RVA": 28636, "Type": "HIGHLOW"}, {"RVA": 28643, "Type": "HIGHLOW"}, {"RVA": 24576, "Type": "ABSOLUTE"}], [{"SizeOfBlock": {"FileOffset": 54540, "Value": 352, "Offset": 4}, "VirtualAddress": {"FileOffset": 54536, "Value": 28672, "Offset": 0}, "Structure": "IMAGE_BASE_RELOCATION"}, {"RVA": 28681, "Type": "HIGHLOW"}, {"RVA": 28705, "Type": "HIGHLOW"}, {"RVA": 28731, "Type": "HIGHLOW"}, {"RVA": 28742, "Type": "HIGHLOW"}, {"RVA": 28749, "Type": "HIGHLOW"}, {"RVA": 28821, "Type": "HIGHLOW"}, {"RVA": 28844, "Type": "HIGHLOW"}, {"RVA": 28921, "Type": "HIGHLOW"}, {"RVA": 29172, "Type": "HIGHLOW"}, {"RVA": 29293, "Type": "HIGHLOW"}, {"RVA": 29305, "Type": "HIGHLOW"}, {"RVA": 29326, "Type": "HIGHLOW"}, {"RVA": 29337, "Type": "HIGHLOW"}, {"RVA": 29383, "Type": "HIGHLOW"}, {"RVA": 29713, "Type": "HIGHLOW"}, {"RVA": 29721, "Type": "HIGHLOW"}, {"RVA": 29727, "Type": "HIGHLOW"}, {"RVA": 29735, "Type": "HIGHLOW"}, {"RVA": 29810, "Type": "HIGHLOW"}, {"RVA": 29847, "Type": "HIGHLOW"}, {"RVA": 29865, "Type": "HIGHLOW"}, {"RVA": 29871, "Type": "HIGHLOW"}, {"RVA": 30200, "Type": "HIGHLOW"}, {"RVA": 30224, "Type": "HIGHLOW"}, {"RVA": 30231, "Type": "HIGHLOW"}, {"RVA": 30239, "Type": "HIGHLOW"}, {"RVA": 30244, "Type": "HIGHLOW"}, {"RVA": 30248, "Type": "HIGHLOW"}, {"RVA": 30252, "Type": "HIGHLOW"}, {"RVA": 30293, "Type": "HIGHLOW"}, {"RVA": 30331, "Type": "HIGHLOW"}, {"RVA": 30357, "Type": "HIGHLOW"}, {"RVA": 30364, "Type": "HIGHLOW"}, {"RVA": 30368, "Type": "HIGHLOW"}, {"RVA": 30372, "Type": "HIGHLOW"}, {"RVA": 30376, "Type": "HIGHLOW"}, {"RVA": 30380, "Type": "HIGHLOW"}, {"RVA": 30384, "Type": "HIGHLOW"}, {"RVA": 30388, "Type": "HIGHLOW"}, {"RVA": 30392, "Type": "HIGHLOW"}, {"RVA": 30466, "Type": "HIGHLOW"}, {"RVA": 30472, "Type": "HIGHLOW"}, {"RVA": 30476, "Type": "HIGHLOW"}, {"RVA": 30480, "Type": "HIGHLOW"}, {"RVA": 30484, "Type": "HIGHLOW"}, {"RVA": 30586, "Type": "HIGHLOW"}, {"RVA": 30597, "Type": "HIGHLOW"}, {"RVA": 30624, "Type": "HIGHLOW"}, {"RVA": 30631, "Type": "HIGHLOW"}, {"RVA": 30636, "Type": "HIGHLOW"}, {"RVA": 30640, "Type": "HIGHLOW"}, {"RVA": 30644, "Type": "HIGHLOW"}, {"RVA": 30673, "Type": "HIGHLOW"}, {"RVA": 30715, "Type": "HIGHLOW"}, {"RVA": 30765, "Type": "HIGHLOW"}, {"RVA": 30772, "Type": "HIGHLOW"}, {"RVA": 30776, "Type": "HIGHLOW"}, {"RVA": 30780, "Type": "HIGHLOW"}, {"RVA": 30784, "Type": "HIGHLOW"}, {"RVA": 30788, "Type": "HIGHLOW"}, {"RVA": 30792, "Type": "HIGHLOW"}, {"RVA": 30796, "Type": "HIGHLOW"}, {"RVA": 30800, "Type": "HIGHLOW"}, {"RVA": 30874, "Type": "HIGHLOW"}, {"RVA": 30880, "Type": "HIGHLOW"}, {"RVA": 30884, "Type": "HIGHLOW"}, {"RVA": 30888, "Type": "HIGHLOW"}, {"RVA": 30892, "Type": "HIGHLOW"}, {"RVA": 30971, "Type": "HIGHLOW"}, {"RVA": 30976, "Type": "HIGHLOW"}, {"RVA": 31004, "Type": "HIGHLOW"}, {"RVA": 31023, "Type": "HIGHLOW"}, {"RVA": 31030, "Type": "HIGHLOW"}, {"RVA": 31048, "Type": "HIGHLOW"}, {"RVA": 31056, "Type": "HIGHLOW"}, {"RVA": 31072, "Type": "HIGHLOW"}, {"RVA": 31089, "Type": "HIGHLOW"}, {"RVA": 31108, "Type": "HIGHLOW"}, {"RVA": 31132, "Type": "HIGHLOW"}, {"RVA": 31164, "Type": "HIGHLOW"}, {"RVA": 31250, "Type": "HIGHLOW"}, {"RVA": 31268, "Type": "HIGHLOW"}, {"RVA": 31296, "Type": "HIGHLOW"}, {"RVA": 31312, "Type": "HIGHLOW"}, {"RVA": 31327, "Type": "HIGHLOW"}, {"RVA": 31364, "Type": "HIGHLOW"}, {"RVA": 31371, "Type": "HIGHLOW"}, {"RVA": 31378, "Type": "HIGHLOW"}, {"RVA": 31385, "Type": "HIGHLOW"}, {"RVA": 31414, "Type": "HIGHLOW"}, {"RVA": 31420, "Type": "HIGHLOW"}, {"RVA": 31434, "Type": "HIGHLOW"}, {"RVA": 31440, "Type": "HIGHLOW"}, {"RVA": 31450, "Type": "HIGHLOW"}, {"RVA": 31458, "Type": "HIGHLOW"}, {"RVA": 31464, "Type": "HIGHLOW"}, {"RVA": 31478, "Type": "HIGHLOW"}, {"RVA": 31485, "Type": "HIGHLOW"}, {"RVA": 31492, "Type": "HIGHLOW"}, {"RVA": 31504, "Type": "HIGHLOW"}, {"RVA": 31512, "Type": "HIGHLOW"}, {"RVA": 31520, "Type": "HIGHLOW"}, {"RVA": 31526, "Type": "HIGHLOW"}, {"RVA": 31535, "Type": "HIGHLOW"}, {"RVA": 31550, "Type": "HIGHLOW"}, {"RVA": 31557, "Type": "HIGHLOW"}, {"RVA": 31564, "Type": "HIGHLOW"}, {"RVA": 31580, "Type": "HIGHLOW"}, {"RVA": 31591, "Type": "HIGHLOW"}, {"RVA": 31607, "Type": "HIGHLOW"}, {"RVA": 31614, "Type": "HIGHLOW"}, {"RVA": 31621, "Type": "HIGHLOW"}, {"RVA": 31645, "Type": "HIGHLOW"}, {"RVA": 31668, "Type": "HIGHLOW"}, {"RVA": 31695, "Type": "HIGHLOW"}, {"RVA": 31723, "Type": "HIGHLOW"}, {"RVA": 31751, "Type": "HIGHLOW"}, {"RVA": 31761, "Type": "HIGHLOW"}, {"RVA": 31807, "Type": "HIGHLOW"}, {"RVA": 31846, "Type": "HIGHLOW"}, {"RVA": 31854, "Type": "HIGHLOW"}, {"RVA": 31886, "Type": "HIGHLOW"}, {"RVA": 31894, "Type": "HIGHLOW"}, {"RVA": 31921, "Type": "HIGHLOW"}, {"RVA": 31931, "Type": "HIGHLOW"}, {"RVA": 31942, "Type": "HIGHLOW"}, {"RVA": 31952, "Type": "HIGHLOW"}, {"RVA": 31966, "Type": "HIGHLOW"}, {"RVA": 32027, "Type": "HIGHLOW"}, {"RVA": 32052, "Type": "HIGHLOW"}, {"RVA": 32060, "Type": "HIGHLOW"}, {"RVA": 32072, "Type": "HIGHLOW"}, {"RVA": 32085, "Type": "HIGHLOW"}, {"RVA": 32093, "Type": "HIGHLOW"}, {"RVA": 32100, "Type": "HIGHLOW"}, {"RVA": 32108, "Type": "HIGHLOW"}, {"RVA": 32116, "Type": "HIGHLOW"}, {"RVA": 32126, "Type": "HIGHLOW"}, {"RVA": 32135, "Type": "HIGHLOW"}, {"RVA": 32143, "Type": "HIGHLOW"}, {"RVA": 32155, "Type": "HIGHLOW"}, {"RVA": 32164, "Type": "HIGHLOW"}, {"RVA": 32181, "Type": "HIGHLOW"}, {"RVA": 32191, "Type": "HIGHLOW"}, {"RVA": 32199, "Type": "HIGHLOW"}, {"RVA": 32207, "Type": "HIGHLOW"}, {"RVA": 32215, "Type": "HIGHLOW"}, {"RVA": 32225, "Type": "HIGHLOW"}, {"RVA": 32234, "Type": "HIGHLOW"}, {"RVA": 32242, "Type": "HIGHLOW"}, {"RVA": 32265, "Type": "HIGHLOW"}, {"RVA": 32274, "Type": "HIGHLOW"}, {"RVA": 32330, "Type": "HIGHLOW"}, {"RVA": 32335, "Type": "HIGHLOW"}, {"RVA": 32424, "Type": "HIGHLOW"}, {"RVA": 32439, "Type": "HIGHLOW"}, {"RVA": 32485, "Type": "HIGHLOW"}, {"RVA": 32496, "Type": "HIGHLOW"}, {"RVA": 32582, "Type": "HIGHLOW"}, {"RVA": 32590, "Type": "HIGHLOW"}, {"RVA": 32614, "Type": "HIGHLOW"}, {"RVA": 32623, "Type": "HIGHLOW"}, {"RVA": 32641, "Type": "HIGHLOW"}, {"RVA": 32653, "Type": "HIGHLOW"}, {"RVA": 32673, "Type": "HIGHLOW"}, {"RVA": 32684, "Type": "HIGHLOW"}, {"RVA": 32699, "Type": "HIGHLOW"}, {"RVA": 32716, "Type": "HIGHLOW"}, {"RVA": 32729, "Type": "HIGHLOW"}, {"RVA": 32748, "Type": "HIGHLOW"}, {"RVA": 32754, "Type": "HIGHLOW"}, {"RVA": 32760, "Type": "HIGHLOW"}], [{"SizeOfBlock": {"FileOffset": 54892, "Value": 236, "Offset": 4}, "VirtualAddress": {"FileOffset": 54888, "Value": 32768, "Offset": 0}, "Structure": "IMAGE_BASE_RELOCATION"}, {"RVA": 33037, "Type": "HIGHLOW"}, {"RVA": 33065, "Type": "HIGHLOW"}, {"RVA": 33078, "Type": "HIGHLOW"}, {"RVA": 33091, "Type": "HIGHLOW"}, {"RVA": 33110, "Type": "HIGHLOW"}, {"RVA": 33119, "Type": "HIGHLOW"}, {"RVA": 33131, "Type": "HIGHLOW"}, {"RVA": 33181, "Type": "HIGHLOW"}, {"RVA": 33199, "Type": "HIGHLOW"}, {"RVA": 33214, "Type": "HIGHLOW"}, {"RVA": 33247, "Type": "HIGHLOW"}, {"RVA": 33253, "Type": "HIGHLOW"}, {"RVA": 33286, "Type": "HIGHLOW"}, {"RVA": 33296, "Type": "HIGHLOW"}, {"RVA": 33307, "Type": "HIGHLOW"}, {"RVA": 33312, "Type": "HIGHLOW"}, {"RVA": 33320, "Type": "HIGHLOW"}, {"RVA": 33343, "Type": "HIGHLOW"}, {"RVA": 33364, "Type": "HIGHLOW"}, {"RVA": 33370, "Type": "HIGHLOW"}, {"RVA": 33378, "Type": "HIGHLOW"}, {"RVA": 33386, "Type": "HIGHLOW"}, {"RVA": 33397, "Type": "HIGHLOW"}, {"RVA": 33443, "Type": "HIGHLOW"}, {"RVA": 33455, "Type": "HIGHLOW"}, {"RVA": 33465, "Type": "HIGHLOW"}, {"RVA": 33476, "Type": "HIGHLOW"}, {"RVA": 33486, "Type": "HIGHLOW"}, {"RVA": 33496, "Type": "HIGHLOW"}, {"RVA": 33502, "Type": "HIGHLOW"}, {"RVA": 33569, "Type": "HIGHLOW"}, {"RVA": 33579, "Type": "HIGHLOW"}, {"RVA": 33584, "Type": "HIGHLOW"}, {"RVA": 33589, "Type": "HIGHLOW"}, {"RVA": 33594, "Type": "HIGHLOW"}, {"RVA": 33619, "Type": "HIGHLOW"}, {"RVA": 33625, "Type": "HIGHLOW"}, {"RVA": 33736, "Type": "HIGHLOW"}, {"RVA": 33742, "Type": "HIGHLOW"}, {"RVA": 33772, "Type": "HIGHLOW"}, {"RVA": 33789, "Type": "HIGHLOW"}, {"RVA": 33808, "Type": "HIGHLOW"}, {"RVA": 33829, "Type": "HIGHLOW"}, {"RVA": 33859, "Type": "HIGHLOW"}, {"RVA": 33873, "Type": "HIGHLOW"}, {"RVA": 33886, "Type": "HIGHLOW"}, {"RVA": 33902, "Type": "HIGHLOW"}, {"RVA": 33935, "Type": "HIGHLOW"}, {"RVA": 33947, "Type": "HIGHLOW"}, {"RVA": 33965, "Type": "HIGHLOW"}, {"RVA": 33979, "Type": "HIGHLOW"}, {"RVA": 33994, "Type": "HIGHLOW"}, {"RVA": 34011, "Type": "HIGHLOW"}, {"RVA": 34025, "Type": "HIGHLOW"}, {"RVA": 34034, "Type": "HIGHLOW"}, {"RVA": 34040, "Type": "HIGHLOW"}, {"RVA": 34052, "Type": "HIGHLOW"}, {"RVA": 34057, "Type": "HIGHLOW"}, {"RVA": 34067, "Type": "HIGHLOW"}, {"RVA": 34074, "Type": "HIGHLOW"}, {"RVA": 34082, "Type": "HIGHLOW"}, {"RVA": 34088, "Type": "HIGHLOW"}, {"RVA": 34095, "Type": "HIGHLOW"}, {"RVA": 34100, "Type": "HIGHLOW"}, {"RVA": 34117, "Type": "HIGHLOW"}, {"RVA": 34145, "Type": "HIGHLOW"}, {"RVA": 34471, "Type": "HIGHLOW"}, {"RVA": 34501, "Type": "HIGHLOW"}, {"RVA": 34564, "Type": "HIGHLOW"}, {"RVA": 34629, "Type": "HIGHLOW"}, {"RVA": 34734, "Type": "HIGHLOW"}, {"RVA": 34760, "Type": "HIGHLOW"}, {"RVA": 34769, "Type": "HIGHLOW"}, {"RVA": 35158, "Type": "HIGHLOW"}, {"RVA": 35167, "Type": "HIGHLOW"}, {"RVA": 35180, "Type": "HIGHLOW"}, {"RVA": 35197, "Type": "HIGHLOW"}, {"RVA": 35287, "Type": "HIGHLOW"}, {"RVA": 35292, "Type": "HIGHLOW"}, {"RVA": 35323, "Type": "HIGHLOW"}, {"RVA": 35336, "Type": "HIGHLOW"}, {"RVA": 35349, "Type": "HIGHLOW"}, {"RVA": 35359, "Type": "HIGHLOW"}, {"RVA": 35369, "Type": "HIGHLOW"}, {"RVA": 35377, "Type": "HIGHLOW"}, {"RVA": 35391, "Type": "HIGHLOW"}, {"RVA": 35421, "Type": "HIGHLOW"}, {"RVA": 35450, "Type": "HIGHLOW"}, {"RVA": 35474, "Type": "HIGHLOW"}, {"RVA": 35506, "Type": "HIGHLOW"}, {"RVA": 35594, "Type": "HIGHLOW"}, {"RVA": 35616, "Type": "HIGHLOW"}, {"RVA": 35667, "Type": "HIGHLOW"}, {"RVA": 35771, "Type": "HIGHLOW"}, {"RVA": 35808, "Type": "HIGHLOW"}, {"RVA": 35896, "Type": "HIGHLOW"}, {"RVA": 36185, "Type": "HIGHLOW"}, {"RVA": 36205, "Type": "HIGHLOW"}, {"RVA": 36239, "Type": "HIGHLOW"}, {"RVA": 36254, "Type": "HIGHLOW"}, {"RVA": 36366, "Type": "HIGHLOW"}, {"RVA": 36438, "Type": "HIGHLOW"}, {"RVA": 36444, "Type": "HIGHLOW"}, {"RVA": 36458, "Type": "HIGHLOW"}, {"RVA": 36537, "Type": "HIGHLOW"}, {"RVA": 36585, "Type": "HIGHLOW"}, {"RVA": 36676, "Type": "HIGHLOW"}, {"RVA": 36682, "Type": "HIGHLOW"}, {"RVA": 36696, "Type": "HIGHLOW"}, {"RVA": 36790, "Type": "HIGHLOW"}, {"RVA": 36823, "Type": "HIGHLOW"}, {"RVA": 36828, "Type": "HIGHLOW"}, {"RVA": 36859, "Type": "HIGHLOW"}, {"RVA": 32768, "Type": "ABSOLUTE"}], [{"SizeOfBlock": {"FileOffset": 55128, "Value": 116, "Offset": 4}, "VirtualAddress": {"FileOffset": 55124, "Value": 36864, "Offset": 0}, "Structure": "IMAGE_BASE_RELOCATION"}, {"RVA": 36870, "Type": "HIGHLOW"}, {"RVA": 36881, "Type": "HIGHLOW"}, {"RVA": 36891, "Type": "HIGHLOW"}, {"RVA": 36899, "Type": "HIGHLOW"}, {"RVA": 36910, "Type": "HIGHLOW"}, {"RVA": 36924, "Type": "HIGHLOW"}, {"RVA": 36977, "Type": "HIGHLOW"}, {"RVA": 37004, "Type": "HIGHLOW"}, {"RVA": 37027, "Type": "HIGHLOW"}, {"RVA": 37085, "Type": "HIGHLOW"}, {"RVA": 37212, "Type": "HIGHLOW"}, {"RVA": 37303, "Type": "HIGHLOW"}, {"RVA": 37404, "Type": "HIGHLOW"}, {"RVA": 37428, "Type": "HIGHLOW"}, {"RVA": 37496, "Type": "HIGHLOW"}, {"RVA": 37510, "Type": "HIGHLOW"}, {"RVA": 37524, "Type": "HIGHLOW"}, {"RVA": 37539, "Type": "HIGHLOW"}, {"RVA": 37581, "Type": "HIGHLOW"}, {"RVA": 37591, "Type": "HIGHLOW"}, {"RVA": 37608, "Type": "HIGHLOW"}, {"RVA": 37621, "Type": "HIGHLOW"}, {"RVA": 37758, "Type": "HIGHLOW"}, {"RVA": 37827, "Type": "HIGHLOW"}, {"RVA": 37848, "Type": "HIGHLOW"}, {"RVA": 37908, "Type": "HIGHLOW"}, {"RVA": 37924, "Type": "HIGHLOW"}, {"RVA": 38042, "Type": "HIGHLOW"}, {"RVA": 38098, "Type": "HIGHLOW"}, {"RVA": 38116, "Type": "HIGHLOW"}, {"RVA": 38135, "Type": "HIGHLOW"}, {"RVA": 38195, "Type": "HIGHLOW"}, {"RVA": 38326, "Type": "HIGHLOW"}, {"RVA": 38416, "Type": "HIGHLOW"}, {"RVA": 38422, "Type": "HIGHLOW"}, {"RVA": 38499, "Type": "HIGHLOW"}, {"RVA": 38505, "Type": "HIGHLOW"}, {"RVA": 38517, "Type": "HIGHLOW"}, {"RVA": 38556, "Type": "HIGHLOW"}, {"RVA": 38605, "Type": "HIGHLOW"}, {"RVA": 38754, "Type": "HIGHLOW"}, {"RVA": 38772, "Type": "HIGHLOW"}, {"RVA": 38794, "Type": "HIGHLOW"}, {"RVA": 38862, "Type": "HIGHLOW"}, {"RVA": 38876, "Type": "HIGHLOW"}, {"RVA": 39026, "Type": "HIGHLOW"}, {"RVA": 39046, "Type": "HIGHLOW"}, {"RVA": 39177, "Type": "HIGHLOW"}, {"RVA": 39231, "Type": "HIGHLOW"}, {"RVA": 39245, "Type": "HIGHLOW"}, {"RVA": 39265, "Type": "HIGHLOW"}, {"RVA": 39298, "Type": "HIGHLOW"}, {"RVA": 39311, "Type": "HIGHLOW"}, {"RVA": 36864, "Type": "ABSOLUTE"}], [{"SizeOfBlock": {"FileOffset": 55244, "Value": 28, "Offset": 4}, "VirtualAddress": {"FileOffset": 55240, "Value": 40960, "Offset": 0}, "Structure": "IMAGE_BASE_RELOCATION"}, {"RVA": 42284, "Type": "HIGHLOW"}, {"RVA": 42288, "Type": "HIGHLOW"}, {"RVA": 42428, "Type": "HIGHLOW"}, {"RVA": 42432, "Type": "HIGHLOW"}, {"RVA": 42440, "Type": "HIGHLOW"}, {"RVA": 42444, "Type": "HIGHLOW"}, {"RVA": 42748, "Type": "HIGHLOW"}, {"RVA": 42752, "Type": "HIGHLOW"}, {"RVA": 42760, "Type": "HIGHLOW"}, {"RVA": 42764, "Type": "HIGHLOW"}], [{"SizeOfBlock": {"FileOffset": 55272, "Value": 200, "Offset": 4}, "VirtualAddress": {"FileOffset": 55268, "Value": 49152, "Offset": 0}, "Structure": "IMAGE_BASE_RELOCATION"}, {"RVA": 49164, "Type": "HIGHLOW"}, {"RVA": 49168, "Type": "HIGHLOW"}, {"RVA": 49180, "Type": "HIGHLOW"}, {"RVA": 49968, "Type": "HIGHLOW"}, {"RVA": 49976, "Type": "HIGHLOW"}, {"RVA": 49984, "Type": "HIGHLOW"}, {"RVA": 50620, "Type": "HIGHLOW"}, {"RVA": 50652, "Type": "HIGHLOW"}, {"RVA": 50668, "Type": "HIGHLOW"}, {"RVA": 50684, "Type": "HIGHLOW"}, {"RVA": 50816, "Type": "HIGHLOW"}, {"RVA": 50820, "Type": "HIGHLOW"}, {"RVA": 50832, "Type": "HIGHLOW"}, {"RVA": 50836, "Type": "HIGHLOW"}, {"RVA": 51788, "Type": "HIGHLOW"}, {"RVA": 51796, "Type": "HIGHLOW"}, {"RVA": 51804, "Type": "HIGHLOW"}, {"RVA": 51812, "Type": "HIGHLOW"}, {"RVA": 51820, "Type": "HIGHLOW"}, {"RVA": 51828, "Type": "HIGHLOW"}, {"RVA": 51836, "Type": "HIGHLOW"}, {"RVA": 51844, "Type": "HIGHLOW"}, {"RVA": 51852, "Type": "HIGHLOW"}, {"RVA": 51860, "Type": "HIGHLOW"}, {"RVA": 51868, "Type": "HIGHLOW"}, {"RVA": 51876, "Type": "HIGHLOW"}, {"RVA": 51884, "Type": "HIGHLOW"}, {"RVA": 51892, "Type": "HIGHLOW"}, {"RVA": 51900, "Type": "HIGHLOW"}, {"RVA": 51908, "Type": "HIGHLOW"}, {"RVA": 51916, "Type": "HIGHLOW"}, {"RVA": 51924, "Type": "HIGHLOW"}, {"RVA": 51936, "Type": "HIGHLOW"}, {"RVA": 51940, "Type": "HIGHLOW"}, {"RVA": 51944, "Type": "HIGHLOW"}, {"RVA": 51948, "Type": "HIGHLOW"}, {"RVA": 51952, "Type": "HIGHLOW"}, {"RVA": 51956, "Type": "HIGHLOW"}, {"RVA": 52244, "Type": "HIGHLOW"}, {"RVA": 52248, "Type": "HIGHLOW"}, {"RVA": 52944, "Type": "HIGHLOW"}, {"RVA": 52952, "Type": "HIGHLOW"}, {"RVA": 52956, "Type": "HIGHLOW"}, {"RVA": 52960, "Type": "HIGHLOW"}, {"RVA": 52964, "Type": "HIGHLOW"}, {"RVA": 52968, "Type": "HIGHLOW"}, {"RVA": 52972, "Type": "HIGHLOW"}, {"RVA": 52976, "Type": "HIGHLOW"}, {"RVA": 52980, "Type": "HIGHLOW"}, {"RVA": 52984, "Type": "HIGHLOW"}, {"RVA": 52988, "Type": "HIGHLOW"}, {"RVA": 52992, "Type": "HIGHLOW"}, {"RVA": 52996, "Type": "HIGHLOW"}, {"RVA": 53000, "Type": "HIGHLOW"}, {"RVA": 53004, "Type": "HIGHLOW"}, {"RVA": 53008, "Type": "HIGHLOW"}, {"RVA": 53012, "Type": "HIGHLOW"}, {"RVA": 53016, "Type": "HIGHLOW"}, {"RVA": 53020, "Type": "HIGHLOW"}, {"RVA": 53024, "Type": "HIGHLOW"}, {"RVA": 53028, "Type": "HIGHLOW"}, {"RVA": 53032, "Type": "HIGHLOW"}, {"RVA": 53036, "Type": "HIGHLOW"}, {"RVA": 53040, "Type": "HIGHLOW"}, {"RVA": 53044, "Type": "HIGHLOW"}, {"RVA": 53048, "Type": "HIGHLOW"}, {"RVA": 53052, "Type": "HIGHLOW"}, {"RVA": 53056, "Type": "HIGHLOW"}, {"RVA": 53060, "Type": "HIGHLOW"}, {"RVA": 53064, "Type": "HIGHLOW"}, {"RVA": 53068, "Type": "HIGHLOW"}, {"RVA": 53072, "Type": "HIGHLOW"}, {"RVA": 53076, "Type": "HIGHLOW"}, {"RVA": 53080, "Type": "HIGHLOW"}, {"RVA": 53084, "Type": "HIGHLOW"}, {"RVA": 53088, "Type": "HIGHLOW"}, {"RVA": 53092, "Type": "HIGHLOW"}, {"RVA": 53096, "Type": "HIGHLOW"}, {"RVA": 53100, "Type": "HIGHLOW"}, {"RVA": 53104, "Type": "HIGHLOW"}, {"RVA": 53108, "Type": "HIGHLOW"}, {"RVA": 53112, "Type": "HIGHLOW"}, {"RVA": 53116, "Type": "HIGHLOW"}, {"RVA": 53120, "Type": "HIGHLOW"}, {"RVA": 53136, "Type": "HIGHLOW"}, {"RVA": 53140, "Type": "HIGHLOW"}, {"RVA": 53144, "Type": "HIGHLOW"}, {"RVA": 53148, "Type": "HIGHLOW"}, {"RVA": 53152, "Type": "HIGHLOW"}, {"RVA": 53156, "Type": "HIGHLOW"}, {"RVA": 53160, "Type": "HIGHLOW"}, {"RVA": 53164, "Type": "HIGHLOW"}, {"RVA": 53168, "Type": "HIGHLOW"}, {"RVA": 53172, "Type": "HIGHLOW"}, {"RVA": 53184, "Type": "HIGHLOW"}, {"RVA": 49152, "Type": "ABSOLUTE"}]], "NT_HEADERS": {"Structure": "IMAGE_NT_HEADERS", "Signature": {"FileOffset": 224, "Value": 17744, "Offset": 0}}, "Flags": ["IMAGE_FILE_LOCAL_SYMS_STRIPPED", "IMAGE_FILE_32BIT_MACHINE", "IMAGE_FILE_EXECUTABLE_IMAGE", "IMAGE_FILE_DLL", "IMAGE_FILE_LINE_NUMS_STRIPPED"], "Imported symbols": [[{"TimeDateStamp": {"FileOffset": 42772, "Value": "0x0        [Thu Jan  1 00:00:00 1970 UTC]", "Offset": 4}, "Name": {"FileOffset": 42780, "Value": 43754, "Offset": 12}, "ForwarderChain": {"FileOffset": 42776, "Value": 0, "Offset": 8}, "OriginalFirstThunk": {"FileOffset": 42768, "Value": 42944, "Offset": 0}, "FirstThunk": {"FileOffset": 42784, "Value": 40976, "Offset": 16}, "Characteristics": {"FileOffset": 42768, "Value": 42944, "Offset": 0}, "Structure": "IMAGE_IMPORT_DESCRIPTOR"}, {"Hint": 438, "Name": "GetSystemDirectoryA", "DLL": "KERNEL32.dll"}, {"Hint": 49, "Name": "CloseHandle", "DLL": "KERNEL32.dll"}, {"Hint": 360, "Name": "GetLastError", "DLL": "KERNEL32.dll"}, {"Hint": 97, "Name": "CreatePipe", "DLL": "KERNEL32.dll"}, {"Hint": 428, "Name": "GetStartupInfoA", "DLL": "KERNEL32.dll"}, {"Hint": 587, "Name": "LocalFree", "DLL": "KERNEL32.dll"}, {"Hint": 235, "Name": "FormatMessageA", "DLL": "KERNEL32.dll"}, {"Hint": 108, "Name": "CreateThread", "DLL": "KERNEL32.dll"}, {"Hint": 456, "Name": "GetTempPathA", "DLL": "KERNEL32.dll"}, {"Hint": 830, "Name": "Sleep", "DLL": "KERNEL32.dll"}, {"Hint": 838, "Name": "TerminateProcess", "DLL": "KERNEL32.dll"}, {"Hint": 208, "Name": "FindFirstFileA", "DLL": "KERNEL32.dll"}, {"Hint": 646, "Name": "Process32Next", "DLL": "KERNEL32.dll"}, {"Hint": 111, "Name": "CreateToolhelp32Snapshot", "DLL": "KERNEL32.dll"}, {"Hint": 315, "Name": "GetCurrentProcess", "DLL": "KERNEL32.dll"}, {"Hint": 371, "Name": "GetModuleFileNameA", "DLL": "KERNEL32.dll"}, {"Hint": 240, "Name": "FreeLibrary", "DLL": "KERNEL32.dll"}, {"Hint": 578, "Name": "LoadLibraryExA", "DLL": "KERNEL32.dll"}, {"Hint": 129, "Name": "DeleteFileA", "DLL": "KERNEL32.dll"}, {"Hint": 895, "Name": "WinExec", "DLL": "KERNEL32.dll"}, {"Hint": 353, "Name": "GetFullPathNameA", "DLL": "KERNEL32.dll"}, {"Hint": 759, "Name": "SetCurrentDirectoryA", "DLL": "KERNEL32.dll"}, {"Hint": 98, "Name": "CreateProcessA", "DLL": "KERNEL32.dll"}, {"Hint": 675, "Name": "ReadFile", "DLL": "KERNEL32.dll"}, {"Hint": 628, "Name": "OpenProcess", "DLL": "KERNEL32.dll"}, {"Hint": 947, "Name": "lstrlenA", "DLL": "KERNEL32.dll"}, {"Hint": 313, "Name": "GetCurrentDirectoryA", "DLL": "KERNEL32.dll"}, {"Hint": 766, "Name": "SetEnvironmentVariableA", "DLL": "KERNEL32.dll"}, {"Hint": 56, "Name": "CompareStringW", "DLL": "KERNEL32.dll"}, {"Hint": 55, "Name": "CompareStringA", "DLL": "KERNEL32.dll"}, {"Hint": 564, "Name": "LCMapStringW", "DLL": "KERNEL32.dll"}, {"Hint": 563, "Name": "LCMapStringA", "DLL": "KERNEL32.dll"}, {"Hint": 708, "Name": "RtlUnwind", "DLL": "KERNEL32.dll"}, {"Hint": 765, "Name": "SetEndOfFile", "DLL": "KERNEL32.dll"}, {"Hint": 577, "Name": "LoadLibraryA", "DLL": "KERNEL32.dll"}, {"Hint": 407, "Name": "GetProcAddress", "DLL": "KERNEL32.dll"}, {"Hint": 394, "Name": "GetOEMCP", "DLL": "KERNEL32.dll"}, {"Hint": 246, "Name": "GetACP", "DLL": "KERNEL32.dll"}, {"Hint": 253, "Name": "GetCPInfo", "DLL": "KERNEL32.dll"}, {"Hint": 520, "Name": "HeapFree", "DLL": "KERNEL32.dll"}, {"Hint": 514, "Name": "HeapAlloc", "DLL": "KERNEL32.dll"}, {"Hint": 468, "Name": "GetTimeZoneInformation", "DLL": "KERNEL32.dll"}, {"Hint": 443, "Name": "GetSystemTime", "DLL": "KERNEL32.dll"}, {"Hint": 362, "Name": "GetLocalTime", "DLL": "KERNEL32.dll"}, {"Hint": 265, "Name": "GetCommandLineA", "DLL": "KERNEL32.dll"}, {"Hint": 474, "Name": "GetVersion", "DLL": "KERNEL32.dll"}, {"Hint": 150, "Name": "EnterCriticalSection", "DLL": "KERNEL32.dll"}, {"Hint": 576, "Name": "LeaveCriticalSection", "DLL": "KERNEL32.dll"}, {"Hint": 230, "Name": "FlushFileBuffers", "DLL": "KERNEL32.dll"}, {"Hint": 907, "Name": "WriteFile", "DLL": "KERNEL32.dll"}, {"Hint": 533, "Name": "InitializeCriticalSection", "DLL": "KERNEL32.dll"}, {"Hint": 127, "Name": "DeleteCriticalSection", "DLL": "KERNEL32.dll"}, {"Hint": 182, "Name": "ExitProcess", "DLL": "KERNEL32.dll"}, {"Hint": 518, "Name": "HeapDestroy", "DLL": "KERNEL32.dll"}, {"Hint": 516, "Name": "HeapCreate", "DLL": "KERNEL32.dll"}, {"Hint": 877, "Name": "VirtualFree", "DLL": "KERNEL32.dll"}, {"Hint": 874, "Name": "VirtualAlloc", "DLL": "KERNEL32.dll"}, {"Hint": 524, "Name": "HeapReAlloc", "DLL": "KERNEL32.dll"}, {"Hint": 318, "Name": "GetCurrentThreadId", "DLL": "KERNEL32.dll"}, {"Hint": 846, "Name": "TlsSetValue", "DLL": "KERNEL32.dll"}, {"Hint": 843, "Name": "TlsAlloc", "DLL": "KERNEL32.dll"}, {"Hint": 844, "Name": "TlsFree", "DLL": "KERNEL32.dll"}, {"Hint": 787, "Name": "SetLastError", "DLL": "KERNEL32.dll"}, {"Hint": 845, "Name": "TlsGetValue", "DLL": "KERNEL32.dll"}, {"Hint": 774, "Name": "SetFilePointer", "DLL": "KERNEL32.dll"}, {"Hint": 783, "Name": "SetHandleCount", "DLL": "KERNEL32.dll"}, {"Hint": 430, "Name": "GetStdHandle", "DLL": "KERNEL32.dll"}, {"Hint": 350, "Name": "GetFileType", "DLL": "KERNEL32.dll"}, {"Hint": 238, "Name": "FreeEnvironmentStringsA", "DLL": "KERNEL32.dll"}, {"Hint": 239, "Name": "FreeEnvironmentStringsW", "DLL": "KERNEL32.dll"}, {"Hint": 894, "Name": "WideCharToMultiByte", "DLL": "KERNEL32.dll"}, {"Hint": 333, "Name": "GetEnvironmentStrings", "DLL": "KERNEL32.dll"}, {"Hint": 335, "Name": "GetEnvironmentStringsW", "DLL": "KERNEL32.dll"}, {"Hint": 801, "Name": "SetStdHandle", "DLL": "KERNEL32.dll"}, {"Hint": 79, "Name": "CreateFileA", "DLL": "KERNEL32.dll"}, {"Hint": 537, "Name": "InterlockedDecrement", "DLL": "KERNEL32.dll"}, {"Hint": 541, "Name": "InterlockedIncrement", "DLL": "KERNEL32.dll"}, {"Hint": 612, "Name": "MultiByteToWideChar", "DLL": "KERNEL32.dll"}, {"Hint": 431, "Name": "GetStringTypeA", "DLL": "KERNEL32.dll"}, {"Hint": 434, "Name": "GetStringTypeW", "DLL": "KERNEL32.dll"}, {"Hint": 331, "Name": "GetDriveTypeA", "DLL": "KERNEL32.dll"}], [{"TimeDateStamp": {"FileOffset": 42792, "Value": "0x0        [Thu Jan  1 00:00:00 1970 UTC]", "Offset": 4}, "Name": {"FileOffset": 42800, "Value": 43782, "Offset": 12}, "ForwarderChain": {"FileOffset": 42796, "Value": 0, "Offset": 8}, "OriginalFirstThunk": {"FileOffset": 42788, "Value": 43280, "Offset": 0}, "FirstThunk": {"FileOffset": 42804, "Value": 41312, "Offset": 16}, "Characteristics": {"FileOffset": 42788, "Value": 43280, "Offset": 0}, "Structure": "IMAGE_IMPORT_DESCRIPTOR"}, {"Hint": 456, "Name": "LoadStringA", "DLL": "USER32.dll"}], [{"TimeDateStamp": {"FileOffset": 42812, "Value": "0x0        [Thu Jan  1 00:00:00 1970 UTC]", "Offset": 4}, "Name": {"FileOffset": 42820, "Value": 43862, "Offset": 12}, "ForwarderChain": {"FileOffset": 42816, "Value": 0, "Offset": 8}, "OriginalFirstThunk": {"FileOffset": 42808, "Value": 42928, "Offset": 0}, "FirstThunk": {"FileOffset": 42824, "Value": 40960, "Offset": 16}, "Characteristics": {"FileOffset": 42808, "Value": 42928, "Offset": 0}, "Structure": "IMAGE_IMPORT_DESCRIPTOR"}, {"Hint": 333, "Name": "LookupPrivilegeValueA", "DLL": "ADVAPI32.dll"}, {"Hint": 28, "Name": "AdjustTokenPrivileges", "DLL": "ADVAPI32.dll"}, {"Hint": 426, "Name": "OpenProcessToken", "DLL": "ADVAPI32.dll"}], [{"TimeDateStamp": {"FileOffset": 42832, "Value": "0x0        [Thu Jan  1 00:00:00 1970 UTC]", "Offset": 4}, "Name": {"FileOffset": 42840, "Value": 44000, "Offset": 12}, "ForwarderChain": {"FileOffset": 42836, "Value": 0, "Offset": 8}, "OriginalFirstThunk": {"FileOffset": 42828, "Value": 43288, "Offset": 0}, "FirstThunk": {"FileOffset": 42844, "Value": 41320, "Offset": 16}, "Characteristics": {"FileOffset": 42828, "Value": 43288, "Offset": 0}, "Structure": "IMAGE_IMPORT_DESCRIPTOR"}, {"Hint": 147, "Name": "InternetOpenUrlA", "DLL": "WININET.dll"}, {"Hint": 154, "Name": "InternetReadFile", "DLL": "WININET.dll"}, {"Hint": 87, "Name": "HttpQueryInfoA", "DLL": "WININET.dll"}, {"Hint": 105, "Name": "InternetCloseHandle", "DLL": "WININET.dll"}, {"Hint": 146, "Name": "InternetOpenA", "DLL": "WININET.dll"}, {"Hint": 128, "Name": "InternetGetConnectedState", "DLL": "WININET.dll"}], [{"TimeDateStamp": {"FileOffset": 42852, "Value": "0x0        [Thu Jan  1 00:00:00 1970 UTC]", "Offset": 4}, "Name": {"FileOffset": 42860, "Value": 44026, "Offset": 12}, "ForwarderChain": {"FileOffset": 42856, "Value": 0, "Offset": 8}, "OriginalFirstThunk": {"FileOffset": 42848, "Value": 43316, "Offset": 0}, "FirstThunk": {"FileOffset": 42864, "Value": 41348, "Offset": 16}, "Characteristics": {"FileOffset": 42848, "Value": 43316, "Offset": 0}, "Structure": "IMAGE_IMPORT_DESCRIPTOR"}, {"Hint": 163, "Name": "timeGetTime", "DLL": "WINMM.dll"}], [{"TimeDateStamp": {"FileOffset": 42872, "Value": "0x0        [Thu Jan  1 00:00:00 1970 UTC]", "Offset": 4}, "Name": {"FileOffset": 42880, "Value": 44036, "Offset": 12}, "ForwarderChain": {"FileOffset": 42876, "Value": 0, "Offset": 8}, "OriginalFirstThunk": {"FileOffset": 42868, "Value": 43324, "Offset": 0}, "FirstThunk": {"FileOffset": 42884, "Value": 41356, "Offset": 16}, "Characteristics": {"FileOffset": 42868, "Value": 43324, "Offset": 0}, "Structure": "IMAGE_IMPORT_DESCRIPTOR"}, {"Ordinal": 16, "DLL": "WS2_32.dll"}, {"Ordinal": 19, "DLL": "WS2_32.dll"}, {"Ordinal": 3, "DLL": "WS2_32.dll"}, {"Ordinal": 4, "DLL": "WS2_32.dll"}, {"Ordinal": 116, "DLL": "WS2_32.dll"}, {"Ordinal": 23, "DLL": "WS2_32.dll"}, {"Ordinal": 115, "DLL": "WS2_32.dll"}, {"Ordinal": 9, "DLL": "WS2_32.dll"}, {"Ordinal": 11, "DLL": "WS2_32.dll"}], [{"TimeDateStamp": {"FileOffset": 42892, "Value": "0x0        [Thu Jan  1 00:00:00 1970 UTC]", "Offset": 4}, "Name": {"FileOffset": 42900, "Value": 44066, "Offset": 12}, "ForwarderChain": {"FileOffset": 42896, "Value": 0, "Offset": 8}, "OriginalFirstThunk": {"FileOffset": 42888, "Value": 43272, "Offset": 0}, "FirstThunk": {"FileOffset": 42904, "Value": 41304, "Offset": 16}, "Characteristics": {"FileOffset": 42888, "Value": 43272, "Offset": 0}, "Structure": "IMAGE_IMPORT_DESCRIPTOR"}, {"Hint": 44, "Name": "PathFileExistsA", "DLL": "SHLWAPI.dll"}]], "PE Sections": [{"PointerToRawData": {"FileOffset": 492, "Value": 4096, "Offset": 20}, "SHA1": "742483bb9bad66b725f823cb00edff67a7da9b71", "SHA256": "d2caa8a20983b4af4e5f637faff390603bc141681a23db6af8385f73c0b1a801", "Name": {"FileOffset": 472, "Value": ".text", "Offset": 0}, "NumberOfRelocations": {"FileOffset": 504, "Value": 0, "Offset": 32}, "Misc_VirtualSize": {"FileOffset": 480, "Value": 35226, "Offset": 8}, "Characteristics": {"FileOffset": 508, "Value": 1610612768, "Offset": 36}, "Misc": {"FileOffset": 480, "Value": 35226, "Offset": 8}, "PointerToLinenumbers": {"FileOffset": 500, "Value": 0, "Offset": 28}, "SizeOfRawData": {"FileOffset": 488, "Value": 36864, "Offset": 16}, "Misc_PhysicalAddress": {"FileOffset": 480, "Value": 35226, "Offset": 8}, "PointerToRelocations": {"FileOffset": 496, "Value": 0, "Offset": 24}, "Flags": ["IMAGE_SCN_MEM_EXECUTE", "IMAGE_SCN_CNT_CODE", "IMAGE_SCN_MEM_READ"], "SHA512": "ba8bbdcbfd9696077dbe926a147ba1578aaafcc68a4edd6221a971e81f3e6d4561e954b0af6b33a69ab1417011acad8de1e4368cdd7563dc8bd7d9ea0782bc78", "MD5": "cf13ae04058f955817236a4a6cdfd8dc", "Entropy": 6.506583384555822, "VirtualAddress": {"FileOffset": 484, "Value": 4096, "Offset": 12}, "Structure": "IMAGE_SECTION_HEADER", "NumberOfLinenumbers": {"FileOffset": 506, "Value": 0, "Offset": 34}}, {"PointerToRawData": {"FileOffset": 532, "Value": 40960, "Offset": 20}, "SHA1": "4bc5053afc98981d7316f31f28f17994d2eee5b9", "SHA256": "f20477524418560e3840db3d4493fb70fef51d3d4c3fdca6d9e4b7653b46cab6", "Name": {"FileOffset": 512, "Value": ".rdata", "Offset": 0}, "NumberOfRelocations": {"FileOffset": 544, "Value": 0, "Offset": 32}, "Misc_VirtualSize": {"FileOffset": 520, "Value": 4138, "Offset": 8}, "Characteristics": {"FileOffset": 548, "Value": 1073741888, "Offset": 36}, "Misc": {"FileOffset": 520, "Value": 4138, "Offset": 8}, "PointerToLinenumbers": {"FileOffset": 540, "Value": 0, "Offset": 28}, "SizeOfRawData": {"FileOffset": 528, "Value": 8192, "Offset": 16}, "Misc_PhysicalAddress": {"FileOffset": 520, "Value": 4138, "Offset": 8}, "PointerToRelocations": {"FileOffset": 536, "Value": 0, "Offset": 24}, "Flags": ["IMAGE_SCN_CNT_INITIALIZED_DATA", "IMAGE_SCN_MEM_READ"], "SHA512": "32c78b91924d6a9a0b441a224b1eb2686d10edff0d0a5fcc1e3f57ce10368ebcfdd52dd45d2765bd1fa881bfdfe72b36b06d37b9f5f05e345604edfe3e5b285c", "MD5": "f0bca519efb00f25e87c83de9c4cd7cc", "Entropy": 3.2580187913142975, "VirtualAddress": {"FileOffset": 524, "Value": 40960, "Offset": 12}, "Structure": "IMAGE_SECTION_HEADER", "NumberOfLinenumbers": {"FileOffset": 546, "Value": 0, "Offset": 34}}, {"PointerToRawData": {"FileOffset": 572, "Value": 49152, "Offset": 20}, "SHA1": "d2371d8016dccfc62c13364bb5a855dad4b288b5", "SHA256": "d9a43394040c8d4227fed8e10f7378aa2d884e09eb1483fdb8906630f7705c4a", "Name": {"FileOffset": 552, "Value": ".data", "Offset": 0}, "NumberOfRelocations": {"FileOffset": 584, "Value": 0, "Offset": 32}, "Misc_VirtualSize": {"FileOffset": 560, "Value": 11788, "Offset": 8}, "Characteristics": {"FileOffset": 588, "Value": 3221225536, "Offset": 36}, "Misc": {"FileOffset": 560, "Value": 11788, "Offset": 8}, "PointerToLinenumbers": {"FileOffset": 580, "Value": 0, "Offset": 28}, "SizeOfRawData": {"FileOffset": 568, "Value": 4096, "Offset": 16}, "Misc_PhysicalAddress": {"FileOffset": 560, "Value": 11788, "Offset": 8}, "PointerToRelocations": {"FileOffset": 576, "Value": 0, "Offset": 24}, "Flags": ["IMAGE_SCN_CNT_INITIALIZED_DATA", "IMAGE_SCN_MEM_WRITE", "IMAGE_SCN_MEM_READ"], "SHA512": "e99a34f6a056a9eb045b6d96ca0903bc0ca87c3e85c6d53d36b55edcf05747d385003f91fe6a8536df9dd01259a003addf5dd8ed17648d2f7e777daffee0b49f", "MD5": "2907180e5b2e668cc559e7afdf96474e", "Entropy": 3.090192693700137, "VirtualAddress": {"FileOffset": 564, "Value": 49152, "Offset": 12}, "Structure": "IMAGE_SECTION_HEADER", "NumberOfLinenumbers": {"FileOffset": 586, "Value": 0, "Offset": 34}}, {"PointerToRawData": {"FileOffset": 612, "Value": 53248, "Offset": 20}, "SHA1": "dcf294f0807e8b2294a5fed1ff10d6872b55653c", "SHA256": "75235508e8e5ee64b3e08f785ad0efa3e4b1c011cc025f027fa314dd86fe48d5", "Name": {"FileOffset": 592, "Value": ".reloc", "Offset": 0}, "NumberOfRelocations": {"FileOffset": 624, "Value": 0, "Offset": 32}, "Misc_VirtualSize": {"FileOffset": 600, "Value": 3788, "Offset": 8}, "Characteristics": {"FileOffset": 628, "Value": 1107296320, "Offset": 36}, "Misc": {"FileOffset": 600, "Value": 3788, "Offset": 8}, "PointerToLinenumbers": {"FileOffset": 620, "Value": 0, "Offset": 28}, "SizeOfRawData": {"FileOffset": 608, "Value": 4096, "Offset": 16}, "Misc_PhysicalAddress": {"FileOffset": 600, "Value": 3788, "Offset": 8}, "PointerToRelocations": {"FileOffset": 616, "Value": 0, "Offset": 24}, "Flags": ["IMAGE_SCN_CNT_INITIALIZED_DATA", "IMAGE_SCN_MEM_DISCARDABLE", "IMAGE_SCN_MEM_READ"], "SHA512": "8a48ed27d6a48878018c2844ffb6b6627049733919db7f8084dadf7c6f98f06359491d49fcf79c4615378691bbd5dbde643206bfb7d092bbd5667e22de886d57", "MD5": "e1909eb13e6925ef7f1f935175eaa93b", "Entropy": 4.510488712219783, "VirtualAddress": {"FileOffset": 604, "Value": 61440, "Offset": 12}, "Structure": "IMAGE_SECTION_HEADER", "NumberOfLinenumbers": {"FileOffset": 626, "Value": 0, "Offset": 34}}]}
