{"DllCharacteristics": [], "FILE_HEADER": {"NumberOfSections": {"FileOffset": 238, "Value": 3, "Offset": 2}, "TimeDateStamp": {"FileOffset": 240, "Value": "0x4C9FFC27 [Mon Sep 27 02:06:31 2010 UTC]", "Offset": 4}, "PointerToSymbolTable": {"FileOffset": 244, "Value": 0, "Offset": 8}, "NumberOfSymbols": {"FileOffset": 248, "Value": 0, "Offset": 12}, "Machine": {"FileOffset": 236, "Value": 332, "Offset": 0}, "Characteristics": {"FileOffset": 254, "Value": 271, "Offset": 18}, "SizeOfOptionalHeader": {"FileOffset": 252, "Value": 224, "Offset": 16}, "Structure": "IMAGE_FILE_HEADER"}, "Directories": [{"VirtualAddress": {"FileOffset": 352, "Value": 0, "Offset": 0}, "Structure": "IMAGE_DIRECTORY_ENTRY_EXPORT", "Size": {"FileOffset": 356, "Value": 0, "Offset": 4}}, {"VirtualAddress": {"FileOffset": 360, "Value": 24740, "Offset": 0}, "Structure": "IMAGE_DIRECTORY_ENTRY_IMPORT", "Size": {"FileOffset": 364, "Value": 120, "Offset": 4}}, {"VirtualAddress": {"FileOffset": 368, "Value": 0, "Offset": 0}, "Structure": "IMAGE_DIRECTORY_ENTRY_RESOURCE", "Size": {"FileOffset": 372, "Value": 0, "Offset": 4}}, {"VirtualAddress": {"FileOffset": 376, "Value": 0, "Offset": 0}, "Structure": "IMAGE_DIRECTORY_ENTRY_EXCEPTION", "Size": {"FileOffset": 380, "Value": 0, "Offset": 4}}, {"VirtualAddress": {"FileOffset": 384, "Value": 0, "Offset": 0}, "Structure": "IMAGE_DIRECTORY_ENTRY_SECURITY", "Size": {"FileOffset": 388, "Value": 0, "Offset": 4}}, {"VirtualAddress": {"FileOffset": 392, "Value": 0, "Offset": 0}, "Structure": "IMAGE_DIRECTORY_ENTRY_BASERELOC", "Size": {"FileOffset": 396, "Value": 0, "Offset": 4}}, {"VirtualAddress": {"FileOffset": 400, "Value": 0, "Offset": 0}, "Structure": "IMAGE_DIRECTORY_ENTRY_DEBUG", "Size": {"FileOffset": 404, "Value": 0, "Offset": 4}}, {"VirtualAddress": {"FileOffset": 408, "Value": 0, "Offset": 0}, "Structure": "IMAGE_DIRECTORY_ENTRY_COPYRIGHT", "Size": {"FileOffset": 412, "Value": 0, "Offset": 4}}, {"VirtualAddress": {"FileOffset": 416, "Value": 0, "Offset": 0}, "Structure": "IMAGE_DIRECTORY_ENTRY_GLOBALPTR", "Size": {"FileOffset": 420, "Value": 0, "Offset": 4}}, {"VirtualAddress": {"FileOffset": 424, "Value": 0, "Offset": 0}, "Structure": "IMAGE_DIRECTORY_ENTRY_TLS", "Size": {"FileOffset": 428, "Value": 0, "Offset": 4}}, {"VirtualAddress": {"FileOffset": 432, "Value": 0, "Offset": 0}, "Structure": "IMAGE_DIRECTORY_ENTRY_LOAD_CONFIG", "Size": {"FileOffset": 436, "Value": 0, "Offset": 4}}, {"VirtualAddress": {"FileOffset": 440, "Value": 0, "Offset": 0}, "Structure": "IMAGE_DIRECTORY_ENTRY_BOUND_IMPORT", "Size": {"FileOffset": 444, "Value": 0, "Offset": 4}}, {"VirtualAddress": {"FileOffset": 448, "Value": 24576, "Offset": 0}, "Structure": "IMAGE_DIRECTORY_ENTRY_IAT", "Size": {"FileOffset": 452, "Value": 152, "Offset": 4}}, {"VirtualAddress": {"FileOffset": 456, "Value": 0, "Offset": 0}, "Structure": "IMAGE_DIRECTORY_ENTRY_DELAY_IMPORT", "Size": {"FileOffset": 460, "Value": 0, "Offset": 4}}, {"VirtualAddress": {"FileOffset": 464, "Value": 0, "Offset": 0}, "Structure": "IMAGE_DIRECTORY_ENTRY_COM_DESCRIPTOR", "Size": {"FileOffset": 468, "Value": 0, "Offset": 4}}, {"VirtualAddress": {"FileOffset": 472, "Value": 0, "Offset": 0}, "Structure": "IMAGE_DIRECTORY_ENTRY_RESERVED", "Size": {"FileOffset": 476, "Value": 0, "Offset": 4}}], "OPTIONAL_HEADER": {"DllCharacteristics": {"FileOffset": 326, "Value": 0, "Offset": 70}, "BaseOfCode": {"FileOffset": 276, "Value": 4096, "Offset": 20}, "MajorLinkerVersion": {"FileOffset": 258, "Value": 6, "Offset": 2}, "MinorOperatingSystemVersion": {"FileOffset": 298, "Value": 0, "Offset": 42}, "MinorLinkerVersion": {"FileOffset": 259, "Value": 0, "Offset": 3}, "MajorSubsystemVersion": {"FileOffset": 304, "Value": 4, "Offset": 48}, "MajorOperatingSystemVersion": {"FileOffset": 296, "Value": 4, "Offset": 40}, "SizeOfStackCommit": {"FileOffset": 332, "Value": 4096, "Offset": 76}, "SizeOfUninitializedData": {"FileOffset": 268, "Value": 0, "Offset": 12}, "NumberOfRvaAndSizes": {"FileOffset": 348, "Value": 16, "Offset": 92}, "SizeOfHeapReserve": {"FileOffset": 336, "Value": 1048576, "Offset": 80}, "LoaderFlags": {"FileOffset": 344, "Value": 0, "Offset": 88}, "SizeOfHeapCommit": {"FileOffset": 340, "Value": 4096, "Offset": 84}, "SizeOfStackReserve": {"FileOffset": 328, "Value": 1048576, "Offset": 72}, "Structure": "IMAGE_OPTIONAL_HEADER", "SizeOfHeaders": {"FileOffset": 316, "Value": 1024, "Offset": 60}, "Subsystem": {"FileOffset": 324, "Value": 2, "Offset": 68}, "Magic": {"FileOffset": 256, "Value": 267, "Offset": 0}, "MinorImageVersion": {"FileOffset": 302, "Value": 0, "Offset": 46}, "MajorImageVersion": {"FileOffset": 300, "Value": 0, "Offset": 44}, "FileAlignment": {"FileOffset": 292, "Value": 512, "Offset": 36}, "BaseOfData": {"FileOffset": 280, "Value": 24576, "Offset": 24}, "AddressOfEntryPoint": {"FileOffset": 272, "Value": 23536, "Offset": 16}, "SectionAlignment": {"FileOffset": 288, "Value": 4096, "Offset": 32}, "SizeOfCode": {"FileOffset": 260, "Value": 19968, "Offset": 4}, "ImageBase": {"FileOffset": 284, "Value": 4194304, "Offset": 28}, "SizeOfInitializedData": {"FileOffset": 264, "Value": 2048, "Offset": 8}, "SizeOfImage": {"FileOffset": 312, "Value": 32768, "Offset": 56}, "MinorSubsystemVersion": {"FileOffset": 306, "Value": 0, "Offset": 50}, "CheckSum": {"FileOffset": 320, "Value": 85698, "Offset": 64}, "Reserved1": {"FileOffset": 308, "Value": 0, "Offset": 52}}, "DOS_HEADER": {"e_cblp": {"FileOffset": 2, "Value": 144, "Offset": 2}, "e_crlc": {"FileOffset": 6, "Value": 0, "Offset": 6}, "e_ovno": {"FileOffset": 26, "Value": 0, "Offset": 26}, "e_minalloc": {"FileOffset": 10, "Value": 0, "Offset": 10}, "e_csum": {"FileOffset": 18, "Value": 0, "Offset": 18}, "e_cparhdr": {"FileOffset": 8, "Value": 4, "Offset": 8}, "e_cp": {"FileOffset": 4, "Value": 3, "Offset": 4}, "e_cs": {"FileOffset": 22, "Value": 0, "Offset": 22}, "e_maxalloc": {"FileOffset": 12, "Value": 65535, "Offset": 12}, "e_lfarlc": {"FileOffset": 24, "Value": 64, "Offset": 24}, "e_oemid": {"FileOffset": 36, "Value": 0, "Offset": 36}, "e_lfanew": {"FileOffset": 60, "Value": 232, "Offset": 60}, "e_ss": {"FileOffset": 14, "Value": 0, "Offset": 14}, "e_magic": {"FileOffset": 0, "Value": 23117, "Offset": 0}, "e_oeminfo": {"FileOffset": 38, "Value": 0, "Offset": 38}, "e_res2": {"FileOffset": 40, "Value": "", "Offset": 40}, "e_res": {"FileOffset": 28, "Value": "", "Offset": 28}, "e_sp": {"FileOffset": 16, "Value": 184, "Offset": 16}, "Structure": "IMAGE_DOS_HEADER", "e_ip": {"FileOffset": 20, "Value": 0, "Offset": 20}}, "NT_HEADERS": {"Structure": "IMAGE_NT_HEADERS", "Signature": {"FileOffset": 232, "Value": 17744, "Offset": 0}}, "Flags": ["IMAGE_FILE_LOCAL_SYMS_STRIPPED", "IMAGE_FILE_32BIT_MACHINE", "IMAGE_FILE_EXECUTABLE_IMAGE", "IMAGE_FILE_LINE_NUMS_STRIPPED", "IMAGE_FILE_RELOCS_STRIPPED"], "Imported symbols": [[{"TimeDateStamp": {"FileOffset": 21160, "Value": "0x0        [Thu Jan  1 00:00:00 1970 UTC]", "Offset": 4}, "Name": {"FileOffset": 21168, "Value": 25074, "Offset": 12}, "ForwarderChain": {"FileOffset": 21164, "Value": 0, "Offset": 8}, "OriginalFirstThunk": {"FileOffset": 21156, "Value": 24876, "Offset": 0}, "FirstThunk": {"FileOffset": 21172, "Value": 24592, "Offset": 16}, "Characteristics": {"FileOffset": 21156, "Value": 24876, "Offset": 0}, "Structure": "IMAGE_IMPORT_DESCRIPTOR"}, {"Hint": 662, "Name": "Sleep", "DLL": "KERNEL32.dll"}, {"Hint": 357, "Name": "GetTempPathA", "DLL": "KERNEL32.dll"}, {"Hint": 355, "Name": "GetTempFileNameA", "DLL": "KERNEL32.dll"}, {"Hint": 68, "Name": "CreateProcessA", "DLL": "KERNEL32.dll"}], [{"TimeDateStamp": {"FileOffset": 21180, "Value": "0x0        [Thu Jan  1 00:00:00 1970 UTC]", "Offset": 4}, "Name": {"FileOffset": 21188, "Value": 25136, "Offset": 12}, "ForwarderChain": {"FileOffset": 21184, "Value": 0, "Offset": 8}, "OriginalFirstThunk": {"FileOffset": 21176, "Value": 24860, "Offset": 0}, "FirstThunk": {"FileOffset": 21192, "Value": 24576, "Offset": 16}, "Characteristics": {"FileOffset": 21176, "Value": 24860, "Offset": 0}, "Structure": "IMAGE_IMPORT_DESCRIPTOR"}, {"Hint": 370, "Name": "RegOpenKeyExA", "DLL": "ADVAPI32.dll"}, {"Hint": 390, "Name": "RegSetValueExA", "DLL": "ADVAPI32.dll"}, {"Hint": 347, "Name": "RegCloseKey", "DLL": "ADVAPI32.dll"}], [{"TimeDateStamp": {"FileOffset": 21200, "Value": "0x0        [Thu Jan  1 00:00:00 1970 UTC]", "Offset": 4}, "Name": {"FileOffset": 21208, "Value": 25228, "Offset": 12}, "ForwarderChain": {"FileOffset": 21204, "Value": 0, "Offset": 8}, "OriginalFirstThunk": {"FileOffset": 21196, "Value": 24984, "Offset": 0}, "FirstThunk": {"FileOffset": 21212, "Value": 24700, "Offset": 16}, "Characteristics": {"FileOffset": 21196, "Value": 24984, "Offset": 0}, "Structure": "IMAGE_IMPORT_DESCRIPTOR"}, {"Hint": 111, "Name": "InternetOpenA", "DLL": "WININET.dll"}, {"Hint": 113, "Name": "InternetOpenUrlA", "DLL": "WININET.dll"}, {"Hint": 119, "Name": "InternetReadFile", "DLL": "WININET.dll"}, {"Hint": 86, "Name": "InternetCloseHandle", "DLL": "WININET.dll"}], [{"TimeDateStamp": {"FileOffset": 21220, "Value": "0x0        [Thu Jan  1 00:00:00 1970 UTC]", "Offset": 4}, "Name": {"FileOffset": 21228, "Value": 25262, "Offset": 12}, "ForwarderChain": {"FileOffset": 21224, "Value": 0, "Offset": 8}, "OriginalFirstThunk": {"FileOffset": 21216, "Value": 25004, "Offset": 0}, "FirstThunk": {"FileOffset": 21232, "Value": 24720, "Offset": 16}, "Characteristics": {"FileOffset": 21216, "Value": 25004, "Offset": 0}, "Structure": "IMAGE_IMPORT_DESCRIPTOR"}, {"Hint": 62, "Name": "URLDownloadToFileA", "DLL": "urlmon.dll"}], [{"TimeDateStamp": {"FileOffset": 21240, "Value": "0x0        [Thu Jan  1 00:00:00 1970 UTC]", "Offset": 4}, "Name": {"FileOffset": 21248, "Value": 25544, "Offset": 12}, "ForwarderChain": {"FileOffset": 21244, "Value": 0, "Offset": 8}, "OriginalFirstThunk": {"FileOffset": 21236, "Value": 24896, "Offset": 0}, "FirstThunk": {"FileOffset": 21252, "Value": 24612, "Offset": 16}, "Characteristics": {"FileOffset": 21236, "Value": 24896, "Offset": 0}, "Structure": "IMAGE_IMPORT_DESCRIPTOR"}, {"Hint": 183, "Name": "_controlfp", "DLL": "MSVCRT.dll"}, {"Hint": 202, "Name": "_except_handler3", "DLL": "MSVCRT.dll"}, {"Hint": 129, "Name": "__set_app_type", "DLL": "MSVCRT.dll"}, {"Hint": 111, "Name": "__p__fmode", "DLL": "MSVCRT.dll"}, {"Hint": 106, "Name": "__p__commode", "DLL": "MSVCRT.dll"}, {"Hint": 16, "Name": "??3@YAXPAX@Z", "DLL": "MSVCRT.dll"}, {"Hint": 15, "Name": "??2@YAPAXI@Z", "DLL": "MSVCRT.dll"}, {"Hint": 670, "Name": "printf", "DLL": "MSVCRT.dll"}, {"Hint": 665, "Name": "memset", "DLL": "MSVCRT.dll"}, {"Hint": 657, "Name": "malloc", "DLL": "MSVCRT.dll"}, {"Hint": 695, "Name": "strchr", "DLL": "MSVCRT.dll"}, {"Hint": 702, "Name": "strlen", "DLL": "MSVCRT.dll"}, {"Hint": 694, "Name": "strcat", "DLL": "MSVCRT.dll"}, {"Hint": 211, "Name": "_exit", "DLL": "MSVCRT.dll"}, {"Hint": 72, "Name": "_XcptFilter", "DLL": "MSVCRT.dll"}, {"Hint": 585, "Name": "exit", "DLL": "MSVCRT.dll"}, {"Hint": 100, "Name": "__p___initenv", "DLL": "MSVCRT.dll"}, {"Hint": 88, "Name": "__getmainargs", "DLL": "MSVCRT.dll"}, {"Hint": 271, "Name": "_initterm", "DLL": "MSVCRT.dll"}, {"Hint": 131, "Name": "__setusermatherr", "DLL": "MSVCRT.dll"}, {"Hint": 157, "Name": "_adjust_fdiv", "DLL": "MSVCRT.dll"}]], "PE Sections": [{"PointerToRawData": {"FileOffset": 500, "Value": 1024, "Offset": 20}, "SHA1": "36b40ff58dd78f089f157101dd3adcafcdd98f32", "SHA256": "286ffd297c287912a7a039a6f6e8a24543b365f6c115706198e254b868aaa495", "Name": {"FileOffset": 480, "Value": ".text", "Offset": 0}, "NumberOfRelocations": {"FileOffset": 512, "Value": 0, "Offset": 32}, "Misc_VirtualSize": {"FileOffset": 488, "Value": 19820, "Offset": 8}, "Characteristics": {"FileOffset": 516, "Value": 1610612768, "Offset": 36}, "Misc": {"FileOffset": 488, "Value": 19820, "Offset": 8}, "PointerToLinenumbers": {"FileOffset": 508, "Value": 0, "Offset": 28}, "SizeOfRawData": {"FileOffset": 496, "Value": 19968, "Offset": 16}, "Misc_PhysicalAddress": {"FileOffset": 488, "Value": 19820, "Offset": 8}, "PointerToRelocations": {"FileOffset": 504, "Value": 0, "Offset": 24}, "Flags": ["IMAGE_SCN_MEM_EXECUTE", "IMAGE_SCN_CNT_CODE", "IMAGE_SCN_MEM_READ"], "SHA512": "26f9c0f2611b4480be0eaadbba412a7a2ff77b2367cda65fd1c3e500f35329a02dc307c00e8db5047864959ee14f11ffaced69e675c7a56bb31be0478e08332b", "MD5": "cebbfbd106d3f961982c686c3a1ba9d3", "Entropy": 5.391115542230306, "VirtualAddress": {"FileOffset": 492, "Value": 4096, "Offset": 12}, "Structure": "IMAGE_SECTION_HEADER", "NumberOfLinenumbers": {"FileOffset": 514, "Value": 0, "Offset": 34}}, {"PointerToRawData": {"FileOffset": 540, "Value": 20992, "Offset": 20}, "SHA1": "fbedec36060cdfb8659d50cfb3ef63e7c83d9455", "SHA256": "b29a940e88f6e339239a445578fead3f8df3879d5ca72438dc0108bf5482aca8", "Name": {"FileOffset": 520, "Value": ".rdata", "Offset": 0}, "NumberOfRelocations": {"FileOffset": 552, "Value": 0, "Offset": 32}, "Misc_VirtualSize": {"FileOffset": 528, "Value": 994, "Offset": 8}, "Characteristics": {"FileOffset": 556, "Value": 1073741888, "Offset": 36}, "Misc": {"FileOffset": 528, "Value": 994, "Offset": 8}, "PointerToLinenumbers": {"FileOffset": 548, "Value": 0, "Offset": 28}, "SizeOfRawData": {"FileOffset": 536, "Value": 1024, "Offset": 16}, "Misc_PhysicalAddress": {"FileOffset": 528, "Value": 994, "Offset": 8}, "PointerToRelocations": {"FileOffset": 544, "Value": 0, "Offset": 24}, "Flags": ["IMAGE_SCN_CNT_INITIALIZED_DATA", "IMAGE_SCN_MEM_READ"], "SHA512": "1c52cf27959b1fbb74b2af1c5a45452335fb69b2c6235c89af7868376db6a16522ce7b7e316badc46c6ee4f1f25e8eb37fc0798ad50bd75b4d81f33e51f9ddd3", "MD5": "3d86dff03fca483066bb256ec84fc917", "Entropy": 4.558531775300085, "VirtualAddress": {"FileOffset": 532, "Value": 24576, "Offset": 12}, "Structure": "IMAGE_SECTION_HEADER", "NumberOfLinenumbers": {"FileOffset": 554, "Value": 0, "Offset": 34}}, {"PointerToRawData": {"FileOffset": 580, "Value": 22016, "Offset": 20}, "SHA1": "4df59e339484ba2424d3b80c574f5abdc94e5242", "SHA256": "df22d7f10bcade9976844f3813e98513a4389da4e114b042ab9cd5ea41e33a9d", "Name": {"FileOffset": 560, "Value": ".data", "Offset": 0}, "NumberOfRelocations": {"FileOffset": 592, "Value": 0, "Offset": 32}, "Misc_VirtualSize": {"FileOffset": 568, "Value": 704, "Offset": 8}, "Characteristics": {"FileOffset": 596, "Value": 3221225536, "Offset": 36}, "Misc": {"FileOffset": 568, "Value": 704, "Offset": 8}, "PointerToLinenumbers": {"FileOffset": 588, "Value": 0, "Offset": 28}, "SizeOfRawData": {"FileOffset": 576, "Value": 512, "Offset": 16}, "Misc_PhysicalAddress": {"FileOffset": 568, "Value": 704, "Offset": 8}, "PointerToRelocations": {"FileOffset": 584, "Value": 0, "Offset": 24}, "Flags": ["IMAGE_SCN_CNT_INITIALIZED_DATA", "IMAGE_SCN_MEM_WRITE", "IMAGE_SCN_MEM_READ"], "SHA512": "e01b343b684c2175d03f857d19571a1e0e79a74e785a7643e8c17cb267ec4fc88573392455a4db18e184d9b0ade0d8413e3301186c163ed8134accf95ba93651", "MD5": "66ad24fd3af94bc4d9e8700fdb87df17", "Entropy": 4.2555467341859226, "VirtualAddress": {"FileOffset": 572, "Value": 28672, "Offset": 12}, "Structure": "IMAGE_SECTION_HEADER", "NumberOfLinenumbers": {"FileOffset": 594, "Value": 0, "Offset": 34}}]}
