{"DllCharacteristics": [], "FILE_HEADER": {"NumberOfSections": {"FileOffset": 222, "Value": 3, "Offset": 2}, "TimeDateStamp": {"FileOffset": 224, "Value": "0x4F5EC36D [Tue Mar 13 03:47:57 2012 UTC]", "Offset": 4}, "PointerToSymbolTable": {"FileOffset": 228, "Value": 0, "Offset": 8}, "NumberOfSymbols": {"FileOffset": 232, "Value": 0, "Offset": 12}, "Machine": {"FileOffset": 220, "Value": 332, "Offset": 0}, "Characteristics": {"FileOffset": 238, "Value": 271, "Offset": 18}, "SizeOfOptionalHeader": {"FileOffset": 236, "Value": 224, "Offset": 16}, "Structure": "IMAGE_FILE_HEADER"}, "Directories": [{"VirtualAddress": {"FileOffset": 336, "Value": 0, "Offset": 0}, "Structure": "IMAGE_DIRECTORY_ENTRY_EXPORT", "Size": {"FileOffset": 340, "Value": 0, "Offset": 4}}, {"VirtualAddress": {"FileOffset": 344, "Value": 108664, "Offset": 0}, "Structure": "IMAGE_DIRECTORY_ENTRY_IMPORT", "Size": {"FileOffset": 348, "Value": 100, "Offset": 4}}, {"VirtualAddress": {"FileOffset": 352, "Value": 0, "Offset": 0}, "Structure": "IMAGE_DIRECTORY_ENTRY_RESOURCE", "Size": {"FileOffset": 356, "Value": 0, "Offset": 4}}, {"VirtualAddress": {"FileOffset": 360, "Value": 0, "Offset": 0}, "Structure": "IMAGE_DIRECTORY_ENTRY_EXCEPTION", "Size": {"FileOffset": 364, "Value": 0, "Offset": 4}}, {"VirtualAddress": {"FileOffset": 368, "Value": 0, "Offset": 0}, "Structure": "IMAGE_DIRECTORY_ENTRY_SECURITY", "Size": {"FileOffset": 372, "Value": 0, "Offset": 4}}, {"VirtualAddress": {"FileOffset": 376, "Value": 0, "Offset": 0}, "Structure": "IMAGE_DIRECTORY_ENTRY_BASERELOC", "Size": {"FileOffset": 380, "Value": 0, "Offset": 4}}, {"VirtualAddress": {"FileOffset": 384, "Value": 0, "Offset": 0}, "Structure": "IMAGE_DIRECTORY_ENTRY_DEBUG", "Size": {"FileOffset": 388, "Value": 0, "Offset": 4}}, {"VirtualAddress": {"FileOffset": 392, "Value": 0, "Offset": 0}, "Structure": "IMAGE_DIRECTORY_ENTRY_COPYRIGHT", "Size": {"FileOffset": 396, "Value": 0, "Offset": 4}}, {"VirtualAddress": {"FileOffset": 400, "Value": 0, "Offset": 0}, "Structure": "IMAGE_DIRECTORY_ENTRY_GLOBALPTR", "Size": {"FileOffset": 404, "Value": 0, "Offset": 4}}, {"VirtualAddress": {"FileOffset": 408, "Value": 0, "Offset": 0}, "Structure": "IMAGE_DIRECTORY_ENTRY_TLS", "Size": {"FileOffset": 412, "Value": 0, "Offset": 4}}, {"VirtualAddress": {"FileOffset": 416, "Value": 0, "Offset": 0}, "Structure": "IMAGE_DIRECTORY_ENTRY_LOAD_CONFIG", "Size": {"FileOffset": 420, "Value": 0, "Offset": 4}}, {"VirtualAddress": {"FileOffset": 424, "Value": 0, "Offset": 0}, "Structure": "IMAGE_DIRECTORY_ENTRY_BOUND_IMPORT", "Size": {"FileOffset": 428, "Value": 0, "Offset": 4}}, {"VirtualAddress": {"FileOffset": 432, "Value": 102400, "Offset": 0}, "Structure": "IMAGE_DIRECTORY_ENTRY_IAT", "Size": {"FileOffset": 436, "Value": 344, "Offset": 4}}, {"VirtualAddress": {"FileOffset": 440, "Value": 0, "Offset": 0}, "Structure": "IMAGE_DIRECTORY_ENTRY_DELAY_IMPORT", "Size": {"FileOffset": 444, "Value": 0, "Offset": 4}}, {"VirtualAddress": {"FileOffset": 448, "Value": 0, "Offset": 0}, "Structure": "IMAGE_DIRECTORY_ENTRY_COM_DESCRIPTOR", "Size": {"FileOffset": 452, "Value": 0, "Offset": 4}}, {"VirtualAddress": {"FileOffset": 456, "Value": 0, "Offset": 0}, "Structure": "IMAGE_DIRECTORY_ENTRY_RESERVED", "Size": {"FileOffset": 460, "Value": 0, "Offset": 4}}], "OPTIONAL_HEADER": {"DllCharacteristics": {"FileOffset": 310, "Value": 0, "Offset": 70}, "BaseOfCode": {"FileOffset": 260, "Value": 4096, "Offset": 20}, "MajorLinkerVersion": {"FileOffset": 242, "Value": 6, "Offset": 2}, "MinorOperatingSystemVersion": {"FileOffset": 282, "Value": 0, "Offset": 42}, "MinorLinkerVersion": {"FileOffset": 243, "Value": 0, "Offset": 3}, "MajorSubsystemVersion": {"FileOffset": 288, "Value": 4, "Offset": 48}, "MajorOperatingSystemVersion": {"FileOffset": 280, "Value": 4, "Offset": 40}, "SizeOfStackCommit": {"FileOffset": 316, "Value": 4096, "Offset": 76}, "SizeOfUninitializedData": {"FileOffset": 252, "Value": 0, "Offset": 12}, "NumberOfRvaAndSizes": {"FileOffset": 332, "Value": 16, "Offset": 92}, "SizeOfHeapReserve": {"FileOffset": 320, "Value": 1048576, "Offset": 80}, "LoaderFlags": {"FileOffset": 328, "Value": 0, "Offset": 88}, "SizeOfHeapCommit": {"FileOffset": 324, "Value": 4096, "Offset": 84}, "SizeOfStackReserve": {"FileOffset": 312, "Value": 1048576, "Offset": 72}, "Structure": "IMAGE_OPTIONAL_HEADER", "SizeOfHeaders": {"FileOffset": 300, "Value": 4096, "Offset": 60}, "Subsystem": {"FileOffset": 308, "Value": 2, "Offset": 68}, "Magic": {"FileOffset": 240, "Value": 267, "Offset": 0}, "MinorImageVersion": {"FileOffset": 286, "Value": 0, "Offset": 46}, "MajorImageVersion": {"FileOffset": 284, "Value": 0, "Offset": 44}, "FileAlignment": {"FileOffset": 276, "Value": 4096, "Offset": 36}, "BaseOfData": {"FileOffset": 264, "Value": 102400, "Offset": 24}, "AddressOfEntryPoint": {"FileOffset": 256, "Value": 60438, "Offset": 16}, "SectionAlignment": {"FileOffset": 272, "Value": 4096, "Offset": 32}, "SizeOfCode": {"FileOffset": 244, "Value": 98304, "Offset": 4}, "ImageBase": {"FileOffset": 268, "Value": 4194304, "Offset": 28}, "SizeOfInitializedData": {"FileOffset": 248, "Value": 32768, "Offset": 8}, "SizeOfImage": {"FileOffset": 296, "Value": 135168, "Offset": 56}, "MinorSubsystemVersion": {"FileOffset": 290, "Value": 0, "Offset": 50}, "CheckSum": {"FileOffset": 304, "Value": 0, "Offset": 64}, "Reserved1": {"FileOffset": 292, "Value": 0, "Offset": 52}}, "DOS_HEADER": {"e_cblp": {"FileOffset": 2, "Value": 144, "Offset": 2}, "e_crlc": {"FileOffset": 6, "Value": 0, "Offset": 6}, "e_ovno": {"FileOffset": 26, "Value": 0, "Offset": 26}, "e_minalloc": {"FileOffset": 10, "Value": 0, "Offset": 10}, "e_csum": {"FileOffset": 18, "Value": 0, "Offset": 18}, "e_cparhdr": {"FileOffset": 8, "Value": 4, "Offset": 8}, "e_cp": {"FileOffset": 4, "Value": 3, "Offset": 4}, "e_cs": {"FileOffset": 22, "Value": 0, "Offset": 22}, "e_maxalloc": {"FileOffset": 12, "Value": 65535, "Offset": 12}, "e_lfarlc": {"FileOffset": 24, "Value": 64, "Offset": 24}, "e_oemid": {"FileOffset": 36, "Value": 0, "Offset": 36}, "e_lfanew": {"FileOffset": 60, "Value": 216, "Offset": 60}, "e_ss": {"FileOffset": 14, "Value": 0, "Offset": 14}, "e_magic": {"FileOffset": 0, "Value": 23117, "Offset": 0}, "e_oeminfo": {"FileOffset": 38, "Value": 0, "Offset": 38}, "e_res2": {"FileOffset": 40, "Value": "", "Offset": 40}, "e_res": {"FileOffset": 28, "Value": "", "Offset": 28}, "e_sp": {"FileOffset": 16, "Value": 184, "Offset": 16}, "Structure": "IMAGE_DOS_HEADER", "e_ip": {"FileOffset": 20, "Value": 0, "Offset": 20}}, "NT_HEADERS": {"Structure": "IMAGE_NT_HEADERS", "Signature": {"FileOffset": 216, "Value": 17744, "Offset": 0}}, "Flags": ["IMAGE_FILE_LOCAL_SYMS_STRIPPED", "IMAGE_FILE_32BIT_MACHINE", "IMAGE_FILE_EXECUTABLE_IMAGE", "IMAGE_FILE_LINE_NUMS_STRIPPED", "IMAGE_FILE_RELOCS_STRIPPED"], "Imported symbols": [[{"TimeDateStamp": {"FileOffset": 108668, "Value": "0x0        [Thu Jan  1 00:00:00 1970 UTC]", "Offset": 4}, "Name": {"FileOffset": 108676, "Value": 109358, "Offset": 12}, "ForwarderChain": {"FileOffset": 108672, "Value": 0, "Offset": 8}, "OriginalFirstThunk": {"FileOffset": 108664, "Value": 108780, "Offset": 0}, "FirstThunk": {"FileOffset": 108680, "Value": 102416, "Offset": 16}, "Characteristics": {"FileOffset": 108664, "Value": 108780, "Offset": 0}, "Structure": "IMAGE_IMPORT_DESCRIPTOR"}, {"Hint": 584, "Name": "LoadLibraryA", "DLL": "KERNEL32.dll"}, {"Hint": 431, "Name": "GetStartupInfoA", "DLL": "KERNEL32.dll"}, {"Hint": 95, "Name": "CreatePipe", "DLL": "KERNEL32.dll"}, {"Hint": 683, "Name": "ReadFile", "DLL": "KERNEL32.dll"}, {"Hint": 849, "Name": "TerminateProcess", "DLL": "KERNEL32.dll"}, {"Hint": 408, "Name": "GetProcAddress", "DLL": "KERNEL32.dll"}, {"Hint": 373, "Name": "GetModuleFileNameA", "DLL": "KERNEL32.dll"}, {"Hint": 429, "Name": "GetShortPathNameA", "DLL": "KERNEL32.dll"}, {"Hint": 619, "Name": "MultiByteToWideChar", "DLL": "KERNEL32.dll"}, {"Hint": 361, "Name": "GetLastError", "DLL": "KERNEL32.dll"}, {"Hint": 905, "Name": "WideCharToMultiByte", "DLL": "KERNEL32.dll"}, {"Hint": 46, "Name": "CloseHandle", "DLL": "KERNEL32.dll"}, {"Hint": 105, "Name": "CreateThread", "DLL": "KERNEL32.dll"}, {"Hint": 919, "Name": "WriteFile", "DLL": "KERNEL32.dll"}, {"Hint": 841, "Name": "Sleep", "DLL": "KERNEL32.dll"}, {"Hint": 80, "Name": "CreateFileW", "DLL": "KERNEL32.dll"}, {"Hint": 776, "Name": "SetEnvironmentVariableA", "DLL": "KERNEL32.dll"}, {"Hint": 53, "Name": "CompareStringW", "DLL": "KERNEL32.dll"}, {"Hint": 52, "Name": "CompareStringA", "DLL": "KERNEL32.dll"}, {"Hint": 571, "Name": "LCMapStringW", "DLL": "KERNEL32.dll"}, {"Hint": 570, "Name": "LCMapStringA", "DLL": "KERNEL32.dll"}, {"Hint": 77, "Name": "CreateFileA", "DLL": "KERNEL32.dll"}, {"Hint": 229, "Name": "FlushFileBuffers", "DLL": "KERNEL32.dll"}, {"Hint": 812, "Name": "SetStdHandle", "DLL": "KERNEL32.dll"}, {"Hint": 437, "Name": "GetStringTypeW", "DLL": "KERNEL32.dll"}, {"Hint": 434, "Name": "GetStringTypeA", "DLL": "KERNEL32.dll"}, {"Hint": 550, "Name": "IsBadCodePtr", "DLL": "KERNEL32.dll"}, {"Hint": 553, "Name": "IsBadReadPtr", "DLL": "KERNEL32.dll"}, {"Hint": 829, "Name": "SetUnhandledExceptionFilter", "DLL": "KERNEL32.dll"}, {"Hint": 556, "Name": "IsBadWritePtr", "DLL": "KERNEL32.dll"}, {"Hint": 885, "Name": "VirtualAlloc", "DLL": "KERNEL32.dll"}, {"Hint": 888, "Name": "VirtualFree", "DLL": "KERNEL32.dll"}, {"Hint": 716, "Name": "RtlUnwind", "DLL": "KERNEL32.dll"}, {"Hint": 175, "Name": "ExitProcess", "DLL": "KERNEL32.dll"}, {"Hint": 314, "Name": "GetCurrentProcess", "DLL": "KERNEL32.dll"}, {"Hint": 472, "Name": "GetTimeZoneInformation", "DLL": "KERNEL32.dll"}, {"Hint": 446, "Name": "GetSystemTime", "DLL": "KERNEL32.dll"}, {"Hint": 363, "Name": "GetLocalTime", "DLL": "KERNEL32.dll"}, {"Hint": 264, "Name": "GetCommandLineA", "DLL": "KERNEL32.dll"}, {"Hint": 478, "Name": "GetVersion", "DLL": "KERNEL32.dll"}, {"Hint": 524, "Name": "HeapFree", "DLL": "KERNEL32.dll"}, {"Hint": 669, "Name": "RaiseException", "DLL": "KERNEL32.dll"}, {"Hint": 518, "Name": "HeapAlloc", "DLL": "KERNEL32.dll"}, {"Hint": 784, "Name": "SetFilePointer", "DLL": "KERNEL32.dll"}, {"Hint": 252, "Name": "GetCPInfo", "DLL": "KERNEL32.dll"}, {"Hint": 245, "Name": "GetACP", "DLL": "KERNEL32.dll"}, {"Hint": 395, "Name": "GetOEMCP", "DLL": "KERNEL32.dll"}, {"Hint": 528, "Name": "HeapReAlloc", "DLL": "KERNEL32.dll"}, {"Hint": 530, "Name": "HeapSize", "DLL": "KERNEL32.dll"}, {"Hint": 375, "Name": "GetModuleHandleA", "DLL": "KERNEL32.dll"}, {"Hint": 866, "Name": "UnhandledExceptionFilter", "DLL": "KERNEL32.dll"}, {"Hint": 237, "Name": "FreeEnvironmentStringsA", "DLL": "KERNEL32.dll"}, {"Hint": 238, "Name": "FreeEnvironmentStringsW", "DLL": "KERNEL32.dll"}, {"Hint": 333, "Name": "GetEnvironmentStrings", "DLL": "KERNEL32.dll"}, {"Hint": 335, "Name": "GetEnvironmentStringsW", "DLL": "KERNEL32.dll"}, {"Hint": 793, "Name": "SetHandleCount", "DLL": "KERNEL32.dll"}, {"Hint": 433, "Name": "GetStdHandle", "DLL": "KERNEL32.dll"}, {"Hint": 350, "Name": "GetFileType", "DLL": "KERNEL32.dll"}, {"Hint": 336, "Name": "GetEnvironmentVariableA", "DLL": "KERNEL32.dll"}, {"Hint": 479, "Name": "GetVersionExA", "DLL": "KERNEL32.dll"}, {"Hint": 522, "Name": "HeapDestroy", "DLL": "KERNEL32.dll"}, {"Hint": 520, "Name": "HeapCreate", "DLL": "KERNEL32.dll"}, {"Hint": 773, "Name": "SetEndOfFile", "DLL": "KERNEL32.dll"}], [{"TimeDateStamp": {"FileOffset": 108688, "Value": "0x0        [Thu Jan  1 00:00:00 1970 UTC]", "Offset": 4}, "Name": {"FileOffset": 108696, "Value": 109422, "Offset": 12}, "ForwarderChain": {"FileOffset": 108692, "Value": 0, "Offset": 8}, "OriginalFirstThunk": {"FileOffset": 108684, "Value": 108764, "Offset": 0}, "FirstThunk": {"FileOffset": 108700, "Value": 102400, "Offset": 16}, "Characteristics": {"FileOffset": 108684, "Value": 108764, "Offset": 0}, "Structure": "IMAGE_IMPORT_DESCRIPTOR"}, {"Hint": 457, "Name": "RegCloseKey", "DLL": "ADVAPI32.dll"}, {"Hint": 505, "Name": "RegSetValueExA", "DLL": "ADVAPI32.dll"}, {"Hint": 461, "Name": "RegCreateKeyExA", "DLL": "ADVAPI32.dll"}], [{"TimeDateStamp": {"FileOffset": 108708, "Value": "0x0        [Thu Jan  1 00:00:00 1970 UTC]", "Offset": 4}, "Name": {"FileOffset": 108716, "Value": 109732, "Offset": 12}, "ForwarderChain": {"FileOffset": 108712, "Value": 0, "Offset": 8}, "OriginalFirstThunk": {"FileOffset": 108704, "Value": 109036, "Offset": 0}, "FirstThunk": {"FileOffset": 108720, "Value": 102672, "Offset": 16}, "Characteristics": {"FileOffset": 108704, "Value": 109036, "Offset": 0}, "Structure": "IMAGE_IMPORT_DESCRIPTOR"}, {"Hint": 162, "Name": "InternetSetCookieW", "DLL": "WININET.dll"}, {"Hint": 149, "Name": "InternetOpenW", "DLL": "WININET.dll"}, {"Hint": 154, "Name": "InternetReadFile", "DLL": "WININET.dll"}, {"Hint": 150, "Name": "InternetQueryDataAvailable", "DLL": "WININET.dll"}, {"Hint": 88, "Name": "HttpQueryInfoW", "DLL": "WININET.dll"}, {"Hint": 83, "Name": "HttpEndRequestA", "DLL": "WININET.dll"}, {"Hint": 186, "Name": "InternetWriteFile", "DLL": "WININET.dll"}, {"Hint": 91, "Name": "HttpSendRequestExW", "DLL": "WININET.dll"}, {"Hint": 81, "Name": "HttpAddRequestHeadersW", "DLL": "WININET.dll"}, {"Hint": 86, "Name": "HttpOpenRequestW", "DLL": "WININET.dll"}, {"Hint": 112, "Name": "InternetConnectW", "DLL": "WININET.dll"}, {"Hint": 114, "Name": "InternetCrackUrlW", "DLL": "WININET.dll"}, {"Hint": 170, "Name": "InternetSetOptionW", "DLL": "WININET.dll"}, {"Hint": 105, "Name": "InternetCloseHandle", "DLL": "WININET.dll"}], [{"TimeDateStamp": {"FileOffset": 108728, "Value": "0x0        [Thu Jan  1 00:00:00 1970 UTC]", "Offset": 4}, "Name": {"FileOffset": 108736, "Value": 109744, "Offset": 12}, "ForwarderChain": {"FileOffset": 108732, "Value": 0, "Offset": 8}, "OriginalFirstThunk": {"FileOffset": 108724, "Value": 109096, "Offset": 0}, "FirstThunk": {"FileOffset": 108740, "Value": 102732, "Offset": 16}, "Characteristics": {"FileOffset": 108724, "Value": 109096, "Offset": 0}, "Structure": "IMAGE_IMPORT_DESCRIPTOR"}, {"Ordinal": 115, "DLL": "WS2_32.dll"}, {"Ordinal": 57, "DLL": "WS2_32.dll"}]], "PE Sections": [{"PointerToRawData": {"FileOffset": 484, "Value": 4096, "Offset": 20}, "SHA1": "3e0a48a36997304c2f629235799991e012376443", "SHA256": "8c0e8c9524b4f822d14336f33ac0e63badbd577f3008da9959c8451ace99fb31", "Name": {"FileOffset": 464, "Value": ".text", "Offset": 0}, "NumberOfRelocations": {"FileOffset": 496, "Value": 0, "Offset": 32}, "Misc_VirtualSize": {"FileOffset": 472, "Value": 97246, "Offset": 8}, "Characteristics": {"FileOffset": 500, "Value": 1610612768, "Offset": 36}, "Misc": {"FileOffset": 472, "Value": 97246, "Offset": 8}, "PointerToLinenumbers": {"FileOffset": 492, "Value": 0, "Offset": 28}, "SizeOfRawData": {"FileOffset": 480, "Value": 98304, "Offset": 16}, "Misc_PhysicalAddress": {"FileOffset": 472, "Value": 97246, "Offset": 8}, "PointerToRelocations": {"FileOffset": 488, "Value": 0, "Offset": 24}, "Flags": ["IMAGE_SCN_MEM_EXECUTE", "IMAGE_SCN_CNT_CODE", "IMAGE_SCN_MEM_READ"], "SHA512": "421a7f59d6c8f12cedab18df7c396edcbf037c189ac080a6e0fe3daaabe435eabd7c2fce1b18d78ef57834ef12d1250db0fe596c7487b5e87d82c7266dbb2662", "MD5": "ce5cef62ad0937e5f75e9b7365d55cfa", "Entropy": 6.620751346029158, "VirtualAddress": {"FileOffset": 476, "Value": 4096, "Offset": 12}, "Structure": "IMAGE_SECTION_HEADER", "NumberOfLinenumbers": {"FileOffset": 498, "Value": 0, "Offset": 34}}, {"PointerToRawData": {"FileOffset": 524, "Value": 102400, "Offset": 20}, "SHA1": "facd6f2e1269517c4a43c1f124a75b1a21297fee", "SHA256": "a54d331ef061d1d7f46cfdd57e2e2499381e9258eff80fb816ac4a07a492c468", "Name": {"FileOffset": 504, "Value": ".rdata", "Offset": 0}, "NumberOfRelocations": {"FileOffset": 536, "Value": 0, "Offset": 32}, "Misc_VirtualSize": {"FileOffset": 512, "Value": 8198, "Offset": 8}, "Characteristics": {"FileOffset": 540, "Value": 1073741888, "Offset": 36}, "Misc": {"FileOffset": 512, "Value": 8198, "Offset": 8}, "PointerToLinenumbers": {"FileOffset": 532, "Value": 0, "Offset": 28}, "SizeOfRawData": {"FileOffset": 520, "Value": 12288, "Offset": 16}, "Misc_PhysicalAddress": {"FileOffset": 512, "Value": 8198, "Offset": 8}, "PointerToRelocations": {"FileOffset": 528, "Value": 0, "Offset": 24}, "Flags": ["IMAGE_SCN_CNT_INITIALIZED_DATA", "IMAGE_SCN_MEM_READ"], "SHA512": "ce398b7f72af399254f2ba6394d80addbb5fbe428825fb7a171d8b0f21bbffaaa5e8ff6098f4538635a7f2ca35a9158215b9a5075fb9cadcc40c2bfe361f5069", "MD5": "300a6e43f83ff0406f7688f9a42a4cac", "Entropy": 3.4887324163069895, "VirtualAddress": {"FileOffset": 516, "Value": 102400, "Offset": 12}, "Structure": "IMAGE_SECTION_HEADER", "NumberOfLinenumbers": {"FileOffset": 538, "Value": 0, "Offset": 34}}, {"PointerToRawData": {"FileOffset": 564, "Value": 114688, "Offset": 20}, "SHA1": "a2608f81494eb3a11ee92bbafbe495482c4cecab", "SHA256": "f3f640a9bdcfa6fa6a0ff671d242a204dcf03eded20903fad0b0d277cd575348", "Name": {"FileOffset": 544, "Value": ".data", "Offset": 0}, "NumberOfRelocations": {"FileOffset": 576, "Value": 0, "Offset": 32}, "Misc_VirtualSize": {"FileOffset": 552, "Value": 19160, "Offset": 8}, "Characteristics": {"FileOffset": 580, "Value": 3221225536, "Offset": 36}, "Misc": {"FileOffset": 552, "Value": 19160, "Offset": 8}, "PointerToLinenumbers": {"FileOffset": 572, "Value": 0, "Offset": 28}, "SizeOfRawData": {"FileOffset": 560, "Value": 16384, "Offset": 16}, "Misc_PhysicalAddress": {"FileOffset": 552, "Value": 19160, "Offset": 8}, "PointerToRelocations": {"FileOffset": 568, "Value": 0, "Offset": 24}, "Flags": ["IMAGE_SCN_CNT_INITIALIZED_DATA", "IMAGE_SCN_MEM_WRITE", "IMAGE_SCN_MEM_READ"], "SHA512": "2e8552492b22872bdd3ff7251c19cc6a63c76a7d01486f36746883212e584ef30fe8aacf2bc3828bc76c92f7e9503e16f12ed67878206a704b8a210dd73ddd64", "MD5": "0a733165e03ce48cf6befd43a8b2c30f", "Entropy": 1.699740514586228, "VirtualAddress": {"FileOffset": 556, "Value": 114688, "Offset": 12}, "Structure": "IMAGE_SECTION_HEADER", "NumberOfLinenumbers": {"FileOffset": 578, "Value": 0, "Offset": 34}}]}
