{"DllCharacteristics": [], "FILE_HEADER": {"NumberOfSections": {"FileOffset": 214, "Value": 3, "Offset": 2}, "TimeDateStamp": {"FileOffset": 216, "Value": "0x503CCA3D [Tue Aug 28 13:40:13 2012 UTC]", "Offset": 4}, "PointerToSymbolTable": {"FileOffset": 220, "Value": 0, "Offset": 8}, "NumberOfSymbols": {"FileOffset": 224, "Value": 0, "Offset": 12}, "Machine": {"FileOffset": 212, "Value": 332, "Offset": 0}, "Characteristics": {"FileOffset": 230, "Value": 271, "Offset": 18}, "SizeOfOptionalHeader": {"FileOffset": 228, "Value": 224, "Offset": 16}, "Structure": "IMAGE_FILE_HEADER"}, "Directories": [{"VirtualAddress": {"FileOffset": 328, "Value": 0, "Offset": 0}, "Structure": "IMAGE_DIRECTORY_ENTRY_EXPORT", "Size": {"FileOffset": 332, "Value": 0, "Offset": 4}}, {"VirtualAddress": {"FileOffset": 336, "Value": 78032, "Offset": 0}, "Structure": "IMAGE_DIRECTORY_ENTRY_IMPORT", "Size": {"FileOffset": 340, "Value": 80, "Offset": 4}}, {"VirtualAddress": {"FileOffset": 344, "Value": 0, "Offset": 0}, "Structure": "IMAGE_DIRECTORY_ENTRY_RESOURCE", "Size": {"FileOffset": 348, "Value": 0, "Offset": 4}}, {"VirtualAddress": {"FileOffset": 352, "Value": 0, "Offset": 0}, "Structure": "IMAGE_DIRECTORY_ENTRY_EXCEPTION", "Size": {"FileOffset": 356, "Value": 0, "Offset": 4}}, {"VirtualAddress": {"FileOffset": 360, "Value": 0, "Offset": 0}, "Structure": "IMAGE_DIRECTORY_ENTRY_SECURITY", "Size": {"FileOffset": 364, "Value": 0, "Offset": 4}}, {"VirtualAddress": {"FileOffset": 368, "Value": 0, "Offset": 0}, "Structure": "IMAGE_DIRECTORY_ENTRY_BASERELOC", "Size": {"FileOffset": 372, "Value": 0, "Offset": 4}}, {"VirtualAddress": {"FileOffset": 376, "Value": 0, "Offset": 0}, "Structure": "IMAGE_DIRECTORY_ENTRY_DEBUG", "Size": {"FileOffset": 380, "Value": 0, "Offset": 4}}, {"VirtualAddress": {"FileOffset": 384, "Value": 0, "Offset": 0}, "Structure": "IMAGE_DIRECTORY_ENTRY_COPYRIGHT", "Size": {"FileOffset": 388, "Value": 0, "Offset": 4}}, {"VirtualAddress": {"FileOffset": 392, "Value": 0, "Offset": 0}, "Structure": "IMAGE_DIRECTORY_ENTRY_GLOBALPTR", "Size": {"FileOffset": 396, "Value": 0, "Offset": 4}}, {"VirtualAddress": {"FileOffset": 400, "Value": 0, "Offset": 0}, "Structure": "IMAGE_DIRECTORY_ENTRY_TLS", "Size": {"FileOffset": 404, "Value": 0, "Offset": 4}}, {"VirtualAddress": {"FileOffset": 408, "Value": 0, "Offset": 0}, "Structure": "IMAGE_DIRECTORY_ENTRY_LOAD_CONFIG", "Size": {"FileOffset": 412, "Value": 0, "Offset": 4}}, {"VirtualAddress": {"FileOffset": 416, "Value": 0, "Offset": 0}, "Structure": "IMAGE_DIRECTORY_ENTRY_BOUND_IMPORT", "Size": {"FileOffset": 420, "Value": 0, "Offset": 4}}, {"VirtualAddress": {"FileOffset": 424, "Value": 73728, "Offset": 0}, "Structure": "IMAGE_DIRECTORY_ENTRY_IAT", "Size": {"FileOffset": 428, "Value": 288, "Offset": 4}}, {"VirtualAddress": {"FileOffset": 432, "Value": 0, "Offset": 0}, "Structure": "IMAGE_DIRECTORY_ENTRY_DELAY_IMPORT", "Size": {"FileOffset": 436, "Value": 0, "Offset": 4}}, {"VirtualAddress": {"FileOffset": 440, "Value": 0, "Offset": 0}, "Structure": "IMAGE_DIRECTORY_ENTRY_COM_DESCRIPTOR", "Size": {"FileOffset": 444, "Value": 0, "Offset": 4}}, {"VirtualAddress": {"FileOffset": 448, "Value": 0, "Offset": 0}, "Structure": "IMAGE_DIRECTORY_ENTRY_RESERVED", "Size": {"FileOffset": 452, "Value": 0, "Offset": 4}}], "OPTIONAL_HEADER": {"DllCharacteristics": {"FileOffset": 302, "Value": 0, "Offset": 70}, "BaseOfCode": {"FileOffset": 252, "Value": 4096, "Offset": 20}, "MajorLinkerVersion": {"FileOffset": 234, "Value": 6, "Offset": 2}, "MinorOperatingSystemVersion": {"FileOffset": 274, "Value": 0, "Offset": 42}, "MinorLinkerVersion": {"FileOffset": 235, "Value": 0, "Offset": 3}, "MajorSubsystemVersion": {"FileOffset": 280, "Value": 4, "Offset": 48}, "MajorOperatingSystemVersion": {"FileOffset": 272, "Value": 4, "Offset": 40}, "SizeOfStackCommit": {"FileOffset": 308, "Value": 4096, "Offset": 76}, "SizeOfUninitializedData": {"FileOffset": 244, "Value": 0, "Offset": 12}, "NumberOfRvaAndSizes": {"FileOffset": 324, "Value": 16, "Offset": 92}, "SizeOfHeapReserve": {"FileOffset": 312, "Value": 1048576, "Offset": 80}, "LoaderFlags": {"FileOffset": 320, "Value": 0, "Offset": 88}, "SizeOfHeapCommit": {"FileOffset": 316, "Value": 4096, "Offset": 84}, "SizeOfStackReserve": {"FileOffset": 304, "Value": 1048576, "Offset": 72}, "Structure": "IMAGE_OPTIONAL_HEADER", "SizeOfHeaders": {"FileOffset": 292, "Value": 1024, "Offset": 60}, "Subsystem": {"FileOffset": 300, "Value": 2, "Offset": 68}, "Magic": {"FileOffset": 232, "Value": 267, "Offset": 0}, "MinorImageVersion": {"FileOffset": 278, "Value": 0, "Offset": 46}, "MajorImageVersion": {"FileOffset": 276, "Value": 0, "Offset": 44}, "FileAlignment": {"FileOffset": 268, "Value": 512, "Offset": 36}, "BaseOfData": {"FileOffset": 256, "Value": 73728, "Offset": 24}, "AddressOfEntryPoint": {"FileOffset": 248, "Value": 44315, "Offset": 16}, "SectionAlignment": {"FileOffset": 264, "Value": 4096, "Offset": 32}, "SizeOfCode": {"FileOffset": 236, "Value": 69632, "Offset": 4}, "ImageBase": {"FileOffset": 260, "Value": 4194304, "Offset": 28}, "SizeOfInitializedData": {"FileOffset": 240, "Value": 29184, "Offset": 8}, "SizeOfImage": {"FileOffset": 288, "Value": 106496, "Offset": 56}, "MinorSubsystemVersion": {"FileOffset": 282, "Value": 0, "Offset": 50}, "CheckSum": {"FileOffset": 296, "Value": 0, "Offset": 64}, "Reserved1": {"FileOffset": 284, "Value": 0, "Offset": 52}}, "DOS_HEADER": {"e_cblp": {"FileOffset": 2, "Value": 144, "Offset": 2}, "e_crlc": {"FileOffset": 6, "Value": 0, "Offset": 6}, "e_ovno": {"FileOffset": 26, "Value": 0, "Offset": 26}, "e_minalloc": {"FileOffset": 10, "Value": 0, "Offset": 10}, "e_csum": {"FileOffset": 18, "Value": 0, "Offset": 18}, "e_cparhdr": {"FileOffset": 8, "Value": 4, "Offset": 8}, "e_cp": {"FileOffset": 4, "Value": 3, "Offset": 4}, "e_cs": {"FileOffset": 22, "Value": 0, "Offset": 22}, "e_maxalloc": {"FileOffset": 12, "Value": 65535, "Offset": 12}, "e_lfarlc": {"FileOffset": 24, "Value": 64, "Offset": 24}, "e_oemid": {"FileOffset": 36, "Value": 0, "Offset": 36}, "e_lfanew": {"FileOffset": 60, "Value": 208, "Offset": 60}, "e_ss": {"FileOffset": 14, "Value": 0, "Offset": 14}, "e_magic": {"FileOffset": 0, "Value": 23117, "Offset": 0}, "e_oeminfo": {"FileOffset": 38, "Value": 0, "Offset": 38}, "e_res2": {"FileOffset": 40, "Value": "", "Offset": 40}, "e_res": {"FileOffset": 28, "Value": "", "Offset": 28}, "e_sp": {"FileOffset": 16, "Value": 184, "Offset": 16}, "Structure": "IMAGE_DOS_HEADER", "e_ip": {"FileOffset": 20, "Value": 0, "Offset": 20}}, "NT_HEADERS": {"Structure": "IMAGE_NT_HEADERS", "Signature": {"FileOffset": 208, "Value": 17744, "Offset": 0}}, "Flags": ["IMAGE_FILE_LOCAL_SYMS_STRIPPED", "IMAGE_FILE_32BIT_MACHINE", "IMAGE_FILE_EXECUTABLE_IMAGE", "IMAGE_FILE_LINE_NUMS_STRIPPED", "IMAGE_FILE_RELOCS_STRIPPED"], "Imported symbols": [[{"TimeDateStamp": {"FileOffset": 74964, "Value": "0x0        [Thu Jan  1 00:00:00 1970 UTC]", "Offset": 4}, "Name": {"FileOffset": 74972, "Value": 78878, "Offset": 12}, "ForwarderChain": {"FileOffset": 74968, "Value": 0, "Offset": 8}, "OriginalFirstThunk": {"FileOffset": 74960, "Value": 78112, "Offset": 0}, "FirstThunk": {"FileOffset": 74976, "Value": 73728, "Offset": 16}, "Characteristics": {"FileOffset": 74960, "Value": 78112, "Offset": 0}, "Structure": "IMAGE_IMPORT_DESCRIPTOR"}, {"Hint": 594, "Name": "LoadLibraryA", "DLL": "KERNEL32.dll"}, {"Hint": 188, "Name": "ExpandEnvironmentStringsA", "DLL": "KERNEL32.dll"}, {"Hint": 52, "Name": "CloseHandle", "DLL": "KERNEL32.dll"}, {"Hint": 138, "Name": "DeviceIoControl", "DLL": "KERNEL32.dll"}, {"Hint": 83, "Name": "CreateFileA", "DLL": "KERNEL32.dll"}, {"Hint": 369, "Name": "GetLastError", "DLL": "KERNEL32.dll"}, {"Hint": 817, "Name": "SetPriorityClass", "DLL": "KERNEL32.dll"}, {"Hint": 322, "Name": "GetCurrentProcess", "DLL": "KERNEL32.dll"}, {"Hint": 489, "Name": "GetVersionExA", "DLL": "KERNEL32.dll"}, {"Hint": 336, "Name": "GetDiskFreeSpaceW", "DLL": "KERNEL32.dll"}, {"Hint": 335, "Name": "GetDiskFreeSpaceExW", "DLL": "KERNEL32.dll"}, {"Hint": 340, "Name": "GetDriveTypeW", "DLL": "KERNEL32.dll"}, {"Hint": 789, "Name": "SetErrorMode", "DLL": "KERNEL32.dll"}, {"Hint": 221, "Name": "FindNextFileW", "DLL": "KERNEL32.dll"}, {"Hint": 213, "Name": "FindFirstFileW", "DLL": "KERNEL32.dll"}, {"Hint": 105, "Name": "CreateProcessW", "DLL": "KERNEL32.dll"}, {"Hint": 416, "Name": "GetProcAddress", "DLL": "KERNEL32.dll"}, {"Hint": 897, "Name": "VirtualAlloc", "DLL": "KERNEL32.dll"}, {"Hint": 279, "Name": "GetComputerNameW", "DLL": "KERNEL32.dll"}, {"Hint": 185, "Name": "ExitProcess", "DLL": "KERNEL32.dll"}, {"Hint": 439, "Name": "GetStartupInfoA", "DLL": "KERNEL32.dll"}, {"Hint": 129, "Name": "DeleteCriticalSection", "DLL": "KERNEL32.dll"}, {"Hint": 534, "Name": "HeapFree", "DLL": "KERNEL32.dll"}, {"Hint": 528, "Name": "HeapAlloc", "DLL": "KERNEL32.dll"}, {"Hint": 419, "Name": "GetProcessHeap", "DLL": "KERNEL32.dll"}, {"Hint": 355, "Name": "GetFileSize", "DLL": "KERNEL32.dll"}, {"Hint": 693, "Name": "ReadFile", "DLL": "KERNEL32.dll"}, {"Hint": 932, "Name": "WriteFile", "DLL": "KERNEL32.dll"}, {"Hint": 403, "Name": "GetOEMCP", "DLL": "KERNEL32.dll"}, {"Hint": 253, "Name": "GetACP", "DLL": "KERNEL32.dll"}, {"Hint": 260, "Name": "GetCPInfo", "DLL": "KERNEL32.dll"}, {"Hint": 86, "Name": "CreateFileW", "DLL": "KERNEL32.dll"}, {"Hint": 727, "Name": "RtlUnwind", "DLL": "KERNEL32.dll"}, {"Hint": 679, "Name": "RaiseException", "DLL": "KERNEL32.dll"}, {"Hint": 383, "Name": "GetModuleHandleA", "DLL": "KERNEL32.dll"}, {"Hint": 272, "Name": "GetCommandLineA", "DLL": "KERNEL32.dll"}, {"Hint": 488, "Name": "GetVersion", "DLL": "KERNEL32.dll"}, {"Hint": 532, "Name": "HeapDestroy", "DLL": "KERNEL32.dll"}, {"Hint": 530, "Name": "HeapCreate", "DLL": "KERNEL32.dll"}, {"Hint": 899, "Name": "VirtualFree", "DLL": "KERNEL32.dll"}, {"Hint": 538, "Name": "HeapReAlloc", "DLL": "KERNEL32.dll"}, {"Hint": 566, "Name": "IsBadWritePtr", "DLL": "KERNEL32.dll"}, {"Hint": 862, "Name": "TerminateProcess", "DLL": "KERNEL32.dll"}, {"Hint": 540, "Name": "HeapSize", "DLL": "KERNEL32.dll"}, {"Hint": 916, "Name": "WideCharToMultiByte", "DLL": "KERNEL32.dll"}, {"Hint": 629, "Name": "MultiByteToWideChar", "DLL": "KERNEL32.dll"}, {"Hint": 580, "Name": "LCMapStringA", "DLL": "KERNEL32.dll"}, {"Hint": 581, "Name": "LCMapStringW", "DLL": "KERNEL32.dll"}, {"Hint": 795, "Name": "SetFilePointer", "DLL": "KERNEL32.dll"}, {"Hint": 804, "Name": "SetHandleCount", "DLL": "KERNEL32.dll"}, {"Hint": 441, "Name": "GetStdHandle", "DLL": "KERNEL32.dll"}, {"Hint": 358, "Name": "GetFileType", "DLL": "KERNEL32.dll"}, {"Hint": 842, "Name": "SetUnhandledExceptionFilter", "DLL": "KERNEL32.dll"}, {"Hint": 878, "Name": "UnhandledExceptionFilter", "DLL": "KERNEL32.dll"}, {"Hint": 381, "Name": "GetModuleFileNameA", "DLL": "KERNEL32.dll"}, {"Hint": 246, "Name": "FreeEnvironmentStringsA", "DLL": "KERNEL32.dll"}, {"Hint": 247, "Name": "FreeEnvironmentStringsW", "DLL": "KERNEL32.dll"}, {"Hint": 341, "Name": "GetEnvironmentStrings", "DLL": "KERNEL32.dll"}, {"Hint": 343, "Name": "GetEnvironmentStringsW", "DLL": "KERNEL32.dll"}, {"Hint": 563, "Name": "IsBadReadPtr", "DLL": "KERNEL32.dll"}, {"Hint": 560, "Name": "IsBadCodePtr", "DLL": "KERNEL32.dll"}, {"Hint": 442, "Name": "GetStringTypeA", "DLL": "KERNEL32.dll"}, {"Hint": 445, "Name": "GetStringTypeW", "DLL": "KERNEL32.dll"}, {"Hint": 823, "Name": "SetStdHandle", "DLL": "KERNEL32.dll"}, {"Hint": 238, "Name": "FlushFileBuffers", "DLL": "KERNEL32.dll"}, {"Hint": 784, "Name": "SetEndOfFile", "DLL": "KERNEL32.dll"}], [{"TimeDateStamp": {"FileOffset": 74984, "Value": "0x0        [Thu Jan  1 00:00:00 1970 UTC]", "Offset": 4}, "Name": {"FileOffset": 74992, "Value": 78918, "Offset": 12}, "ForwarderChain": {"FileOffset": 74988, "Value": 0, "Offset": 8}, "OriginalFirstThunk": {"FileOffset": 74980, "Value": 78380, "Offset": 0}, "FirstThunk": {"FileOffset": 74996, "Value": 73996, "Offset": 16}, "Characteristics": {"FileOffset": 74980, "Value": 78380, "Offset": 0}, "Structure": "IMAGE_IMPORT_DESCRIPTOR"}, {"Hint": 728, "Name": "wsprintfW", "DLL": "USER32.dll"}, {"Hint": 479, "Name": "MessageBoxA", "DLL": "USER32.dll"}], [{"TimeDateStamp": {"FileOffset": 75004, "Value": "0x0        [Thu Jan  1 00:00:00 1970 UTC]", "Offset": 4}, "Name": {"FileOffset": 75012, "Value": 78948, "Offset": 12}, "ForwarderChain": {"FileOffset": 75008, "Value": 0, "Offset": 8}, "OriginalFirstThunk": {"FileOffset": 75000, "Value": 78392, "Offset": 0}, "FirstThunk": {"FileOffset": 75016, "Value": 74008, "Offset": 16}, "Characteristics": {"FileOffset": 75000, "Value": 78392, "Offset": 0}, "Structure": "IMAGE_IMPORT_DESCRIPTOR"}, {"Hint": 28, "Name": "GetAdaptersInfo", "DLL": "iphlpapi.dll"}]], "PE Sections": [{"PointerToRawData": {"FileOffset": 476, "Value": 1024, "Offset": 20}, "SHA1": "7c23cb3cc9a92817da701fcdab204f64d055649e", "SHA256": "c79190e7491c148f8d0dedb6a664d9b3990c1dc19b635a5d43d5d2f2120b8054", "Name": {"FileOffset": 456, "Value": ".text", "Offset": 0}, "NumberOfRelocations": {"FileOffset": 488, "Value": 0, "Offset": 32}, "Misc_VirtualSize": {"FileOffset": 464, "Value": 69414, "Offset": 8}, "Characteristics": {"FileOffset": 492, "Value": 1610612768, "Offset": 36}, "Misc": {"FileOffset": 464, "Value": 69414, "Offset": 8}, "PointerToLinenumbers": {"FileOffset": 484, "Value": 0, "Offset": 28}, "SizeOfRawData": {"FileOffset": 472, "Value": 69632, "Offset": 16}, "Misc_PhysicalAddress": {"FileOffset": 464, "Value": 69414, "Offset": 8}, "PointerToRelocations": {"FileOffset": 480, "Value": 0, "Offset": 24}, "Flags": ["IMAGE_SCN_MEM_EXECUTE", "IMAGE_SCN_CNT_CODE", "IMAGE_SCN_MEM_READ"], "SHA512": "ceeb62d0e8de232cbf2fff277e152ec642ccabbf3991b1d6b266919463fa0968f408a58d2e326f0dad4196ef49c99958e0f1167053adb684395a68bcde89788d", "MD5": "8de2c9784bbbac85d33b07841a02f1d5", "Entropy": 6.647221172683711, "VirtualAddress": {"FileOffset": 468, "Value": 4096, "Offset": 12}, "Structure": "IMAGE_SECTION_HEADER", "NumberOfLinenumbers": {"FileOffset": 490, "Value": 0, "Offset": 34}}, {"PointerToRawData": {"FileOffset": 516, "Value": 70656, "Offset": 20}, "SHA1": "df399ccfb743482f4446163d2ed0a81d1a87db65", "SHA256": "1a6dc71e3e0c10bddaafea65fd48bcfe9c00f01552eaffae1b26265720f878d5", "Name": {"FileOffset": 496, "Value": ".rdata", "Offset": 0}, "NumberOfRelocations": {"FileOffset": 528, "Value": 0, "Offset": 32}, "Misc_VirtualSize": {"FileOffset": 504, "Value": 5912, "Offset": 8}, "Characteristics": {"FileOffset": 532, "Value": 1073741888, "Offset": 36}, "Misc": {"FileOffset": 504, "Value": 5912, "Offset": 8}, "PointerToLinenumbers": {"FileOffset": 524, "Value": 0, "Offset": 28}, "SizeOfRawData": {"FileOffset": 512, "Value": 6144, "Offset": 16}, "Misc_PhysicalAddress": {"FileOffset": 504, "Value": 5912, "Offset": 8}, "PointerToRelocations": {"FileOffset": 520, "Value": 0, "Offset": 24}, "Flags": ["IMAGE_SCN_CNT_INITIALIZED_DATA", "IMAGE_SCN_MEM_READ"], "SHA512": "d8e5b12c9b6b4adda3981d1208b9caa38e4faa22151528335e687fa5d0ca87e4ee09d7782f74e5b9fea7972b3f903e1b00057ee809587102ba05f1755f7ae6d0", "MD5": "74ef5a7e42d6d5061e95476d3014c39f", "Entropy": 4.780489279961131, "VirtualAddress": {"FileOffset": 508, "Value": 73728, "Offset": 12}, "Structure": "IMAGE_SECTION_HEADER", "NumberOfLinenumbers": {"FileOffset": 530, "Value": 0, "Offset": 34}}, {"PointerToRawData": {"FileOffset": 556, "Value": 76800, "Offset": 20}, "SHA1": "723ae8e1a26345d20d9448f011a6b44c48e19766", "SHA256": "c8c1c3c45e7255ce5e9277aa3e82771cdac26acbf4b41ee076e8097982b0b013", "Name": {"FileOffset": 536, "Value": ".data", "Offset": 0}, "NumberOfRelocations": {"FileOffset": 568, "Value": 0, "Offset": 32}, "Misc_VirtualSize": {"FileOffset": 544, "Value": 22965, "Offset": 8}, "Characteristics": {"FileOffset": 572, "Value": 3221225536, "Offset": 36}, "Misc": {"FileOffset": 544, "Value": 22965, "Offset": 8}, "PointerToLinenumbers": {"FileOffset": 564, "Value": 0, "Offset": 28}, "SizeOfRawData": {"FileOffset": 552, "Value": 12800, "Offset": 16}, "Misc_PhysicalAddress": {"FileOffset": 544, "Value": 22965, "Offset": 8}, "PointerToRelocations": {"FileOffset": 560, "Value": 0, "Offset": 24}, "Flags": ["IMAGE_SCN_CNT_INITIALIZED_DATA", "IMAGE_SCN_MEM_WRITE", "IMAGE_SCN_MEM_READ"], "SHA512": "49551b3ca2c559def0fd1a1559b0b20024098bad8f2b5f0539ab7f92d552eb0a522f62426b1614721e7dcf4726893a4b5a354d6d9b18717d90b1e40a3cdcc508", "MD5": "4fb4ce5391f5db9c8e363d7fbd432933", "Entropy": 5.365416138494253, "VirtualAddress": {"FileOffset": 548, "Value": 81920, "Offset": 12}, "Structure": "IMAGE_SECTION_HEADER", "NumberOfLinenumbers": {"FileOffset": 570, "Value": 0, "Offset": 34}}]}
