{"DllCharacteristics": [], "FILE_HEADER": {"NumberOfSections": {"FileOffset": 238, "Value": 7, "Offset": 2}, "TimeDateStamp": {"FileOffset": 240, "Value": "0x4F331874 [Thu Feb  9 00:51:00 2012 UTC]", "Offset": 4}, "PointerToSymbolTable": {"FileOffset": 244, "Value": 0, "Offset": 8}, "NumberOfSymbols": {"FileOffset": 248, "Value": 0, "Offset": 12}, "Machine": {"FileOffset": 236, "Value": 34404, "Offset": 0}, "Characteristics": {"FileOffset": 254, "Value": 34, "Offset": 18}, "SizeOfOptionalHeader": {"FileOffset": 252, "Value": 240, "Offset": 16}, "Structure": "IMAGE_FILE_HEADER"}, "Parsing Warnings": ["Suspicious flags set for section 5. Both IMAGE_SCN_MEM_WRITE and IMAGE_SCN_MEM_EXECUTE are set. This might indicate a packed executable."], "Directories": [{"VirtualAddress": {"FileOffset": 368, "Value": 0, "Offset": 0}, "Structure": "IMAGE_DIRECTORY_ENTRY_EXPORT", "Size": {"FileOffset": 372, "Value": 0, "Offset": 4}}, {"VirtualAddress": {"FileOffset": 376, "Value": 36996, "Offset": 0}, "Structure": "IMAGE_DIRECTORY_ENTRY_IMPORT", "Size": {"FileOffset": 380, "Value": 60, "Offset": 4}}, {"VirtualAddress": {"FileOffset": 384, "Value": 0, "Offset": 0}, "Structure": "IMAGE_DIRECTORY_ENTRY_RESOURCE", "Size": {"FileOffset": 388, "Value": 0, "Offset": 4}}, {"VirtualAddress": {"FileOffset": 392, "Value": 28672, "Offset": 0}, "Structure": "IMAGE_DIRECTORY_ENTRY_EXCEPTION", "Size": {"FileOffset": 396, "Value": 444, "Offset": 4}}, {"VirtualAddress": {"FileOffset": 400, "Value": 20480, "Offset": 0}, "Structure": "IMAGE_DIRECTORY_ENTRY_SECURITY", "Size": {"FileOffset": 404, "Value": 7160, "Offset": 4}}, {"VirtualAddress": {"FileOffset": 408, "Value": 40960, "Offset": 0}, "Structure": "IMAGE_DIRECTORY_ENTRY_BASERELOC", "Size": {"FileOffset": 412, "Value": 76, "Offset": 4}}, {"VirtualAddress": {"FileOffset": 416, "Value": 20816, "Offset": 0}, "Structure": "IMAGE_DIRECTORY_ENTRY_DEBUG", "Size": {"FileOffset": 420, "Value": 28, "Offset": 4}}, {"VirtualAddress": {"FileOffset": 424, "Value": 0, "Offset": 0}, "Structure": "IMAGE_DIRECTORY_ENTRY_COPYRIGHT", "Size": {"FileOffset": 428, "Value": 0, "Offset": 4}}, {"VirtualAddress": {"FileOffset": 432, "Value": 0, "Offset": 0}, "Structure": "IMAGE_DIRECTORY_ENTRY_GLOBALPTR", "Size": {"FileOffset": 436, "Value": 0, "Offset": 4}}, {"VirtualAddress": {"FileOffset": 440, "Value": 0, "Offset": 0}, "Structure": "IMAGE_DIRECTORY_ENTRY_TLS", "Size": {"FileOffset": 444, "Value": 0, "Offset": 4}}, {"VirtualAddress": {"FileOffset": 448, "Value": 0, "Offset": 0}, "Structure": "IMAGE_DIRECTORY_ENTRY_LOAD_CONFIG", "Size": {"FileOffset": 452, "Value": 0, "Offset": 4}}, {"VirtualAddress": {"FileOffset": 456, "Value": 0, "Offset": 0}, "Structure": "IMAGE_DIRECTORY_ENTRY_BOUND_IMPORT", "Size": {"FileOffset": 460, "Value": 0, "Offset": 4}}, {"VirtualAddress": {"FileOffset": 464, "Value": 20480, "Offset": 0}, "Structure": "IMAGE_DIRECTORY_ENTRY_IAT", "Size": {"FileOffset": 468, "Value": 336, "Offset": 4}}, {"VirtualAddress": {"FileOffset": 472, "Value": 0, "Offset": 0}, "Structure": "IMAGE_DIRECTORY_ENTRY_DELAY_IMPORT", "Size": {"FileOffset": 476, "Value": 0, "Offset": 4}}, {"VirtualAddress": {"FileOffset": 480, "Value": 0, "Offset": 0}, "Structure": "IMAGE_DIRECTORY_ENTRY_COM_DESCRIPTOR", "Size": {"FileOffset": 484, "Value": 0, "Offset": 4}}, {"VirtualAddress": {"FileOffset": 488, "Value": 0, "Offset": 0}, "Structure": "IMAGE_DIRECTORY_ENTRY_RESERVED", "Size": {"FileOffset": 492, "Value": 0, "Offset": 4}}], "OPTIONAL_HEADER": {"DllCharacteristics": {"FileOffset": 326, "Value": 0, "Offset": 70}, "BaseOfCode": {"FileOffset": 276, "Value": 4096, "Offset": 20}, "MajorLinkerVersion": {"FileOffset": 258, "Value": 9, "Offset": 2}, "MinorOperatingSystemVersion": {"FileOffset": 298, "Value": 1, "Offset": 42}, "MinorLinkerVersion": {"FileOffset": 259, "Value": 0, "Offset": 3}, "MajorSubsystemVersion": {"FileOffset": 304, "Value": 5, "Offset": 48}, "LoaderFlags": {"FileOffset": 360, "Value": 0, "Offset": 104}, "SizeOfStackCommit": {"FileOffset": 336, "Value": 4096, "Offset": 80}, "SizeOfUninitializedData": {"FileOffset": 268, "Value": 0, "Offset": 12}, "NumberOfRvaAndSizes": {"FileOffset": 364, "Value": 16, "Offset": 108}, "SizeOfHeapReserve": {"FileOffset": 344, "Value": 1048576, "Offset": 88}, "SizeOfHeapCommit": {"FileOffset": 352, "Value": 4096, "Offset": 96}, "SizeOfStackReserve": {"FileOffset": 328, "Value": 262144, "Offset": 72}, "Structure": "IMAGE_OPTIONAL_HEADER64", "SizeOfHeaders": {"FileOffset": 316, "Value": 1024, "Offset": 60}, "Subsystem": {"FileOffset": 324, "Value": 1, "Offset": 68}, "Magic": {"FileOffset": 256, "Value": 523, "Offset": 0}, "MinorImageVersion": {"FileOffset": 302, "Value": 1, "Offset": 46}, "MajorImageVersion": {"FileOffset": 300, "Value": 6, "Offset": 44}, "FileAlignment": {"FileOffset": 292, "Value": 512, "Offset": 36}, "MajorOperatingSystemVersion": {"FileOffset": 296, "Value": 6, "Offset": 40}, "AddressOfEntryPoint": {"FileOffset": 272, "Value": 36964, "Offset": 16}, "SectionAlignment": {"FileOffset": 288, "Value": 4096, "Offset": 32}, "SizeOfCode": {"FileOffset": 260, "Value": 15360, "Offset": 4}, "ImageBase": {"FileOffset": 280, "Value": 65536, "Offset": 24}, "SizeOfInitializedData": {"FileOffset": 264, "Value": 4608, "Offset": 8}, "SizeOfImage": {"FileOffset": 312, "Value": 45056, "Offset": 56}, "MinorSubsystemVersion": {"FileOffset": 306, "Value": 2, "Offset": 50}, "CheckSum": {"FileOffset": 320, "Value": 86803, "Offset": 64}, "Reserved1": {"FileOffset": 308, "Value": 0, "Offset": 52}}, "DOS_HEADER": {"e_cblp": {"FileOffset": 2, "Value": 144, "Offset": 2}, "e_crlc": {"FileOffset": 6, "Value": 0, "Offset": 6}, "e_ovno": {"FileOffset": 26, "Value": 0, "Offset": 26}, "e_minalloc": {"FileOffset": 10, "Value": 0, "Offset": 10}, "e_csum": {"FileOffset": 18, "Value": 0, "Offset": 18}, "e_cparhdr": {"FileOffset": 8, "Value": 4, "Offset": 8}, "e_cp": {"FileOffset": 4, "Value": 3, "Offset": 4}, "e_cs": {"FileOffset": 22, "Value": 0, "Offset": 22}, "e_maxalloc": {"FileOffset": 12, "Value": 65535, "Offset": 12}, "e_lfarlc": {"FileOffset": 24, "Value": 64, "Offset": 24}, "e_oemid": {"FileOffset": 36, "Value": 0, "Offset": 36}, "e_lfanew": {"FileOffset": 60, "Value": 232, "Offset": 60}, "e_ss": {"FileOffset": 14, "Value": 0, "Offset": 14}, "e_magic": {"FileOffset": 0, "Value": 23117, "Offset": 0}, "e_oeminfo": {"FileOffset": 38, "Value": 0, "Offset": 38}, "e_res2": {"FileOffset": 40, "Value": "", "Offset": 40}, "e_res": {"FileOffset": 28, "Value": "", "Offset": 28}, "e_sp": {"FileOffset": 16, "Value": 184, "Offset": 16}, "Structure": "IMAGE_DOS_HEADER", "e_ip": {"FileOffset": 20, "Value": 0, "Offset": 20}}, "Base relocations": [[{"SizeOfBlock": {"FileOffset": 19972, "Value": 12, "Offset": 4}, "VirtualAddress": {"FileOffset": 19968, "Value": 20480, "Offset": 0}, "Structure": "IMAGE_BASE_RELOCATION"}, {"RVA": 20912, "Type": "DIR64"}, {"RVA": 20480, "Type": "ABSOLUTE"}], [{"SizeOfBlock": {"FileOffset": 19984, "Value": 64, "Offset": 4}, "VirtualAddress": {"FileOffset": 19980, "Value": 24576, "Offset": 0}, "Structure": "IMAGE_BASE_RELOCATION"}, {"RVA": 24848, "Type": "DIR64"}, {"RVA": 24856, "Type": "DIR64"}, {"RVA": 24864, "Type": "DIR64"}, {"RVA": 24872, "Type": "DIR64"}, {"RVA": 24880, "Type": "DIR64"}, {"RVA": 24888, "Type": "DIR64"}, {"RVA": 24896, "Type": "DIR64"}, {"RVA": 24904, "Type": "DIR64"}, {"RVA": 24912, "Type": "DIR64"}, {"RVA": 24920, "Type": "DIR64"}, {"RVA": 24928, "Type": "DIR64"}, {"RVA": 24936, "Type": "DIR64"}, {"RVA": 24944, "Type": "DIR64"}, {"RVA": 24952, "Type": "DIR64"}, {"RVA": 24960, "Type": "DIR64"}, {"RVA": 24968, "Type": "DIR64"}, {"RVA": 24976, "Type": "DIR64"}, {"RVA": 24984, "Type": "DIR64"}, {"RVA": 24992, "Type": "DIR64"}, {"RVA": 25000, "Type": "DIR64"}, {"RVA": 25008, "Type": "DIR64"}, {"RVA": 25016, "Type": "DIR64"}, {"RVA": 25024, "Type": "DIR64"}, {"RVA": 25032, "Type": "DIR64"}, {"RVA": 25040, "Type": "DIR64"}, {"RVA": 25048, "Type": "DIR64"}, {"RVA": 25056, "Type": "DIR64"}, {"RVA": 25064, "Type": "DIR64"}]], "NT_HEADERS": {"Structure": "IMAGE_NT_HEADERS", "Signature": {"FileOffset": 232, "Value": 17744, "Offset": 0}}, "Flags": ["IMAGE_FILE_EXECUTABLE_IMAGE", "IMAGE_FILE_LARGE_ADDRESS_AWARE"], "Debug information": [{"MajorVersion": {"FileOffset": 14168, "Value": 0, "Offset": 8}, "PointerToRawData": {"FileOffset": 14184, "Value": 15312, "Offset": 24}, "MinorVersion": {"FileOffset": 14170, "Value": 0, "Offset": 10}, "TimeDateStamp": {"FileOffset": 14164, "Value": "0x4F331874 [Thu Feb  9 00:51:00 2012 UTC]", "Offset": 4}, "Characteristics": {"FileOffset": 14160, "Value": 0, "Offset": 0}, "Structure": "IMAGE_DEBUG_DIRECTORY", "Type": "IMAGE_DEBUG_TYPE_CODEVIEW", "SizeOfData": {"FileOffset": 14176, "Value": 89, "Offset": 16}, "AddressOfRawData": {"FileOffset": 14180, "Value": 21968, "Offset": 20}}], "Imported symbols": [[{"TimeDateStamp": {"FileOffset": 18568, "Value": "0x0        [Thu Jan  1 00:00:00 1970 UTC]", "Offset": 4}, "Name": {"FileOffset": 18576, "Value": 38100, "Offset": 12}, "ForwarderChain": {"FileOffset": 18572, "Value": 0, "Offset": 8}, "OriginalFirstThunk": {"FileOffset": 18564, "Value": 37104, "Offset": 0}, "FirstThunk": {"FileOffset": 18580, "Value": 20528, "Offset": 16}, "Characteristics": {"FileOffset": 18564, "Value": 37104, "Offset": 0}, "Structure": "IMAGE_IMPORT_DESCRIPTOR"}, {"Hint": 993, "Name": "RtlCompareMemory", "DLL": "ntoskrnl.exe"}, {"Hint": 341, "Name": "IoCreateSymbolicLink", "DLL": "ntoskrnl.exe"}, {"Hint": 332, "Name": "IoCreateDevice", "DLL": "ntoskrnl.exe"}, {"Hint": 49, "Name": "DbgPrint", "DLL": "ntoskrnl.exe"}, {"Hint": 940, "Name": "PsProcessType", "DLL": "ntoskrnl.exe"}, {"Hint": 908, "Name": "PsGetProcessImageFileName", "DLL": "ntoskrnl.exe"}, {"Hint": 942, "Name": "PsReferencePrimaryToken", "DLL": "ntoskrnl.exe"}, {"Hint": 1362, "Name": "ZwOpenProcessTokenEx", "DLL": "ntoskrnl.exe"}, {"Hint": 1412, "Name": "ZwSetInformationProcess", "DLL": "ntoskrnl.exe"}, {"Hint": 1317, "Name": "ZwClose", "DLL": "ntoskrnl.exe"}, {"Hint": 1336, "Name": "ZwDuplicateToken", "DLL": "ntoskrnl.exe"}, {"Hint": 930, "Name": "PsInitialSystemProcess", "DLL": "ntoskrnl.exe"}, {"Hint": 502, "Name": "IofCompleteRequest", "DLL": "ntoskrnl.exe"}, {"Hint": 907, "Name": "PsGetProcessId", "DLL": "ntoskrnl.exe"}, {"Hint": 880, "Name": "PsDereferencePrimaryToken", "DLL": "ntoskrnl.exe"}, {"Hint": 70, "Name": "ExAllocatePoolWithTag", "DLL": "ntoskrnl.exe"}, {"Hint": 88, "Name": "ExFreePoolWithTag", "DLL": "ntoskrnl.exe"}, {"Hint": 362, "Name": "IoEnumerateRegisteredFiltersList", "DLL": "ntoskrnl.exe"}, {"Hint": 850, "Name": "ObfDereferenceObject", "DLL": "ntoskrnl.exe"}, {"Hint": 706, "Name": "MmGetSystemRoutineAddress", "DLL": "ntoskrnl.exe"}, {"Hint": 956, "Name": "PsSetLoadImageNotifyRoutine", "DLL": "ntoskrnl.exe"}, {"Hint": 953, "Name": "PsSetCreateThreadNotifyRoutine", "DLL": "ntoskrnl.exe"}, {"Hint": 952, "Name": "PsSetCreateProcessNotifyRoutine", "DLL": "ntoskrnl.exe"}, {"Hint": 44, "Name": "CmUnRegisterCallback", "DLL": "ntoskrnl.exe"}, {"Hint": 531, "Name": "KeBugCheckEx", "DLL": "ntoskrnl.exe"}, {"Hint": 1449, "Name": "_vsnwprintf", "DLL": "ntoskrnl.exe"}, {"Hint": 351, "Name": "IoDeleteDevice", "DLL": "ntoskrnl.exe"}, {"Hint": 1086, "Name": "RtlInitUnicodeString", "DLL": "ntoskrnl.exe"}, {"Hint": 770, "Name": "NtBuildNumber", "DLL": "ntoskrnl.exe"}, {"Hint": 839, "Name": "ObOpenObjectByPointer", "DLL": "ntoskrnl.exe"}, {"Hint": 353, "Name": "IoDeleteSymbolicLink", "DLL": "ntoskrnl.exe"}, {"Hint": 928, "Name": "PsGetVersion", "DLL": "ntoskrnl.exe"}, {"Hint": 69, "Name": "ExAllocatePoolWithQuotaTag", "DLL": "ntoskrnl.exe"}, {"Hint": 1391, "Name": "ZwQuerySystemInformation", "DLL": "ntoskrnl.exe"}, {"Hint": 1213, "Name": "RtlUnwindEx", "DLL": "ntoskrnl.exe"}], [{"TimeDateStamp": {"FileOffset": 18588, "Value": "0x0        [Thu Jan  1 00:00:00 1970 UTC]", "Offset": 4}, "Name": {"FileOffset": 18596, "Value": 38238, "Offset": 12}, "ForwarderChain": {"FileOffset": 18592, "Value": 0, "Offset": 8}, "OriginalFirstThunk": {"FileOffset": 18584, "Value": 37056, "Offset": 0}, "FirstThunk": {"FileOffset": 18600, "Value": 20480, "Offset": 16}, "Characteristics": {"FileOffset": 18584, "Value": 37056, "Offset": 0}, "Structure": "IMAGE_IMPORT_DESCRIPTOR"}, {"Hint": 74, "Name": "FltGetFilterInformation", "DLL": "FLTMGR.SYS"}, {"Hint": 53, "Name": "FltEnumerateInstances", "DLL": "FLTMGR.SYS"}, {"Hint": 50, "Name": "FltEnumerateFilters", "DLL": "FLTMGR.SYS"}, {"Hint": 109, "Name": "FltObjectDereference", "DLL": "FLTMGR.SYS"}, {"Hint": 91, "Name": "FltGetVolumeFromInstance", "DLL": "FLTMGR.SYS"}]], "PE Sections": [{"PointerToRawData": {"FileOffset": 516, "Value": 1024, "Offset": 20}, "SHA1": "a7082ee18502830ef06a2e917b654ccee9bcbb5a", "SHA256": "c92651b368da14859898c5baf50afecacd80e97a2954864d953320f5dd4a9d41", "Name": {"FileOffset": 496, "Value": ".text", "Offset": 0}, "NumberOfRelocations": {"FileOffset": 528, "Value": 0, "Offset": 32}, "Misc_VirtualSize": {"FileOffset": 504, "Value": 12762, "Offset": 8}, "Characteristics": {"FileOffset": 532, "Value": 1744830496, "Offset": 36}, "Misc": {"FileOffset": 504, "Value": 12762, "Offset": 8}, "PointerToLinenumbers": {"FileOffset": 524, "Value": 0, "Offset": 28}, "SizeOfRawData": {"FileOffset": 512, "Value": 12800, "Offset": 16}, "Misc_PhysicalAddress": {"FileOffset": 504, "Value": 12762, "Offset": 8}, "PointerToRelocations": {"FileOffset": 520, "Value": 0, "Offset": 24}, "Flags": ["IMAGE_SCN_MEM_EXECUTE", "IMAGE_SCN_CNT_CODE", "IMAGE_SCN_MEM_NOT_PAGED", "IMAGE_SCN_MEM_READ"], "SHA512": "a11c960950ff365a84591e5429645b8e8098dee45118cbda65a664a842249eef27f4f68696da6e6819d626da354ed9032a593be602d2f013ceba2db62b847be5", "MD5": "e6b96dfcf05d95f20c999b171a971607", "Entropy": 6.100126584077354, "VirtualAddress": {"FileOffset": 508, "Value": 4096, "Offset": 12}, "Structure": "IMAGE_SECTION_HEADER", "NumberOfLinenumbers": {"FileOffset": 530, "Value": 0, "Offset": 34}}, {"PointerToRawData": {"FileOffset": 556, "Value": 13824, "Offset": 20}, "SHA1": "9a96577dcaa06b1c59bcbfb6651a964052025714", "SHA256": "497f8c9bf0313859a7e16589ad8e2523011e4a00cd0cac9f639dd7660100a3e7", "Name": {"FileOffset": 536, "Value": ".rdata", "Offset": 0}, "NumberOfRelocations": {"FileOffset": 568, "Value": 0, "Offset": 32}, "Misc_VirtualSize": {"FileOffset": 544, "Value": 2144, "Offset": 8}, "Characteristics": {"FileOffset": 572, "Value": 1207959616, "Offset": 36}, "Misc": {"FileOffset": 544, "Value": 2144, "Offset": 8}, "PointerToLinenumbers": {"FileOffset": 564, "Value": 0, "Offset": 28}, "SizeOfRawData": {"FileOffset": 552, "Value": 2560, "Offset": 16}, "Misc_PhysicalAddress": {"FileOffset": 544, "Value": 2144, "Offset": 8}, "PointerToRelocations": {"FileOffset": 560, "Value": 0, "Offset": 24}, "Flags": ["IMAGE_SCN_CNT_INITIALIZED_DATA", "IMAGE_SCN_MEM_NOT_PAGED", "IMAGE_SCN_MEM_READ"], "SHA512": "58793198882f6c216f19adfd3a8f0d9fe108a0b0fcf96c5c6e26004105a681e0ba787cf74d5665c28fe28215e3ffa7666fa940b616c84817f880aa0bb7a6c6a2", "MD5": "3024d451c7a04f4c982e389f41f2e4e3", "Entropy": 3.5407225389636583, "VirtualAddress": {"FileOffset": 548, "Value": 20480, "Offset": 12}, "Structure": "IMAGE_SECTION_HEADER", "NumberOfLinenumbers": {"FileOffset": 570, "Value": 0, "Offset": 34}}, {"PointerToRawData": {"FileOffset": 596, "Value": 16384, "Offset": 20}, "SHA1": "a892f587aadb3bb5dc76c60fdc8c4ce56fd84d5d", "SHA256": "76d71cad4bdbbd94ae5315f7db4015e51d8dfd3b7e110f7d1deb4887cce39300", "Name": {"FileOffset": 576, "Value": ".data", "Offset": 0}, "NumberOfRelocations": {"FileOffset": 608, "Value": 0, "Offset": 32}, "Misc_VirtualSize": {"FileOffset": 584, "Value": 632, "Offset": 8}, "Characteristics": {"FileOffset": 612, "Value": 3355443264, "Offset": 36}, "Misc": {"FileOffset": 584, "Value": 632, "Offset": 8}, "PointerToLinenumbers": {"FileOffset": 604, "Value": 0, "Offset": 28}, "SizeOfRawData": {"FileOffset": 592, "Value": 512, "Offset": 16}, "Misc_PhysicalAddress": {"FileOffset": 584, "Value": 632, "Offset": 8}, "PointerToRelocations": {"FileOffset": 600, "Value": 0, "Offset": 24}, "Flags": ["IMAGE_SCN_CNT_INITIALIZED_DATA", "IMAGE_SCN_MEM_WRITE", "IMAGE_SCN_MEM_NOT_PAGED", "IMAGE_SCN_MEM_READ"], "SHA512": "7cf2d26512cf19e4031be51227f6763d84cd3248ac271162695b1c5c4d710f1469a367cd0d9c013fd49707fe55aec47e0086333f59a89d6f57b59db489d94253", "MD5": "7b5ceca9594d62e7bfc2df29d58d72b1", "Entropy": 1.4960916763780787, "VirtualAddress": {"FileOffset": 588, "Value": 24576, "Offset": 12}, "Structure": "IMAGE_SECTION_HEADER", "NumberOfLinenumbers": {"FileOffset": 610, "Value": 0, "Offset": 34}}, {"PointerToRawData": {"FileOffset": 636, "Value": 16896, "Offset": 20}, "SHA1": "96263ecbc0df89fd94145ef48b16535737caa7cb", "SHA256": "93a8531d7ff718b86968c16d8cf8492a6cf7b3e97c33dc197e7cab1c4c12cd62", "Name": {"FileOffset": 616, "Value": ".pdata", "Offset": 0}, "NumberOfRelocations": {"FileOffset": 648, "Value": 0, "Offset": 32}, "Misc_VirtualSize": {"FileOffset": 624, "Value": 444, "Offset": 8}, "Characteristics": {"FileOffset": 652, "Value": 1207959616, "Offset": 36}, "Misc": {"FileOffset": 624, "Value": 444, "Offset": 8}, "PointerToLinenumbers": {"FileOffset": 644, "Value": 0, "Offset": 28}, "SizeOfRawData": {"FileOffset": 632, "Value": 512, "Offset": 16}, "Misc_PhysicalAddress": {"FileOffset": 624, "Value": 444, "Offset": 8}, "PointerToRelocations": {"FileOffset": 640, "Value": 0, "Offset": 24}, "Flags": ["IMAGE_SCN_CNT_INITIALIZED_DATA", "IMAGE_SCN_MEM_NOT_PAGED", "IMAGE_SCN_MEM_READ"], "SHA512": "40fdd77f33f32f9af4346c6fda5f58295607f7f5f2db93457b0ba885c29bc533bcfff29f0428cd7cec46cd6066c16bcf45d05842fb0ab6d6431d9fad972b1e26", "MD5": "5b463caca62b329cd2319564ce96199c", "Entropy": 3.5979907211086863, "VirtualAddress": {"FileOffset": 628, "Value": 28672, "Offset": 12}, "Structure": "IMAGE_SECTION_HEADER", "NumberOfLinenumbers": {"FileOffset": 650, "Value": 0, "Offset": 34}}, {"PointerToRawData": {"FileOffset": 676, "Value": 17408, "Offset": 20}, "SHA1": "2aa60da8d6ffea213950e903bb2d5a88a8cefbaf", "SHA256": "3ca99033dcd63d98a7bd07006d8e6b22ee94a42cbdafe7dd17b2b7f36da551cf", "Name": {"FileOffset": 656, "Value": "PAGE", "Offset": 0}, "NumberOfRelocations": {"FileOffset": 688, "Value": 0, "Offset": 32}, "Misc_VirtualSize": {"FileOffset": 664, "Value": 651, "Offset": 8}, "Characteristics": {"FileOffset": 692, "Value": 1610612768, "Offset": 36}, "Misc": {"FileOffset": 664, "Value": 651, "Offset": 8}, "PointerToLinenumbers": {"FileOffset": 684, "Value": 0, "Offset": 28}, "SizeOfRawData": {"FileOffset": 672, "Value": 1024, "Offset": 16}, "Misc_PhysicalAddress": {"FileOffset": 664, "Value": 651, "Offset": 8}, "PointerToRelocations": {"FileOffset": 680, "Value": 0, "Offset": 24}, "Flags": ["IMAGE_SCN_MEM_EXECUTE", "IMAGE_SCN_CNT_CODE", "IMAGE_SCN_MEM_READ"], "SHA512": "e7480005efb4e3904338e849e952737243b3805294e79cdab84a4d2bfe6fdb30cb693ca8880550593bd3367a1d86666d932378cda4f84bdb8d62b28ba936b959", "MD5": "cd972f45c108af10d2cc38df52af9160", "Entropy": 4.5335118916080965, "VirtualAddress": {"FileOffset": 668, "Value": 32768, "Offset": 12}, "Structure": "IMAGE_SECTION_HEADER", "NumberOfLinenumbers": {"FileOffset": 690, "Value": 0, "Offset": 34}}, {"PointerToRawData": {"FileOffset": 716, "Value": 18432, "Offset": 20}, "SHA1": "db5a21cc687516f26b2831b559569895b94296c3", "SHA256": "8ba47138594503b715d1ca7542016d3dd3dac0c18beeb8bec3c0612ca4f4bbc4", "Name": {"FileOffset": 696, "Value": "INIT", "Offset": 0}, "NumberOfRelocations": {"FileOffset": 728, "Value": 0, "Offset": 32}, "Misc_VirtualSize": {"FileOffset": 704, "Value": 1474, "Offset": 8}, "Characteristics": {"FileOffset": 732, "Value": 3791650848, "Offset": 36}, "Misc": {"FileOffset": 704, "Value": 1474, "Offset": 8}, "PointerToLinenumbers": {"FileOffset": 724, "Value": 0, "Offset": 28}, "SizeOfRawData": {"FileOffset": 712, "Value": 1536, "Offset": 16}, "Misc_PhysicalAddress": {"FileOffset": 704, "Value": 1474, "Offset": 8}, "PointerToRelocations": {"FileOffset": 720, "Value": 0, "Offset": 24}, "Flags": ["IMAGE_SCN_MEM_EXECUTE", "IMAGE_SCN_MEM_WRITE", "IMAGE_SCN_CNT_CODE", "IMAGE_SCN_MEM_DISCARDABLE", "IMAGE_SCN_MEM_READ"], "SHA512": "df9e5b95fe8d3333909ce736ffdd767d331c9ad05518289203c35803898382c2bf2541583caec06a38865e7538751b6bca84027424e2764ddbaf3ec679e55e1b", "MD5": "992c7b57877720af1f43dd71deffb084", "Entropy": 4.970977334911221, "VirtualAddress": {"FileOffset": 708, "Value": 36864, "Offset": 12}, "Structure": "IMAGE_SECTION_HEADER", "NumberOfLinenumbers": {"FileOffset": 730, "Value": 0, "Offset": 34}}, {"PointerToRawData": {"FileOffset": 756, "Value": 19968, "Offset": 20}, "SHA1": "48946190891152890609fc312002fa95e0c079a6", "SHA256": "759cd3b9b62c2e9449ca666072a7f71e5ee690208a29826e13ddfccf1d34c22f", "Name": {"FileOffset": 736, "Value": ".reloc", "Offset": 0}, "NumberOfRelocations": {"FileOffset": 768, "Value": 0, "Offset": 32}, "Misc_VirtualSize": {"FileOffset": 744, "Value": 148, "Offset": 8}, "Characteristics": {"FileOffset": 772, "Value": 1107296320, "Offset": 36}, "Misc": {"FileOffset": 744, "Value": 148, "Offset": 8}, "PointerToLinenumbers": {"FileOffset": 764, "Value": 0, "Offset": 28}, "SizeOfRawData": {"FileOffset": 752, "Value": 512, "Offset": 16}, "Misc_PhysicalAddress": {"FileOffset": 744, "Value": 148, "Offset": 8}, "PointerToRelocations": {"FileOffset": 760, "Value": 0, "Offset": 24}, "Flags": ["IMAGE_SCN_CNT_INITIALIZED_DATA", "IMAGE_SCN_MEM_DISCARDABLE", "IMAGE_SCN_MEM_READ"], "SHA512": "8f880e581f1d55176b990a9e1bb38d207430c80e558cb622b002eedf4e90ab2da53dcca8c077bfaffd2407d3a1573f5e06abfbb8adb56b231b43f3755b218e92", "MD5": "431be1fe089f211bbfe88d1fd01ee9b7", "Entropy": 0.9627285451047535, "VirtualAddress": {"FileOffset": 748, "Value": 40960, "Offset": 12}, "Structure": "IMAGE_SECTION_HEADER", "NumberOfLinenumbers": {"FileOffset": 770, "Value": 0, "Offset": 34}}]}
