{"DllCharacteristics": [], "FILE_HEADER": {"NumberOfSections": {"FileOffset": 238, "Value": 4, "Offset": 2}, "TimeDateStamp": {"FileOffset": 240, "Value": "0x4CBFE2DD [Thu Oct 21 06:51:09 2010 UTC]", "Offset": 4}, "PointerToSymbolTable": {"FileOffset": 244, "Value": 0, "Offset": 8}, "NumberOfSymbols": {"FileOffset": 248, "Value": 0, "Offset": 12}, "Machine": {"FileOffset": 236, "Value": 332, "Offset": 0}, "Characteristics": {"FileOffset": 254, "Value": 271, "Offset": 18}, "SizeOfOptionalHeader": {"FileOffset": 252, "Value": 224, "Offset": 16}, "Structure": "IMAGE_FILE_HEADER"}, "Directories": [{"VirtualAddress": {"FileOffset": 352, "Value": 0, "Offset": 0}, "Structure": "IMAGE_DIRECTORY_ENTRY_EXPORT", "Size": {"FileOffset": 356, "Value": 0, "Offset": 4}}, {"VirtualAddress": {"FileOffset": 360, "Value": 12744, "Offset": 0}, "Structure": "IMAGE_DIRECTORY_ENTRY_IMPORT", "Size": {"FileOffset": 364, "Value": 140, "Offset": 4}}, {"VirtualAddress": {"FileOffset": 368, "Value": 20480, "Offset": 0}, "Structure": "IMAGE_DIRECTORY_ENTRY_RESOURCE", "Size": {"FileOffset": 372, "Value": 1008, "Offset": 4}}, {"VirtualAddress": {"FileOffset": 376, "Value": 0, "Offset": 0}, "Structure": "IMAGE_DIRECTORY_ENTRY_EXCEPTION", "Size": {"FileOffset": 380, "Value": 0, "Offset": 4}}, {"VirtualAddress": {"FileOffset": 384, "Value": 0, "Offset": 0}, "Structure": "IMAGE_DIRECTORY_ENTRY_SECURITY", "Size": {"FileOffset": 388, "Value": 0, "Offset": 4}}, {"VirtualAddress": {"FileOffset": 392, "Value": 0, "Offset": 0}, "Structure": "IMAGE_DIRECTORY_ENTRY_BASERELOC", "Size": {"FileOffset": 396, "Value": 0, "Offset": 4}}, {"VirtualAddress": {"FileOffset": 400, "Value": 0, "Offset": 0}, "Structure": "IMAGE_DIRECTORY_ENTRY_DEBUG", "Size": {"FileOffset": 404, "Value": 0, "Offset": 4}}, {"VirtualAddress": {"FileOffset": 408, "Value": 0, "Offset": 0}, "Structure": "IMAGE_DIRECTORY_ENTRY_COPYRIGHT", "Size": {"FileOffset": 412, "Value": 0, "Offset": 4}}, {"VirtualAddress": {"FileOffset": 416, "Value": 0, "Offset": 0}, "Structure": "IMAGE_DIRECTORY_ENTRY_GLOBALPTR", "Size": {"FileOffset": 420, "Value": 0, "Offset": 4}}, {"VirtualAddress": {"FileOffset": 424, "Value": 0, "Offset": 0}, "Structure": "IMAGE_DIRECTORY_ENTRY_TLS", "Size": {"FileOffset": 428, "Value": 0, "Offset": 4}}, {"VirtualAddress": {"FileOffset": 432, "Value": 0, "Offset": 0}, "Structure": "IMAGE_DIRECTORY_ENTRY_LOAD_CONFIG", "Size": {"FileOffset": 436, "Value": 0, "Offset": 4}}, {"VirtualAddress": {"FileOffset": 440, "Value": 0, "Offset": 0}, "Structure": "IMAGE_DIRECTORY_ENTRY_BOUND_IMPORT", "Size": {"FileOffset": 444, "Value": 0, "Offset": 4}}, {"VirtualAddress": {"FileOffset": 448, "Value": 12288, "Offset": 0}, "Structure": "IMAGE_DIRECTORY_ENTRY_IAT", "Size": {"FileOffset": 452, "Value": 352, "Offset": 4}}, {"VirtualAddress": {"FileOffset": 456, "Value": 0, "Offset": 0}, "Structure": "IMAGE_DIRECTORY_ENTRY_DELAY_IMPORT", "Size": {"FileOffset": 460, "Value": 0, "Offset": 4}}, {"VirtualAddress": {"FileOffset": 464, "Value": 0, "Offset": 0}, "Structure": "IMAGE_DIRECTORY_ENTRY_COM_DESCRIPTOR", "Size": {"FileOffset": 468, "Value": 0, "Offset": 4}}, {"VirtualAddress": {"FileOffset": 472, "Value": 0, "Offset": 0}, "Structure": "IMAGE_DIRECTORY_ENTRY_RESERVED", "Size": {"FileOffset": 476, "Value": 0, "Offset": 4}}], "OPTIONAL_HEADER": {"DllCharacteristics": {"FileOffset": 326, "Value": 0, "Offset": 70}, "BaseOfCode": {"FileOffset": 276, "Value": 4096, "Offset": 20}, "MajorLinkerVersion": {"FileOffset": 258, "Value": 6, "Offset": 2}, "MinorOperatingSystemVersion": {"FileOffset": 298, "Value": 0, "Offset": 42}, "MinorLinkerVersion": {"FileOffset": 259, "Value": 0, "Offset": 3}, "MajorSubsystemVersion": {"FileOffset": 304, "Value": 4, "Offset": 48}, "MajorOperatingSystemVersion": {"FileOffset": 296, "Value": 4, "Offset": 40}, "SizeOfStackCommit": {"FileOffset": 332, "Value": 4096, "Offset": 76}, "SizeOfUninitializedData": {"FileOffset": 268, "Value": 0, "Offset": 12}, "NumberOfRvaAndSizes": {"FileOffset": 348, "Value": 16, "Offset": 92}, "SizeOfHeapReserve": {"FileOffset": 336, "Value": 1048576, "Offset": 80}, "LoaderFlags": {"FileOffset": 344, "Value": 0, "Offset": 88}, "SizeOfHeapCommit": {"FileOffset": 340, "Value": 4096, "Offset": 84}, "SizeOfStackReserve": {"FileOffset": 328, "Value": 1048576, "Offset": 72}, "Structure": "IMAGE_OPTIONAL_HEADER", "SizeOfHeaders": {"FileOffset": 316, "Value": 1024, "Offset": 60}, "Subsystem": {"FileOffset": 324, "Value": 2, "Offset": 68}, "Magic": {"FileOffset": 256, "Value": 267, "Offset": 0}, "MinorImageVersion": {"FileOffset": 302, "Value": 0, "Offset": 46}, "MajorImageVersion": {"FileOffset": 300, "Value": 0, "Offset": 44}, "FileAlignment": {"FileOffset": 292, "Value": 512, "Offset": 36}, "BaseOfData": {"FileOffset": 280, "Value": 12288, "Offset": 24}, "AddressOfEntryPoint": {"FileOffset": 272, "Value": 10940, "Offset": 16}, "SectionAlignment": {"FileOffset": 288, "Value": 4096, "Offset": 32}, "SizeOfCode": {"FileOffset": 260, "Value": 7680, "Offset": 4}, "ImageBase": {"FileOffset": 284, "Value": 4194304, "Offset": 28}, "SizeOfInitializedData": {"FileOffset": 264, "Value": 6144, "Offset": 8}, "SizeOfImage": {"FileOffset": 312, "Value": 24576, "Offset": 56}, "MinorSubsystemVersion": {"FileOffset": 306, "Value": 0, "Offset": 50}, "CheckSum": {"FileOffset": 320, "Value": 0, "Offset": 64}, "Reserved1": {"FileOffset": 308, "Value": 0, "Offset": 52}}, "DOS_HEADER": {"e_cblp": {"FileOffset": 2, "Value": 144, "Offset": 2}, "e_crlc": {"FileOffset": 6, "Value": 0, "Offset": 6}, "e_ovno": {"FileOffset": 26, "Value": 0, "Offset": 26}, "e_minalloc": {"FileOffset": 10, "Value": 0, "Offset": 10}, "e_csum": {"FileOffset": 18, "Value": 0, "Offset": 18}, "e_cparhdr": {"FileOffset": 8, "Value": 4, "Offset": 8}, "e_cp": {"FileOffset": 4, "Value": 3, "Offset": 4}, "e_cs": {"FileOffset": 22, "Value": 0, "Offset": 22}, "e_maxalloc": {"FileOffset": 12, "Value": 65535, "Offset": 12}, "e_lfarlc": {"FileOffset": 24, "Value": 64, "Offset": 24}, "e_oemid": {"FileOffset": 36, "Value": 0, "Offset": 36}, "e_lfanew": {"FileOffset": 60, "Value": 232, "Offset": 60}, "e_ss": {"FileOffset": 14, "Value": 0, "Offset": 14}, "e_magic": {"FileOffset": 0, "Value": 23117, "Offset": 0}, "e_oeminfo": {"FileOffset": 38, "Value": 0, "Offset": 38}, "e_res2": {"FileOffset": 40, "Value": "", "Offset": 40}, "e_res": {"FileOffset": 28, "Value": "", "Offset": 28}, "e_sp": {"FileOffset": 16, "Value": 184, "Offset": 16}, "Structure": "IMAGE_DOS_HEADER", "e_ip": {"FileOffset": 20, "Value": 0, "Offset": 20}}, "NT_HEADERS": {"Structure": "IMAGE_NT_HEADERS", "Signature": {"FileOffset": 232, "Value": 17744, "Offset": 0}}, "Flags": ["IMAGE_FILE_LOCAL_SYMS_STRIPPED", "IMAGE_FILE_32BIT_MACHINE", "IMAGE_FILE_EXECUTABLE_IMAGE", "IMAGE_FILE_LINE_NUMS_STRIPPED", "IMAGE_FILE_RELOCS_STRIPPED"], "Version Information": [{"ValueLength": {"FileOffset": 13410, "Value": 52, "Offset": 2}, "Length": {"FileOffset": 13408, "Value": 912, "Offset": 0}, "Type": {"FileOffset": 13412, "Value": 0, "Offset": 4}, "Structure": "VS_VERSIONINFO"}, {"FileFlagsMask": {"FileOffset": 13472, "Value": 63, "Offset": 24}, "FileType": {"FileOffset": 13484, "Value": 1, "Offset": 36}, "FileVersionMS": {"FileOffset": 13456, "Value": 196610, "Offset": 8}, "FileVersionLS": {"FileOffset": 13460, "Value": 393216, "Offset": 12}, "Signature": {"FileOffset": 13448, "Value": 4277077181, "Offset": 0}, "FileSubtype": {"FileOffset": 13488, "Value": 0, "Offset": 40}, "FileFlags": {"FileOffset": 13476, "Value": 0, "Offset": 28}, "FileDateLS": {"FileOffset": 13496, "Value": 0, "Offset": 48}, "ProductVersionLS": {"FileOffset": 13468, "Value": 393216, "Offset": 20}, "FileOS": {"FileOffset": 13480, "Value": 262148, "Offset": 32}, "ProductVersionMS": {"FileOffset": 13464, "Value": 196610, "Offset": 16}, "FileDateMS": {"FileOffset": 13492, "Value": 0, "Offset": 44}, "Structure": "VS_FIXEDFILEINFO", "StrucVersion": {"FileOffset": 13452, "Value": 65536, "Offset": 4}}], "Imported symbols": [[{"TimeDateStamp": {"FileOffset": 9164, "Value": "0x0        [Thu Jan  1 00:00:00 1970 UTC]", "Offset": 4}, "Name": {"FileOffset": 9172, "Value": 13854, "Offset": 12}, "ForwarderChain": {"FileOffset": 9168, "Value": 0, "Offset": 8}, "OriginalFirstThunk": {"FileOffset": 9160, "Value": 12920, "Offset": 0}, "FirstThunk": {"FileOffset": 9176, "Value": 12324, "Offset": 16}, "Characteristics": {"FileOffset": 9160, "Value": 12920, "Offset": 0}, "Structure": "IMAGE_IMPORT_DESCRIPTOR"}, {"Hint": 276, "Name": "GetComputerNameA", "DLL": "KERNEL32.dll"}, {"Hint": 922, "Name": "WriteConsoleInputA", "DLL": "KERNEL32.dll"}, {"Hint": 83, "Name": "CreateFileA", "DLL": "KERNEL32.dll"}, {"Hint": 14, "Name": "AttachConsole", "DLL": "KERNEL32.dll"}, {"Hint": 102, "Name": "CreateProcessA", "DLL": "KERNEL32.dll"}, {"Hint": 298, "Name": "GetConsoleDisplayMode", "DLL": "KERNEL32.dll"}, {"Hint": 693, "Name": "ReadFile", "DLL": "KERNEL32.dll"}, {"Hint": 657, "Name": "PeekNamedPipe", "DLL": "KERNEL32.dll"}, {"Hint": 346, "Name": "GetExitCodeProcess", "DLL": "KERNEL32.dll"}, {"Hint": 646, "Name": "OpenProcess", "DLL": "KERNEL32.dll"}, {"Hint": 350, "Name": "GetFileAttributesA", "DLL": "KERNEL32.dll"}, {"Hint": 449, "Name": "GetSystemDirectoryA", "DLL": "KERNEL32.dll"}, {"Hint": 188, "Name": "ExpandEnvironmentStringsA", "DLL": "KERNEL32.dll"}, {"Hint": 854, "Name": "Sleep", "DLL": "KERNEL32.dll"}, {"Hint": 491, "Name": "GetVolumeInformationA", "DLL": "KERNEL32.dll"}, {"Hint": 339, "Name": "GetDriveTypeA", "DLL": "KERNEL32.dll"}, {"Hint": 957, "Name": "lstrcatA", "DLL": "KERNEL32.dll"}, {"Hint": 376, "Name": "GetLogicalDrives", "DLL": "KERNEL32.dll"}, {"Hint": 664, "Name": "Process32Next", "DLL": "KERNEL32.dll"}, {"Hint": 662, "Name": "Process32First", "DLL": "KERNEL32.dll"}, {"Hint": 114, "Name": "CreateToolhelp32Snapshot", "DLL": "KERNEL32.dll"}, {"Hint": 932, "Name": "WriteFile", "DLL": "KERNEL32.dll"}, {"Hint": 355, "Name": "GetFileSize", "DLL": "KERNEL32.dll"}, {"Hint": 322, "Name": "GetCurrentProcess", "DLL": "KERNEL32.dll"}, {"Hint": 488, "Name": "GetVersion", "DLL": "KERNEL32.dll"}, {"Hint": 383, "Name": "GetModuleHandleA", "DLL": "KERNEL32.dll"}, {"Hint": 101, "Name": "CreatePipe", "DLL": "KERNEL32.dll"}, {"Hint": 499, "Name": "GetWindowsDirectoryA", "DLL": "KERNEL32.dll"}, {"Hint": 778, "Name": "SetCurrentDirectoryA", "DLL": "KERNEL32.dll"}, {"Hint": 111, "Name": "CreateThread", "DLL": "KERNEL32.dll"}, {"Hint": 912, "Name": "WaitForSingleObject", "DLL": "KERNEL32.dll"}, {"Hint": 52, "Name": "CloseHandle", "DLL": "KERNEL32.dll"}, {"Hint": 862, "Name": "TerminateProcess", "DLL": "KERNEL32.dll"}, {"Hint": 823, "Name": "SetStdHandle", "DLL": "KERNEL32.dll"}, {"Hint": 369, "Name": "GetLastError", "DLL": "KERNEL32.dll"}, {"Hint": 439, "Name": "GetStartupInfoA", "DLL": "KERNEL32.dll"}], [{"TimeDateStamp": {"FileOffset": 9184, "Value": "0x0        [Thu Jan  1 00:00:00 1970 UTC]", "Offset": 4}, "Name": {"FileOffset": 9192, "Value": 14032, "Offset": 12}, "ForwarderChain": {"FileOffset": 9188, "Value": 0, "Offset": 8}, "OriginalFirstThunk": {"FileOffset": 9180, "Value": 13068, "Offset": 0}, "FirstThunk": {"FileOffset": 9196, "Value": 12472, "Offset": 16}, "Characteristics": {"FileOffset": 9180, "Value": 13068, "Offset": 0}, "Structure": "IMAGE_IMPORT_DESCRIPTOR"}, {"Hint": 574, "Name": "atol", "DLL": "MSVCRT.dll"}, {"Hint": 693, "Name": "sscanf", "DLL": "MSVCRT.dll"}, {"Hint": 707, "Name": "strrchr", "DLL": "MSVCRT.dll"}, {"Hint": 211, "Name": "_exit", "DLL": "MSVCRT.dll"}, {"Hint": 72, "Name": "_XcptFilter", "DLL": "MSVCRT.dll"}, {"Hint": 585, "Name": "exit", "DLL": "MSVCRT.dll"}, {"Hint": 143, "Name": "_acmdln", "DLL": "MSVCRT.dll"}, {"Hint": 88, "Name": "__getmainargs", "DLL": "MSVCRT.dll"}, {"Hint": 271, "Name": "_initterm", "DLL": "MSVCRT.dll"}, {"Hint": 131, "Name": "__setusermatherr", "DLL": "MSVCRT.dll"}, {"Hint": 157, "Name": "_adjust_fdiv", "DLL": "MSVCRT.dll"}, {"Hint": 106, "Name": "__p__commode", "DLL": "MSVCRT.dll"}, {"Hint": 111, "Name": "__p__fmode", "DLL": "MSVCRT.dll"}, {"Hint": 129, "Name": "__set_app_type", "DLL": "MSVCRT.dll"}, {"Hint": 202, "Name": "_except_handler3", "DLL": "MSVCRT.dll"}, {"Hint": 183, "Name": "_controlfp", "DLL": "MSVCRT.dll"}, {"Hint": 16, "Name": "??3@YAXPAX@Z", "DLL": "MSVCRT.dll"}, {"Hint": 702, "Name": "strlen", "DLL": "MSVCRT.dll"}, {"Hint": 698, "Name": "strcpy", "DLL": "MSVCRT.dll"}, {"Hint": 665, "Name": "memset", "DLL": "MSVCRT.dll"}, {"Hint": 15, "Name": "??2@YAPAXI@Z", "DLL": "MSVCRT.dll"}, {"Hint": 690, "Name": "sprintf", "DLL": "MSVCRT.dll"}, {"Hint": 573, "Name": "atoi", "DLL": "MSVCRT.dll"}, {"Hint": 445, "Name": "_strcmpi", "DLL": "MSVCRT.dll"}, {"Hint": 694, "Name": "strcat", "DLL": "MSVCRT.dll"}, {"Hint": 73, "Name": "__CxxFrameHandler", "DLL": "MSVCRT.dll"}, {"Hint": 66, "Name": "_EH_prolog", "DLL": "MSVCRT.dll"}], [{"TimeDateStamp": {"FileOffset": 9204, "Value": "0x0        [Thu Jan  1 00:00:00 1970 UTC]", "Offset": 4}, "Name": {"FileOffset": 9212, "Value": 14420, "Offset": 12}, "ForwarderChain": {"FileOffset": 9208, "Value": 0, "Offset": 8}, "OriginalFirstThunk": {"FileOffset": 9200, "Value": 13188, "Offset": 0}, "FirstThunk": {"FileOffset": 9216, "Value": 12592, "Offset": 16}, "Characteristics": {"FileOffset": 9200, "Value": 13188, "Offset": 0}, "Structure": "IMAGE_IMPORT_DESCRIPTOR"}, {"Hint": 89, "Name": "HttpSendRequestA", "DLL": "WININET.dll"}, {"Hint": 152, "Name": "InternetQueryOptionA", "DLL": "WININET.dll"}, {"Hint": 105, "Name": "InternetCloseHandle", "DLL": "WININET.dll"}, {"Hint": 111, "Name": "InternetConnectA", "DLL": "WININET.dll"}, {"Hint": 85, "Name": "HttpOpenRequestA", "DLL": "WININET.dll"}, {"Hint": 80, "Name": "HttpAddRequestHeadersA", "DLL": "WININET.dll"}, {"Hint": 146, "Name": "InternetOpenA", "DLL": "WININET.dll"}, {"Hint": 154, "Name": "InternetReadFile", "DLL": "WININET.dll"}, {"Hint": 167, "Name": "InternetSetOptionA", "DLL": "WININET.dll"}], [{"TimeDateStamp": {"FileOffset": 9224, "Value": "0x0        [Thu Jan  1 00:00:00 1970 UTC]", "Offset": 4}, "Name": {"FileOffset": 9232, "Value": 14590, "Offset": 12}, "ForwarderChain": {"FileOffset": 9228, "Value": 0, "Offset": 8}, "OriginalFirstThunk": {"FileOffset": 9220, "Value": 12884, "Offset": 0}, "FirstThunk": {"FileOffset": 9236, "Value": 12288, "Offset": 16}, "Characteristics": {"FileOffset": 9220, "Value": 12884, "Offset": 0}, "Structure": "IMAGE_IMPORT_DESCRIPTOR"}, {"Hint": 95, "Name": "CreateProcessAsUserA", "DLL": "ADVAPI32.dll"}, {"Hint": 62, "Name": "CloseServiceHandle", "DLL": "ADVAPI32.dll"}, {"Hint": 211, "Name": "EnumServicesStatusExA", "DLL": "ADVAPI32.dll"}, {"Hint": 429, "Name": "OpenSCManagerA", "DLL": "ADVAPI32.dll"}, {"Hint": 66, "Name": "ControlService", "DLL": "ADVAPI32.dll"}, {"Hint": 431, "Name": "OpenServiceA", "DLL": "ADVAPI32.dll"}, {"Hint": 585, "Name": "StartServiceA", "DLL": "ADVAPI32.dll"}, {"Hint": 428, "Name": "OpenProcessToken", "DLL": "ADVAPI32.dll"}], [{"TimeDateStamp": {"FileOffset": 9244, "Value": "0x0        [Thu Jan  1 00:00:00 1970 UTC]", "Offset": 4}, "Name": {"FileOffset": 9252, "Value": 14626, "Offset": 12}, "ForwarderChain": {"FileOffset": 9248, "Value": 0, "Offset": 8}, "OriginalFirstThunk": {"FileOffset": 9240, "Value": 13228, "Offset": 0}, "FirstThunk": {"FileOffset": 9256, "Value": 12632, "Offset": 16}, "Characteristics": {"FileOffset": 9240, "Value": 13228, "Offset": 0}, "Structure": "IMAGE_IMPORT_DESCRIPTOR"}, {"Hint": 74, "Name": "URLDownloadToFileA", "DLL": "urlmon.dll"}], [{"TimeDateStamp": {"FileOffset": 9264, "Value": "0x0        [Thu Jan  1 00:00:00 1970 UTC]", "Offset": 4}, "Name": {"FileOffset": 9272, "Value": 14656, "Offset": 12}, "ForwarderChain": {"FileOffset": 9268, "Value": 0, "Offset": 8}, "OriginalFirstThunk": {"FileOffset": 9260, "Value": 13180, "Offset": 0}, "FirstThunk": {"FileOffset": 9276, "Value": 12584, "Offset": 16}, "Characteristics": {"FileOffset": 9260, "Value": 13180, "Offset": 0}, "Structure": "IMAGE_IMPORT_DESCRIPTOR"}, {"Hint": 24, "Name": "GetUserNameExA", "DLL": "Secur32.dll"}]], "PE Sections": [{"PointerToRawData": {"FileOffset": 500, "Value": 1024, "Offset": 20}, "SHA1": "8bc4787f240fa52a9e2aa0de4008322575cc448a", "SHA256": "7c580f45cc1c8373e88a68d3b651706a4d7d61b39a702c27397f508d83a2b9ec", "Name": {"FileOffset": 480, "Value": ".text", "Offset": 0}, "NumberOfRelocations": {"FileOffset": 512, "Value": 0, "Offset": 32}, "Misc_VirtualSize": {"FileOffset": 488, "Value": 7290, "Offset": 8}, "Characteristics": {"FileOffset": 516, "Value": 1610612768, "Offset": 36}, "Misc": {"FileOffset": 488, "Value": 7290, "Offset": 8}, "PointerToLinenumbers": {"FileOffset": 508, "Value": 0, "Offset": 28}, "SizeOfRawData": {"FileOffset": 496, "Value": 7680, "Offset": 16}, "Misc_PhysicalAddress": {"FileOffset": 488, "Value": 7290, "Offset": 8}, "PointerToRelocations": {"FileOffset": 504, "Value": 0, "Offset": 24}, "Flags": ["IMAGE_SCN_MEM_EXECUTE", "IMAGE_SCN_CNT_CODE", "IMAGE_SCN_MEM_READ"], "SHA512": "7d2978c5815cec2cdd033463e7cd4cb04ef71625c797c00cfb43e6602686dcd870c1f39662b7720e3b50c402dbd33692c423a7b9b220799cb3199ba5c45e56c9", "MD5": "44106ea5c83575fd69fba1d898268fd4", "Entropy": 6.015520820824977, "VirtualAddress": {"FileOffset": 492, "Value": 4096, "Offset": 12}, "Structure": "IMAGE_SECTION_HEADER", "NumberOfLinenumbers": {"FileOffset": 514, "Value": 0, "Offset": 34}}, {"PointerToRawData": {"FileOffset": 540, "Value": 8704, "Offset": 20}, "SHA1": "8707f97d06499e269e42369b72dff41f204f38eb", "SHA256": "3c2696b4a2fc601378872e1c89f02dd4bb5d40cc08ad21859f3f160bbcc977d4", "Name": {"FileOffset": 520, "Value": ".rdata", "Offset": 0}, "NumberOfRelocations": {"FileOffset": 552, "Value": 0, "Offset": 32}, "Misc_VirtualSize": {"FileOffset": 528, "Value": 2418, "Offset": 8}, "Characteristics": {"FileOffset": 556, "Value": 1073741888, "Offset": 36}, "Misc": {"FileOffset": 528, "Value": 2418, "Offset": 8}, "PointerToLinenumbers": {"FileOffset": 548, "Value": 0, "Offset": 28}, "SizeOfRawData": {"FileOffset": 536, "Value": 2560, "Offset": 16}, "Misc_PhysicalAddress": {"FileOffset": 528, "Value": 2418, "Offset": 8}, "PointerToRelocations": {"FileOffset": 544, "Value": 0, "Offset": 24}, "Flags": ["IMAGE_SCN_CNT_INITIALIZED_DATA", "IMAGE_SCN_MEM_READ"], "SHA512": "1fd186dad0940f395679637dd0e515fe313276de10bd317ab45ed557d39572a517b6924993006d3167b3fcdfa5bdd699532ebd33f09a790031fda874d0900584", "MD5": "36a7c7460787e338df2a14dd986afb82", "Entropy": 4.893272381975802, "VirtualAddress": {"FileOffset": 532, "Value": 12288, "Offset": 12}, "Structure": "IMAGE_SECTION_HEADER", "NumberOfLinenumbers": {"FileOffset": 554, "Value": 0, "Offset": 34}}, {"PointerToRawData": {"FileOffset": 580, "Value": 11264, "Offset": 20}, "SHA1": "6bd4046d7fe1e9d790a0575d1afa2a5634fd5a77", "SHA256": "4ca6c3a78b60ea8dec805cd2df59a76312a707b3c401e467e844cc273585902b", "Name": {"FileOffset": 560, "Value": ".data", "Offset": 0}, "NumberOfRelocations": {"FileOffset": 592, "Value": 0, "Offset": 32}, "Misc_VirtualSize": {"FileOffset": 568, "Value": 2104, "Offset": 8}, "Characteristics": {"FileOffset": 596, "Value": 3221225536, "Offset": 36}, "Misc": {"FileOffset": 568, "Value": 2104, "Offset": 8}, "PointerToLinenumbers": {"FileOffset": 588, "Value": 0, "Offset": 28}, "SizeOfRawData": {"FileOffset": 576, "Value": 2048, "Offset": 16}, "Misc_PhysicalAddress": {"FileOffset": 568, "Value": 2104, "Offset": 8}, "PointerToRelocations": {"FileOffset": 584, "Value": 0, "Offset": 24}, "Flags": ["IMAGE_SCN_CNT_INITIALIZED_DATA", "IMAGE_SCN_MEM_WRITE", "IMAGE_SCN_MEM_READ"], "SHA512": "d77612c246b2fddd233513e8fb21080a2fec859b473bed4607a30f51a56f52241c93a317fbaa0b853b370b955da568d981419e03744e077c032f546ed01a0cfe", "MD5": "784fb85ea84a58e8aaa2d5c6b760a547", "Entropy": 5.051845939318167, "VirtualAddress": {"FileOffset": 572, "Value": 16384, "Offset": 12}, "Structure": "IMAGE_SECTION_HEADER", "NumberOfLinenumbers": {"FileOffset": 594, "Value": 0, "Offset": 34}}, {"PointerToRawData": {"FileOffset": 620, "Value": 13312, "Offset": 20}, "SHA1": "d064bbd424dc0d6d5ba29c19690d7d45109d50ac", "SHA256": "f05033afb5d3a041bc0cbfdf576ccf5fc2c96f675e73ef016bb57da1af210f66", "Name": {"FileOffset": 600, "Value": ".rsrc", "Offset": 0}, "NumberOfRelocations": {"FileOffset": 632, "Value": 0, "Offset": 32}, "Misc_VirtualSize": {"FileOffset": 608, "Value": 1008, "Offset": 8}, "Characteristics": {"FileOffset": 636, "Value": 1073741888, "Offset": 36}, "Misc": {"FileOffset": 608, "Value": 1008, "Offset": 8}, "PointerToLinenumbers": {"FileOffset": 628, "Value": 0, "Offset": 28}, "SizeOfRawData": {"FileOffset": 616, "Value": 1024, "Offset": 16}, "Misc_PhysicalAddress": {"FileOffset": 608, "Value": 1008, "Offset": 8}, "PointerToRelocations": {"FileOffset": 624, "Value": 0, "Offset": 24}, "Flags": ["IMAGE_SCN_CNT_INITIALIZED_DATA", "IMAGE_SCN_MEM_READ"], "SHA512": "e0fbb1e3517430ab3ad74608b4653270109e9cc5c241890a5f8ebb892c9681d627ec8019ca73dc6b056ae9e7976b92fb186cb179a7398b042edcca7c4214071d", "MD5": "ad025a00187e70a861c894df6019c98d", "Entropy": 3.2542293378083365, "VirtualAddress": {"FileOffset": 612, "Value": 20480, "Offset": 12}, "Structure": "IMAGE_SECTION_HEADER", "NumberOfLinenumbers": {"FileOffset": 634, "Value": 0, "Offset": 34}}], "Resource directory": [{"MajorVersion": {"FileOffset": 13320, "Value": 0, "Offset": 8}, "NumberOfIdEntries": {"FileOffset": 13326, "Value": 1, "Offset": 14}, "MinorVersion": {"FileOffset": 13322, "Value": 0, "Offset": 10}, "TimeDateStamp": {"FileOffset": 13316, "Value": "0x0        [Thu Jan  1 00:00:00 1970 UTC]", "Offset": 4}, "Characteristics": {"FileOffset": 13312, "Value": 0, "Offset": 0}, "NumberOfNamedEntries": {"FileOffset": 13324, "Value": 0, "Offset": 12}, "Structure": "IMAGE_RESOURCE_DIRECTORY"}, {"Structure": "IMAGE_RESOURCE_DIRECTORY_ENTRY", "Id": [16, "RT_VERSION"], "OffsetToData": {"FileOffset": 13332, "Value": 2147483672, "Offset": 4}, "Name": {"FileOffset": 13328, "Value": 16, "Offset": 0}}, [{"MajorVersion": {"FileOffset": 13344, "Value": 0, "Offset": 8}, "NumberOfIdEntries": {"FileOffset": 13350, "Value": 1, "Offset": 14}, "MinorVersion": {"FileOffset": 13346, "Value": 0, "Offset": 10}, "TimeDateStamp": {"FileOffset": 13340, "Value": "0x0        [Thu Jan  1 00:00:00 1970 UTC]", "Offset": 4}, "Characteristics": {"FileOffset": 13336, "Value": 0, "Offset": 0}, "NumberOfNamedEntries": {"FileOffset": 13348, "Value": 0, "Offset": 12}, "Structure": "IMAGE_RESOURCE_DIRECTORY"}, {"Structure": "IMAGE_RESOURCE_DIRECTORY_ENTRY", "Id": 1, "OffsetToData": {"FileOffset": 13356, "Value": 2147483696, "Offset": 4}, "Name": {"FileOffset": 13352, "Value": 1, "Offset": 0}}, [{"MajorVersion": {"FileOffset": 13368, "Value": 0, "Offset": 8}, "NumberOfIdEntries": {"FileOffset": 13374, "Value": 1, "Offset": 14}, "MinorVersion": {"FileOffset": 13370, "Value": 0, "Offset": 10}, "TimeDateStamp": {"FileOffset": 13364, "Value": "0x0        [Thu Jan  1 00:00:00 1970 UTC]", "Offset": 4}, "Characteristics": {"FileOffset": 13360, "Value": 0, "Offset": 0}, "NumberOfNamedEntries": {"FileOffset": 13372, "Value": 0, "Offset": 12}, "Structure": "IMAGE_RESOURCE_DIRECTORY"}, {"LANG": 9, "SUBLANG_NAME": "SUBLANG_ENGLISH_US", "Name": {"FileOffset": 13376, "Value": 1033, "Offset": 0}, "CodePage": {"FileOffset": 13392, "Value": 0, "Offset": 8}, "LANG_NAME": "LANG_ENGLISH", "OffsetToData": {"FileOffset": 13384, "Value": 20576, "Offset": 0}, "Reserved": {"FileOffset": 13396, "Value": 0, "Offset": 12}, "SUBLANG": 1, "Structure": "IMAGE_RESOURCE_DATA_ENTRY", "Size": {"FileOffset": 13388, "Value": 912, "Offset": 4}}]]]}
