{"DllCharacteristics": [], "FILE_HEADER": {"NumberOfSections": {"FileOffset": 206, "Value": 3, "Offset": 2}, "TimeDateStamp": {"FileOffset": 208, "Value": "0x49057C6F [Mon Oct 27 08:31:43 2008 UTC]", "Offset": 4}, "PointerToSymbolTable": {"FileOffset": 212, "Value": 0, "Offset": 8}, "NumberOfSymbols": {"FileOffset": 216, "Value": 0, "Offset": 12}, "Machine": {"FileOffset": 204, "Value": 332, "Offset": 0}, "Characteristics": {"FileOffset": 222, "Value": 271, "Offset": 18}, "SizeOfOptionalHeader": {"FileOffset": 220, "Value": 224, "Offset": 16}, "Structure": "IMAGE_FILE_HEADER"}, "Directories": [{"VirtualAddress": {"FileOffset": 320, "Value": 0, "Offset": 0}, "Structure": "IMAGE_DIRECTORY_ENTRY_EXPORT", "Size": {"FileOffset": 324, "Value": 0, "Offset": 4}}, {"VirtualAddress": {"FileOffset": 328, "Value": 8320, "Offset": 0}, "Structure": "IMAGE_DIRECTORY_ENTRY_IMPORT", "Size": {"FileOffset": 332, "Value": 140, "Offset": 4}}, {"VirtualAddress": {"FileOffset": 336, "Value": 0, "Offset": 0}, "Structure": "IMAGE_DIRECTORY_ENTRY_RESOURCE", "Size": {"FileOffset": 340, "Value": 0, "Offset": 4}}, {"VirtualAddress": {"FileOffset": 344, "Value": 0, "Offset": 0}, "Structure": "IMAGE_DIRECTORY_ENTRY_EXCEPTION", "Size": {"FileOffset": 348, "Value": 0, "Offset": 4}}, {"VirtualAddress": {"FileOffset": 352, "Value": 0, "Offset": 0}, "Structure": "IMAGE_DIRECTORY_ENTRY_SECURITY", "Size": {"FileOffset": 356, "Value": 0, "Offset": 4}}, {"VirtualAddress": {"FileOffset": 360, "Value": 0, "Offset": 0}, "Structure": "IMAGE_DIRECTORY_ENTRY_BASERELOC", "Size": {"FileOffset": 364, "Value": 0, "Offset": 4}}, {"VirtualAddress": {"FileOffset": 368, "Value": 0, "Offset": 0}, "Structure": "IMAGE_DIRECTORY_ENTRY_DEBUG", "Size": {"FileOffset": 372, "Value": 0, "Offset": 4}}, {"VirtualAddress": {"FileOffset": 376, "Value": 0, "Offset": 0}, "Structure": "IMAGE_DIRECTORY_ENTRY_COPYRIGHT", "Size": {"FileOffset": 380, "Value": 0, "Offset": 4}}, {"VirtualAddress": {"FileOffset": 384, "Value": 0, "Offset": 0}, "Structure": "IMAGE_DIRECTORY_ENTRY_GLOBALPTR", "Size": {"FileOffset": 388, "Value": 0, "Offset": 4}}, {"VirtualAddress": {"FileOffset": 392, "Value": 0, "Offset": 0}, "Structure": "IMAGE_DIRECTORY_ENTRY_TLS", "Size": {"FileOffset": 396, "Value": 0, "Offset": 4}}, {"VirtualAddress": {"FileOffset": 400, "Value": 0, "Offset": 0}, "Structure": "IMAGE_DIRECTORY_ENTRY_LOAD_CONFIG", "Size": {"FileOffset": 404, "Value": 0, "Offset": 4}}, {"VirtualAddress": {"FileOffset": 408, "Value": 0, "Offset": 0}, "Structure": "IMAGE_DIRECTORY_ENTRY_BOUND_IMPORT", "Size": {"FileOffset": 412, "Value": 0, "Offset": 4}}, {"VirtualAddress": {"FileOffset": 416, "Value": 8192, "Offset": 0}, "Structure": "IMAGE_DIRECTORY_ENTRY_IAT", "Size": {"FileOffset": 420, "Value": 128, "Offset": 4}}, {"VirtualAddress": {"FileOffset": 424, "Value": 0, "Offset": 0}, "Structure": "IMAGE_DIRECTORY_ENTRY_DELAY_IMPORT", "Size": {"FileOffset": 428, "Value": 0, "Offset": 4}}, {"VirtualAddress": {"FileOffset": 432, "Value": 0, "Offset": 0}, "Structure": "IMAGE_DIRECTORY_ENTRY_COM_DESCRIPTOR", "Size": {"FileOffset": 436, "Value": 0, "Offset": 4}}, {"VirtualAddress": {"FileOffset": 440, "Value": 0, "Offset": 0}, "Structure": "IMAGE_DIRECTORY_ENTRY_RESERVED", "Size": {"FileOffset": 444, "Value": 0, "Offset": 4}}], "OPTIONAL_HEADER": {"DllCharacteristics": {"FileOffset": 294, "Value": 0, "Offset": 70}, "BaseOfCode": {"FileOffset": 244, "Value": 4096, "Offset": 20}, "MajorLinkerVersion": {"FileOffset": 226, "Value": 6, "Offset": 2}, "MinorOperatingSystemVersion": {"FileOffset": 266, "Value": 0, "Offset": 42}, "MinorLinkerVersion": {"FileOffset": 227, "Value": 0, "Offset": 3}, "MajorSubsystemVersion": {"FileOffset": 272, "Value": 4, "Offset": 48}, "MajorOperatingSystemVersion": {"FileOffset": 264, "Value": 4, "Offset": 40}, "SizeOfStackCommit": {"FileOffset": 300, "Value": 4096, "Offset": 76}, "SizeOfUninitializedData": {"FileOffset": 236, "Value": 0, "Offset": 12}, "NumberOfRvaAndSizes": {"FileOffset": 316, "Value": 16, "Offset": 92}, "SizeOfHeapReserve": {"FileOffset": 304, "Value": 1048576, "Offset": 80}, "LoaderFlags": {"FileOffset": 312, "Value": 0, "Offset": 88}, "SizeOfHeapCommit": {"FileOffset": 308, "Value": 4096, "Offset": 84}, "SizeOfStackReserve": {"FileOffset": 296, "Value": 1048576, "Offset": 72}, "Structure": "IMAGE_OPTIONAL_HEADER", "SizeOfHeaders": {"FileOffset": 284, "Value": 1024, "Offset": 60}, "Subsystem": {"FileOffset": 292, "Value": 2, "Offset": 68}, "Magic": {"FileOffset": 224, "Value": 267, "Offset": 0}, "MinorImageVersion": {"FileOffset": 270, "Value": 0, "Offset": 46}, "MajorImageVersion": {"FileOffset": 268, "Value": 0, "Offset": 44}, "FileAlignment": {"FileOffset": 260, "Value": 512, "Offset": 36}, "BaseOfData": {"FileOffset": 248, "Value": 8192, "Offset": 24}, "AddressOfEntryPoint": {"FileOffset": 240, "Value": 7808, "Offset": 16}, "SectionAlignment": {"FileOffset": 256, "Value": 4096, "Offset": 32}, "SizeOfCode": {"FileOffset": 228, "Value": 4096, "Offset": 4}, "ImageBase": {"FileOffset": 252, "Value": 4194304, "Offset": 28}, "SizeOfInitializedData": {"FileOffset": 232, "Value": 1536, "Offset": 8}, "SizeOfImage": {"FileOffset": 280, "Value": 16384, "Offset": 56}, "MinorSubsystemVersion": {"FileOffset": 274, "Value": 0, "Offset": 50}, "CheckSum": {"FileOffset": 288, "Value": 0, "Offset": 64}, "Reserved1": {"FileOffset": 276, "Value": 0, "Offset": 52}}, "DOS_HEADER": {"e_cblp": {"FileOffset": 2, "Value": 144, "Offset": 2}, "e_crlc": {"FileOffset": 6, "Value": 0, "Offset": 6}, "e_ovno": {"FileOffset": 26, "Value": 0, "Offset": 26}, "e_minalloc": {"FileOffset": 10, "Value": 0, "Offset": 10}, "e_csum": {"FileOffset": 18, "Value": 0, "Offset": 18}, "e_cparhdr": {"FileOffset": 8, "Value": 4, "Offset": 8}, "e_cp": {"FileOffset": 4, "Value": 3, "Offset": 4}, "e_cs": {"FileOffset": 22, "Value": 0, "Offset": 22}, "e_maxalloc": {"FileOffset": 12, "Value": 65535, "Offset": 12}, "e_lfarlc": {"FileOffset": 24, "Value": 64, "Offset": 24}, "e_oemid": {"FileOffset": 36, "Value": 0, "Offset": 36}, "e_lfanew": {"FileOffset": 60, "Value": 200, "Offset": 60}, "e_ss": {"FileOffset": 14, "Value": 0, "Offset": 14}, "e_magic": {"FileOffset": 0, "Value": 23117, "Offset": 0}, "e_oeminfo": {"FileOffset": 38, "Value": 0, "Offset": 38}, "e_res2": {"FileOffset": 40, "Value": "", "Offset": 40}, "e_res": {"FileOffset": 28, "Value": "", "Offset": 28}, "e_sp": {"FileOffset": 16, "Value": 184, "Offset": 16}, "Structure": "IMAGE_DOS_HEADER", "e_ip": {"FileOffset": 20, "Value": 0, "Offset": 20}}, "NT_HEADERS": {"Structure": "IMAGE_NT_HEADERS", "Signature": {"FileOffset": 200, "Value": 17744, "Offset": 0}}, "Flags": ["IMAGE_FILE_LOCAL_SYMS_STRIPPED", "IMAGE_FILE_32BIT_MACHINE", "IMAGE_FILE_EXECUTABLE_IMAGE", "IMAGE_FILE_LINE_NUMS_STRIPPED", "IMAGE_FILE_RELOCS_STRIPPED"], "Imported symbols": [[{"TimeDateStamp": {"FileOffset": 5252, "Value": "0x0        [Thu Jan  1 00:00:00 1970 UTC]", "Offset": 4}, "Name": {"FileOffset": 5260, "Value": 8738, "Offset": 12}, "ForwarderChain": {"FileOffset": 5256, "Value": 0, "Offset": 8}, "OriginalFirstThunk": {"FileOffset": 5248, "Value": 8476, "Offset": 0}, "FirstThunk": {"FileOffset": 5264, "Value": 8208, "Offset": 16}, "Characteristics": {"FileOffset": 5248, "Value": 8476, "Offset": 0}, "Structure": "IMAGE_IMPORT_DESCRIPTOR"}, {"Hint": 357, "Name": "GetTempPathA", "DLL": "KERNEL32.dll"}, {"Hint": 662, "Name": "Sleep", "DLL": "KERNEL32.dll"}, {"Hint": 289, "Name": "GetLongPathNameA", "DLL": "KERNEL32.dll"}, {"Hint": 294, "Name": "GetModuleHandleA", "DLL": "KERNEL32.dll"}, {"Hint": 202, "Name": "GetCommandLineA", "DLL": "KERNEL32.dll"}, {"Hint": 68, "Name": "CreateProcessA", "DLL": "KERNEL32.dll"}, {"Hint": 27, "Name": "CloseHandle", "DLL": "KERNEL32.dll"}, {"Hint": 125, "Name": "ExitProcess", "DLL": "KERNEL32.dll"}, {"Hint": 292, "Name": "GetModuleFileNameA", "DLL": "KERNEL32.dll"}], [{"TimeDateStamp": {"FileOffset": 5272, "Value": "0x0        [Thu Jan  1 00:00:00 1970 UTC]", "Offset": 4}, "Name": {"FileOffset": 5280, "Value": 8830, "Offset": 12}, "ForwarderChain": {"FileOffset": 5276, "Value": 0, "Offset": 8}, "OriginalFirstThunk": {"FileOffset": 5268, "Value": 8560, "Offset": 0}, "FirstThunk": {"FileOffset": 5284, "Value": 8292, "Offset": 16}, "Characteristics": {"FileOffset": 5268, "Value": 8560, "Offset": 0}, "Structure": "IMAGE_IMPORT_DESCRIPTOR"}, {"Hint": 119, "Name": "InternetReadFile", "DLL": "WININET.dll"}, {"Hint": 111, "Name": "InternetOpenA", "DLL": "WININET.dll"}, {"Hint": 113, "Name": "InternetOpenUrlA", "DLL": "WININET.dll"}, {"Hint": 86, "Name": "InternetCloseHandle", "DLL": "WININET.dll"}], [{"TimeDateStamp": {"FileOffset": 5292, "Value": "0x0        [Thu Jan  1 00:00:00 1970 UTC]", "Offset": 4}, "Name": {"FileOffset": 5300, "Value": 8876, "Offset": 12}, "ForwarderChain": {"FileOffset": 5296, "Value": 0, "Offset": 8}, "OriginalFirstThunk": {"FileOffset": 5288, "Value": 8516, "Offset": 0}, "FirstThunk": {"FileOffset": 5304, "Value": 8248, "Offset": 16}, "Characteristics": {"FileOffset": 5288, "Value": 8516, "Offset": 0}, "Structure": "IMAGE_IMPORT_DESCRIPTOR"}, {"Hint": 3, "Name": "LZClose", "DLL": "LZ32.dll"}, {"Hint": 7, "Name": "LZOpenFileA", "DLL": "LZ32.dll"}, {"Hint": 4, "Name": "LZCopy", "DLL": "LZ32.dll"}], [{"TimeDateStamp": {"FileOffset": 5312, "Value": "0x0        [Thu Jan  1 00:00:00 1970 UTC]", "Offset": 4}, "Name": {"FileOffset": 5320, "Value": 8908, "Offset": 12}, "ForwarderChain": {"FileOffset": 5316, "Value": 0, "Offset": 8}, "OriginalFirstThunk": {"FileOffset": 5308, "Value": 8580, "Offset": 0}, "FirstThunk": {"FileOffset": 5324, "Value": 8312, "Offset": 16}, "Characteristics": {"FileOffset": 5308, "Value": 8580, "Offset": 0}, "Structure": "IMAGE_IMPORT_DESCRIPTOR"}, {"Hint": 62, "Name": "URLDownloadToFileA", "DLL": "urlmon.dll"}], [{"TimeDateStamp": {"FileOffset": 5332, "Value": "0x0        [Thu Jan  1 00:00:00 1970 UTC]", "Offset": 4}, "Name": {"FileOffset": 5340, "Value": 8978, "Offset": 12}, "ForwarderChain": {"FileOffset": 5336, "Value": 0, "Offset": 8}, "OriginalFirstThunk": {"FileOffset": 5328, "Value": 8532, "Offset": 0}, "FirstThunk": {"FileOffset": 5344, "Value": 8264, "Offset": 16}, "Characteristics": {"FileOffset": 5328, "Value": 8532, "Offset": 0}, "Structure": "IMAGE_IMPORT_DESCRIPTOR"}, {"Hint": 707, "Name": "strrchr", "DLL": "MSVCRT.dll"}, {"Hint": 705, "Name": "strncpy", "DLL": "MSVCRT.dll"}, {"Hint": 573, "Name": "atoi", "DLL": "MSVCRT.dll"}, {"Hint": 704, "Name": "strncmp", "DLL": "MSVCRT.dll"}, {"Hint": 695, "Name": "strchr", "DLL": "MSVCRT.dll"}, {"Hint": 709, "Name": "strstr", "DLL": "MSVCRT.dll"}], [{"TimeDateStamp": {"FileOffset": 5352, "Value": "0x0        [Thu Jan  1 00:00:00 1970 UTC]", "Offset": 4}, "Name": {"FileOffset": 5360, "Value": 9040, "Offset": 12}, "ForwarderChain": {"FileOffset": 5356, "Value": 0, "Offset": 8}, "OriginalFirstThunk": {"FileOffset": 5348, "Value": 8460, "Offset": 0}, "FirstThunk": {"FileOffset": 5364, "Value": 8192, "Offset": 16}, "Characteristics": {"FileOffset": 5348, "Value": 8460, "Offset": 0}, "Structure": "IMAGE_IMPORT_DESCRIPTOR"}, {"Hint": 390, "Name": "RegSetValueExA", "DLL": "ADVAPI32.dll"}, {"Hint": 351, "Name": "RegCreateKeyExA", "DLL": "ADVAPI32.dll"}, {"Hint": 347, "Name": "RegCloseKey", "DLL": "ADVAPI32.dll"}]], "PE Sections": [{"PointerToRawData": {"FileOffset": 468, "Value": 1024, "Offset": 20}, "SHA1": "3f1aaa402a644e3596a670b2ef06073717cb2870", "SHA256": "45ddcd260dae5c07c9fee2e3946e5319aecaa6d580aa515b5d4c434d46481e00", "Name": {"FileOffset": 448, "Value": ".text", "Offset": 0}, "NumberOfRelocations": {"FileOffset": 480, "Value": 0, "Offset": 32}, "Misc_VirtualSize": {"FileOffset": 456, "Value": 4046, "Offset": 8}, "Characteristics": {"FileOffset": 484, "Value": 1610612768, "Offset": 36}, "Misc": {"FileOffset": 456, "Value": 4046, "Offset": 8}, "PointerToLinenumbers": {"FileOffset": 476, "Value": 0, "Offset": 28}, "SizeOfRawData": {"FileOffset": 464, "Value": 4096, "Offset": 16}, "Misc_PhysicalAddress": {"FileOffset": 456, "Value": 4046, "Offset": 8}, "PointerToRelocations": {"FileOffset": 472, "Value": 0, "Offset": 24}, "Flags": ["IMAGE_SCN_MEM_EXECUTE", "IMAGE_SCN_CNT_CODE", "IMAGE_SCN_MEM_READ"], "SHA512": "109b91cbefa3b1245b697b303c2fcddb368da6bc11a219c6e1a281c41540ca0a01605852a560b766b5a7379ca8041ef2f49be6fa483878c4a1a8f2ac2c4c0f0a", "MD5": "3c734697ef618f1aa2710ac0579501db", "Entropy": 5.126490426965782, "VirtualAddress": {"FileOffset": 460, "Value": 4096, "Offset": 12}, "Structure": "IMAGE_SECTION_HEADER", "NumberOfLinenumbers": {"FileOffset": 482, "Value": 0, "Offset": 34}}, {"PointerToRawData": {"FileOffset": 508, "Value": 5120, "Offset": 20}, "SHA1": "d114e14f6cdc853b44e5ef7cf5d16d6cb768f7a8", "SHA256": "bbe4327ffa6ee05ab031f8c534a9890c1d7204bbc446c38ad2ef9788b1825503", "Name": {"FileOffset": 488, "Value": ".rdata", "Offset": 0}, "NumberOfRelocations": {"FileOffset": 520, "Value": 0, "Offset": 32}, "Misc_VirtualSize": {"FileOffset": 496, "Value": 862, "Offset": 8}, "Characteristics": {"FileOffset": 524, "Value": 1073741888, "Offset": 36}, "Misc": {"FileOffset": 496, "Value": 862, "Offset": 8}, "PointerToLinenumbers": {"FileOffset": 516, "Value": 0, "Offset": 28}, "SizeOfRawData": {"FileOffset": 504, "Value": 1024, "Offset": 16}, "Misc_PhysicalAddress": {"FileOffset": 496, "Value": 862, "Offset": 8}, "PointerToRelocations": {"FileOffset": 512, "Value": 0, "Offset": 24}, "Flags": ["IMAGE_SCN_CNT_INITIALIZED_DATA", "IMAGE_SCN_MEM_READ"], "SHA512": "bef8bfea4d84ddf02850cbdafcaf5c3e956e2296126d796b9920e25fe8ae6f8c9a904b88ccf4b1659aa920a697942f40e4936a83b10905606e9e22808285389e", "MD5": "c67f17e88bc0223b545f4adbd21ee02e", "Entropy": 4.0389146190147525, "VirtualAddress": {"FileOffset": 500, "Value": 8192, "Offset": 12}, "Structure": "IMAGE_SECTION_HEADER", "NumberOfLinenumbers": {"FileOffset": 522, "Value": 0, "Offset": 34}}, {"PointerToRawData": {"FileOffset": 548, "Value": 6144, "Offset": 20}, "SHA1": "25d081ec20fcbe79c16691f5c97d74101556bb2f", "SHA256": "102a93e572ae5099b97229472ec7c3a434d34c10a4c85b3a42c3f26449c24444", "Name": {"FileOffset": 528, "Value": ".data", "Offset": 0}, "NumberOfRelocations": {"FileOffset": 560, "Value": 0, "Offset": 32}, "Misc_VirtualSize": {"FileOffset": 536, "Value": 222, "Offset": 8}, "Characteristics": {"FileOffset": 564, "Value": 3221225536, "Offset": 36}, "Misc": {"FileOffset": 536, "Value": 222, "Offset": 8}, "PointerToLinenumbers": {"FileOffset": 556, "Value": 0, "Offset": 28}, "SizeOfRawData": {"FileOffset": 544, "Value": 512, "Offset": 16}, "Misc_PhysicalAddress": {"FileOffset": 536, "Value": 222, "Offset": 8}, "PointerToRelocations": {"FileOffset": 552, "Value": 0, "Offset": 24}, "Flags": ["IMAGE_SCN_CNT_INITIALIZED_DATA", "IMAGE_SCN_MEM_WRITE", "IMAGE_SCN_MEM_READ"], "SHA512": "bd08cf6c0d3132fc8a9571f6b717b46ea66de4cf1ca38758d31b94a668b17a60e27e0e616416f207f810aba10882913fb1fe55e66b2c36f45fd5f2f0deaa2c06", "MD5": "a22f65f0d155828f931669e80f0d2a5a", "Entropy": 3.3845165184483528, "VirtualAddress": {"FileOffset": 540, "Value": 12288, "Offset": 12}, "Structure": "IMAGE_SECTION_HEADER", "NumberOfLinenumbers": {"FileOffset": 562, "Value": 0, "Offset": 34}}]}
