{"DllCharacteristics": ["IMAGE_DLLCHARACTERISTICS_NO_SEH", "IMAGE_DLLCHARACTERISTICS_TERMINAL_SERVER_AWARE", "IMAGE_DLLCHARACTERISTICS_NX_COMPAT"], "FILE_HEADER": {"NumberOfSections": {"FileOffset": 238, "Value": 5, "Offset": 2}, "TimeDateStamp": {"FileOffset": 240, "Value": "0x4D6DF468 [Wed Mar  2 07:40:24 2011 UTC]", "Offset": 4}, "PointerToSymbolTable": {"FileOffset": 244, "Value": 0, "Offset": 8}, "NumberOfSymbols": {"FileOffset": 248, "Value": 0, "Offset": 12}, "Machine": {"FileOffset": 236, "Value": 332, "Offset": 0}, "Characteristics": {"FileOffset": 254, "Value": 259, "Offset": 18}, "SizeOfOptionalHeader": {"FileOffset": 252, "Value": 224, "Offset": 16}, "Structure": "IMAGE_FILE_HEADER"}, "Parsing Warnings": ["RVA AddressOfNames in the export directory points to an invalid address: 0"], "Directories": [{"VirtualAddress": {"FileOffset": 352, "Value": 84880, "Offset": 0}, "Structure": "IMAGE_DIRECTORY_ENTRY_EXPORT", "Size": {"FileOffset": 356, "Value": 51, "Offset": 4}}, {"VirtualAddress": {"FileOffset": 360, "Value": 80952, "Offset": 0}, "Structure": "IMAGE_DIRECTORY_ENTRY_IMPORT", "Size": {"FileOffset": 364, "Value": 220, "Offset": 4}}, {"VirtualAddress": {"FileOffset": 368, "Value": 155648, "Offset": 0}, "Structure": "IMAGE_DIRECTORY_ENTRY_RESOURCE", "Size": {"FileOffset": 372, "Value": 32884, "Offset": 4}}, {"VirtualAddress": {"FileOffset": 376, "Value": 0, "Offset": 0}, "Structure": "IMAGE_DIRECTORY_ENTRY_EXCEPTION", "Size": {"FileOffset": 380, "Value": 0, "Offset": 4}}, {"VirtualAddress": {"FileOffset": 384, "Value": 0, "Offset": 0}, "Structure": "IMAGE_DIRECTORY_ENTRY_SECURITY", "Size": {"FileOffset": 388, "Value": 0, "Offset": 4}}, {"VirtualAddress": {"FileOffset": 392, "Value": 0, "Offset": 0}, "Structure": "IMAGE_DIRECTORY_ENTRY_BASERELOC", "Size": {"FileOffset": 396, "Value": 0, "Offset": 4}}, {"VirtualAddress": {"FileOffset": 400, "Value": 78528, "Offset": 0}, "Structure": "IMAGE_DIRECTORY_ENTRY_DEBUG", "Size": {"FileOffset": 404, "Value": 28, "Offset": 4}}, {"VirtualAddress": {"FileOffset": 408, "Value": 0, "Offset": 0}, "Structure": "IMAGE_DIRECTORY_ENTRY_COPYRIGHT", "Size": {"FileOffset": 412, "Value": 0, "Offset": 4}}, {"VirtualAddress": {"FileOffset": 416, "Value": 0, "Offset": 0}, "Structure": "IMAGE_DIRECTORY_ENTRY_GLOBALPTR", "Size": {"FileOffset": 420, "Value": 0, "Offset": 4}}, {"VirtualAddress": {"FileOffset": 424, "Value": 0, "Offset": 0}, "Structure": "IMAGE_DIRECTORY_ENTRY_TLS", "Size": {"FileOffset": 428, "Value": 0, "Offset": 4}}, {"VirtualAddress": {"FileOffset": 432, "Value": 0, "Offset": 0}, "Structure": "IMAGE_DIRECTORY_ENTRY_LOAD_CONFIG", "Size": {"FileOffset": 436, "Value": 0, "Offset": 4}}, {"VirtualAddress": {"FileOffset": 440, "Value": 0, "Offset": 0}, "Structure": "IMAGE_DIRECTORY_ENTRY_BOUND_IMPORT", "Size": {"FileOffset": 444, "Value": 0, "Offset": 4}}, {"VirtualAddress": {"FileOffset": 448, "Value": 77824, "Offset": 0}, "Structure": "IMAGE_DIRECTORY_ENTRY_IAT", "Size": {"FileOffset": 452, "Value": 704, "Offset": 4}}, {"VirtualAddress": {"FileOffset": 456, "Value": 0, "Offset": 0}, "Structure": "IMAGE_DIRECTORY_ENTRY_DELAY_IMPORT", "Size": {"FileOffset": 460, "Value": 0, "Offset": 4}}, {"VirtualAddress": {"FileOffset": 464, "Value": 0, "Offset": 0}, "Structure": "IMAGE_DIRECTORY_ENTRY_COM_DESCRIPTOR", "Size": {"FileOffset": 468, "Value": 0, "Offset": 4}}, {"VirtualAddress": {"FileOffset": 472, "Value": 0, "Offset": 0}, "Structure": "IMAGE_DIRECTORY_ENTRY_RESERVED", "Size": {"FileOffset": 476, "Value": 0, "Offset": 4}}], "OPTIONAL_HEADER": {"DllCharacteristics": {"FileOffset": 326, "Value": 34048, "Offset": 70}, "BaseOfCode": {"FileOffset": 276, "Value": 4096, "Offset": 20}, "MajorLinkerVersion": {"FileOffset": 258, "Value": 9, "Offset": 2}, "MinorOperatingSystemVersion": {"FileOffset": 298, "Value": 0, "Offset": 42}, "MinorLinkerVersion": {"FileOffset": 259, "Value": 0, "Offset": 3}, "MajorSubsystemVersion": {"FileOffset": 304, "Value": 5, "Offset": 48}, "MajorOperatingSystemVersion": {"FileOffset": 296, "Value": 5, "Offset": 40}, "SizeOfStackCommit": {"FileOffset": 332, "Value": 4096, "Offset": 76}, "SizeOfUninitializedData": {"FileOffset": 268, "Value": 0, "Offset": 12}, "NumberOfRvaAndSizes": {"FileOffset": 348, "Value": 16, "Offset": 92}, "SizeOfHeapReserve": {"FileOffset": 336, "Value": 1048576, "Offset": 80}, "LoaderFlags": {"FileOffset": 344, "Value": 0, "Offset": 88}, "SizeOfHeapCommit": {"FileOffset": 340, "Value": 4096, "Offset": 84}, "SizeOfStackReserve": {"FileOffset": 328, "Value": 1048576, "Offset": 72}, "Structure": "IMAGE_OPTIONAL_HEADER", "SizeOfHeaders": {"FileOffset": 316, "Value": 1024, "Offset": 60}, "Subsystem": {"FileOffset": 324, "Value": 2, "Offset": 68}, "Magic": {"FileOffset": 256, "Value": 267, "Offset": 0}, "MinorImageVersion": {"FileOffset": 302, "Value": 0, "Offset": 46}, "MajorImageVersion": {"FileOffset": 300, "Value": 0, "Offset": 44}, "FileAlignment": {"FileOffset": 292, "Value": 512, "Offset": 36}, "BaseOfData": {"FileOffset": 280, "Value": 77824, "Offset": 24}, "AddressOfEntryPoint": {"FileOffset": 272, "Value": 46261, "Offset": 16}, "SectionAlignment": {"FileOffset": 288, "Value": 4096, "Offset": 32}, "SizeOfCode": {"FileOffset": 260, "Value": 72192, "Offset": 4}, "ImageBase": {"FileOffset": 284, "Value": 4194304, "Offset": 28}, "SizeOfInitializedData": {"FileOffset": 264, "Value": 41984, "Offset": 8}, "SizeOfImage": {"FileOffset": 312, "Value": 192512, "Offset": 56}, "MinorSubsystemVersion": {"FileOffset": 306, "Value": 0, "Offset": 50}, "CheckSum": {"FileOffset": 320, "Value": 0, "Offset": 64}, "Reserved1": {"FileOffset": 308, "Value": 0, "Offset": 52}}, "DOS_HEADER": {"e_cblp": {"FileOffset": 2, "Value": 144, "Offset": 2}, "e_crlc": {"FileOffset": 6, "Value": 0, "Offset": 6}, "e_ovno": {"FileOffset": 26, "Value": 0, "Offset": 26}, "e_minalloc": {"FileOffset": 10, "Value": 0, "Offset": 10}, "e_csum": {"FileOffset": 18, "Value": 0, "Offset": 18}, "e_cparhdr": {"FileOffset": 8, "Value": 4, "Offset": 8}, "e_cp": {"FileOffset": 4, "Value": 3, "Offset": 4}, "e_cs": {"FileOffset": 22, "Value": 0, "Offset": 22}, "e_maxalloc": {"FileOffset": 12, "Value": 65535, "Offset": 12}, "e_lfarlc": {"FileOffset": 24, "Value": 64, "Offset": 24}, "e_oemid": {"FileOffset": 36, "Value": 0, "Offset": 36}, "e_lfanew": {"FileOffset": 60, "Value": 232, "Offset": 60}, "e_ss": {"FileOffset": 14, "Value": 0, "Offset": 14}, "e_magic": {"FileOffset": 0, "Value": 23117, "Offset": 0}, "e_oeminfo": {"FileOffset": 38, "Value": 0, "Offset": 38}, "e_res2": {"FileOffset": 40, "Value": "", "Offset": 40}, "e_res": {"FileOffset": 28, "Value": "", "Offset": 28}, "e_sp": {"FileOffset": 16, "Value": 184, "Offset": 16}, "Structure": "IMAGE_DOS_HEADER", "e_ip": {"FileOffset": 20, "Value": 0, "Offset": 20}}, "NT_HEADERS": {"Structure": "IMAGE_NT_HEADERS", "Signature": {"FileOffset": 232, "Value": 17744, "Offset": 0}}, "Flags": ["IMAGE_FILE_32BIT_MACHINE", "IMAGE_FILE_EXECUTABLE_IMAGE", "IMAGE_FILE_RELOCS_STRIPPED"], "Debug information": [{"MajorVersion": {"FileOffset": 73928, "Value": 0, "Offset": 8}, "PointerToRawData": {"FileOffset": 73944, "Value": 80324, "Offset": 24}, "MinorVersion": {"FileOffset": 73930, "Value": 0, "Offset": 10}, "TimeDateStamp": {"FileOffset": 73924, "Value": "0x4D6DF468 [Wed Mar  2 07:40:24 2011 UTC]", "Offset": 4}, "Characteristics": {"FileOffset": 73920, "Value": 0, "Offset": 0}, "Structure": "IMAGE_DEBUG_DIRECTORY", "Type": "IMAGE_DEBUG_TYPE_CODEVIEW", "SizeOfData": {"FileOffset": 73936, "Value": 81, "Offset": 16}, "AddressOfRawData": {"FileOffset": 73940, "Value": 84932, "Offset": 20}}], "Imported symbols": [[{"TimeDateStamp": {"FileOffset": 76348, "Value": "0x0        [Thu Jan  1 00:00:00 1970 UTC]", "Offset": 4}, "Name": {"FileOffset": 76356, "Value": 81900, "Offset": 12}, "ForwarderChain": {"FileOffset": 76352, "Value": 0, "Offset": 8}, "OriginalFirstThunk": {"FileOffset": 76344, "Value": 81216, "Offset": 0}, "FirstThunk": {"FileOffset": 76360, "Value": 77868, "Offset": 16}, "Characteristics": {"FileOffset": 76344, "Value": 81216, "Offset": 0}, "Structure": "IMAGE_IMPORT_DESCRIPTOR"}, {"Hint": 123, "Name": "InitCommonControlsEx", "DLL": "COMCTL32.dll"}, {"Ordinal": 17, "DLL": "COMCTL32.dll"}], [{"TimeDateStamp": {"FileOffset": 76368, "Value": "0x0        [Thu Jan  1 00:00:00 1970 UTC]", "Offset": 4}, "Name": {"FileOffset": 76376, "Value": 81932, "Offset": 12}, "ForwarderChain": {"FileOffset": 76372, "Value": 0, "Offset": 8}, "OriginalFirstThunk": {"FileOffset": 76364, "Value": 81616, "Offset": 0}, "FirstThunk": {"FileOffset": 76380, "Value": 78268, "Offset": 16}, "Characteristics": {"FileOffset": 76364, "Value": 81616, "Offset": 0}, "Structure": "IMAGE_IMPORT_DESCRIPTOR"}, {"Hint": 164, "Name": "SHAutoComplete", "DLL": "SHLWAPI.dll"}], [{"TimeDateStamp": {"FileOffset": 76388, "Value": "0x0        [Thu Jan  1 00:00:00 1970 UTC]", "Offset": 4}, "Name": {"FileOffset": 76396, "Value": 83230, "Offset": 12}, "ForwarderChain": {"FileOffset": 76392, "Value": 0, "Offset": 8}, "OriginalFirstThunk": {"FileOffset": 76384, "Value": 81280, "Offset": 0}, "FirstThunk": {"FileOffset": 76400, "Value": 77932, "Offset": 16}, "Characteristics": {"FileOffset": 76384, "Value": 81280, "Offset": 0}, "Structure": "IMAGE_IMPORT_DESCRIPTOR"}, {"Hint": 214, "Name": "DeleteFileW", "DLL": "KERNEL32.dll"}, {"Hint": 211, "Name": "DeleteFileA", "DLL": "KERNEL32.dll"}, {"Hint": 124, "Name": "CreateDirectoryA", "DLL": "KERNEL32.dll"}, {"Hint": 129, "Name": "CreateDirectoryW", "DLL": "KERNEL32.dll"}, {"Hint": 302, "Name": "FindClose", "DLL": "KERNEL32.dll"}, {"Hint": 323, "Name": "FindNextFileA", "DLL": "KERNEL32.dll"}, {"Hint": 306, "Name": "FindFirstFileA", "DLL": "KERNEL32.dll"}, {"Hint": 325, "Name": "FindNextFileW", "DLL": "KERNEL32.dll"}, {"Hint": 313, "Name": "FindFirstFileW", "DLL": "KERNEL32.dll"}, {"Hint": 659, "Name": "GetTickCount", "DLL": "KERNEL32.dll"}, {"Hint": 1297, "Name": "WideCharToMultiByte", "DLL": "KERNEL32.dll"}, {"Hint": 691, "Name": "GlobalAlloc", "DLL": "KERNEL32.dll"}, {"Hint": 676, "Name": "GetVersionExW", "DLL": "KERNEL32.dll"}, {"Hint": 504, "Name": "GetFullPathNameA", "DLL": "KERNEL32.dll"}, {"Hint": 507, "Name": "GetFullPathNameW", "DLL": "KERNEL32.dll"}, {"Hint": 532, "Name": "GetModuleFileNameW", "DLL": "KERNEL32.dll"}, {"Hint": 334, "Name": "FindResourceW", "DLL": "KERNEL32.dll"}, {"Hint": 536, "Name": "GetModuleHandleW", "DLL": "KERNEL32.dll"}, {"Hint": 715, "Name": "HeapAlloc", "DLL": "KERNEL32.dll"}, {"Hint": 586, "Name": "GetProcessHeap", "DLL": "KERNEL32.dll"}, {"Hint": 719, "Name": "HeapFree", "DLL": "KERNEL32.dll"}, {"Hint": 722, "Name": "HeapReAlloc", "DLL": "KERNEL32.dll"}, {"Hint": 97, "Name": "CompareStringA", "DLL": "KERNEL32.dll"}, {"Hint": 281, "Name": "ExitProcess", "DLL": "KERNEL32.dll"}, {"Hint": 518, "Name": "GetLocaleInfoW", "DLL": "KERNEL32.dll"}, {"Hint": 563, "Name": "GetNumberFormatW", "DLL": "KERNEL32.dll"}, {"Hint": 1121, "Name": "SetFileAttributesW", "DLL": "KERNEL32.dll"}, {"Hint": 456, "Name": "GetDateFormatW", "DLL": "KERNEL32.dll"}, {"Hint": 663, "Name": "GetTimeFormatW", "DLL": "KERNEL32.dll"}, {"Hint": 293, "Name": "FileTimeToSystemTime", "DLL": "KERNEL32.dll"}, {"Hint": 292, "Name": "FileTimeToLocalFileTime", "DLL": "KERNEL32.dll"}, {"Hint": 285, "Name": "ExpandEnvironmentStringsW", "DLL": "KERNEL32.dll"}, {"Hint": 1273, "Name": "WaitForSingleObject", "DLL": "KERNEL32.dll"}, {"Hint": 1202, "Name": "Sleep", "DLL": "KERNEL32.dll"}, {"Hint": 645, "Name": "GetTempPathW", "DLL": "KERNEL32.dll"}, {"Hint": 864, "Name": "MoveFileExW", "DLL": "KERNEL32.dll"}, {"Hint": 1238, "Name": "UnmapViewOfFile", "DLL": "KERNEL32.dll"}, {"Hint": 391, "Name": "GetCommandLineW", "DLL": "KERNEL32.dll"}, {"Hint": 855, "Name": "MapViewOfFile", "DLL": "KERNEL32.dll"}, {"Hint": 140, "Name": "CreateFileMappingW", "DLL": "KERNEL32.dll"}, {"Hint": 889, "Name": "OpenFileMappingW", "DLL": "KERNEL32.dll"}, {"Hint": 1111, "Name": "SetEnvironmentVariableW", "DLL": "KERNEL32.dll"}, {"Hint": 581, "Name": "GetProcAddress", "DLL": "KERNEL32.dll"}, {"Hint": 838, "Name": "LocalFileTimeToFileTime", "DLL": "KERNEL32.dll"}, {"Hint": 1213, "Name": "SystemTimeToFileTime", "DLL": "KERNEL32.dll"}, {"Hint": 631, "Name": "GetSystemTime", "DLL": "KERNEL32.dll"}, {"Hint": 871, "Name": "MultiByteToWideChar", "DLL": "KERNEL32.dll"}, {"Hint": 100, "Name": "CompareStringW", "DLL": "KERNEL32.dll"}, {"Hint": 766, "Name": "IsDBCSLeadByte", "DLL": "KERNEL32.dll"}, {"Hint": 370, "Name": "GetCPInfo", "DLL": "KERNEL32.dll"}, {"Hint": 1101, "Name": "SetCurrentDirectoryW", "DLL": "KERNEL32.dll"}, {"Hint": 831, "Name": "LoadLibraryW", "DLL": "KERNEL32.dll"}, {"Hint": 354, "Name": "FreeLibrary", "DLL": "KERNEL32.dll"}, {"Hint": 1118, "Name": "SetFileAttributesA", "DLL": "KERNEL32.dll"}, {"Hint": 490, "Name": "GetFileAttributesW", "DLL": "KERNEL32.dll"}, {"Hint": 485, "Name": "GetFileAttributesA", "DLL": "KERNEL32.dll"}, {"Hint": 1317, "Name": "WriteFile", "DLL": "KERNEL32.dll"}, {"Hint": 612, "Name": "GetStdHandle", "DLL": "KERNEL32.dll"}, {"Hint": 960, "Name": "ReadFile", "DLL": "KERNEL32.dll"}, {"Hint": 447, "Name": "GetCurrentDirectoryW", "DLL": "KERNEL32.dll"}, {"Hint": 143, "Name": "CreateFileW", "DLL": "KERNEL32.dll"}, {"Hint": 136, "Name": "CreateFileA", "DLL": "KERNEL32.dll"}, {"Hint": 499, "Name": "GetFileType", "DLL": "KERNEL32.dll"}, {"Hint": 1107, "Name": "SetEndOfFile", "DLL": "KERNEL32.dll"}, {"Hint": 1126, "Name": "SetFilePointer", "DLL": "KERNEL32.dll"}, {"Hint": 867, "Name": "MoveFileW", "DLL": "KERNEL32.dll"}, {"Hint": 1130, "Name": "SetFileTime", "DLL": "KERNEL32.dll"}, {"Hint": 448, "Name": "GetCurrentProcess", "DLL": "KERNEL32.dll"}, {"Hint": 82, "Name": "CloseHandle", "DLL": "KERNEL32.dll"}, {"Hint": 1139, "Name": "SetLastError", "DLL": "KERNEL32.dll"}, {"Hint": 514, "Name": "GetLastError", "DLL": "KERNEL32.dll"}, {"Hint": 228, "Name": "DosDateTimeToFileTime", "DLL": "KERNEL32.dll"}], [{"TimeDateStamp": {"FileOffset": 76408, "Value": "0x0        [Thu Jan  1 00:00:00 1970 UTC]", "Offset": 4}, "Name": {"FileOffset": 76416, "Value": 84130, "Offset": 12}, "ForwarderChain": {"FileOffset": 76412, "Value": 0, "Offset": 8}, "OriginalFirstThunk": {"FileOffset": 76404, "Value": 81624, "Offset": 0}, "FirstThunk": {"FileOffset": 76420, "Value": 78276, "Offset": 16}, "Characteristics": {"FileOffset": 76404, "Value": 81624, "Offset": 0}, "Structure": "IMAGE_IMPORT_DESCRIPTOR"}, {"Hint": 821, "Name": "wvsprintfW", "DLL": "USER32.dll"}, {"Hint": 613, "Name": "ReleaseDC", "DLL": "USER32.dll"}, {"Hint": 289, "Name": "GetDC", "DLL": "USER32.dll"}, {"Hint": 636, "Name": "SendMessageW", "DLL": "USER32.dll"}, {"Hint": 656, "Name": "SetDlgItemTextW", "DLL": "USER32.dll"}, {"Hint": 658, "Name": "SetFocus", "DLL": "USER32.dll"}, {"Hint": 218, "Name": "EndDialog", "DLL": "USER32.dll"}, {"Hint": 163, "Name": "DestroyIcon", "DLL": "USER32.dll"}, {"Hint": 627, "Name": "SendDlgItemMessageW", "DLL": "USER32.dll"}, {"Hint": 298, "Name": "GetDlgItemTextW", "DLL": "USER32.dll"}, {"Hint": 274, "Name": "GetClassNameW", "DLL": "USER32.dll"}, {"Hint": 172, "Name": "DialogBoxParamW", "DLL": "USER32.dll"}, {"Hint": 480, "Name": "IsWindowVisible", "DLL": "USER32.dll"}, {"Hint": 806, "Name": "WaitForInputIdle", "DLL": "USER32.dll"}, {"Hint": 659, "Name": "SetForegroundWindow", "DLL": "USER32.dll"}, {"Hint": 379, "Name": "GetSysColor", "DLL": "USER32.dll"}, {"Hint": 566, "Name": "PostMessageW", "DLL": "USER32.dll"}, {"Hint": 487, "Name": "LoadBitmapW", "DLL": "USER32.dll"}, {"Hint": 493, "Name": "LoadIconW", "DLL": "USER32.dll"}, {"Hint": 53, "Name": "CharToOemA", "DLL": "USER32.dll"}, {"Hint": 545, "Name": "OemToCharA", "DLL": "USER32.dll"}, {"Hint": 249, "Name": "FindWindowExW", "DLL": "USER32.dll"}, {"Hint": 820, "Name": "wvsprintfA", "DLL": "USER32.dll"}, {"Hint": 356, "Name": "GetParent", "DLL": "USER32.dll"}, {"Hint": 521, "Name": "MapWindowPoints", "DLL": "USER32.dll"}, {"Hint": 110, "Name": "CreateWindowExW", "DLL": "USER32.dll"}, {"Hint": 785, "Name": "UpdateWindow", "DLL": "USER32.dll"}, {"Hint": 715, "Name": "SetWindowTextW", "DLL": "USER32.dll"}, {"Hint": 491, "Name": "LoadCursorW", "DLL": "USER32.dll"}, {"Hint": 589, "Name": "RegisterClassExW", "DLL": "USER32.dll"}, {"Hint": 708, "Name": "SetWindowLongW", "DLL": "USER32.dll"}, {"Hint": 406, "Name": "GetWindowLongW", "DLL": "USER32.dll"}, {"Hint": 156, "Name": "DefWindowProcW", "DLL": "USER32.dll"}, {"Hint": 563, "Name": "PeekMessageW", "DLL": "USER32.dll"}, {"Hint": 349, "Name": "GetMessageW", "DLL": "USER32.dll"}, {"Hint": 764, "Name": "TranslateMessage", "DLL": "USER32.dll"}, {"Hint": 175, "Name": "DispatchMessageW", "DLL": "USER32.dll"}, {"Hint": 166, "Name": "DestroyWindow", "DLL": "USER32.dll"}, {"Hint": 276, "Name": "GetClientRect", "DLL": "USER32.dll"}, {"Hint": 475, "Name": "IsWindow", "DLL": "USER32.dll"}, {"Hint": 55, "Name": "CharToOemBuffW", "DLL": "USER32.dll"}, {"Hint": 533, "Name": "MessageBoxW", "DLL": "USER32.dll"}, {"Hint": 735, "Name": "ShowWindow", "DLL": "USER32.dll"}, {"Hint": 295, "Name": "GetDlgItem", "DLL": "USER32.dll"}, {"Hint": 216, "Name": "EnableWindow", "DLL": "USER32.dll"}, {"Hint": 546, "Name": "OemToCharBuffA", "DLL": "USER32.dll"}, {"Hint": 57, "Name": "CharUpperA", "DLL": "USER32.dll"}, {"Hint": 54, "Name": "CharToOemBuffA", "DLL": "USER32.dll"}, {"Hint": 506, "Name": "LoadStringW", "DLL": "USER32.dll"}, {"Hint": 710, "Name": "SetWindowPos", "DLL": "USER32.dll"}, {"Hint": 419, "Name": "GetWindowTextW", "DLL": "USER32.dll"}, {"Hint": 382, "Name": "GetSystemMetrics", "DLL": "USER32.dll"}, {"Hint": 398, "Name": "GetWindow", "DLL": "USER32.dll"}, {"Hint": 60, "Name": "CharUpperW", "DLL": "USER32.dll"}, {"Hint": 412, "Name": "GetWindowRect", "DLL": "USER32.dll"}, {"Hint": 85, "Name": "CopyRect", "DLL": "USER32.dll"}], [{"TimeDateStamp": {"FileOffset": 76428, "Value": "0x0        [Thu Jan  1 00:00:00 1970 UTC]", "Offset": 4}, "Name": {"FileOffset": 76436, "Value": 84278, "Offset": 12}, "ForwarderChain": {"FileOffset": 76432, "Value": 0, "Offset": 8}, "OriginalFirstThunk": {"FileOffset": 76424, "Value": 81244, "Offset": 0}, "FirstThunk": {"FileOffset": 76440, "Value": 77896, "Offset": 16}, "Characteristics": {"FileOffset": 76424, "Value": 81244, "Offset": 0}, "Structure": "IMAGE_IMPORT_DESCRIPTOR"}, {"Hint": 459, "Name": "GetDeviceCaps", "DLL": "GDI32.dll"}, {"Hint": 509, "Name": "GetObjectW", "DLL": "GDI32.dll"}, {"Hint": 47, "Name": "CreateCompatibleBitmap", "DLL": "GDI32.dll"}, {"Hint": 631, "Name": "SelectObject", "DLL": "GDI32.dll"}, {"Hint": 691, "Name": "StretchBlt", "DLL": "GDI32.dll"}, {"Hint": 48, "Name": "CreateCompatibleDC", "DLL": "GDI32.dll"}, {"Hint": 230, "Name": "DeleteObject", "DLL": "GDI32.dll"}, {"Hint": 227, "Name": "DeleteDC", "DLL": "GDI32.dll"}], [{"TimeDateStamp": {"FileOffset": 76448, "Value": "0x0        [Thu Jan  1 00:00:00 1970 UTC]", "Offset": 4}, "Name": {"FileOffset": 76456, "Value": 84352, "Offset": 12}, "ForwarderChain": {"FileOffset": 76452, "Value": 0, "Offset": 8}, "OriginalFirstThunk": {"FileOffset": 76444, "Value": 81228, "Offset": 0}, "FirstThunk": {"FileOffset": 76460, "Value": 77880, "Offset": 16}, "Characteristics": {"FileOffset": 76444, "Value": 81228, "Offset": 0}, "Structure": "IMAGE_IMPORT_DESCRIPTOR"}, {"Hint": 12, "Name": "GetOpenFileNameW", "DLL": "COMDLG32.dll"}, {"Hint": 4, "Name": "CommDlgExtendedError", "DLL": "COMDLG32.dll"}, {"Hint": 14, "Name": "GetSaveFileNameW", "DLL": "COMDLG32.dll"}], [{"TimeDateStamp": {"FileOffset": 76468, "Value": "0x0        [Thu Jan  1 00:00:00 1970 UTC]", "Offset": 4}, "Name": {"FileOffset": 76476, "Value": 84560, "Offset": 12}, "ForwarderChain": {"FileOffset": 76472, "Value": 0, "Offset": 8}, "OriginalFirstThunk": {"FileOffset": 76464, "Value": 81172, "Offset": 0}, "FirstThunk": {"FileOffset": 76480, "Value": 77824, "Offset": 16}, "Characteristics": {"FileOffset": 76464, "Value": 81172, "Offset": 0}, "Structure": "IMAGE_IMPORT_DESCRIPTOR"}, {"Hint": 609, "Name": "RegOpenKeyExW", "DLL": "ADVAPI32.dll"}, {"Hint": 407, "Name": "LookupPrivilegeValueW", "DLL": "ADVAPI32.dll"}, {"Hint": 503, "Name": "OpenProcessToken", "DLL": "ADVAPI32.dll"}, {"Hint": 622, "Name": "RegQueryValueExW", "DLL": "ADVAPI32.dll"}, {"Hint": 569, "Name": "RegCreateKeyExW", "DLL": "ADVAPI32.dll"}, {"Hint": 638, "Name": "RegSetValueExW", "DLL": "ADVAPI32.dll"}, {"Hint": 560, "Name": "RegCloseKey", "DLL": "ADVAPI32.dll"}, {"Hint": 682, "Name": "SetFileSecurityW", "DLL": "ADVAPI32.dll"}, {"Hint": 681, "Name": "SetFileSecurityA", "DLL": "ADVAPI32.dll"}, {"Hint": 31, "Name": "AdjustTokenPrivileges", "DLL": "ADVAPI32.dll"}], [{"TimeDateStamp": {"FileOffset": 76488, "Value": "0x0        [Thu Jan  1 00:00:00 1970 UTC]", "Offset": 4}, "Name": {"FileOffset": 76496, "Value": 84738, "Offset": 12}, "ForwarderChain": {"FileOffset": 76492, "Value": 0, "Offset": 8}, "OriginalFirstThunk": {"FileOffset": 76484, "Value": 81580, "Offset": 0}, "FirstThunk": {"FileOffset": 76500, "Value": 78232, "Offset": 16}, "Characteristics": {"FileOffset": 76484, "Value": 81580, "Offset": 0}, "Structure": "IMAGE_IMPORT_DESCRIPTOR"}, {"Hint": 127, "Name": "SHChangeNotify", "DLL": "SHELL32.dll"}, {"Hint": 289, "Name": "ShellExecuteExW", "DLL": "SHELL32.dll"}, {"Hint": 172, "Name": "SHFileOperationW", "DLL": "SHELL32.dll"}, {"Hint": 189, "Name": "SHGetFileInfoW", "DLL": "SHELL32.dll"}, {"Hint": 223, "Name": "SHGetSpecialFolderLocation", "DLL": "SHELL32.dll"}, {"Hint": 207, "Name": "SHGetMalloc", "DLL": "SHELL32.dll"}, {"Hint": 123, "Name": "SHBrowseForFolderW", "DLL": "SHELL32.dll"}, {"Hint": 215, "Name": "SHGetPathFromIDListW", "DLL": "SHELL32.dll"}], [{"TimeDateStamp": {"FileOffset": 76508, "Value": "0x0        [Thu Jan  1 00:00:00 1970 UTC]", "Offset": 4}, "Name": {"FileOffset": 76516, "Value": 84846, "Offset": 12}, "ForwarderChain": {"FileOffset": 76512, "Value": 0, "Offset": 8}, "OriginalFirstThunk": {"FileOffset": 76504, "Value": 81852, "Offset": 0}, "FirstThunk": {"FileOffset": 76520, "Value": 78504, "Offset": 16}, "Characteristics": {"FileOffset": 76504, "Value": 81852, "Offset": 0}, "Structure": "IMAGE_IMPORT_DESCRIPTOR"}, {"Hint": 134, "Name": "CreateStreamOnHGlobal", "DLL": "ole32.dll"}, {"Hint": 306, "Name": "OleInitialize", "DLL": "ole32.dll"}, {"Hint": 16, "Name": "CoCreateInstance", "DLL": "ole32.dll"}, {"Hint": 329, "Name": "OleUninitialize", "DLL": "ole32.dll"}, {"Hint": 8, "Name": "CLSIDFromString", "DLL": "ole32.dll"}], [{"TimeDateStamp": {"FileOffset": 76528, "Value": "0x0        [Thu Jan  1 00:00:00 1970 UTC]", "Offset": 4}, "Name": {"FileOffset": 76536, "Value": 84856, "Offset": 12}, "ForwarderChain": {"FileOffset": 76532, "Value": 0, "Offset": 8}, "OriginalFirstThunk": {"FileOffset": 76524, "Value": 81572, "Offset": 0}, "FirstThunk": {"FileOffset": 76540, "Value": 78224, "Offset": 16}, "Characteristics": {"FileOffset": 76524, "Value": 81572, "Offset": 0}, "Structure": "IMAGE_IMPORT_DESCRIPTOR"}, {"Ordinal": 8, "DLL": "OLEAUT32.dll"}]], "PE Sections": [{"PointerToRawData": {"FileOffset": 500, "Value": 1024, "Offset": 20}, "SHA1": "b8e6aeccd3d0c302590d34bca7cf66da33daca52", "SHA256": "c053a51ec94ef93cfe52deb2d237a15c1743730c2a647cfa7f70ffe0ecbd311c", "Name": {"FileOffset": 480, "Value": ".text", "Offset": 0}, "NumberOfRelocations": {"FileOffset": 512, "Value": 0, "Offset": 32}, "Misc_VirtualSize": {"FileOffset": 488, "Value": 71904, "Offset": 8}, "Characteristics": {"FileOffset": 516, "Value": 1610612768, "Offset": 36}, "Misc": {"FileOffset": 488, "Value": 71904, "Offset": 8}, "PointerToLinenumbers": {"FileOffset": 508, "Value": 0, "Offset": 28}, "SizeOfRawData": {"FileOffset": 496, "Value": 72192, "Offset": 16}, "Misc_PhysicalAddress": {"FileOffset": 488, "Value": 71904, "Offset": 8}, "PointerToRelocations": {"FileOffset": 504, "Value": 0, "Offset": 24}, "Flags": ["IMAGE_SCN_MEM_EXECUTE", "IMAGE_SCN_CNT_CODE", "IMAGE_SCN_MEM_READ"], "SHA512": "7b33825e54b915cf52e1d82e88e55878fa97a18fa67dee6cb4b4b0545734eeb63e65fd063cc26ccc72ecdab7e36ad7903234254862d7ed9406ff0e0173d97f4d", "MD5": "ead411693117dae8deb088f5bb4a85fa", "Entropy": 6.5511016106523074, "VirtualAddress": {"FileOffset": 492, "Value": 4096, "Offset": 12}, "Structure": "IMAGE_SECTION_HEADER", "NumberOfLinenumbers": {"FileOffset": 514, "Value": 0, "Offset": 34}}, {"PointerToRawData": {"FileOffset": 540, "Value": 73216, "Offset": 20}, "SHA1": "fba2ce613ec7c4a7ba1b9d0c03ad0c3ba3aa1a67", "SHA256": "2925ae70f29e67477cd109cdddec29ec18a71268679a0896baa2a498b338b953", "Name": {"FileOffset": 520, "Value": ".rdata", "Offset": 0}, "NumberOfRelocations": {"FileOffset": 552, "Value": 0, "Offset": 32}, "Misc_VirtualSize": {"FileOffset": 528, "Value": 7189, "Offset": 8}, "Characteristics": {"FileOffset": 556, "Value": 1073741888, "Offset": 36}, "Misc": {"FileOffset": 528, "Value": 7189, "Offset": 8}, "PointerToLinenumbers": {"FileOffset": 548, "Value": 0, "Offset": 28}, "SizeOfRawData": {"FileOffset": 536, "Value": 7680, "Offset": 16}, "Misc_PhysicalAddress": {"FileOffset": 528, "Value": 7189, "Offset": 8}, "PointerToRelocations": {"FileOffset": 544, "Value": 0, "Offset": 24}, "Flags": ["IMAGE_SCN_CNT_INITIALIZED_DATA", "IMAGE_SCN_MEM_READ"], "SHA512": "cfb37273fca9fae70c7a21b91f848022c6c0d3bda9f445a20858ab3dab2fbe08659a8759fb7282072d1897db01af292c2a2832b499ef9a807496b18eba16ed01", "MD5": "e70f56667b8e99a1ec239fd12b1640b4", "Entropy": 4.86524594779859, "VirtualAddress": {"FileOffset": 532, "Value": 77824, "Offset": 12}, "Structure": "IMAGE_SECTION_HEADER", "NumberOfLinenumbers": {"FileOffset": 554, "Value": 0, "Offset": 34}}, {"PointerToRawData": {"FileOffset": 580, "Value": 80896, "Offset": 20}, "SHA1": "f0f691437eb067b4de686e8b7225b8e4127cb275", "SHA256": "d1bf003991f466ccd667ff45c98a72b400b8fff5dad7300fab8f2f0ea0cb1855", "Name": {"FileOffset": 560, "Value": ".data", "Offset": 0}, "NumberOfRelocations": {"FileOffset": 592, "Value": 0, "Offset": 32}, "Misc_VirtualSize": {"FileOffset": 568, "Value": 65324, "Offset": 8}, "Characteristics": {"FileOffset": 596, "Value": 3221225536, "Offset": 36}, "Misc": {"FileOffset": 568, "Value": 65324, "Offset": 8}, "PointerToLinenumbers": {"FileOffset": 588, "Value": 0, "Offset": 28}, "SizeOfRawData": {"FileOffset": 576, "Value": 512, "Offset": 16}, "Misc_PhysicalAddress": {"FileOffset": 568, "Value": 65324, "Offset": 8}, "PointerToRelocations": {"FileOffset": 584, "Value": 0, "Offset": 24}, "Flags": ["IMAGE_SCN_CNT_INITIALIZED_DATA", "IMAGE_SCN_MEM_WRITE", "IMAGE_SCN_MEM_READ"], "SHA512": "2bf718203f9b769fc2081ca2dfeab00894a064c3a1478d2c93e164915af2320afa42fb16d35d4f47feb732e4175aa42cb15f3f2d81d582e75c4568ebd66df658", "MD5": "11ffdfc240c81dfe9d957f6bf1761f00", "Entropy": 3.5184921047753654, "VirtualAddress": {"FileOffset": 572, "Value": 86016, "Offset": 12}, "Structure": "IMAGE_SECTION_HEADER", "NumberOfLinenumbers": {"FileOffset": 594, "Value": 0, "Offset": 34}}, {"PointerToRawData": {"FileOffset": 620, "Value": 81408, "Offset": 20}, "SHA1": "d3f914de25aed7a125b6c83ebe2a497878fc22d1", "SHA256": "f9d62f28fe104b0cfef54875d78adef8e0c7cf822dcb46e88b0b60fb164ff5d7", "Name": {"FileOffset": 600, "Value": ".CRT", "Offset": 0}, "NumberOfRelocations": {"FileOffset": 632, "Value": 0, "Offset": 32}, "Misc_VirtualSize": {"FileOffset": 608, "Value": 16, "Offset": 8}, "Characteristics": {"FileOffset": 636, "Value": 1073741888, "Offset": 36}, "Misc": {"FileOffset": 608, "Value": 16, "Offset": 8}, "PointerToLinenumbers": {"FileOffset": 628, "Value": 0, "Offset": 28}, "SizeOfRawData": {"FileOffset": 616, "Value": 512, "Offset": 16}, "Misc_PhysicalAddress": {"FileOffset": 608, "Value": 16, "Offset": 8}, "PointerToRelocations": {"FileOffset": 624, "Value": 0, "Offset": 24}, "Flags": ["IMAGE_SCN_CNT_INITIALIZED_DATA", "IMAGE_SCN_MEM_READ"], "SHA512": "af3bc08f38706318d48e1fd4042ba2b4282e0f49f29fec3607d7a86994616a5c7f1127266bf4a6db102aabcd220edafe8a4bf729f7e8f8c8c627529fc0f4cf25", "MD5": "acdfc3df6b189cbcd09b1c888f95fe9a", "Entropy": 0.21310128450968063, "VirtualAddress": {"FileOffset": 612, "Value": 151552, "Offset": 12}, "Structure": "IMAGE_SECTION_HEADER", "NumberOfLinenumbers": {"FileOffset": 634, "Value": 0, "Offset": 34}}, {"PointerToRawData": {"FileOffset": 660, "Value": 81920, "Offset": 20}, "SHA1": "d7a79099c3d307aaf659246f748f79fd3b93886e", "SHA256": "bbb4169a56b906099bb8de9a34bf2d974048ca9393391e9ec4bd4c2d4d9e1814", "Name": {"FileOffset": 640, "Value": ".rsrc", "Offset": 0}, "NumberOfRelocations": {"FileOffset": 672, "Value": 0, "Offset": 32}, "Misc_VirtualSize": {"FileOffset": 648, "Value": 32884, "Offset": 8}, "Characteristics": {"FileOffset": 676, "Value": 1073741888, "Offset": 36}, "Misc": {"FileOffset": 648, "Value": 32884, "Offset": 8}, "PointerToLinenumbers": {"FileOffset": 668, "Value": 0, "Offset": 28}, "SizeOfRawData": {"FileOffset": 656, "Value": 33280, "Offset": 16}, "Misc_PhysicalAddress": {"FileOffset": 648, "Value": 32884, "Offset": 8}, "PointerToRelocations": {"FileOffset": 664, "Value": 0, "Offset": 24}, "Flags": ["IMAGE_SCN_CNT_INITIALIZED_DATA", "IMAGE_SCN_MEM_READ"], "SHA512": "8547609a95642983049698a1564b3729ec0d2807f9b3ecaf3001a22c1b1fd2b886e43509215487c4f6def2f08bc7e1077af1b62759b17fdbc6327e0033f39e7e", "MD5": "6e624d603684ca0c73b427fce84ad11b", "Entropy": 5.92270310910625, "VirtualAddress": {"FileOffset": 652, "Value": 155648, "Offset": 12}, "Structure": "IMAGE_SECTION_HEADER", "NumberOfLinenumbers": {"FileOffset": 674, "Value": 0, "Offset": 34}}], "Resource directory": [{"MajorVersion": {"FileOffset": 81928, "Value": 4, "Offset": 8}, "NumberOfIdEntries": {"FileOffset": 81934, "Value": 6, "Offset": 14}, "MinorVersion": {"FileOffset": 81930, "Value": 0, "Offset": 10}, "TimeDateStamp": {"FileOffset": 81924, "Value": "0x0        [Thu Jan  1 00:00:00 1970 UTC]", "Offset": 4}, "Characteristics": {"FileOffset": 81920, "Value": 0, "Offset": 0}, "NumberOfNamedEntries": {"FileOffset": 81932, "Value": 0, "Offset": 12}, "Structure": "IMAGE_RESOURCE_DIRECTORY"}, {"Structure": "IMAGE_RESOURCE_DIRECTORY_ENTRY", "Id": [2, "RT_BITMAP"], "OffsetToData": {"FileOffset": 81940, "Value": 2147483712, "Offset": 4}, "Name": {"FileOffset": 81936, "Value": 2, "Offset": 0}}, [{"MajorVersion": {"FileOffset": 81992, "Value": 4, "Offset": 8}, "NumberOfIdEntries": {"FileOffset": 81998, "Value": 1, "Offset": 14}, "MinorVersion": {"FileOffset": 81994, "Value": 0, "Offset": 10}, "TimeDateStamp": {"FileOffset": 81988, "Value": "0x0        [Thu Jan  1 00:00:00 1970 UTC]", "Offset": 4}, "Characteristics": {"FileOffset": 81984, "Value": 0, "Offset": 0}, "NumberOfNamedEntries": {"FileOffset": 81996, "Value": 0, "Offset": 12}, "Structure": "IMAGE_RESOURCE_DIRECTORY"}, {"Structure": "IMAGE_RESOURCE_DIRECTORY_ENTRY", "Id": 101, "OffsetToData": {"FileOffset": 82004, "Value": 2147483984, "Offset": 4}, "Name": {"FileOffset": 82000, "Value": 101, "Offset": 0}}, [{"MajorVersion": {"FileOffset": 82264, "Value": 4, "Offset": 8}, "NumberOfIdEntries": {"FileOffset": 82270, "Value": 1, "Offset": 14}, "MinorVersion": {"FileOffset": 82266, "Value": 0, "Offset": 10}, "TimeDateStamp": {"FileOffset": 82260, "Value": "0x0        [Thu Jan  1 00:00:00 1970 UTC]", "Offset": 4}, "Characteristics": {"FileOffset": 82256, "Value": 0, "Offset": 0}, "NumberOfNamedEntries": {"FileOffset": 82268, "Value": 0, "Offset": 12}, "Structure": "IMAGE_RESOURCE_DIRECTORY"}, {"LANG": 4, "SUBLANG_NAME": "SUBLANG_CHINESE_SIMPLIFIED", "Name": {"FileOffset": 82272, "Value": 2052, "Offset": 0}, "CodePage": {"FileOffset": 82792, "Value": 1252, "Offset": 8}, "LANG_NAME": "LANG_CHINESE", "OffsetToData": {"FileOffset": 82784, "Value": 157004, "Offset": 0}, "Reserved": {"FileOffset": 82796, "Value": 0, "Offset": 12}, "SUBLANG": 2, "Structure": "IMAGE_RESOURCE_DATA_ENTRY", "Size": {"FileOffset": 82788, "Value": 2998, "Offset": 4}}]], {"Structure": "IMAGE_RESOURCE_DIRECTORY_ENTRY", "Id": [3, "RT_ICON"], "OffsetToData": {"FileOffset": 81948, "Value": 2147483736, "Offset": 4}, "Name": {"FileOffset": 81944, "Value": 3, "Offset": 0}}, [{"MajorVersion": {"FileOffset": 82016, "Value": 4, "Offset": 8}, "NumberOfIdEntries": {"FileOffset": 82022, "Value": 8, "Offset": 14}, "MinorVersion": {"FileOffset": 82018, "Value": 0, "Offset": 10}, "TimeDateStamp": {"FileOffset": 82012, "Value": "0x0        [Thu Jan  1 00:00:00 1970 UTC]", "Offset": 4}, "Characteristics": {"FileOffset": 82008, "Value": 0, "Offset": 0}, "NumberOfNamedEntries": {"FileOffset": 82020, "Value": 0, "Offset": 12}, "Structure": "IMAGE_RESOURCE_DIRECTORY"}, {"Structure": "IMAGE_RESOURCE_DIRECTORY_ENTRY", "Id": 1, "OffsetToData": {"FileOffset": 82028, "Value": 2147484008, "Offset": 4}, "Name": {"FileOffset": 82024, "Value": 1, "Offset": 0}}, [{"MajorVersion": {"FileOffset": 82288, "Value": 4, "Offset": 8}, "NumberOfIdEntries": {"FileOffset": 82294, "Value": 1, "Offset": 14}, "MinorVersion": {"FileOffset": 82290, "Value": 0, "Offset": 10}, "TimeDateStamp": {"FileOffset": 82284, "Value": "0x0        [Thu Jan  1 00:00:00 1970 UTC]", "Offset": 4}, "Characteristics": {"FileOffset": 82280, "Value": 0, "Offset": 0}, "NumberOfNamedEntries": {"FileOffset": 82292, "Value": 0, "Offset": 12}, "Structure": "IMAGE_RESOURCE_DIRECTORY"}, {"LANG": 0, "SUBLANG_NAME": "SUBLANG_DEFAULT", "Name": {"FileOffset": 82296, "Value": 1024, "Offset": 0}, "CodePage": {"FileOffset": 82808, "Value": 1252, "Offset": 8}, "LANG_NAME": "LANG_NEUTRAL", "OffsetToData": {"FileOffset": 82800, "Value": 160004, "Offset": 0}, "Reserved": {"FileOffset": 82812, "Value": 0, "Offset": 12}, "SUBLANG": 1, "Structure": "IMAGE_RESOURCE_DATA_ENTRY", "Size": {"FileOffset": 82804, "Value": 744, "Offset": 4}}], {"Structure": "IMAGE_RESOURCE_DIRECTORY_ENTRY", "Id": 2, "OffsetToData": {"FileOffset": 82036, "Value": 2147484032, "Offset": 4}, "Name": {"FileOffset": 82032, "Value": 2, "Offset": 0}}, [{"MajorVersion": {"FileOffset": 82312, "Value": 4, "Offset": 8}, "NumberOfIdEntries": {"FileOffset": 82318, "Value": 1, "Offset": 14}, "MinorVersion": {"FileOffset": 82314, "Value": 0, "Offset": 10}, "TimeDateStamp": {"FileOffset": 82308, "Value": "0x0        [Thu Jan  1 00:00:00 1970 UTC]", "Offset": 4}, "Characteristics": {"FileOffset": 82304, "Value": 0, "Offset": 0}, "NumberOfNamedEntries": {"FileOffset": 82316, "Value": 0, "Offset": 12}, "Structure": "IMAGE_RESOURCE_DIRECTORY"}, {"LANG": 0, "SUBLANG_NAME": "SUBLANG_DEFAULT", "Name": {"FileOffset": 82320, "Value": 1024, "Offset": 0}, "CodePage": {"FileOffset": 82824, "Value": 1252, "Offset": 8}, "LANG_NAME": "LANG_NEUTRAL", "OffsetToData": {"FileOffset": 82816, "Value": 160748, "Offset": 0}, "Reserved": {"FileOffset": 82828, "Value": 0, "Offset": 12}, "SUBLANG": 1, "Structure": "IMAGE_RESOURCE_DATA_ENTRY", "Size": {"FileOffset": 82820, "Value": 296, "Offset": 4}}], {"Structure": "IMAGE_RESOURCE_DIRECTORY_ENTRY", "Id": 3, "OffsetToData": {"FileOffset": 82044, "Value": 2147484056, "Offset": 4}, "Name": {"FileOffset": 82040, "Value": 3, "Offset": 0}}, [{"MajorVersion": {"FileOffset": 82336, "Value": 4, "Offset": 8}, "NumberOfIdEntries": {"FileOffset": 82342, "Value": 1, "Offset": 14}, "MinorVersion": {"FileOffset": 82338, "Value": 0, "Offset": 10}, "TimeDateStamp": {"FileOffset": 82332, "Value": "0x0        [Thu Jan  1 00:00:00 1970 UTC]", "Offset": 4}, "Characteristics": {"FileOffset": 82328, "Value": 0, "Offset": 0}, "NumberOfNamedEntries": {"FileOffset": 82340, "Value": 0, "Offset": 12}, "Structure": "IMAGE_RESOURCE_DIRECTORY"}, {"LANG": 0, "SUBLANG_NAME": "SUBLANG_DEFAULT", "Name": {"FileOffset": 82344, "Value": 1024, "Offset": 0}, "CodePage": {"FileOffset": 82840, "Value": 1252, "Offset": 8}, "LANG_NAME": "LANG_NEUTRAL", "OffsetToData": {"FileOffset": 82832, "Value": 161044, "Offset": 0}, "Reserved": {"FileOffset": 82844, "Value": 0, "Offset": 12}, "SUBLANG": 1, "Structure": "IMAGE_RESOURCE_DATA_ENTRY", "Size": {"FileOffset": 82836, "Value": 3752, "Offset": 4}}], {"Structure": "IMAGE_RESOURCE_DIRECTORY_ENTRY", "Id": 4, "OffsetToData": {"FileOffset": 82052, "Value": 2147484080, "Offset": 4}, "Name": {"FileOffset": 82048, "Value": 4, "Offset": 0}}, [{"MajorVersion": {"FileOffset": 82360, "Value": 4, "Offset": 8}, "NumberOfIdEntries": {"FileOffset": 82366, "Value": 1, "Offset": 14}, "MinorVersion": {"FileOffset": 82362, "Value": 0, "Offset": 10}, "TimeDateStamp": {"FileOffset": 82356, "Value": "0x0        [Thu Jan  1 00:00:00 1970 UTC]", "Offset": 4}, "Characteristics": {"FileOffset": 82352, "Value": 0, "Offset": 0}, "NumberOfNamedEntries": {"FileOffset": 82364, "Value": 0, "Offset": 12}, "Structure": "IMAGE_RESOURCE_DIRECTORY"}, {"LANG": 0, "SUBLANG_NAME": "SUBLANG_DEFAULT", "Name": {"FileOffset": 82368, "Value": 1024, "Offset": 0}, "CodePage": {"FileOffset": 82856, "Value": 1252, "Offset": 8}, "LANG_NAME": "LANG_NEUTRAL", "OffsetToData": {"FileOffset": 82848, "Value": 164796, "Offset": 0}, "Reserved": {"FileOffset": 82860, "Value": 0, "Offset": 12}, "SUBLANG": 1, "Structure": "IMAGE_RESOURCE_DATA_ENTRY", "Size": {"FileOffset": 82852, "Value": 2216, "Offset": 4}}], {"Structure": "IMAGE_RESOURCE_DIRECTORY_ENTRY", "Id": 5, "OffsetToData": {"FileOffset": 82060, "Value": 2147484104, "Offset": 4}, "Name": {"FileOffset": 82056, "Value": 5, "Offset": 0}}, [{"MajorVersion": {"FileOffset": 82384, "Value": 4, "Offset": 8}, "NumberOfIdEntries": {"FileOffset": 82390, "Value": 1, "Offset": 14}, "MinorVersion": {"FileOffset": 82386, "Value": 0, "Offset": 10}, "TimeDateStamp": {"FileOffset": 82380, "Value": "0x0        [Thu Jan  1 00:00:00 1970 UTC]", "Offset": 4}, "Characteristics": {"FileOffset": 82376, "Value": 0, "Offset": 0}, "NumberOfNamedEntries": {"FileOffset": 82388, "Value": 0, "Offset": 12}, "Structure": "IMAGE_RESOURCE_DIRECTORY"}, {"LANG": 0, "SUBLANG_NAME": "SUBLANG_DEFAULT", "Name": {"FileOffset": 82392, "Value": 1024, "Offset": 0}, "CodePage": {"FileOffset": 82872, "Value": 1252, "Offset": 8}, "LANG_NAME": "LANG_NEUTRAL", "OffsetToData": {"FileOffset": 82864, "Value": 167012, "Offset": 0}, "Reserved": {"FileOffset": 82876, "Value": 0, "Offset": 12}, "SUBLANG": 1, "Structure": "IMAGE_RESOURCE_DATA_ENTRY", "Size": {"FileOffset": 82868, "Value": 1384, "Offset": 4}}], {"Structure": "IMAGE_RESOURCE_DIRECTORY_ENTRY", "Id": 6, "OffsetToData": {"FileOffset": 82068, "Value": 2147484128, "Offset": 4}, "Name": {"FileOffset": 82064, "Value": 6, "Offset": 0}}, [{"MajorVersion": {"FileOffset": 82408, "Value": 4, "Offset": 8}, "NumberOfIdEntries": {"FileOffset": 82414, "Value": 1, "Offset": 14}, "MinorVersion": {"FileOffset": 82410, "Value": 0, "Offset": 10}, "TimeDateStamp": {"FileOffset": 82404, "Value": "0x0        [Thu Jan  1 00:00:00 1970 UTC]", "Offset": 4}, "Characteristics": {"FileOffset": 82400, "Value": 0, "Offset": 0}, "NumberOfNamedEntries": {"FileOffset": 82412, "Value": 0, "Offset": 12}, "Structure": "IMAGE_RESOURCE_DIRECTORY"}, {"LANG": 0, "SUBLANG_NAME": "SUBLANG_DEFAULT", "Name": {"FileOffset": 82416, "Value": 1024, "Offset": 0}, "CodePage": {"FileOffset": 82888, "Value": 1252, "Offset": 8}, "LANG_NAME": "LANG_NEUTRAL", "OffsetToData": {"FileOffset": 82880, "Value": 168396, "Offset": 0}, "Reserved": {"FileOffset": 82892, "Value": 0, "Offset": 12}, "SUBLANG": 1, "Structure": "IMAGE_RESOURCE_DATA_ENTRY", "Size": {"FileOffset": 82884, "Value": 9640, "Offset": 4}}], {"Structure": "IMAGE_RESOURCE_DIRECTORY_ENTRY", "Id": 7, "OffsetToData": {"FileOffset": 82076, "Value": 2147484152, "Offset": 4}, "Name": {"FileOffset": 82072, "Value": 7, "Offset": 0}}, [{"MajorVersion": {"FileOffset": 82432, "Value": 4, "Offset": 8}, "NumberOfIdEntries": {"FileOffset": 82438, "Value": 1, "Offset": 14}, "MinorVersion": {"FileOffset": 82434, "Value": 0, "Offset": 10}, "TimeDateStamp": {"FileOffset": 82428, "Value": "0x0        [Thu Jan  1 00:00:00 1970 UTC]", "Offset": 4}, "Characteristics": {"FileOffset": 82424, "Value": 0, "Offset": 0}, "NumberOfNamedEntries": {"FileOffset": 82436, "Value": 0, "Offset": 12}, "Structure": "IMAGE_RESOURCE_DIRECTORY"}, {"LANG": 0, "SUBLANG_NAME": "SUBLANG_DEFAULT", "Name": {"FileOffset": 82440, "Value": 1024, "Offset": 0}, "CodePage": {"FileOffset": 82904, "Value": 1252, "Offset": 8}, "LANG_NAME": "LANG_NEUTRAL", "OffsetToData": {"FileOffset": 82896, "Value": 178036, "Offset": 0}, "Reserved": {"FileOffset": 82908, "Value": 0, "Offset": 12}, "SUBLANG": 1, "Structure": "IMAGE_RESOURCE_DATA_ENTRY", "Size": {"FileOffset": 82900, "Value": 4264, "Offset": 4}}], {"Structure": "IMAGE_RESOURCE_DIRECTORY_ENTRY", "Id": 8, "OffsetToData": {"FileOffset": 82084, "Value": 2147484176, "Offset": 4}, "Name": {"FileOffset": 82080, "Value": 8, "Offset": 0}}, [{"MajorVersion": {"FileOffset": 82456, "Value": 4, "Offset": 8}, "NumberOfIdEntries": {"FileOffset": 82462, "Value": 1, "Offset": 14}, "MinorVersion": {"FileOffset": 82458, "Value": 0, "Offset": 10}, "TimeDateStamp": {"FileOffset": 82452, "Value": "0x0        [Thu Jan  1 00:00:00 1970 UTC]", "Offset": 4}, "Characteristics": {"FileOffset": 82448, "Value": 0, "Offset": 0}, "NumberOfNamedEntries": {"FileOffset": 82460, "Value": 0, "Offset": 12}, "Structure": "IMAGE_RESOURCE_DIRECTORY"}, {"LANG": 0, "SUBLANG_NAME": "SUBLANG_DEFAULT", "Name": {"FileOffset": 82464, "Value": 1024, "Offset": 0}, "CodePage": {"FileOffset": 82920, "Value": 1252, "Offset": 8}, "LANG_NAME": "LANG_NEUTRAL", "OffsetToData": {"FileOffset": 82912, "Value": 182300, "Offset": 0}, "Reserved": {"FileOffset": 82924, "Value": 0, "Offset": 12}, "SUBLANG": 1, "Structure": "IMAGE_RESOURCE_DATA_ENTRY", "Size": {"FileOffset": 82916, "Value": 1128, "Offset": 4}}]], {"Structure": "IMAGE_RESOURCE_DIRECTORY_ENTRY", "Id": [5, "RT_DIALOG"], "OffsetToData": {"FileOffset": 81956, "Value": 2147483816, "Offset": 4}, "Name": {"FileOffset": 81952, "Value": 5, "Offset": 0}}, [{"MajorVersion": {"FileOffset": 82096, "Value": 4, "Offset": 8}, "NumberOfIdEntries": {"FileOffset": 82102, "Value": 0, "Offset": 14}, "MinorVersion": {"FileOffset": 82098, "Value": 0, "Offset": 10}, "TimeDateStamp": {"FileOffset": 82092, "Value": "0x0        [Thu Jan  1 00:00:00 1970 UTC]", "Offset": 4}, "Characteristics": {"FileOffset": 82088, "Value": 0, "Offset": 0}, "NumberOfNamedEntries": {"FileOffset": 82100, "Value": 6, "Offset": 12}, "Structure": "IMAGE_RESOURCE_DIRECTORY"}, {"Name": {"FileOffset": 82104, "Value": 2147484864, "Offset": 0}, "OffsetToData": {"FileOffset": 82108, "Value": 2147484200, "Offset": 4}, "Structure": "IMAGE_RESOURCE_DIRECTORY_ENTRY"}, [{"MajorVersion": {"FileOffset": 82480, "Value": 4, "Offset": 8}, "NumberOfIdEntries": {"FileOffset": 82486, "Value": 1, "Offset": 14}, "MinorVersion": {"FileOffset": 82482, "Value": 0, "Offset": 10}, "TimeDateStamp": {"FileOffset": 82476, "Value": "0x0        [Thu Jan  1 00:00:00 1970 UTC]", "Offset": 4}, "Characteristics": {"FileOffset": 82472, "Value": 0, "Offset": 0}, "NumberOfNamedEntries": {"FileOffset": 82484, "Value": 0, "Offset": 12}, "Structure": "IMAGE_RESOURCE_DIRECTORY"}, {"LANG": 4, "SUBLANG_NAME": "SUBLANG_CHINESE_SIMPLIFIED", "Name": {"FileOffset": 82488, "Value": 2052, "Offset": 0}, "CodePage": {"FileOffset": 82936, "Value": 1252, "Offset": 8}, "LANG_NAME": "LANG_CHINESE", "OffsetToData": {"FileOffset": 82928, "Value": 183428, "Offset": 0}, "Reserved": {"FileOffset": 82940, "Value": 0, "Offset": 12}, "SUBLANG": 2, "Structure": "IMAGE_RESOURCE_DATA_ENTRY", "Size": {"FileOffset": 82932, "Value": 374, "Offset": 4}}], {"Name": {"FileOffset": 82112, "Value": 2147484886, "Offset": 0}, "OffsetToData": {"FileOffset": 82116, "Value": 2147484224, "Offset": 4}, "Structure": "IMAGE_RESOURCE_DIRECTORY_ENTRY"}, [{"MajorVersion": {"FileOffset": 82504, "Value": 4, "Offset": 8}, "NumberOfIdEntries": {"FileOffset": 82510, "Value": 1, "Offset": 14}, "MinorVersion": {"FileOffset": 82506, "Value": 0, "Offset": 10}, "TimeDateStamp": {"FileOffset": 82500, "Value": "0x0        [Thu Jan  1 00:00:00 1970 UTC]", "Offset": 4}, "Characteristics": {"FileOffset": 82496, "Value": 0, "Offset": 0}, "NumberOfNamedEntries": {"FileOffset": 82508, "Value": 0, "Offset": 12}, "Structure": "IMAGE_RESOURCE_DIRECTORY"}, {"LANG": 4, "SUBLANG_NAME": "SUBLANG_CHINESE_SIMPLIFIED", "Name": {"FileOffset": 82512, "Value": 2052, "Offset": 0}, "CodePage": {"FileOffset": 82952, "Value": 1252, "Offset": 8}, "LANG_NAME": "LANG_CHINESE", "OffsetToData": {"FileOffset": 82944, "Value": 183804, "Offset": 0}, "Reserved": {"FileOffset": 82956, "Value": 0, "Offset": 12}, "SUBLANG": 2, "Structure": "IMAGE_RESOURCE_DATA_ENTRY", "Size": {"FileOffset": 82948, "Value": 214, "Offset": 4}}], {"Name": {"FileOffset": 82120, "Value": 2147484912, "Offset": 0}, "OffsetToData": {"FileOffset": 82124, "Value": 2147484248, "Offset": 4}, "Structure": "IMAGE_RESOURCE_DIRECTORY_ENTRY"}, [{"MajorVersion": {"FileOffset": 82528, "Value": 4, "Offset": 8}, "NumberOfIdEntries": {"FileOffset": 82534, "Value": 1, "Offset": 14}, "MinorVersion": {"FileOffset": 82530, "Value": 0, "Offset": 10}, "TimeDateStamp": {"FileOffset": 82524, "Value": "0x0        [Thu Jan  1 00:00:00 1970 UTC]", "Offset": 4}, "Characteristics": {"FileOffset": 82520, "Value": 0, "Offset": 0}, "NumberOfNamedEntries": {"FileOffset": 82532, "Value": 0, "Offset": 12}, "Structure": "IMAGE_RESOURCE_DIRECTORY"}, {"LANG": 4, "SUBLANG_NAME": "SUBLANG_CHINESE_SIMPLIFIED", "Name": {"FileOffset": 82536, "Value": 2052, "Offset": 0}, "CodePage": {"FileOffset": 82968, "Value": 1252, "Offset": 8}, "LANG_NAME": "LANG_CHINESE", "OffsetToData": {"FileOffset": 82960, "Value": 184020, "Offset": 0}, "Reserved": {"FileOffset": 82972, "Value": 0, "Offset": 12}, "SUBLANG": 2, "Structure": "IMAGE_RESOURCE_DATA_ENTRY", "Size": {"FileOffset": 82964, "Value": 182, "Offset": 4}}], {"Name": {"FileOffset": 82128, "Value": 2147484934, "Offset": 0}, "OffsetToData": {"FileOffset": 82132, "Value": 2147484272, "Offset": 4}, "Structure": "IMAGE_RESOURCE_DIRECTORY_ENTRY"}, [{"MajorVersion": {"FileOffset": 82552, "Value": 4, "Offset": 8}, "NumberOfIdEntries": {"FileOffset": 82558, "Value": 1, "Offset": 14}, "MinorVersion": {"FileOffset": 82554, "Value": 0, "Offset": 10}, "TimeDateStamp": {"FileOffset": 82548, "Value": "0x0        [Thu Jan  1 00:00:00 1970 UTC]", "Offset": 4}, "Characteristics": {"FileOffset": 82544, "Value": 0, "Offset": 0}, "NumberOfNamedEntries": {"FileOffset": 82556, "Value": 0, "Offset": 12}, "Structure": "IMAGE_RESOURCE_DIRECTORY"}, {"LANG": 4, "SUBLANG_NAME": "SUBLANG_CHINESE_SIMPLIFIED", "Name": {"FileOffset": 82560, "Value": 2052, "Offset": 0}, "CodePage": {"FileOffset": 82984, "Value": 1252, "Offset": 8}, "LANG_NAME": "LANG_CHINESE", "OffsetToData": {"FileOffset": 82976, "Value": 184204, "Offset": 0}, "Reserved": {"FileOffset": 82988, "Value": 0, "Offset": 12}, "SUBLANG": 2, "Structure": "IMAGE_RESOURCE_DATA_ENTRY", "Size": {"FileOffset": 82980, "Value": 258, "Offset": 4}}], {"Name": {"FileOffset": 82136, "Value": 2147484954, "Offset": 0}, "OffsetToData": {"FileOffset": 82140, "Value": 2147484296, "Offset": 4}, "Structure": "IMAGE_RESOURCE_DIRECTORY_ENTRY"}, [{"MajorVersion": {"FileOffset": 82576, "Value": 4, "Offset": 8}, "NumberOfIdEntries": {"FileOffset": 82582, "Value": 1, "Offset": 14}, "MinorVersion": {"FileOffset": 82578, "Value": 0, "Offset": 10}, "TimeDateStamp": {"FileOffset": 82572, "Value": "0x0        [Thu Jan  1 00:00:00 1970 UTC]", "Offset": 4}, "Characteristics": {"FileOffset": 82568, "Value": 0, "Offset": 0}, "NumberOfNamedEntries": {"FileOffset": 82580, "Value": 0, "Offset": 12}, "Structure": "IMAGE_RESOURCE_DIRECTORY"}, {"LANG": 4, "SUBLANG_NAME": "SUBLANG_CHINESE_SIMPLIFIED", "Name": {"FileOffset": 82584, "Value": 2052, "Offset": 0}, "CodePage": {"FileOffset": 83000, "Value": 1252, "Offset": 8}, "LANG_NAME": "LANG_CHINESE", "OffsetToData": {"FileOffset": 82992, "Value": 184464, "Offset": 0}, "Reserved": {"FileOffset": 83004, "Value": 0, "Offset": 12}, "SUBLANG": 2, "Structure": "IMAGE_RESOURCE_DATA_ENTRY", "Size": {"FileOffset": 82996, "Value": 642, "Offset": 4}}], {"Name": {"FileOffset": 82144, "Value": 2147484984, "Offset": 0}, "OffsetToData": {"FileOffset": 82148, "Value": 2147484320, "Offset": 4}, "Structure": "IMAGE_RESOURCE_DIRECTORY_ENTRY"}, [{"MajorVersion": {"FileOffset": 82600, "Value": 4, "Offset": 8}, "NumberOfIdEntries": {"FileOffset": 82606, "Value": 1, "Offset": 14}, "MinorVersion": {"FileOffset": 82602, "Value": 0, "Offset": 10}, "TimeDateStamp": {"FileOffset": 82596, "Value": "0x0        [Thu Jan  1 00:00:00 1970 UTC]", "Offset": 4}, "Characteristics": {"FileOffset": 82592, "Value": 0, "Offset": 0}, "NumberOfNamedEntries": {"FileOffset": 82604, "Value": 0, "Offset": 12}, "Structure": "IMAGE_RESOURCE_DIRECTORY"}, {"LANG": 4, "SUBLANG_NAME": "SUBLANG_CHINESE_SIMPLIFIED", "Name": {"FileOffset": 82608, "Value": 2052, "Offset": 0}, "CodePage": {"FileOffset": 83016, "Value": 1252, "Offset": 8}, "LANG_NAME": "LANG_CHINESE", "OffsetToData": {"FileOffset": 83008, "Value": 185108, "Offset": 0}, "Reserved": {"FileOffset": 83020, "Value": 0, "Offset": 12}, "SUBLANG": 2, "Structure": "IMAGE_RESOURCE_DATA_ENTRY", "Size": {"FileOffset": 83012, "Value": 466, "Offset": 4}}]], {"Structure": "IMAGE_RESOURCE_DIRECTORY_ENTRY", "Id": [6, "RT_STRING"], "OffsetToData": {"FileOffset": 81964, "Value": 2147483880, "Offset": 4}, "Name": {"FileOffset": 81960, "Value": 6, "Offset": 0}}, [{"MajorVersion": {"FileOffset": 82160, "Value": 4, "Offset": 8}, "NumberOfIdEntries": {"FileOffset": 82166, "Value": 5, "Offset": 14}, "MinorVersion": {"FileOffset": 82162, "Value": 0, "Offset": 10}, "TimeDateStamp": {"FileOffset": 82156, "Value": "0x0        [Thu Jan  1 00:00:00 1970 UTC]", "Offset": 4}, "Characteristics": {"FileOffset": 82152, "Value": 0, "Offset": 0}, "NumberOfNamedEntries": {"FileOffset": 82164, "Value": 0, "Offset": 12}, "Structure": "IMAGE_RESOURCE_DIRECTORY"}, {"Structure": "IMAGE_RESOURCE_DIRECTORY_ENTRY", "Id": 7, "OffsetToData": {"FileOffset": 82172, "Value": 2147484344, "Offset": 4}, "Name": {"FileOffset": 82168, "Value": 7, "Offset": 0}}, [{"MajorVersion": {"FileOffset": 82624, "Value": 4, "Offset": 8}, "NumberOfIdEntries": {"FileOffset": 82630, "Value": 1, "Offset": 14}, "MinorVersion": {"FileOffset": 82626, "Value": 0, "Offset": 10}, "TimeDateStamp": {"FileOffset": 82620, "Value": "0x0        [Thu Jan  1 00:00:00 1970 UTC]", "Offset": 4}, "Characteristics": {"FileOffset": 82616, "Value": 0, "Offset": 0}, "NumberOfNamedEntries": {"FileOffset": 82628, "Value": 0, "Offset": 12}, "Structure": "IMAGE_RESOURCE_DIRECTORY"}, {"LANG": 4, "SUBLANG_NAME": "SUBLANG_CHINESE_SIMPLIFIED", "Name": {"FileOffset": 82632, "Value": 2052, "Offset": 0}, "CodePage": {"FileOffset": 83032, "Value": 1252, "Offset": 8}, "LANG_NAME": "LANG_CHINESE", "OffsetToData": {"FileOffset": 83024, "Value": 185576, "Offset": 0}, "Reserved": {"FileOffset": 83036, "Value": 0, "Offset": 12}, "SUBLANG": 2, "Structure": "IMAGE_RESOURCE_DATA_ENTRY", "Size": {"FileOffset": 83028, "Value": 230, "Offset": 4}}, "\u9009\u62e9\u76ee\u6807\u6587\u4ef6\u5939", "\u6b63\u5728\u89e3\u538b %s", "\u6b63\u5728\u8df3\u8fc7 %s", "\u4e0d\u53ef\u9884\u6599\u7684\u538b\u7f29\u6587\u4ef6\u672b\u7aef", "\u6587\u4ef6 \"%s\" \u5934\u635f\u574f", "\u538b\u7f29\u6587\u4ef6\u6ce8\u91ca\u5934\u635f\u574f", "\u538b\u7f29\u6587\u4ef6\u6ce8\u91ca\u635f\u574f", "\u6ca1\u6709\u8db3\u591f\u7684\u5185\u5b58", "%s \u7684\u672a\u77e5\u65b9\u5f0f", "\u65e0\u6cd5\u6253\u5f00 %s", "\u65e0\u6cd5\u521b\u5efa %s", "\u65e0\u6cd5\u521b\u5efa\u6587\u4ef6\u5939 %s"], {"Structure": "IMAGE_RESOURCE_DIRECTORY_ENTRY", "Id": 8, "OffsetToData": {"FileOffset": 82180, "Value": 2147484368, "Offset": 4}, "Name": {"FileOffset": 82176, "Value": 8, "Offset": 0}}, [{"MajorVersion": {"FileOffset": 82648, "Value": 4, "Offset": 8}, "NumberOfIdEntries": {"FileOffset": 82654, "Value": 1, "Offset": 14}, "MinorVersion": {"FileOffset": 82650, "Value": 0, "Offset": 10}, "TimeDateStamp": {"FileOffset": 82644, "Value": "0x0        [Thu Jan  1 00:00:00 1970 UTC]", "Offset": 4}, "Characteristics": {"FileOffset": 82640, "Value": 0, "Offset": 0}, "NumberOfNamedEntries": {"FileOffset": 82652, "Value": 0, "Offset": 12}, "Structure": "IMAGE_RESOURCE_DIRECTORY"}, {"LANG": 4, "SUBLANG_NAME": "SUBLANG_CHINESE_SIMPLIFIED", "Name": {"FileOffset": 82656, "Value": 2052, "Offset": 0}, "CodePage": {"FileOffset": 83048, "Value": 1252, "Offset": 8}, "LANG_NAME": "LANG_CHINESE", "OffsetToData": {"FileOffset": 83040, "Value": 185808, "Offset": 0}, "Reserved": {"FileOffset": 83052, "Value": 0, "Offset": 12}, "SUBLANG": 2, "Structure": "IMAGE_RESOURCE_DATA_ENTRY", "Size": {"FileOffset": 83044, "Value": 362, "Offset": 4}}, "\u52a0\u5bc6\u6587\u4ef6 %s CRC \u5931\u8d25 (\u5bc6\u7801\u9519\u8bef?)", "%s CRC \u5931\u8d25\u3002", "\u5305\u88f9\u6570\u636e\u4e2d\u7684 %s CRC \u5931\u8d25\u3002", "%s \u7684\u5bc6\u7801\u9519\u8bef", "\u6587\u4ef6 %s \u5199\u5165\u9519\u8bef\u3002\u78c1\u76d8\u53ef\u80fd\u5df2\u6ee1", "\u6587\u4ef6 %s \u8bfb\u53d6\u9519\u8bef", "\u6587\u4ef6\u5173\u95ed\u9519\u8bef", "\u5fc5\u9700\u7684\u538b\u7f29\u5377\u4e0d\u5b58\u5728", "\u538b\u7f29\u6587\u4ef6\u683c\u5f0f\u672a\u77e5\u6216\u5df2\u7ecf\u635f\u574f", "\u6b63\u5728\u4ece %s \u4e2d\u89e3\u538b", "\u4e0b\u4e00\u538b\u7f29\u5377", "\u538b\u7f29\u6587\u4ef6\u5934\u635f\u574f\u3002", "\u5173\u95ed", "\u9519\u8bef", "\u6267\u884c\u6307\u5b9a\u64cd\u4f5c\u65f6\u53d1\u751f\u9519\u8bef\n\u67e5\u770b\u4fe1\u606f\u7a97\u53e3\u83b7\u53d6\u66f4\u591a\u7ec6\u8282\u4fe1\u606f"], {"Structure": "IMAGE_RESOURCE_DIRECTORY_ENTRY", "Id": 9, "OffsetToData": {"FileOffset": 82188, "Value": 2147484392, "Offset": 4}, "Name": {"FileOffset": 82184, "Value": 9, "Offset": 0}}, [{"MajorVersion": {"FileOffset": 82672, "Value": 4, "Offset": 8}, "NumberOfIdEntries": {"FileOffset": 82678, "Value": 1, "Offset": 14}, "MinorVersion": {"FileOffset": 82674, "Value": 0, "Offset": 10}, "TimeDateStamp": {"FileOffset": 82668, "Value": "0x0        [Thu Jan  1 00:00:00 1970 UTC]", "Offset": 4}, "Characteristics": {"FileOffset": 82664, "Value": 0, "Offset": 0}, "NumberOfNamedEntries": {"FileOffset": 82676, "Value": 0, "Offset": 12}, "Structure": "IMAGE_RESOURCE_DIRECTORY"}, {"LANG": 4, "SUBLANG_NAME": "SUBLANG_CHINESE_SIMPLIFIED", "Name": {"FileOffset": 82680, "Value": 2052, "Offset": 0}, "CodePage": {"FileOffset": 83064, "Value": 1252, "Offset": 8}, "LANG_NAME": "LANG_CHINESE", "OffsetToData": {"FileOffset": 83056, "Value": 186172, "Offset": 0}, "Reserved": {"FileOffset": 83068, "Value": 0, "Offset": 12}, "SUBLANG": 2, "Structure": "IMAGE_RESOURCE_DATA_ENTRY", "Size": {"FileOffset": 83060, "Value": 218, "Offset": 4}}, "\u5b57\u8282", "\u4fee\u6539\u65f6\u95f4", "\u6587\u4ef6\u5939\u65e0\u6cd5\u8bbf\u95ee", "\u67d0\u4e9b\u6587\u4ef6\u65e0\u6cd5\u88ab\u521b\u5efa\u3002\n\u8bf7\u5173\u95ed\u6240\u6709\u6b63\u5728\u8fd0\u884c\u7684\u5e94\u7528\u7a0b\u5e8f,\u91cd\u65b0\u542f\u52a8 Windows \u5e76\u518d\u6b21\u8fd0\u884c\u6b64\u5b89\u88c5\u7a0b\u5e8f", "\u67d0\u4e9b\u5b89\u88c5\u6587\u4ef6\u88ab\u7834\u574f\u3002\n\u8bf7\u4e0b\u8f7d\u4e00\u4e2a\u6700\u65b0\u7248\u672c\u6216\u91cd\u8bd5\u5b89\u88c5\u7a0b\u5e8f", "\u6240\u6709\u6587\u4ef6"], {"Structure": "IMAGE_RESOURCE_DIRECTORY_ENTRY", "Id": 10, "OffsetToData": {"FileOffset": 82196, "Value": 2147484416, "Offset": 4}, "Name": {"FileOffset": 82192, "Value": 10, "Offset": 0}}, [{"MajorVersion": {"FileOffset": 82696, "Value": 4, "Offset": 8}, "NumberOfIdEntries": {"FileOffset": 82702, "Value": 1, "Offset": 14}, "MinorVersion": {"FileOffset": 82698, "Value": 0, "Offset": 10}, "TimeDateStamp": {"FileOffset": 82692, "Value": "0x0        [Thu Jan  1 00:00:00 1970 UTC]", "Offset": 4}, "Characteristics": {"FileOffset": 82688, "Value": 0, "Offset": 0}, "NumberOfNamedEntries": {"FileOffset": 82700, "Value": 0, "Offset": 12}, "Structure": "IMAGE_RESOURCE_DIRECTORY"}, {"LANG": 4, "SUBLANG_NAME": "SUBLANG_CHINESE_SIMPLIFIED", "Name": {"FileOffset": 82704, "Value": 2052, "Offset": 0}, "CodePage": {"FileOffset": 83080, "Value": 1252, "Offset": 8}, "LANG_NAME": "LANG_CHINESE", "OffsetToData": {"FileOffset": 83072, "Value": 186392, "Offset": 0}, "Reserved": {"FileOffset": 83084, "Value": 0, "Offset": 12}, "SUBLANG": 2, "Structure": "IMAGE_RESOURCE_DATA_ENTRY", "Size": {"FileOffset": 83076, "Value": 396, "Offset": 4}}, "<ul><li>\u5355\u51fb <b>\u5b89\u88c5</b> \u6309\u94ae\u5f00\u59cb\u89e3\u538b\u3002</li><br><br>", "<li>\u4f7f\u7528 <b>\u6d4f\u89c8</b> \u6309\u94ae\u4ece\u76ee\u5f55\u6811\u4e2d\u9009\u62e9\u76ee\u6807\u6587\u4ef6\u5939\u3002</li><br><br>", "<li>\u4f7f\u7528 <b>\u6d4f\u89c8</b> \u6309\u94ae\u4ece\u76ee\u5f55\u6811\u4e2d", "\u9009\u62e9\u76ee\u6807\u6587\u4ef6\u5939\u3002\u5b83\u4e5f\u53ef\u4ee5\u624b\u52a8\u8f93\u5165\u3002", "</lI><br><br>", "<lI>\u5982\u679c\u6307\u5b9a\u7684\u76ee\u6807\u6587\u4ef6\u5939\u4e0d\u5b58\u5728\uff0c", "\u5728\u6587\u4ef6\u89e3\u538b\u524d\u5b83\u5c06\u88ab\u81ea\u52a8\u521b\u5efa\u3002</lI></ul>"], {"Structure": "IMAGE_RESOURCE_DIRECTORY_ENTRY", "Id": 11, "OffsetToData": {"FileOffset": 82204, "Value": 2147484440, "Offset": 4}, "Name": {"FileOffset": 82200, "Value": 11, "Offset": 0}}, [{"MajorVersion": {"FileOffset": 82720, "Value": 4, "Offset": 8}, "NumberOfIdEntries": {"FileOffset": 82726, "Value": 1, "Offset": 14}, "MinorVersion": {"FileOffset": 82722, "Value": 0, "Offset": 10}, "TimeDateStamp": {"FileOffset": 82716, "Value": "0x0        [Thu Jan  1 00:00:00 1970 UTC]", "Offset": 4}, "Characteristics": {"FileOffset": 82712, "Value": 0, "Offset": 0}, "NumberOfNamedEntries": {"FileOffset": 82724, "Value": 0, "Offset": 12}, "Structure": "IMAGE_RESOURCE_DIRECTORY"}, {"LANG": 4, "SUBLANG_NAME": "SUBLANG_CHINESE_SIMPLIFIED", "Name": {"FileOffset": 82728, "Value": 2052, "Offset": 0}, "CodePage": {"FileOffset": 83096, "Value": 1252, "Offset": 8}, "LANG_NAME": "LANG_CHINESE", "OffsetToData": {"FileOffset": 83088, "Value": 186788, "Offset": 0}, "Reserved": {"FileOffset": 83100, "Value": 0, "Offset": 12}, "SUBLANG": 2, "Structure": "IMAGE_RESOURCE_DATA_ENTRY", "Size": {"FileOffset": 83092, "Value": 158, "Offset": 4}}, "\u538b\u7f29\u6587\u4ef6\u5df2\u635f\u6bc1", "\u6b63\u5728\u89e3\u538b\u6587\u4ef6\u5230 %s \u6587\u4ef6\u5939", "\u6b63\u5728\u89e3\u538b\u6587\u4ef6\u5230\u4e34\u65f6\u6587\u4ef6\u5939", "\u89e3\u538b\u7f29", "\u89e3\u538b\u7f29\u8fdb\u5ea6", "\u8def\u5f84\u548c\u6587\u4ef6\u540d\u79f0\u7684\u603b\u957f\u5ea6\u4e0d\u5f97\u8d85\u8fc7 %d \u4e2a\u5b57\u7b26"]], {"Structure": "IMAGE_RESOURCE_DIRECTORY_ENTRY", "Id": [14, "RT_GROUP_ICON"], "OffsetToData": {"FileOffset": 81972, "Value": 2147483936, "Offset": 4}, "Name": {"FileOffset": 81968, "Value": 14, "Offset": 0}}, [{"MajorVersion": {"FileOffset": 82216, "Value": 4, "Offset": 8}, "NumberOfIdEntries": {"FileOffset": 82222, "Value": 1, "Offset": 14}, "MinorVersion": {"FileOffset": 82218, "Value": 0, "Offset": 10}, "TimeDateStamp": {"FileOffset": 82212, "Value": "0x0        [Thu Jan  1 00:00:00 1970 UTC]", "Offset": 4}, "Characteristics": {"FileOffset": 82208, "Value": 0, "Offset": 0}, "NumberOfNamedEntries": {"FileOffset": 82220, "Value": 0, "Offset": 12}, "Structure": "IMAGE_RESOURCE_DIRECTORY"}, {"Structure": "IMAGE_RESOURCE_DIRECTORY_ENTRY", "Id": 100, "OffsetToData": {"FileOffset": 82228, "Value": 2147484464, "Offset": 4}, "Name": {"FileOffset": 82224, "Value": 100, "Offset": 0}}, [{"MajorVersion": {"FileOffset": 82744, "Value": 4, "Offset": 8}, "NumberOfIdEntries": {"FileOffset": 82750, "Value": 1, "Offset": 14}, "MinorVersion": {"FileOffset": 82746, "Value": 0, "Offset": 10}, "TimeDateStamp": {"FileOffset": 82740, "Value": "0x0        [Thu Jan  1 00:00:00 1970 UTC]", "Offset": 4}, "Characteristics": {"FileOffset": 82736, "Value": 0, "Offset": 0}, "NumberOfNamedEntries": {"FileOffset": 82748, "Value": 0, "Offset": 12}, "Structure": "IMAGE_RESOURCE_DIRECTORY"}, {"LANG": 0, "SUBLANG_NAME": "SUBLANG_DEFAULT", "Name": {"FileOffset": 82752, "Value": 1024, "Offset": 0}, "CodePage": {"FileOffset": 83112, "Value": 1252, "Offset": 8}, "LANG_NAME": "LANG_NEUTRAL", "OffsetToData": {"FileOffset": 83104, "Value": 186948, "Offset": 0}, "Reserved": {"FileOffset": 83116, "Value": 0, "Offset": 12}, "SUBLANG": 1, "Structure": "IMAGE_RESOURCE_DATA_ENTRY", "Size": {"FileOffset": 83108, "Value": 118, "Offset": 4}}]], {"Structure": "IMAGE_RESOURCE_DIRECTORY_ENTRY", "Id": [24, "RT_MANIFEST"], "OffsetToData": {"FileOffset": 81980, "Value": 2147483960, "Offset": 4}, "Name": {"FileOffset": 81976, "Value": 24, "Offset": 0}}, [{"MajorVersion": {"FileOffset": 82240, "Value": 4, "Offset": 8}, "NumberOfIdEntries": {"FileOffset": 82246, "Value": 1, "Offset": 14}, "MinorVersion": {"FileOffset": 82242, "Value": 0, "Offset": 10}, "TimeDateStamp": {"FileOffset": 82236, "Value": "0x0        [Thu Jan  1 00:00:00 1970 UTC]", "Offset": 4}, "Characteristics": {"FileOffset": 82232, "Value": 0, "Offset": 0}, "NumberOfNamedEntries": {"FileOffset": 82244, "Value": 0, "Offset": 12}, "Structure": "IMAGE_RESOURCE_DIRECTORY"}, {"Structure": "IMAGE_RESOURCE_DIRECTORY_ENTRY", "Id": 1, "OffsetToData": {"FileOffset": 82252, "Value": 2147484488, "Offset": 4}, "Name": {"FileOffset": 82248, "Value": 1, "Offset": 0}}, [{"MajorVersion": {"FileOffset": 82768, "Value": 4, "Offset": 8}, "NumberOfIdEntries": {"FileOffset": 82774, "Value": 1, "Offset": 14}, "MinorVersion": {"FileOffset": 82770, "Value": 0, "Offset": 10}, "TimeDateStamp": {"FileOffset": 82764, "Value": "0x0        [Thu Jan  1 00:00:00 1970 UTC]", "Offset": 4}, "Characteristics": {"FileOffset": 82760, "Value": 0, "Offset": 0}, "NumberOfNamedEntries": {"FileOffset": 82772, "Value": 0, "Offset": 12}, "Structure": "IMAGE_RESOURCE_DIRECTORY"}, {"LANG": 4, "SUBLANG_NAME": "SUBLANG_CHINESE_SIMPLIFIED", "Name": {"FileOffset": 82776, "Value": 2052, "Offset": 0}, "CodePage": {"FileOffset": 83128, "Value": 1252, "Offset": 8}, "LANG_NAME": "LANG_CHINESE", "OffsetToData": {"FileOffset": 83120, "Value": 187068, "Offset": 0}, "Reserved": {"FileOffset": 83132, "Value": 0, "Offset": 12}, "SUBLANG": 2, "Structure": "IMAGE_RESOURCE_DATA_ENTRY", "Size": {"FileOffset": 83124, "Value": 1464, "Offset": 4}}]]]}
