{"DllCharacteristics": [], "FILE_HEADER": {"NumberOfSections": {"FileOffset": 230, "Value": 4, "Offset": 2}, "TimeDateStamp": {"FileOffset": 232, "Value": "0x4508BE5E [Thu Sep 14 02:28:46 2006 UTC]", "Offset": 4}, "PointerToSymbolTable": {"FileOffset": 236, "Value": 0, "Offset": 8}, "NumberOfSymbols": {"FileOffset": 240, "Value": 0, "Offset": 12}, "Machine": {"FileOffset": 228, "Value": 332, "Offset": 0}, "Characteristics": {"FileOffset": 246, "Value": 271, "Offset": 18}, "SizeOfOptionalHeader": {"FileOffset": 244, "Value": 224, "Offset": 16}, "Structure": "IMAGE_FILE_HEADER"}, "Directories": [{"VirtualAddress": {"FileOffset": 344, "Value": 0, "Offset": 0}, "Structure": "IMAGE_DIRECTORY_ENTRY_EXPORT", "Size": {"FileOffset": 348, "Value": 0, "Offset": 4}}, {"VirtualAddress": {"FileOffset": 352, "Value": 12556, "Offset": 0}, "Structure": "IMAGE_DIRECTORY_ENTRY_IMPORT", "Size": {"FileOffset": 356, "Value": 160, "Offset": 4}}, {"VirtualAddress": {"FileOffset": 360, "Value": 20480, "Offset": 0}, "Structure": "IMAGE_DIRECTORY_ENTRY_RESOURCE", "Size": {"FileOffset": 364, "Value": 220, "Offset": 4}}, {"VirtualAddress": {"FileOffset": 368, "Value": 0, "Offset": 0}, "Structure": "IMAGE_DIRECTORY_ENTRY_EXCEPTION", "Size": {"FileOffset": 372, "Value": 0, "Offset": 4}}, {"VirtualAddress": {"FileOffset": 376, "Value": 0, "Offset": 0}, "Structure": "IMAGE_DIRECTORY_ENTRY_SECURITY", "Size": {"FileOffset": 380, "Value": 0, "Offset": 4}}, {"VirtualAddress": {"FileOffset": 384, "Value": 0, "Offset": 0}, "Structure": "IMAGE_DIRECTORY_ENTRY_BASERELOC", "Size": {"FileOffset": 388, "Value": 0, "Offset": 4}}, {"VirtualAddress": {"FileOffset": 392, "Value": 0, "Offset": 0}, "Structure": "IMAGE_DIRECTORY_ENTRY_DEBUG", "Size": {"FileOffset": 396, "Value": 0, "Offset": 4}}, {"VirtualAddress": {"FileOffset": 400, "Value": 0, "Offset": 0}, "Structure": "IMAGE_DIRECTORY_ENTRY_COPYRIGHT", "Size": {"FileOffset": 404, "Value": 0, "Offset": 4}}, {"VirtualAddress": {"FileOffset": 408, "Value": 0, "Offset": 0}, "Structure": "IMAGE_DIRECTORY_ENTRY_GLOBALPTR", "Size": {"FileOffset": 412, "Value": 0, "Offset": 4}}, {"VirtualAddress": {"FileOffset": 416, "Value": 0, "Offset": 0}, "Structure": "IMAGE_DIRECTORY_ENTRY_TLS", "Size": {"FileOffset": 420, "Value": 0, "Offset": 4}}, {"VirtualAddress": {"FileOffset": 424, "Value": 0, "Offset": 0}, "Structure": "IMAGE_DIRECTORY_ENTRY_LOAD_CONFIG", "Size": {"FileOffset": 428, "Value": 0, "Offset": 4}}, {"VirtualAddress": {"FileOffset": 432, "Value": 0, "Offset": 0}, "Structure": "IMAGE_DIRECTORY_ENTRY_BOUND_IMPORT", "Size": {"FileOffset": 436, "Value": 0, "Offset": 4}}, {"VirtualAddress": {"FileOffset": 440, "Value": 12288, "Offset": 0}, "Structure": "IMAGE_DIRECTORY_ENTRY_IAT", "Size": {"FileOffset": 444, "Value": 252, "Offset": 4}}, {"VirtualAddress": {"FileOffset": 448, "Value": 0, "Offset": 0}, "Structure": "IMAGE_DIRECTORY_ENTRY_DELAY_IMPORT", "Size": {"FileOffset": 452, "Value": 0, "Offset": 4}}, {"VirtualAddress": {"FileOffset": 456, "Value": 0, "Offset": 0}, "Structure": "IMAGE_DIRECTORY_ENTRY_COM_DESCRIPTOR", "Size": {"FileOffset": 460, "Value": 0, "Offset": 4}}, {"VirtualAddress": {"FileOffset": 464, "Value": 0, "Offset": 0}, "Structure": "IMAGE_DIRECTORY_ENTRY_RESERVED", "Size": {"FileOffset": 468, "Value": 0, "Offset": 4}}], "OPTIONAL_HEADER": {"DllCharacteristics": {"FileOffset": 318, "Value": 0, "Offset": 70}, "BaseOfCode": {"FileOffset": 268, "Value": 4096, "Offset": 20}, "MajorLinkerVersion": {"FileOffset": 250, "Value": 6, "Offset": 2}, "MinorOperatingSystemVersion": {"FileOffset": 290, "Value": 0, "Offset": 42}, "MinorLinkerVersion": {"FileOffset": 251, "Value": 0, "Offset": 3}, "MajorSubsystemVersion": {"FileOffset": 296, "Value": 4, "Offset": 48}, "MajorOperatingSystemVersion": {"FileOffset": 288, "Value": 4, "Offset": 40}, "SizeOfStackCommit": {"FileOffset": 324, "Value": 4096, "Offset": 76}, "SizeOfUninitializedData": {"FileOffset": 260, "Value": 0, "Offset": 12}, "NumberOfRvaAndSizes": {"FileOffset": 340, "Value": 16, "Offset": 92}, "SizeOfHeapReserve": {"FileOffset": 328, "Value": 1048576, "Offset": 80}, "LoaderFlags": {"FileOffset": 336, "Value": 0, "Offset": 88}, "SizeOfHeapCommit": {"FileOffset": 332, "Value": 4096, "Offset": 84}, "SizeOfStackReserve": {"FileOffset": 320, "Value": 1048576, "Offset": 72}, "Structure": "IMAGE_OPTIONAL_HEADER", "SizeOfHeaders": {"FileOffset": 308, "Value": 1024, "Offset": 60}, "Subsystem": {"FileOffset": 316, "Value": 2, "Offset": 68}, "Magic": {"FileOffset": 248, "Value": 267, "Offset": 0}, "MinorImageVersion": {"FileOffset": 294, "Value": 0, "Offset": 46}, "MajorImageVersion": {"FileOffset": 292, "Value": 0, "Offset": 44}, "FileAlignment": {"FileOffset": 284, "Value": 512, "Offset": 36}, "BaseOfData": {"FileOffset": 272, "Value": 12288, "Offset": 24}, "AddressOfEntryPoint": {"FileOffset": 264, "Value": 7807, "Offset": 16}, "SectionAlignment": {"FileOffset": 280, "Value": 4096, "Offset": 32}, "SizeOfCode": {"FileOffset": 252, "Value": 4608, "Offset": 4}, "ImageBase": {"FileOffset": 276, "Value": 4194304, "Offset": 28}, "SizeOfInitializedData": {"FileOffset": 256, "Value": 3072, "Offset": 8}, "SizeOfImage": {"FileOffset": 304, "Value": 24576, "Offset": 56}, "MinorSubsystemVersion": {"FileOffset": 298, "Value": 0, "Offset": 50}, "CheckSum": {"FileOffset": 312, "Value": 0, "Offset": 64}, "Reserved1": {"FileOffset": 300, "Value": 0, "Offset": 52}}, "DOS_HEADER": {"e_cblp": {"FileOffset": 2, "Value": 144, "Offset": 2}, "e_crlc": {"FileOffset": 6, "Value": 0, "Offset": 6}, "e_ovno": {"FileOffset": 26, "Value": 0, "Offset": 26}, "e_minalloc": {"FileOffset": 10, "Value": 0, "Offset": 10}, "e_csum": {"FileOffset": 18, "Value": 0, "Offset": 18}, "e_cparhdr": {"FileOffset": 8, "Value": 4, "Offset": 8}, "e_cp": {"FileOffset": 4, "Value": 3, "Offset": 4}, "e_cs": {"FileOffset": 22, "Value": 0, "Offset": 22}, "e_maxalloc": {"FileOffset": 12, "Value": 65535, "Offset": 12}, "e_lfarlc": {"FileOffset": 24, "Value": 64, "Offset": 24}, "e_oemid": {"FileOffset": 36, "Value": 0, "Offset": 36}, "e_lfanew": {"FileOffset": 60, "Value": 224, "Offset": 60}, "e_ss": {"FileOffset": 14, "Value": 0, "Offset": 14}, "e_magic": {"FileOffset": 0, "Value": 23117, "Offset": 0}, "e_oeminfo": {"FileOffset": 38, "Value": 0, "Offset": 38}, "e_res2": {"FileOffset": 40, "Value": "", "Offset": 40}, "e_res": {"FileOffset": 28, "Value": "", "Offset": 28}, "e_sp": {"FileOffset": 16, "Value": 184, "Offset": 16}, "Structure": "IMAGE_DOS_HEADER", "e_ip": {"FileOffset": 20, "Value": 0, "Offset": 20}}, "NT_HEADERS": {"Structure": "IMAGE_NT_HEADERS", "Signature": {"FileOffset": 224, "Value": 17744, "Offset": 0}}, "Flags": ["IMAGE_FILE_LOCAL_SYMS_STRIPPED", "IMAGE_FILE_32BIT_MACHINE", "IMAGE_FILE_EXECUTABLE_IMAGE", "IMAGE_FILE_LINE_NUMS_STRIPPED", "IMAGE_FILE_RELOCS_STRIPPED"], "Imported symbols": [[{"TimeDateStamp": {"FileOffset": 5904, "Value": "0x0        [Thu Jan  1 00:00:00 1970 UTC]", "Offset": 4}, "Name": {"FileOffset": 5912, "Value": 13142, "Offset": 12}, "ForwarderChain": {"FileOffset": 5908, "Value": 0, "Offset": 8}, "OriginalFirstThunk": {"FileOffset": 5900, "Value": 12736, "Offset": 0}, "FirstThunk": {"FileOffset": 5916, "Value": 12308, "Offset": 16}, "Characteristics": {"FileOffset": 5900, "Value": 12736, "Offset": 0}, "Structure": "IMAGE_IMPORT_DESCRIPTOR"}, {"Hint": 345, "Name": "GetSystemDirectoryA", "DLL": "KERNEL32.dll"}, {"Hint": 336, "Name": "GetStartupInfoA", "DLL": "KERNEL32.dll"}, {"Hint": 723, "Name": "WinExec", "DLL": "KERNEL32.dll"}, {"Hint": 40, "Name": "CopyFileA", "DLL": "KERNEL32.dll"}, {"Hint": 662, "Name": "Sleep", "DLL": "KERNEL32.dll"}, {"Hint": 776, "Name": "lstrlenA", "DLL": "KERNEL32.dll"}, {"Hint": 294, "Name": "GetModuleHandleA", "DLL": "KERNEL32.dll"}, {"Hint": 68, "Name": "CreateProcessA", "DLL": "KERNEL32.dll"}, {"Hint": 718, "Name": "WaitForSingleObject", "DLL": "KERNEL32.dll"}, {"Hint": 87, "Name": "DeleteFileA", "DLL": "KERNEL32.dll"}, {"Hint": 357, "Name": "GetTempPathA", "DLL": "KERNEL32.dll"}, {"Hint": 292, "Name": "GetModuleFileNameA", "DLL": "KERNEL32.dll"}], [{"TimeDateStamp": {"FileOffset": 5924, "Value": "0x0        [Thu Jan  1 00:00:00 1970 UTC]", "Offset": 4}, "Name": {"FileOffset": 5932, "Value": 13170, "Offset": 12}, "ForwarderChain": {"FileOffset": 5928, "Value": 0, "Offset": 8}, "OriginalFirstThunk": {"FileOffset": 5920, "Value": 12888, "Offset": 0}, "FirstThunk": {"FileOffset": 5936, "Value": 12460, "Offset": 16}, "Characteristics": {"FileOffset": 5920, "Value": 12888, "Offset": 0}, "Structure": "IMAGE_IMPORT_DESCRIPTOR"}, {"Hint": 427, "Name": "LoadStringA", "DLL": "USER32.dll"}], [{"TimeDateStamp": {"FileOffset": 5944, "Value": "0x0        [Thu Jan  1 00:00:00 1970 UTC]", "Offset": 4}, "Name": {"FileOffset": 5952, "Value": 13246, "Offset": 12}, "ForwarderChain": {"FileOffset": 5948, "Value": 0, "Offset": 8}, "OriginalFirstThunk": {"FileOffset": 5940, "Value": 12716, "Offset": 0}, "FirstThunk": {"FileOffset": 5956, "Value": 12288, "Offset": 16}, "Characteristics": {"FileOffset": 5940, "Value": 12716, "Offset": 0}, "Structure": "IMAGE_IMPORT_DESCRIPTOR"}, {"Hint": 350, "Name": "RegCreateKeyA", "DLL": "ADVAPI32.dll"}, {"Hint": 390, "Name": "RegSetValueExA", "DLL": "ADVAPI32.dll"}, {"Hint": 347, "Name": "RegCloseKey", "DLL": "ADVAPI32.dll"}, {"Hint": 370, "Name": "RegOpenKeyExA", "DLL": "ADVAPI32.dll"}], [{"TimeDateStamp": {"FileOffset": 5964, "Value": "0x0        [Thu Jan  1 00:00:00 1970 UTC]", "Offset": 4}, "Name": {"FileOffset": 5972, "Value": 13274, "Offset": 12}, "ForwarderChain": {"FileOffset": 5968, "Value": 0, "Offset": 8}, "OriginalFirstThunk": {"FileOffset": 5960, "Value": 12932, "Offset": 0}, "FirstThunk": {"FileOffset": 5976, "Value": 12504, "Offset": 16}, "Characteristics": {"FileOffset": 5960, "Value": 12932, "Offset": 0}, "Structure": "IMAGE_IMPORT_DESCRIPTOR"}, {"Ordinal": 11, "DLL": "WS2_32.dll"}, {"Ordinal": 21, "DLL": "WS2_32.dll"}, {"Ordinal": 3, "DLL": "WS2_32.dll"}, {"Ordinal": 19, "DLL": "WS2_32.dll"}, {"Ordinal": 16, "DLL": "WS2_32.dll"}, {"Ordinal": 4, "DLL": "WS2_32.dll"}, {"Hint": 61, "Name": "WSASocketA", "DLL": "WS2_32.dll"}, {"Ordinal": 9, "DLL": "WS2_32.dll"}], [{"TimeDateStamp": {"FileOffset": 5984, "Value": "0x0        [Thu Jan  1 00:00:00 1970 UTC]", "Offset": 4}, "Name": {"FileOffset": 5992, "Value": 13410, "Offset": 12}, "ForwarderChain": {"FileOffset": 5988, "Value": 0, "Offset": 8}, "OriginalFirstThunk": {"FileOffset": 5980, "Value": 12896, "Offset": 0}, "FirstThunk": {"FileOffset": 5996, "Value": 12468, "Offset": 16}, "Characteristics": {"FileOffset": 5980, "Value": 12896, "Offset": 0}, "Structure": "IMAGE_IMPORT_DESCRIPTOR"}, {"Hint": 102, "Name": "InternetGetConnectedState", "DLL": "WININET.dll"}, {"Hint": 71, "Name": "HttpQueryInfoA", "DLL": "WININET.dll"}, {"Hint": 111, "Name": "InternetOpenA", "DLL": "WININET.dll"}, {"Hint": 113, "Name": "InternetOpenUrlA", "DLL": "WININET.dll"}, {"Hint": 119, "Name": "InternetReadFile", "DLL": "WININET.dll"}, {"Hint": 86, "Name": "InternetCloseHandle", "DLL": "WININET.dll"}], [{"TimeDateStamp": {"FileOffset": 6004, "Value": "0x0        [Thu Jan  1 00:00:00 1970 UTC]", "Offset": 4}, "Name": {"FileOffset": 6012, "Value": 13538, "Offset": 12}, "ForwarderChain": {"FileOffset": 6008, "Value": 0, "Offset": 8}, "OriginalFirstThunk": {"FileOffset": 6000, "Value": 12788, "Offset": 0}, "FirstThunk": {"FileOffset": 6016, "Value": 12360, "Offset": 16}, "Characteristics": {"FileOffset": 6000, "Value": 12788, "Offset": 0}, "Structure": "IMAGE_IMPORT_DESCRIPTOR"}, {"Hint": 588, "Name": "fclose", "DLL": "MSVCRT.dll"}, {"Hint": 183, "Name": "_controlfp", "DLL": "MSVCRT.dll"}, {"Hint": 202, "Name": "_except_handler3", "DLL": "MSVCRT.dll"}, {"Hint": 129, "Name": "__set_app_type", "DLL": "MSVCRT.dll"}, {"Hint": 111, "Name": "__p__fmode", "DLL": "MSVCRT.dll"}, {"Hint": 106, "Name": "__p__commode", "DLL": "MSVCRT.dll"}, {"Hint": 157, "Name": "_adjust_fdiv", "DLL": "MSVCRT.dll"}, {"Hint": 131, "Name": "__setusermatherr", "DLL": "MSVCRT.dll"}, {"Hint": 271, "Name": "_initterm", "DLL": "MSVCRT.dll"}, {"Hint": 88, "Name": "__getmainargs", "DLL": "MSVCRT.dll"}, {"Hint": 143, "Name": "_acmdln", "DLL": "MSVCRT.dll"}, {"Hint": 585, "Name": "exit", "DLL": "MSVCRT.dll"}, {"Hint": 72, "Name": "_XcptFilter", "DLL": "MSVCRT.dll"}, {"Hint": 211, "Name": "_exit", "DLL": "MSVCRT.dll"}, {"Hint": 16, "Name": "??3@YAXPAX@Z", "DLL": "MSVCRT.dll"}, {"Hint": 690, "Name": "sprintf", "DLL": "MSVCRT.dll"}, {"Hint": 15, "Name": "??2@YAPAXI@Z", "DLL": "MSVCRT.dll"}, {"Hint": 573, "Name": "atoi", "DLL": "MSVCRT.dll"}, {"Hint": 574, "Name": "atol", "DLL": "MSVCRT.dll"}, {"Hint": 695, "Name": "strchr", "DLL": "MSVCRT.dll"}, {"Hint": 709, "Name": "strstr", "DLL": "MSVCRT.dll"}, {"Hint": 591, "Name": "fflush", "DLL": "MSVCRT.dll"}, {"Hint": 614, "Name": "fwrite", "DLL": "MSVCRT.dll"}, {"Hint": 599, "Name": "fopen", "DLL": "MSVCRT.dll"}], [{"TimeDateStamp": {"FileOffset": 6024, "Value": "0x0        [Thu Jan  1 00:00:00 1970 UTC]", "Offset": 4}, "Name": {"FileOffset": 6032, "Value": 13750, "Offset": 12}, "ForwarderChain": {"FileOffset": 6028, "Value": 0, "Offset": 8}, "OriginalFirstThunk": {"FileOffset": 6020, "Value": 12924, "Offset": 0}, "FirstThunk": {"FileOffset": 6036, "Value": 12496, "Offset": 16}, "Characteristics": {"FileOffset": 6020, "Value": 12924, "Offset": 0}, "Structure": "IMAGE_IMPORT_DESCRIPTOR"}, {"Hint": 152, "Name": "timeGetTime", "DLL": "WINMM.dll"}]], "PE Sections": [{"PointerToRawData": {"FileOffset": 492, "Value": 1024, "Offset": 20}, "SHA1": "59b1afa0cd25a39d0e725cb913ab81463d424f4f", "SHA256": "c836c986753caeeab030457eaf1fce8b99f1acf576aac100916b0bf59241b7b2", "Name": {"FileOffset": 472, "Value": ".text", "Offset": 0}, "NumberOfRelocations": {"FileOffset": 504, "Value": 0, "Offset": 32}, "Misc_VirtualSize": {"FileOffset": 480, "Value": 4108, "Offset": 8}, "Characteristics": {"FileOffset": 508, "Value": 1610612768, "Offset": 36}, "Misc": {"FileOffset": 480, "Value": 4108, "Offset": 8}, "PointerToLinenumbers": {"FileOffset": 500, "Value": 0, "Offset": 28}, "SizeOfRawData": {"FileOffset": 488, "Value": 4608, "Offset": 16}, "Misc_PhysicalAddress": {"FileOffset": 480, "Value": 4108, "Offset": 8}, "PointerToRelocations": {"FileOffset": 496, "Value": 0, "Offset": 24}, "Flags": ["IMAGE_SCN_MEM_EXECUTE", "IMAGE_SCN_CNT_CODE", "IMAGE_SCN_MEM_READ"], "SHA512": "308942c685832d5f53f7905dc7bac7e2aa80e059844e6dc69c49bf3d5e57b9e0e07b6372229699a7255a625fcc065ed3bf7fa803580e2a21bfcca7a94665b85a", "MD5": "d91adb891a2ecdfa7d4f55cc1583f73f", "Entropy": 5.839987397304371, "VirtualAddress": {"FileOffset": 484, "Value": 4096, "Offset": 12}, "Structure": "IMAGE_SECTION_HEADER", "NumberOfLinenumbers": {"FileOffset": 506, "Value": 0, "Offset": 34}}, {"PointerToRawData": {"FileOffset": 532, "Value": 5632, "Offset": 20}, "SHA1": "0873d4e95eebfc2d5e3366ee6ddaecf50985480b", "SHA256": "73f5fe764a048db3c514b31a94d88612397c4377b447b36197522ad9f34d6e59", "Name": {"FileOffset": 512, "Value": ".rdata", "Offset": 0}, "NumberOfRelocations": {"FileOffset": 544, "Value": 0, "Offset": 32}, "Misc_VirtualSize": {"FileOffset": 520, "Value": 1492, "Offset": 8}, "Characteristics": {"FileOffset": 548, "Value": 1073741888, "Offset": 36}, "Misc": {"FileOffset": 520, "Value": 1492, "Offset": 8}, "PointerToLinenumbers": {"FileOffset": 540, "Value": 0, "Offset": 28}, "SizeOfRawData": {"FileOffset": 528, "Value": 1536, "Offset": 16}, "Misc_PhysicalAddress": {"FileOffset": 520, "Value": 1492, "Offset": 8}, "PointerToRelocations": {"FileOffset": 536, "Value": 0, "Offset": 24}, "Flags": ["IMAGE_SCN_CNT_INITIALIZED_DATA", "IMAGE_SCN_MEM_READ"], "SHA512": "13e5df8b188f913d6c8d214cef3210830110b6a6f81ce53f39fe58af2e72b9220b4b17461a8f346b504af28f6a06b496a5cf6a3d5eb0fe2fca154632ea0bbe93", "MD5": "3bec106ade6267632f51df8cc0e3f3b2", "Entropy": 4.74158248369101, "VirtualAddress": {"FileOffset": 524, "Value": 12288, "Offset": 12}, "Structure": "IMAGE_SECTION_HEADER", "NumberOfLinenumbers": {"FileOffset": 546, "Value": 0, "Offset": 34}}, {"PointerToRawData": {"FileOffset": 572, "Value": 7168, "Offset": 20}, "SHA1": "642efc9efdc6363fd73563b4ac84ed1d3bfcbdea", "SHA256": "f0944b55fc9779effc3370f58b7ead0db4da4be80a1751808acaf92592e26395", "Name": {"FileOffset": 552, "Value": ".data", "Offset": 0}, "NumberOfRelocations": {"FileOffset": 584, "Value": 0, "Offset": 32}, "Misc_VirtualSize": {"FileOffset": 560, "Value": 2028, "Offset": 8}, "Characteristics": {"FileOffset": 588, "Value": 3221225536, "Offset": 36}, "Misc": {"FileOffset": 560, "Value": 2028, "Offset": 8}, "PointerToLinenumbers": {"FileOffset": 580, "Value": 0, "Offset": 28}, "SizeOfRawData": {"FileOffset": 568, "Value": 1024, "Offset": 16}, "Misc_PhysicalAddress": {"FileOffset": 560, "Value": 2028, "Offset": 8}, "PointerToRelocations": {"FileOffset": 576, "Value": 0, "Offset": 24}, "Flags": ["IMAGE_SCN_CNT_INITIALIZED_DATA", "IMAGE_SCN_MEM_WRITE", "IMAGE_SCN_MEM_READ"], "SHA512": "2d311a2866b51a8a14f28bcc7518b6c73392a02dec2bfd282db421fbd10c07471c582b2b00207c28d5a560fd207925bc51ccf6a71ff3de69cb2bb97c1394fef8", "MD5": "86391a3ba3580198091fda9f4161dad7", "Entropy": 3.339393499363507, "VirtualAddress": {"FileOffset": 564, "Value": 16384, "Offset": 12}, "Structure": "IMAGE_SECTION_HEADER", "NumberOfLinenumbers": {"FileOffset": 586, "Value": 0, "Offset": 34}}, {"PointerToRawData": {"FileOffset": 612, "Value": 8192, "Offset": 20}, "SHA1": "b05535fb97b4173a746b1d1741b09ca922e6e08e", "SHA256": "cad28b7de98a383b6326a84992d6aa99d1b6cf0fe642d0bbdbc2a6bd5a9a69c1", "Name": {"FileOffset": 592, "Value": ".rsrc", "Offset": 0}, "NumberOfRelocations": {"FileOffset": 624, "Value": 0, "Offset": 32}, "Misc_VirtualSize": {"FileOffset": 600, "Value": 220, "Offset": 8}, "Characteristics": {"FileOffset": 628, "Value": 1073741888, "Offset": 36}, "Misc": {"FileOffset": 600, "Value": 220, "Offset": 8}, "PointerToLinenumbers": {"FileOffset": 620, "Value": 0, "Offset": 28}, "SizeOfRawData": {"FileOffset": 608, "Value": 512, "Offset": 16}, "Misc_PhysicalAddress": {"FileOffset": 600, "Value": 220, "Offset": 8}, "PointerToRelocations": {"FileOffset": 616, "Value": 0, "Offset": 24}, "Flags": ["IMAGE_SCN_CNT_INITIALIZED_DATA", "IMAGE_SCN_MEM_READ"], "SHA512": "3f7e26cc8d6c8b735ac3fb968b66e7daff5242d8a7fd4163dcfc27f83dc4788cf921ef7619de43a88b57df276fe177fbe7eae91a96f1ed61909d67ed74007f6e", "MD5": "b7f3892bebf21f01666a5fa7b5b7f736", "Entropy": 3.7923169963692738, "VirtualAddress": {"FileOffset": 604, "Value": 20480, "Offset": 12}, "Structure": "IMAGE_SECTION_HEADER", "NumberOfLinenumbers": {"FileOffset": 626, "Value": 0, "Offset": 34}}], "Resource directory": [{"MajorVersion": {"FileOffset": 8200, "Value": 4, "Offset": 8}, "NumberOfIdEntries": {"FileOffset": 8206, "Value": 1, "Offset": 14}, "MinorVersion": {"FileOffset": 8202, "Value": 0, "Offset": 10}, "TimeDateStamp": {"FileOffset": 8196, "Value": "0x0        [Thu Jan  1 00:00:00 1970 UTC]", "Offset": 4}, "Characteristics": {"FileOffset": 8192, "Value": 0, "Offset": 0}, "NumberOfNamedEntries": {"FileOffset": 8204, "Value": 0, "Offset": 12}, "Structure": "IMAGE_RESOURCE_DIRECTORY"}, {"Structure": "IMAGE_RESOURCE_DIRECTORY_ENTRY", "Id": [6, "RT_STRING"], "OffsetToData": {"FileOffset": 8212, "Value": 2147483672, "Offset": 4}, "Name": {"FileOffset": 8208, "Value": 6, "Offset": 0}}, [{"MajorVersion": {"FileOffset": 8224, "Value": 4, "Offset": 8}, "NumberOfIdEntries": {"FileOffset": 8230, "Value": 1, "Offset": 14}, "MinorVersion": {"FileOffset": 8226, "Value": 0, "Offset": 10}, "TimeDateStamp": {"FileOffset": 8220, "Value": "0x0        [Thu Jan  1 00:00:00 1970 UTC]", "Offset": 4}, "Characteristics": {"FileOffset": 8216, "Value": 0, "Offset": 0}, "NumberOfNamedEntries": {"FileOffset": 8228, "Value": 0, "Offset": 12}, "Structure": "IMAGE_RESOURCE_DIRECTORY"}, {"Structure": "IMAGE_RESOURCE_DIRECTORY_ENTRY", "Id": 1, "OffsetToData": {"FileOffset": 8236, "Value": 2147483696, "Offset": 4}, "Name": {"FileOffset": 8232, "Value": 1, "Offset": 0}}, [{"MajorVersion": {"FileOffset": 8248, "Value": 4, "Offset": 8}, "NumberOfIdEntries": {"FileOffset": 8254, "Value": 1, "Offset": 14}, "MinorVersion": {"FileOffset": 8250, "Value": 0, "Offset": 10}, "TimeDateStamp": {"FileOffset": 8244, "Value": "0x0        [Thu Jan  1 00:00:00 1970 UTC]", "Offset": 4}, "Characteristics": {"FileOffset": 8240, "Value": 0, "Offset": 0}, "NumberOfNamedEntries": {"FileOffset": 8252, "Value": 0, "Offset": 12}, "Structure": "IMAGE_RESOURCE_DIRECTORY"}, {"LANG": 9, "SUBLANG_NAME": "SUBLANG_ENGLISH_US", "Name": {"FileOffset": 8256, "Value": 1033, "Offset": 0}, "CodePage": {"FileOffset": 8272, "Value": 1252, "Offset": 8}, "LANG_NAME": "LANG_ENGLISH", "OffsetToData": {"FileOffset": 8264, "Value": 20568, "Offset": 0}, "Reserved": {"FileOffset": 8276, "Value": 0, "Offset": 12}, "SUBLANG": 1, "Structure": "IMAGE_RESOURCE_DATA_ENTRY", "Size": {"FileOffset": 8268, "Value": 132, "Offset": 4}}, "4+hVhZi9351/CK1m1bp04K1V6LiXfn4U9noUfqUpEZHX8L9jjY902JKrAaiW8naW"]]]}
