{"DllCharacteristics": [], "FILE_HEADER": {"NumberOfSections": {"FileOffset": 246, "Value": 3, "Offset": 2}, "TimeDateStamp": {"FileOffset": 248, "Value": "0x48CF7A5F [Tue Sep 16 09:20:31 2008 UTC]", "Offset": 4}, "PointerToSymbolTable": {"FileOffset": 252, "Value": 0, "Offset": 8}, "NumberOfSymbols": {"FileOffset": 256, "Value": 0, "Offset": 12}, "Machine": {"FileOffset": 244, "Value": 332, "Offset": 0}, "Characteristics": {"FileOffset": 262, "Value": 271, "Offset": 18}, "SizeOfOptionalHeader": {"FileOffset": 260, "Value": 224, "Offset": 16}, "Structure": "IMAGE_FILE_HEADER"}, "Directories": [{"VirtualAddress": {"FileOffset": 360, "Value": 0, "Offset": 0}, "Structure": "IMAGE_DIRECTORY_ENTRY_EXPORT", "Size": {"FileOffset": 364, "Value": 0, "Offset": 4}}, {"VirtualAddress": {"FileOffset": 368, "Value": 38928, "Offset": 0}, "Structure": "IMAGE_DIRECTORY_ENTRY_IMPORT", "Size": {"FileOffset": 372, "Value": 180, "Offset": 4}}, {"VirtualAddress": {"FileOffset": 376, "Value": 0, "Offset": 0}, "Structure": "IMAGE_DIRECTORY_ENTRY_RESOURCE", "Size": {"FileOffset": 380, "Value": 0, "Offset": 4}}, {"VirtualAddress": {"FileOffset": 384, "Value": 0, "Offset": 0}, "Structure": "IMAGE_DIRECTORY_ENTRY_EXCEPTION", "Size": {"FileOffset": 388, "Value": 0, "Offset": 4}}, {"VirtualAddress": {"FileOffset": 392, "Value": 0, "Offset": 0}, "Structure": "IMAGE_DIRECTORY_ENTRY_SECURITY", "Size": {"FileOffset": 396, "Value": 0, "Offset": 4}}, {"VirtualAddress": {"FileOffset": 400, "Value": 0, "Offset": 0}, "Structure": "IMAGE_DIRECTORY_ENTRY_BASERELOC", "Size": {"FileOffset": 404, "Value": 0, "Offset": 4}}, {"VirtualAddress": {"FileOffset": 408, "Value": 0, "Offset": 0}, "Structure": "IMAGE_DIRECTORY_ENTRY_DEBUG", "Size": {"FileOffset": 412, "Value": 0, "Offset": 4}}, {"VirtualAddress": {"FileOffset": 416, "Value": 0, "Offset": 0}, "Structure": "IMAGE_DIRECTORY_ENTRY_COPYRIGHT", "Size": {"FileOffset": 420, "Value": 0, "Offset": 4}}, {"VirtualAddress": {"FileOffset": 424, "Value": 0, "Offset": 0}, "Structure": "IMAGE_DIRECTORY_ENTRY_GLOBALPTR", "Size": {"FileOffset": 428, "Value": 0, "Offset": 4}}, {"VirtualAddress": {"FileOffset": 432, "Value": 0, "Offset": 0}, "Structure": "IMAGE_DIRECTORY_ENTRY_TLS", "Size": {"FileOffset": 436, "Value": 0, "Offset": 4}}, {"VirtualAddress": {"FileOffset": 440, "Value": 0, "Offset": 0}, "Structure": "IMAGE_DIRECTORY_ENTRY_LOAD_CONFIG", "Size": {"FileOffset": 444, "Value": 0, "Offset": 4}}, {"VirtualAddress": {"FileOffset": 448, "Value": 0, "Offset": 0}, "Structure": "IMAGE_DIRECTORY_ENTRY_BOUND_IMPORT", "Size": {"FileOffset": 452, "Value": 0, "Offset": 4}}, {"VirtualAddress": {"FileOffset": 456, "Value": 36864, "Offset": 0}, "Structure": "IMAGE_DIRECTORY_ENTRY_IAT", "Size": {"FileOffset": 460, "Value": 480, "Offset": 4}}, {"VirtualAddress": {"FileOffset": 464, "Value": 0, "Offset": 0}, "Structure": "IMAGE_DIRECTORY_ENTRY_DELAY_IMPORT", "Size": {"FileOffset": 468, "Value": 0, "Offset": 4}}, {"VirtualAddress": {"FileOffset": 472, "Value": 0, "Offset": 0}, "Structure": "IMAGE_DIRECTORY_ENTRY_COM_DESCRIPTOR", "Size": {"FileOffset": 476, "Value": 0, "Offset": 4}}, {"VirtualAddress": {"FileOffset": 480, "Value": 0, "Offset": 0}, "Structure": "IMAGE_DIRECTORY_ENTRY_RESERVED", "Size": {"FileOffset": 484, "Value": 0, "Offset": 4}}], "OPTIONAL_HEADER": {"DllCharacteristics": {"FileOffset": 334, "Value": 0, "Offset": 70}, "BaseOfCode": {"FileOffset": 284, "Value": 4096, "Offset": 20}, "MajorLinkerVersion": {"FileOffset": 266, "Value": 6, "Offset": 2}, "MinorOperatingSystemVersion": {"FileOffset": 306, "Value": 0, "Offset": 42}, "MinorLinkerVersion": {"FileOffset": 267, "Value": 0, "Offset": 3}, "MajorSubsystemVersion": {"FileOffset": 312, "Value": 4, "Offset": 48}, "MajorOperatingSystemVersion": {"FileOffset": 304, "Value": 4, "Offset": 40}, "SizeOfStackCommit": {"FileOffset": 340, "Value": 4096, "Offset": 76}, "SizeOfUninitializedData": {"FileOffset": 276, "Value": 0, "Offset": 12}, "NumberOfRvaAndSizes": {"FileOffset": 356, "Value": 16, "Offset": 92}, "SizeOfHeapReserve": {"FileOffset": 344, "Value": 1048576, "Offset": 80}, "LoaderFlags": {"FileOffset": 352, "Value": 0, "Offset": 88}, "SizeOfHeapCommit": {"FileOffset": 348, "Value": 4096, "Offset": 84}, "SizeOfStackReserve": {"FileOffset": 336, "Value": 1048576, "Offset": 72}, "Structure": "IMAGE_OPTIONAL_HEADER", "SizeOfHeaders": {"FileOffset": 324, "Value": 1024, "Offset": 60}, "Subsystem": {"FileOffset": 332, "Value": 2, "Offset": 68}, "Magic": {"FileOffset": 264, "Value": 267, "Offset": 0}, "MinorImageVersion": {"FileOffset": 310, "Value": 0, "Offset": 46}, "MajorImageVersion": {"FileOffset": 308, "Value": 0, "Offset": 44}, "FileAlignment": {"FileOffset": 300, "Value": 512, "Offset": 36}, "BaseOfData": {"FileOffset": 288, "Value": 36864, "Offset": 24}, "AddressOfEntryPoint": {"FileOffset": 280, "Value": 34888, "Offset": 16}, "SectionAlignment": {"FileOffset": 296, "Value": 4096, "Offset": 32}, "SizeOfCode": {"FileOffset": 268, "Value": 32768, "Offset": 4}, "ImageBase": {"FileOffset": 292, "Value": 4194304, "Offset": 28}, "SizeOfInitializedData": {"FileOffset": 272, "Value": 49152, "Offset": 8}, "SizeOfImage": {"FileOffset": 320, "Value": 90112, "Offset": 56}, "MinorSubsystemVersion": {"FileOffset": 314, "Value": 0, "Offset": 50}, "CheckSum": {"FileOffset": 328, "Value": 0, "Offset": 64}, "Reserved1": {"FileOffset": 316, "Value": 0, "Offset": 52}}, "DOS_HEADER": {"e_cblp": {"FileOffset": 2, "Value": 144, "Offset": 2}, "e_crlc": {"FileOffset": 6, "Value": 0, "Offset": 6}, "e_ovno": {"FileOffset": 26, "Value": 0, "Offset": 26}, "e_minalloc": {"FileOffset": 10, "Value": 0, "Offset": 10}, "e_csum": {"FileOffset": 18, "Value": 0, "Offset": 18}, "e_cparhdr": {"FileOffset": 8, "Value": 4, "Offset": 8}, "e_cp": {"FileOffset": 4, "Value": 3, "Offset": 4}, "e_cs": {"FileOffset": 22, "Value": 0, "Offset": 22}, "e_maxalloc": {"FileOffset": 12, "Value": 65535, "Offset": 12}, "e_lfarlc": {"FileOffset": 24, "Value": 64, "Offset": 24}, "e_oemid": {"FileOffset": 36, "Value": 0, "Offset": 36}, "e_lfanew": {"FileOffset": 60, "Value": 240, "Offset": 60}, "e_ss": {"FileOffset": 14, "Value": 0, "Offset": 14}, "e_magic": {"FileOffset": 0, "Value": 23117, "Offset": 0}, "e_oeminfo": {"FileOffset": 38, "Value": 0, "Offset": 38}, "e_res2": {"FileOffset": 40, "Value": "", "Offset": 40}, "e_res": {"FileOffset": 28, "Value": "", "Offset": 28}, "e_sp": {"FileOffset": 16, "Value": 184, "Offset": 16}, "Structure": "IMAGE_DOS_HEADER", "e_ip": {"FileOffset": 20, "Value": 0, "Offset": 20}}, "NT_HEADERS": {"Structure": "IMAGE_NT_HEADERS", "Signature": {"FileOffset": 240, "Value": 17744, "Offset": 0}}, "Flags": ["IMAGE_FILE_LOCAL_SYMS_STRIPPED", "IMAGE_FILE_32BIT_MACHINE", "IMAGE_FILE_EXECUTABLE_IMAGE", "IMAGE_FILE_LINE_NUMS_STRIPPED", "IMAGE_FILE_RELOCS_STRIPPED"], "Imported symbols": [[{"TimeDateStamp": {"FileOffset": 35860, "Value": "0x0        [Thu Jan  1 00:00:00 1970 UTC]", "Offset": 4}, "Name": {"FileOffset": 35868, "Value": 40130, "Offset": 12}, "ForwarderChain": {"FileOffset": 35864, "Value": 0, "Offset": 8}, "OriginalFirstThunk": {"FileOffset": 35856, "Value": 39168, "Offset": 0}, "FirstThunk": {"FileOffset": 35872, "Value": 36924, "Offset": 16}, "Characteristics": {"FileOffset": 35856, "Value": 39168, "Offset": 0}, "Structure": "IMAGE_IMPORT_DESCRIPTOR"}, {"Hint": 52, "Name": "CreateFileA", "DLL": "KERNEL32.dll"}, {"Hint": 282, "Name": "GetLastError", "DLL": "KERNEL32.dll"}, {"Hint": 618, "Name": "SetFilePointer", "DLL": "KERNEL32.dll"}, {"Hint": 247, "Name": "GetCurrentProcess", "DLL": "KERNEL32.dll"}, {"Hint": 256, "Name": "GetDiskFreeSpaceA", "DLL": "KERNEL32.dll"}, {"Hint": 260, "Name": "GetDriveTypeA", "DLL": "KERNEL32.dll"}, {"Hint": 397, "Name": "GlobalMemoryStatus", "DLL": "KERNEL32.dll"}, {"Hint": 365, "Name": "GetTickCount", "DLL": "KERNEL32.dll"}, {"Hint": 274, "Name": "GetFileSize", "DLL": "KERNEL32.dll"}, {"Hint": 347, "Name": "GetSystemInfo", "DLL": "KERNEL32.dll"}, {"Hint": 206, "Name": "GetComputerNameA", "DLL": "KERNEL32.dll"}, {"Hint": 722, "Name": "WideCharToMultiByte", "DLL": "KERNEL32.dll"}, {"Hint": 318, "Name": "GetProcAddress", "DLL": "KERNEL32.dll"}, {"Hint": 294, "Name": "GetModuleHandleA", "DLL": "KERNEL32.dll"}, {"Hint": 495, "Name": "OpenProcess", "DLL": "KERNEL32.dll"}, {"Hint": 670, "Name": "TerminateProcess", "DLL": "KERNEL32.dll"}, {"Hint": 484, "Name": "MultiByteToWideChar", "DLL": "KERNEL32.dll"}, {"Hint": 735, "Name": "WriteFile", "DLL": "KERNEL32.dll"}, {"Hint": 505, "Name": "PeekNamedPipe", "DLL": "KERNEL32.dll"}, {"Hint": 536, "Name": "ReadFile", "DLL": "KERNEL32.dll"}, {"Hint": 126, "Name": "ExitThread", "DLL": "KERNEL32.dll"}, {"Hint": 373, "Name": "GetVersionExA", "DLL": "KERNEL32.dll"}, {"Hint": 662, "Name": "Sleep", "DLL": "KERNEL32.dll"}, {"Hint": 27, "Name": "CloseHandle", "DLL": "KERNEL32.dll"}, {"Hint": 67, "Name": "CreatePipe", "DLL": "KERNEL32.dll"}, {"Hint": 336, "Name": "GetStartupInfoA", "DLL": "KERNEL32.dll"}, {"Hint": 68, "Name": "CreateProcessA", "DLL": "KERNEL32.dll"}, {"Hint": 74, "Name": "CreateThread", "DLL": "KERNEL32.dll"}, {"Hint": 671, "Name": "TerminateThread", "DLL": "KERNEL32.dll"}, {"Hint": 292, "Name": "GetModuleFileNameA", "DLL": "KERNEL32.dll"}, {"Hint": 348, "Name": "GetSystemPowerStatus", "DLL": "KERNEL32.dll"}, {"Hint": 776, "Name": "lstrlenA", "DLL": "KERNEL32.dll"}], [{"TimeDateStamp": {"FileOffset": 35880, "Value": "0x0        [Thu Jan  1 00:00:00 1970 UTC]", "Offset": 4}, "Name": {"FileOffset": 35888, "Value": 40156, "Offset": 12}, "ForwarderChain": {"FileOffset": 35884, "Value": 0, "Offset": 8}, "OriginalFirstThunk": {"FileOffset": 35876, "Value": 39508, "Offset": 0}, "FirstThunk": {"FileOffset": 35892, "Value": 37264, "Offset": 16}, "Characteristics": {"FileOffset": 35876, "Value": 39508, "Offset": 0}, "Structure": "IMAGE_IMPORT_DESCRIPTOR"}, {"Hint": 684, "Name": "wsprintfA", "DLL": "USER32.dll"}], [{"TimeDateStamp": {"FileOffset": 35900, "Value": "0x0        [Thu Jan  1 00:00:00 1970 UTC]", "Offset": 4}, "Name": {"FileOffset": 35908, "Value": 40340, "Offset": 12}, "ForwarderChain": {"FileOffset": 35904, "Value": 0, "Offset": 8}, "OriginalFirstThunk": {"FileOffset": 35896, "Value": 39108, "Offset": 0}, "FirstThunk": {"FileOffset": 35912, "Value": 36864, "Offset": 16}, "Characteristics": {"FileOffset": 35896, "Value": 39108, "Offset": 0}, "Structure": "IMAGE_IMPORT_DESCRIPTOR"}, {"Hint": 322, "Name": "OpenProcessToken", "DLL": "ADVAPI32.dll"}, {"Hint": 390, "Name": "RegSetValueExA", "DLL": "ADVAPI32.dll"}, {"Hint": 208, "Name": "GetTokenInformation", "DLL": "ADVAPI32.dll"}, {"Hint": 239, "Name": "LookupAccountSidA", "DLL": "ADVAPI32.dll"}, {"Hint": 215, "Name": "GetUserNameA", "DLL": "ADVAPI32.dll"}, {"Hint": 347, "Name": "RegCloseKey", "DLL": "ADVAPI32.dll"}, {"Hint": 245, "Name": "LookupPrivilegeValueA", "DLL": "ADVAPI32.dll"}, {"Hint": 23, "Name": "AdjustTokenPrivileges", "DLL": "ADVAPI32.dll"}, {"Hint": 369, "Name": "RegOpenKeyA", "DLL": "ADVAPI32.dll"}], [{"TimeDateStamp": {"FileOffset": 35920, "Value": "0x0        [Thu Jan  1 00:00:00 1970 UTC]", "Offset": 4}, "Name": {"FileOffset": 35928, "Value": 40390, "Offset": 12}, "ForwarderChain": {"FileOffset": 35924, "Value": 0, "Offset": 8}, "OriginalFirstThunk": {"FileOffset": 35916, "Value": 39496, "Offset": 0}, "FirstThunk": {"FileOffset": 35932, "Value": 37252, "Offset": 16}, "Characteristics": {"FileOffset": 35916, "Value": 39496, "Offset": 0}, "Structure": "IMAGE_IMPORT_DESCRIPTOR"}, {"Hint": 160, "Name": "NetServerEnum", "DLL": "NETAPI32.dll"}, {"Hint": 72, "Name": "NetApiBufferFree", "DLL": "NETAPI32.dll"}], [{"TimeDateStamp": {"FileOffset": 35940, "Value": "0x0        [Thu Jan  1 00:00:00 1970 UTC]", "Offset": 4}, "Name": {"FileOffset": 35948, "Value": 40636, "Offset": 12}, "ForwarderChain": {"FileOffset": 35944, "Value": 0, "Offset": 8}, "OriginalFirstThunk": {"FileOffset": 35936, "Value": 39516, "Offset": 0}, "FirstThunk": {"FileOffset": 35952, "Value": 37272, "Offset": 16}, "Characteristics": {"FileOffset": 35936, "Value": 39516, "Offset": 0}, "Structure": "IMAGE_IMPORT_DESCRIPTOR"}, {"Hint": 74, "Name": "HttpSendRequestExA", "DLL": "WININET.dll"}, {"Hint": 136, "Name": "InternetWriteFile", "DLL": "WININET.dll"}, {"Hint": 67, "Name": "HttpEndRequestA", "DLL": "WININET.dll"}, {"Hint": 119, "Name": "InternetReadFile", "DLL": "WININET.dll"}, {"Hint": 86, "Name": "InternetCloseHandle", "DLL": "WININET.dll"}, {"Hint": 117, "Name": "InternetQueryOptionA", "DLL": "WININET.dll"}, {"Hint": 127, "Name": "InternetSetOptionA", "DLL": "WININET.dll"}, {"Hint": 111, "Name": "InternetOpenA", "DLL": "WININET.dll"}, {"Hint": 90, "Name": "InternetConnectA", "DLL": "WININET.dll"}, {"Hint": 69, "Name": "HttpOpenRequestA", "DLL": "WININET.dll"}, {"Hint": 102, "Name": "InternetGetConnectedState", "DLL": "WININET.dll"}], [{"TimeDateStamp": {"FileOffset": 35960, "Value": "0x0        [Thu Jan  1 00:00:00 1970 UTC]", "Offset": 4}, "Name": {"FileOffset": 35968, "Value": 40648, "Offset": 12}, "ForwarderChain": {"FileOffset": 35964, "Value": 0, "Offset": 8}, "OriginalFirstThunk": {"FileOffset": 35956, "Value": 39564, "Offset": 0}, "FirstThunk": {"FileOffset": 35972, "Value": 37320, "Offset": 16}, "Characteristics": {"FileOffset": 35956, "Value": 39564, "Offset": 0}, "Structure": "IMAGE_IMPORT_DESCRIPTOR"}, {"Ordinal": 57, "DLL": "WS2_32.dll"}, {"Ordinal": 116, "DLL": "WS2_32.dll"}, {"Ordinal": 115, "DLL": "WS2_32.dll"}, {"Ordinal": 52, "DLL": "WS2_32.dll"}, {"Ordinal": 12, "DLL": "WS2_32.dll"}], [{"TimeDateStamp": {"FileOffset": 35980, "Value": "0x0        [Thu Jan  1 00:00:00 1970 UTC]", "Offset": 4}, "Name": {"FileOffset": 35988, "Value": 40934, "Offset": 12}, "ForwarderChain": {"FileOffset": 35984, "Value": 0, "Offset": 8}, "OriginalFirstThunk": {"FileOffset": 35976, "Value": 39300, "Offset": 0}, "FirstThunk": {"FileOffset": 35992, "Value": 37056, "Offset": 16}, "Characteristics": {"FileOffset": 35976, "Value": 39300, "Offset": 0}, "Structure": "IMAGE_IMPORT_DESCRIPTOR"}, {"Hint": 66, "Name": "_EH_prolog", "DLL": "MSVCRT.dll"}, {"Hint": 702, "Name": "strlen", "DLL": "MSVCRT.dll"}, {"Hint": 8, "Name": "??0exception@@QAE@ABV0@@Z", "DLL": "MSVCRT.dll"}, {"Hint": 13, "Name": "??1exception@@UAE@XZ", "DLL": "MSVCRT.dll"}, {"Hint": 7, "Name": "??0exception@@QAE@ABQBD@Z", "DLL": "MSVCRT.dll"}, {"Hint": 494, "Name": "_wcsnicmp", "DLL": "MSVCRT.dll"}, {"Hint": 65, "Name": "_CxxThrowException", "DLL": "MSVCRT.dll"}, {"Hint": 183, "Name": "_controlfp", "DLL": "MSVCRT.dll"}, {"Hint": 129, "Name": "__set_app_type", "DLL": "MSVCRT.dll"}, {"Hint": 111, "Name": "__p__fmode", "DLL": "MSVCRT.dll"}, {"Hint": 14, "Name": "??1type_info@@UAE@XZ", "DLL": "MSVCRT.dll"}, {"Hint": 106, "Name": "__p__commode", "DLL": "MSVCRT.dll"}, {"Hint": 157, "Name": "_adjust_fdiv", "DLL": "MSVCRT.dll"}, {"Hint": 131, "Name": "__setusermatherr", "DLL": "MSVCRT.dll"}, {"Hint": 271, "Name": "_initterm", "DLL": "MSVCRT.dll"}, {"Hint": 88, "Name": "__getmainargs", "DLL": "MSVCRT.dll"}, {"Hint": 573, "Name": "atoi", "DLL": "MSVCRT.dll"}, {"Hint": 661, "Name": "memchr", "DLL": "MSVCRT.dll"}, {"Hint": 606, "Name": "free", "DLL": "MSVCRT.dll"}, {"Hint": 16, "Name": "??3@YAXPAX@Z", "DLL": "MSVCRT.dll"}, {"Hint": 657, "Name": "malloc", "DLL": "MSVCRT.dll"}, {"Hint": 572, "Name": "atof", "DLL": "MSVCRT.dll"}, {"Hint": 690, "Name": "sprintf", "DLL": "MSVCRT.dll"}, {"Hint": 705, "Name": "strncpy", "DLL": "MSVCRT.dll"}, {"Hint": 678, "Name": "rand", "DLL": "MSVCRT.dll"}, {"Hint": 692, "Name": "srand", "DLL": "MSVCRT.dll"}, {"Hint": 720, "Name": "time", "DLL": "MSVCRT.dll"}, {"Hint": 241, "Name": "_ftol", "DLL": "MSVCRT.dll"}, {"Hint": 630, "Name": "islower", "DLL": "MSVCRT.dll"}, {"Hint": 73, "Name": "__CxxFrameHandler", "DLL": "MSVCRT.dll"}, {"Hint": 162, "Name": "_atoi64", "DLL": "MSVCRT.dll"}, {"Hint": 588, "Name": "fclose", "DLL": "MSVCRT.dll"}, {"Hint": 695, "Name": "strchr", "DLL": "MSVCRT.dll"}, {"Hint": 605, "Name": "fread", "DLL": "MSVCRT.dll"}, {"Hint": 610, "Name": "fseek", "DLL": "MSVCRT.dll"}, {"Hint": 599, "Name": "fopen", "DLL": "MSVCRT.dll"}, {"Hint": 613, "Name": "fwprintf", "DLL": "MSVCRT.dll"}, {"Hint": 600, "Name": "fprintf", "DLL": "MSVCRT.dll"}, {"Hint": 664, "Name": "memmove", "DLL": "MSVCRT.dll"}, {"Hint": 15, "Name": "??2@YAPAXI@Z", "DLL": "MSVCRT.dll"}, {"Hint": 679, "Name": "realloc", "DLL": "MSVCRT.dll"}, {"Hint": 202, "Name": "_except_handler3", "DLL": "MSVCRT.dll"}, {"Hint": 85, "Name": "__dllonexit", "DLL": "MSVCRT.dll"}, {"Hint": 390, "Name": "_onexit", "DLL": "MSVCRT.dll"}, {"Hint": 211, "Name": "_exit", "DLL": "MSVCRT.dll"}, {"Hint": 72, "Name": "_XcptFilter", "DLL": "MSVCRT.dll"}, {"Hint": 585, "Name": "exit", "DLL": "MSVCRT.dll"}, {"Hint": 143, "Name": "_acmdln", "DLL": "MSVCRT.dll"}], [{"TimeDateStamp": {"FileOffset": 36000, "Value": "0x0        [Thu Jan  1 00:00:00 1970 UTC]", "Offset": 4}, "Name": {"FileOffset": 36008, "Value": 41238, "Offset": 12}, "ForwarderChain": {"FileOffset": 36004, "Value": 0, "Offset": 8}, "OriginalFirstThunk": {"FileOffset": 35996, "Value": 39148, "Offset": 0}, "FirstThunk": {"FileOffset": 36012, "Value": 36904, "Offset": 16}, "Characteristics": {"FileOffset": 35996, "Value": 39148, "Offset": 0}, "Structure": "IMAGE_IMPORT_DESCRIPTOR"}, {"Hint": 39, "Name": "CertFreeCertificateContext", "DLL": "CRYPT32.dll"}, {"Hint": 33, "Name": "CertFindCertificateInStore", "DLL": "CRYPT32.dll"}, {"Hint": 53, "Name": "CertOpenSystemStoreA", "DLL": "CRYPT32.dll"}, {"Hint": 11, "Name": "CertCloseStore", "DLL": "CRYPT32.dll"}]], "PE Sections": [{"PointerToRawData": {"FileOffset": 508, "Value": 1024, "Offset": 20}, "SHA1": "2a25f6d52e182f8b952f63c13214abe891190335", "SHA256": "18046a1cfbc113cb8c1bb9805cdd3eb95c8ece1a7e9b7fd6cd1056d5c72b1d80", "Name": {"FileOffset": 488, "Value": ".text", "Offset": 0}, "NumberOfRelocations": {"FileOffset": 520, "Value": 0, "Offset": 32}, "Misc_VirtualSize": {"FileOffset": 496, "Value": 32642, "Offset": 8}, "Characteristics": {"FileOffset": 524, "Value": 1610612768, "Offset": 36}, "Misc": {"FileOffset": 496, "Value": 32642, "Offset": 8}, "PointerToLinenumbers": {"FileOffset": 516, "Value": 0, "Offset": 28}, "SizeOfRawData": {"FileOffset": 504, "Value": 32768, "Offset": 16}, "Misc_PhysicalAddress": {"FileOffset": 496, "Value": 32642, "Offset": 8}, "PointerToRelocations": {"FileOffset": 512, "Value": 0, "Offset": 24}, "Flags": ["IMAGE_SCN_MEM_EXECUTE", "IMAGE_SCN_CNT_CODE", "IMAGE_SCN_MEM_READ"], "SHA512": "837e6ba5b120e009290d32908ee3578264af1b05019bd3625c4291388350d5b86123f63f979c906e4647d3ef2b501dbacb91bd92662416a586f8c011f22ebd38", "MD5": "fa4dcbedee88047968e228a1378ade0a", "Entropy": 6.294971560109824, "VirtualAddress": {"FileOffset": 500, "Value": 4096, "Offset": 12}, "Structure": "IMAGE_SECTION_HEADER", "NumberOfLinenumbers": {"FileOffset": 522, "Value": 0, "Offset": 34}}, {"PointerToRawData": {"FileOffset": 548, "Value": 33792, "Offset": 20}, "SHA1": "1a1a8854375862a087d2f0bb8622c88d58e029f2", "SHA256": "b1f3a153dcd3819799a9794cc1e9b1b151a9cfa6d861135178459a36838c6d64", "Name": {"FileOffset": 528, "Value": ".rdata", "Offset": 0}, "NumberOfRelocations": {"FileOffset": 560, "Value": 0, "Offset": 32}, "Misc_VirtualSize": {"FileOffset": 536, "Value": 4548, "Offset": 8}, "Characteristics": {"FileOffset": 564, "Value": 1073741888, "Offset": 36}, "Misc": {"FileOffset": 536, "Value": 4548, "Offset": 8}, "PointerToLinenumbers": {"FileOffset": 556, "Value": 0, "Offset": 28}, "SizeOfRawData": {"FileOffset": 544, "Value": 4608, "Offset": 16}, "Misc_PhysicalAddress": {"FileOffset": 536, "Value": 4548, "Offset": 8}, "PointerToRelocations": {"FileOffset": 552, "Value": 0, "Offset": 24}, "Flags": ["IMAGE_SCN_CNT_INITIALIZED_DATA", "IMAGE_SCN_MEM_READ"], "SHA512": "45bf0270b1c892bba5ca967653127d641f15f3d2f5141b0425d48009c82820db391ada9673f5dd5b214cb5dc217b6b75e5ca476a596ae11fd2767d1dacc57800", "MD5": "064c24dbadff30cfbdb61584884bfbf4", "Entropy": 4.719432787013603, "VirtualAddress": {"FileOffset": 540, "Value": 36864, "Offset": 12}, "Structure": "IMAGE_SECTION_HEADER", "NumberOfLinenumbers": {"FileOffset": 562, "Value": 0, "Offset": 34}}, {"PointerToRawData": {"FileOffset": 588, "Value": 38400, "Offset": 20}, "SHA1": "e2c2eda7648adb9ab114c6f3a0fd6cd9f026e491", "SHA256": "508dafd99c33a50bf2883482f4f0f31c42b9ae5a4a51f8cf9a29bcd879c556d5", "Name": {"FileOffset": 568, "Value": ".data", "Offset": 0}, "NumberOfRelocations": {"FileOffset": 600, "Value": 0, "Offset": 32}, "Misc_VirtualSize": {"FileOffset": 576, "Value": 44101, "Offset": 8}, "Characteristics": {"FileOffset": 604, "Value": 3221225536, "Offset": 36}, "Misc": {"FileOffset": 576, "Value": 44101, "Offset": 8}, "PointerToLinenumbers": {"FileOffset": 596, "Value": 0, "Offset": 28}, "SizeOfRawData": {"FileOffset": 584, "Value": 2560, "Offset": 16}, "Misc_PhysicalAddress": {"FileOffset": 576, "Value": 44101, "Offset": 8}, "PointerToRelocations": {"FileOffset": 592, "Value": 0, "Offset": 24}, "Flags": ["IMAGE_SCN_CNT_INITIALIZED_DATA", "IMAGE_SCN_MEM_WRITE", "IMAGE_SCN_MEM_READ"], "SHA512": "8a7ff4eb7171dae9406c0e2fc98983c5355b352a836cb2d9d02c764552625499fc3b16f0fa717b1ebeccedd00c97784fca101a7342d0792193880ecc3bd731f8", "MD5": "bbf462c377b92d4684f468c719df4c95", "Entropy": 4.921719628822284, "VirtualAddress": {"FileOffset": 580, "Value": 45056, "Offset": 12}, "Structure": "IMAGE_SECTION_HEADER", "NumberOfLinenumbers": {"FileOffset": 602, "Value": 0, "Offset": 34}}]}
