{"DllCharacteristics": [], "FILE_HEADER": {"NumberOfSections": {"FileOffset": 262, "Value": 6, "Offset": 2}, "TimeDateStamp": {"FileOffset": 264, "Value": "0x4EB7F248 [Mon Nov  7 14:59:20 2011 UTC]", "Offset": 4}, "PointerToSymbolTable": {"FileOffset": 268, "Value": 0, "Offset": 8}, "NumberOfSymbols": {"FileOffset": 272, "Value": 0, "Offset": 12}, "Machine": {"FileOffset": 260, "Value": 332, "Offset": 0}, "Characteristics": {"FileOffset": 278, "Value": 270, "Offset": 18}, "SizeOfOptionalHeader": {"FileOffset": 276, "Value": 224, "Offset": 16}, "Structure": "IMAGE_FILE_HEADER"}, "Parsing Warnings": ["Suspicious flags set for section 4. Both IMAGE_SCN_MEM_WRITE and IMAGE_SCN_MEM_EXECUTE are set. This might indicate a packed executable."], "Directories": [{"VirtualAddress": {"FileOffset": 376, "Value": 0, "Offset": 0}, "Structure": "IMAGE_DIRECTORY_ENTRY_EXPORT", "Size": {"FileOffset": 380, "Value": 0, "Offset": 4}}, {"VirtualAddress": {"FileOffset": 384, "Value": 762920, "Offset": 0}, "Structure": "IMAGE_DIRECTORY_ENTRY_IMPORT", "Size": {"FileOffset": 388, "Value": 220, "Offset": 4}}, {"VirtualAddress": {"FileOffset": 392, "Value": 0, "Offset": 0}, "Structure": "IMAGE_DIRECTORY_ENTRY_RESOURCE", "Size": {"FileOffset": 396, "Value": 0, "Offset": 4}}, {"VirtualAddress": {"FileOffset": 400, "Value": 0, "Offset": 0}, "Structure": "IMAGE_DIRECTORY_ENTRY_EXCEPTION", "Size": {"FileOffset": 404, "Value": 0, "Offset": 4}}, {"VirtualAddress": {"FileOffset": 408, "Value": 0, "Offset": 0}, "Structure": "IMAGE_DIRECTORY_ENTRY_SECURITY", "Size": {"FileOffset": 412, "Value": 0, "Offset": 4}}, {"VirtualAddress": {"FileOffset": 416, "Value": 1159168, "Offset": 0}, "Structure": "IMAGE_DIRECTORY_ENTRY_BASERELOC", "Size": {"FileOffset": 420, "Value": 108, "Offset": 4}}, {"VirtualAddress": {"FileOffset": 424, "Value": 0, "Offset": 0}, "Structure": "IMAGE_DIRECTORY_ENTRY_DEBUG", "Size": {"FileOffset": 428, "Value": 0, "Offset": 4}}, {"VirtualAddress": {"FileOffset": 432, "Value": 0, "Offset": 0}, "Structure": "IMAGE_DIRECTORY_ENTRY_COPYRIGHT", "Size": {"FileOffset": 436, "Value": 0, "Offset": 4}}, {"VirtualAddress": {"FileOffset": 440, "Value": 0, "Offset": 0}, "Structure": "IMAGE_DIRECTORY_ENTRY_GLOBALPTR", "Size": {"FileOffset": 444, "Value": 0, "Offset": 4}}, {"VirtualAddress": {"FileOffset": 448, "Value": 0, "Offset": 0}, "Structure": "IMAGE_DIRECTORY_ENTRY_TLS", "Size": {"FileOffset": 452, "Value": 0, "Offset": 4}}, {"VirtualAddress": {"FileOffset": 456, "Value": 0, "Offset": 0}, "Structure": "IMAGE_DIRECTORY_ENTRY_LOAD_CONFIG", "Size": {"FileOffset": 460, "Value": 0, "Offset": 4}}, {"VirtualAddress": {"FileOffset": 464, "Value": 0, "Offset": 0}, "Structure": "IMAGE_DIRECTORY_ENTRY_BOUND_IMPORT", "Size": {"FileOffset": 468, "Value": 0, "Offset": 4}}, {"VirtualAddress": {"FileOffset": 472, "Value": 1134496, "Offset": 0}, "Structure": "IMAGE_DIRECTORY_ENTRY_IAT", "Size": {"FileOffset": 476, "Value": 1024, "Offset": 4}}, {"VirtualAddress": {"FileOffset": 480, "Value": 0, "Offset": 0}, "Structure": "IMAGE_DIRECTORY_ENTRY_DELAY_IMPORT", "Size": {"FileOffset": 484, "Value": 0, "Offset": 4}}, {"VirtualAddress": {"FileOffset": 488, "Value": 0, "Offset": 0}, "Structure": "IMAGE_DIRECTORY_ENTRY_COM_DESCRIPTOR", "Size": {"FileOffset": 492, "Value": 0, "Offset": 4}}, {"VirtualAddress": {"FileOffset": 496, "Value": 0, "Offset": 0}, "Structure": "IMAGE_DIRECTORY_ENTRY_RESERVED", "Size": {"FileOffset": 500, "Value": 0, "Offset": 4}}], "OPTIONAL_HEADER": {"DllCharacteristics": {"FileOffset": 350, "Value": 0, "Offset": 70}, "BaseOfCode": {"FileOffset": 300, "Value": 4096, "Offset": 20}, "MajorLinkerVersion": {"FileOffset": 282, "Value": 6, "Offset": 2}, "MinorOperatingSystemVersion": {"FileOffset": 322, "Value": 0, "Offset": 42}, "MinorLinkerVersion": {"FileOffset": 283, "Value": 0, "Offset": 3}, "MajorSubsystemVersion": {"FileOffset": 328, "Value": 4, "Offset": 48}, "MajorOperatingSystemVersion": {"FileOffset": 320, "Value": 4, "Offset": 40}, "SizeOfStackCommit": {"FileOffset": 356, "Value": 4096, "Offset": 76}, "SizeOfUninitializedData": {"FileOffset": 292, "Value": 0, "Offset": 12}, "NumberOfRvaAndSizes": {"FileOffset": 372, "Value": 16, "Offset": 92}, "SizeOfHeapReserve": {"FileOffset": 360, "Value": 1048576, "Offset": 80}, "LoaderFlags": {"FileOffset": 368, "Value": 0, "Offset": 88}, "SizeOfHeapCommit": {"FileOffset": 364, "Value": 4096, "Offset": 84}, "SizeOfStackReserve": {"FileOffset": 352, "Value": 1048576, "Offset": 72}, "Structure": "IMAGE_OPTIONAL_HEADER", "SizeOfHeaders": {"FileOffset": 340, "Value": 1024, "Offset": 60}, "Subsystem": {"FileOffset": 348, "Value": 2, "Offset": 68}, "Magic": {"FileOffset": 280, "Value": 267, "Offset": 0}, "MinorImageVersion": {"FileOffset": 326, "Value": 0, "Offset": 46}, "MajorImageVersion": {"FileOffset": 324, "Value": 0, "Offset": 44}, "FileAlignment": {"FileOffset": 316, "Value": 512, "Offset": 36}, "BaseOfData": {"FileOffset": 304, "Value": 552960, "Offset": 24}, "AddressOfEntryPoint": {"FileOffset": 296, "Value": 1139779, "Offset": 16}, "SectionAlignment": {"FileOffset": 312, "Value": 4096, "Offset": 32}, "SizeOfCode": {"FileOffset": 284, "Value": 1153024, "Offset": 4}, "ImageBase": {"FileOffset": 308, "Value": 4194304, "Offset": 28}, "SizeOfInitializedData": {"FileOffset": 288, "Value": 187904, "Offset": 8}, "SizeOfImage": {"FileOffset": 336, "Value": 1163264, "Offset": 56}, "MinorSubsystemVersion": {"FileOffset": 330, "Value": 0, "Offset": 50}, "CheckSum": {"FileOffset": 344, "Value": 0, "Offset": 64}, "Reserved1": {"FileOffset": 332, "Value": 0, "Offset": 52}}, "DOS_HEADER": {"e_cblp": {"FileOffset": 2, "Value": 144, "Offset": 2}, "e_crlc": {"FileOffset": 6, "Value": 0, "Offset": 6}, "e_ovno": {"FileOffset": 26, "Value": 0, "Offset": 26}, "e_minalloc": {"FileOffset": 10, "Value": 0, "Offset": 10}, "e_csum": {"FileOffset": 18, "Value": 0, "Offset": 18}, "e_cparhdr": {"FileOffset": 8, "Value": 4, "Offset": 8}, "e_cp": {"FileOffset": 4, "Value": 3, "Offset": 4}, "e_cs": {"FileOffset": 22, "Value": 0, "Offset": 22}, "e_maxalloc": {"FileOffset": 12, "Value": 65535, "Offset": 12}, "e_lfarlc": {"FileOffset": 24, "Value": 64, "Offset": 24}, "e_oemid": {"FileOffset": 36, "Value": 0, "Offset": 36}, "e_lfanew": {"FileOffset": 60, "Value": 256, "Offset": 60}, "e_ss": {"FileOffset": 14, "Value": 0, "Offset": 14}, "e_magic": {"FileOffset": 0, "Value": 23117, "Offset": 0}, "e_oeminfo": {"FileOffset": 38, "Value": 0, "Offset": 38}, "e_res2": {"FileOffset": 40, "Value": "", "Offset": 40}, "e_res": {"FileOffset": 28, "Value": "", "Offset": 28}, "e_sp": {"FileOffset": 16, "Value": 184, "Offset": 16}, "Structure": "IMAGE_DOS_HEADER", "e_ip": {"FileOffset": 20, "Value": 0, "Offset": 20}}, "Base relocations": [[{"SizeOfBlock": {"FileOffset": 396292, "Value": 12, "Offset": 4}, "VirtualAddress": {"FileOffset": 396288, "Value": 847872, "Offset": 0}, "Structure": "IMAGE_BASE_RELOCATION"}, {"RVA": 851726, "Type": "HIGHLOW"}, {"RVA": 851712, "Type": "ABSOLUTE"}], [{"SizeOfBlock": {"FileOffset": 396304, "Value": 12, "Offset": 4}, "VirtualAddress": {"FileOffset": 396300, "Value": 1130496, "Offset": 0}, "Structure": "IMAGE_BASE_RELOCATION"}, {"RVA": 1133696, "Type": "HIGHLOW"}, {"RVA": 1133708, "Type": "HIGHLOW"}], [{"SizeOfBlock": {"FileOffset": 396316, "Value": 12, "Offset": 4}, "VirtualAddress": {"FileOffset": 396312, "Value": 1142784, "Offset": 0}, "Structure": "IMAGE_BASE_RELOCATION"}, {"RVA": 1143251, "Type": "HIGHLOW"}, {"RVA": 1143040, "Type": "ABSOLUTE"}], [{"SizeOfBlock": {"FileOffset": 396328, "Value": 24, "Offset": 4}, "VirtualAddress": {"FileOffset": 396324, "Value": 1146880, "Offset": 0}, "Structure": "IMAGE_BASE_RELOCATION"}, {"RVA": 1147522, "Type": "HIGHLOW"}, {"RVA": 1147764, "Type": "HIGHLOW"}, {"RVA": 1148038, "Type": "HIGHLOW"}, {"RVA": 1148083, "Type": "HIGHLOW"}, {"RVA": 1148196, "Type": "HIGHLOW"}, {"RVA": 1148503, "Type": "HIGHLOW"}, {"RVA": 1149048, "Type": "HIGHLOW"}, {"RVA": 1150570, "Type": "HIGHLOW"}], [{"SizeOfBlock": {"FileOffset": 396352, "Value": 32, "Offset": 4}, "VirtualAddress": {"FileOffset": 396348, "Value": 1150976, "Offset": 0}, "Structure": "IMAGE_BASE_RELOCATION"}, {"RVA": 1151353, "Type": "HIGHLOW"}, {"RVA": 1151639, "Type": "HIGHLOW"}, {"RVA": 1151720, "Type": "HIGHLOW"}, {"RVA": 1152077, "Type": "HIGHLOW"}, {"RVA": 1152168, "Type": "HIGHLOW"}, {"RVA": 1153825, "Type": "HIGHLOW"}, {"RVA": 1153971, "Type": "HIGHLOW"}, {"RVA": 1154166, "Type": "HIGHLOW"}, {"RVA": 1154201, "Type": "HIGHLOW"}, {"RVA": 1154333, "Type": "HIGHLOW"}, {"RVA": 1154525, "Type": "HIGHLOW"}, {"RVA": 1154990, "Type": "HIGHLOW"}], [{"SizeOfBlock": {"FileOffset": 396384, "Value": 16, "Offset": 4}, "VirtualAddress": {"FileOffset": 396380, "Value": 1155072, "Offset": 0}, "Structure": "IMAGE_BASE_RELOCATION"}, {"RVA": 1155390, "Type": "HIGHLOW"}, {"RVA": 1155498, "Type": "HIGHLOW"}, {"RVA": 1155543, "Type": "HIGHLOW"}, {"RVA": 1155328, "Type": "ABSOLUTE"}]], "NT_HEADERS": {"Structure": "IMAGE_NT_HEADERS", "Signature": {"FileOffset": 256, "Value": 17744, "Offset": 0}}, "Flags": ["IMAGE_FILE_LOCAL_SYMS_STRIPPED", "IMAGE_FILE_32BIT_MACHINE", "IMAGE_FILE_EXECUTABLE_IMAGE", "IMAGE_FILE_LINE_NUMS_STRIPPED"], "Imported symbols": [[{"TimeDateStamp": {"FileOffset": 2092, "Value": "0x0        [Thu Jan  1 00:00:00 1970 UTC]", "Offset": 4}, "Name": {"FileOffset": 2100, "Value": 764622, "Offset": 12}, "ForwarderChain": {"FileOffset": 2096, "Value": 0, "Offset": 8}, "OriginalFirstThunk": {"FileOffset": 2088, "Value": 1143265, "Offset": 0}, "FirstThunk": {"FileOffset": 2104, "Value": 1134496, "Offset": 16}, "Characteristics": {"FileOffset": 2088, "Value": 1143265, "Offset": 0}, "Structure": "IMAGE_IMPORT_DESCRIPTOR"}, {"Hint": 0, "Name": "GetVersionExA", "DLL": "KERNEL32.dll"}, {"Hint": 0, "Name": "FreeLibrary", "DLL": "KERNEL32.dll"}, {"Hint": 0, "Name": "GetWindowsDirectoryA", "DLL": "KERNEL32.dll"}, {"Hint": 0, "Name": "GetComputerNameA", "DLL": "KERNEL32.dll"}, {"Hint": 0, "Name": "GetLocalTime", "DLL": "KERNEL32.dll"}, {"Hint": 0, "Name": "GlobalMemoryStatus", "DLL": "KERNEL32.dll"}, {"Hint": 0, "Name": "GetVolumeInformationA", "DLL": "KERNEL32.dll"}, {"Hint": 0, "Name": "FindVolumeClose", "DLL": "KERNEL32.dll"}, {"Hint": 0, "Name": "FindFirstVolumeA", "DLL": "KERNEL32.dll"}, {"Hint": 0, "Name": "CreateToolhelp32Snapshot", "DLL": "KERNEL32.dll"}, {"Hint": 0, "Name": "Module32First", "DLL": "KERNEL32.dll"}, {"Hint": 0, "Name": "GetCurrentProcess", "DLL": "KERNEL32.dll"}, {"Hint": 0, "Name": "GetCurrentThreadId", "DLL": "KERNEL32.dll"}, {"Hint": 0, "Name": "GetTickCount", "DLL": "KERNEL32.dll"}, {"Hint": 0, "Name": "LocalAlloc", "DLL": "KERNEL32.dll"}, {"Hint": 0, "Name": "LocalFree", "DLL": "KERNEL32.dll"}, {"Hint": 0, "Name": "FlushConsoleInputBuffer", "DLL": "KERNEL32.dll"}, {"Hint": 0, "Name": "GetCurrentProcessId", "DLL": "KERNEL32.dll"}, {"Hint": 0, "Name": "MultiByteToWideChar", "DLL": "KERNEL32.dll"}, {"Hint": 0, "Name": "GetStdHandle", "DLL": "KERNEL32.dll"}, {"Hint": 0, "Name": "GetFileType", "DLL": "KERNEL32.dll"}, {"Hint": 0, "Name": "GetVersion", "DLL": "KERNEL32.dll"}, {"Hint": 0, "Name": "GetModuleHandleA", "DLL": "KERNEL32.dll"}, {"Hint": 0, "Name": "SetLastError", "DLL": "KERNEL32.dll"}, {"Hint": 0, "Name": "lstrcpyA", "DLL": "KERNEL32.dll"}, {"Hint": 0, "Name": "CreateMutexA", "DLL": "KERNEL32.dll"}, {"Hint": 0, "Name": "CloseHandle", "DLL": "KERNEL32.dll"}, {"Hint": 0, "Name": "Heap32ListFirst", "DLL": "KERNEL32.dll"}, {"Hint": 0, "Name": "Heap32ListNext", "DLL": "KERNEL32.dll"}, {"Hint": 0, "Name": "Process32Next", "DLL": "KERNEL32.dll"}, {"Hint": 0, "Name": "OpenProcess", "DLL": "KERNEL32.dll"}, {"Hint": 0, "Name": "Process32First", "DLL": "KERNEL32.dll"}, {"Hint": 0, "Name": "VirtualFreeEx", "DLL": "KERNEL32.dll"}, {"Hint": 0, "Name": "TerminateProcess", "DLL": "KERNEL32.dll"}, {"Hint": 0, "Name": "Module32Next", "DLL": "KERNEL32.dll"}, {"Hint": 0, "Name": "Thread32First", "DLL": "KERNEL32.dll"}, {"Hint": 0, "Name": "Thread32Next", "DLL": "KERNEL32.dll"}, {"Hint": 0, "Name": "Toolhelp32ReadProcessMemory", "DLL": "KERNEL32.dll"}, {"Hint": 0, "Name": "ReleaseMutex", "DLL": "KERNEL32.dll"}, {"Hint": 0, "Name": "GetSystemTime", "DLL": "KERNEL32.dll"}, {"Hint": 0, "Name": "SystemTimeToFileTime", "DLL": "KERNEL32.dll"}, {"Hint": 0, "Name": "CompareFileTime", "DLL": "KERNEL32.dll"}, {"Hint": 0, "Name": "ExpandEnvironmentStringsA", "DLL": "KERNEL32.dll"}, {"Hint": 0, "Name": "ResetEvent", "DLL": "KERNEL32.dll"}, {"Hint": 0, "Name": "RemoveDirectoryA", "DLL": "KERNEL32.dll"}, {"Hint": 0, "Name": "GetLastError", "DLL": "KERNEL32.dll"}, {"Hint": 0, "Name": "GetFileAttributesExA", "DLL": "KERNEL32.dll"}, {"Hint": 0, "Name": "SetErrorMode", "DLL": "KERNEL32.dll"}, {"Hint": 0, "Name": "GetDriveTypeA", "DLL": "KERNEL32.dll"}, {"Hint": 0, "Name": "GetDiskFreeSpaceExA", "DLL": "KERNEL32.dll"}, {"Hint": 0, "Name": "CreateDirectoryA", "DLL": "KERNEL32.dll"}, {"Hint": 0, "Name": "CreateFileA", "DLL": "KERNEL32.dll"}, {"Hint": 0, "Name": "FindFirstFileA", "DLL": "KERNEL32.dll"}, {"Hint": 0, "Name": "FindClose", "DLL": "KERNEL32.dll"}, {"Hint": 0, "Name": "FindNextFileA", "DLL": "KERNEL32.dll"}, {"Hint": 0, "Name": "SetFileAttributesA", "DLL": "KERNEL32.dll"}, {"Hint": 0, "Name": "MoveFileA", "DLL": "KERNEL32.dll"}, {"Hint": 0, "Name": "GetFileAttributesA", "DLL": "KERNEL32.dll"}, {"Hint": 0, "Name": "QueryPerformanceFrequency", "DLL": "KERNEL32.dll"}, {"Hint": 0, "Name": "QueryPerformanceCounter", "DLL": "KERNEL32.dll"}, {"Hint": 0, "Name": "PeekNamedPipe", "DLL": "KERNEL32.dll"}, {"Hint": 0, "Name": "ReadFile", "DLL": "KERNEL32.dll"}, {"Hint": 0, "Name": "WriteFile", "DLL": "KERNEL32.dll"}, {"Hint": 0, "Name": "SetEvent", "DLL": "KERNEL32.dll"}, {"Hint": 0, "Name": "CreateEventA", "DLL": "KERNEL32.dll"}, {"Hint": 0, "Name": "WaitForSingleObject", "DLL": "KERNEL32.dll"}, {"Hint": 0, "Name": "DeleteFileA", "DLL": "KERNEL32.dll"}, {"Hint": 0, "Name": "Sleep", "DLL": "KERNEL32.dll"}, {"Hint": 0, "Name": "LoadLibraryA", "DLL": "KERNEL32.dll"}, {"Hint": 0, "Name": "GetProcAddress", "DLL": "KERNEL32.dll"}, {"Hint": 0, "Name": "GetSystemDirectoryA", "DLL": "KERNEL32.dll"}, {"Hint": 0, "Name": "GetStartupInfoA", "DLL": "KERNEL32.dll"}, {"Hint": 0, "Name": "CreateProcessA", "DLL": "KERNEL32.dll"}, {"Hint": 0, "Name": "ExitProcess", "DLL": "KERNEL32.dll"}], [{"TimeDateStamp": {"FileOffset": 2112, "Value": "0x0        [Thu Jan  1 00:00:00 1970 UTC]", "Offset": 4}, "Name": {"FileOffset": 2120, "Value": 1136158, "Offset": 12}, "ForwarderChain": {"FileOffset": 2116, "Value": 0, "Offset": 8}, "OriginalFirstThunk": {"FileOffset": 2108, "Value": 1143565, "Offset": 0}, "FirstThunk": {"FileOffset": 2124, "Value": 1134796, "Offset": 16}, "Characteristics": {"FileOffset": 2108, "Value": 1143565, "Offset": 0}, "Structure": "IMAGE_IMPORT_DESCRIPTOR"}, {"Hint": 0, "Name": "mouse_event", "DLL": "USER32.dll"}, {"Hint": 0, "Name": "SetCursorPos", "DLL": "USER32.dll"}, {"Hint": 0, "Name": "GetDC", "DLL": "USER32.dll"}, {"Hint": 0, "Name": "ReleaseDC", "DLL": "USER32.dll"}, {"Hint": 0, "Name": "GetProcessWindowStation", "DLL": "USER32.dll"}, {"Hint": 0, "Name": "GetThreadDesktop", "DLL": "USER32.dll"}, {"Hint": 0, "Name": "OpenWindowStationA", "DLL": "USER32.dll"}, {"Hint": 0, "Name": "GetUserObjectInformationW", "DLL": "USER32.dll"}, {"Hint": 0, "Name": "PostMessageA", "DLL": "USER32.dll"}, {"Hint": 0, "Name": "MessageBoxA", "DLL": "USER32.dll"}, {"Hint": 0, "Name": "SetProcessWindowStation", "DLL": "USER32.dll"}, {"Hint": 0, "Name": "OpenInputDesktop", "DLL": "USER32.dll"}, {"Hint": 0, "Name": "GetUserObjectInformationA", "DLL": "USER32.dll"}, {"Hint": 0, "Name": "OpenDesktopA", "DLL": "USER32.dll"}, {"Hint": 0, "Name": "SetThreadDesktop", "DLL": "USER32.dll"}, {"Hint": 0, "Name": "CloseDesktop", "DLL": "USER32.dll"}, {"Hint": 0, "Name": "wsprintfA", "DLL": "USER32.dll"}, {"Hint": 0, "Name": "ExitWindowsEx", "DLL": "USER32.dll"}, {"Hint": 0, "Name": "GetDesktopWindow", "DLL": "USER32.dll"}], [{"TimeDateStamp": {"FileOffset": 2132, "Value": "0x0        [Thu Jan  1 00:00:00 1970 UTC]", "Offset": 4}, "Name": {"FileOffset": 2140, "Value": 1136454, "Offset": 12}, "ForwarderChain": {"FileOffset": 2136, "Value": 0, "Offset": 8}, "OriginalFirstThunk": {"FileOffset": 2128, "Value": 1143645, "Offset": 0}, "FirstThunk": {"FileOffset": 2144, "Value": 1134876, "Offset": 16}, "Characteristics": {"FileOffset": 2128, "Value": 1143645, "Offset": 0}, "Structure": "IMAGE_IMPORT_DESCRIPTOR"}, {"Hint": 0, "Name": "BitBlt", "DLL": "GDI32.dll"}, {"Hint": 0, "Name": "GetStockObject", "DLL": "GDI32.dll"}, {"Hint": 0, "Name": "SelectPalette", "DLL": "GDI32.dll"}, {"Hint": 0, "Name": "RealizePalette", "DLL": "GDI32.dll"}, {"Hint": 0, "Name": "CreateCompatibleDC", "DLL": "GDI32.dll"}, {"Hint": 0, "Name": "CreateCompatibleBitmap", "DLL": "GDI32.dll"}, {"Hint": 0, "Name": "SelectObject", "DLL": "GDI32.dll"}, {"Hint": 0, "Name": "CreateDCA", "DLL": "GDI32.dll"}, {"Hint": 0, "Name": "GetDeviceCaps", "DLL": "GDI32.dll"}, {"Hint": 0, "Name": "DeleteDC", "DLL": "GDI32.dll"}], [{"TimeDateStamp": {"FileOffset": 2152, "Value": "0x0        [Thu Jan  1 00:00:00 1970 UTC]", "Offset": 4}, "Name": {"FileOffset": 2160, "Value": 1139648, "Offset": 12}, "ForwarderChain": {"FileOffset": 2156, "Value": 0, "Offset": 8}, "OriginalFirstThunk": {"FileOffset": 2148, "Value": 1143689, "Offset": 0}, "FirstThunk": {"FileOffset": 2164, "Value": 1134920, "Offset": 16}, "Characteristics": {"FileOffset": 2148, "Value": 1143689, "Offset": 0}, "Structure": "IMAGE_IMPORT_DESCRIPTOR"}, {"Hint": 0, "Name": "RevertToSelf", "DLL": "ADVAPI32.dll"}, {"Hint": 0, "Name": "LookupPrivilegeValueA", "DLL": "ADVAPI32.dll"}, {"Hint": 0, "Name": "AdjustTokenPrivileges", "DLL": "ADVAPI32.dll"}, {"Hint": 0, "Name": "DeleteService", "DLL": "ADVAPI32.dll"}, {"Hint": 0, "Name": "StartServiceA", "DLL": "ADVAPI32.dll"}, {"Hint": 0, "Name": "QueryServiceStatus", "DLL": "ADVAPI32.dll"}, {"Hint": 0, "Name": "ChangeServiceConfig2A", "DLL": "ADVAPI32.dll"}, {"Hint": 0, "Name": "LockServiceDatabase", "DLL": "ADVAPI32.dll"}, {"Hint": 0, "Name": "UnlockServiceDatabase", "DLL": "ADVAPI32.dll"}, {"Hint": 0, "Name": "ChangeServiceConfigA", "DLL": "ADVAPI32.dll"}, {"Hint": 0, "Name": "OpenServiceA", "DLL": "ADVAPI32.dll"}, {"Hint": 0, "Name": "QueryServiceConfigA", "DLL": "ADVAPI32.dll"}, {"Hint": 0, "Name": "QueryServiceConfig2A", "DLL": "ADVAPI32.dll"}, {"Hint": 0, "Name": "CloseServiceHandle", "DLL": "ADVAPI32.dll"}, {"Hint": 0, "Name": "RegSaveKeyA", "DLL": "ADVAPI32.dll"}, {"Hint": 0, "Name": "RegDeleteKeyA", "DLL": "ADVAPI32.dll"}, {"Hint": 0, "Name": "RegDeleteValueA", "DLL": "ADVAPI32.dll"}, {"Hint": 0, "Name": "RegCreateKeyExA", "DLL": "ADVAPI32.dll"}, {"Hint": 0, "Name": "RegSetValueExA", "DLL": "ADVAPI32.dll"}, {"Hint": 0, "Name": "RegQueryInfoKeyA", "DLL": "ADVAPI32.dll"}, {"Hint": 0, "Name": "RegEnumKeyExA", "DLL": "ADVAPI32.dll"}, {"Hint": 0, "Name": "RegEnumValueA", "DLL": "ADVAPI32.dll"}, {"Hint": 0, "Name": "OpenProcessToken", "DLL": "ADVAPI32.dll"}, {"Hint": 0, "Name": "GetTokenInformation", "DLL": "ADVAPI32.dll"}, {"Hint": 0, "Name": "LookupAccountSidA", "DLL": "ADVAPI32.dll"}, {"Hint": 0, "Name": "CryptAcquireContextA", "DLL": "ADVAPI32.dll"}, {"Hint": 0, "Name": "CryptCreateHash", "DLL": "ADVAPI32.dll"}, {"Hint": 0, "Name": "CryptHashData", "DLL": "ADVAPI32.dll"}, {"Hint": 0, "Name": "CryptDeriveKey", "DLL": "ADVAPI32.dll"}, {"Hint": 0, "Name": "CryptDestroyHash", "DLL": "ADVAPI32.dll"}, {"Hint": 0, "Name": "CryptDecrypt", "DLL": "ADVAPI32.dll"}, {"Hint": 0, "Name": "CryptEncrypt", "DLL": "ADVAPI32.dll"}, {"Hint": 0, "Name": "RegOpenKeyExA", "DLL": "ADVAPI32.dll"}, {"Hint": 0, "Name": "RegQueryValueExA", "DLL": "ADVAPI32.dll"}, {"Hint": 0, "Name": "RegCloseKey", "DLL": "ADVAPI32.dll"}, {"Hint": 0, "Name": "ImpersonateLoggedOnUser", "DLL": "ADVAPI32.dll"}, {"Hint": 0, "Name": "DeregisterEventSource", "DLL": "ADVAPI32.dll"}, {"Hint": 0, "Name": "ReportEventA", "DLL": "ADVAPI32.dll"}, {"Hint": 0, "Name": "RegisterEventSourceA", "DLL": "ADVAPI32.dll"}, {"Hint": 0, "Name": "GetUserNameA", "DLL": "ADVAPI32.dll"}], [{"TimeDateStamp": {"FileOffset": 2172, "Value": "0x0        [Thu Jan  1 00:00:00 1970 UTC]", "Offset": 4}, "Name": {"FileOffset": 2180, "Value": 762852, "Offset": 12}, "ForwarderChain": {"FileOffset": 2176, "Value": 0, "Offset": 8}, "OriginalFirstThunk": {"FileOffset": 2168, "Value": 1143853, "Offset": 0}, "FirstThunk": {"FileOffset": 2184, "Value": 1135084, "Offset": 16}, "Characteristics": {"FileOffset": 2168, "Value": 1143853, "Offset": 0}, "Structure": "IMAGE_IMPORT_DESCRIPTOR"}, {"Ordinal": 112, "DLL": "WS2_32.dll"}, {"Ordinal": 22, "DLL": "WS2_32.dll"}, {"Ordinal": 11, "DLL": "WS2_32.dll"}, {"Ordinal": 52, "DLL": "WS2_32.dll"}, {"Ordinal": 3, "DLL": "WS2_32.dll"}, {"Ordinal": 8, "DLL": "WS2_32.dll"}, {"Ordinal": 9, "DLL": "WS2_32.dll"}, {"Ordinal": 23, "DLL": "WS2_32.dll"}, {"Ordinal": 4, "DLL": "WS2_32.dll"}, {"Ordinal": 14, "DLL": "WS2_32.dll"}, {"Ordinal": 18, "DLL": "WS2_32.dll"}, {"Ordinal": 116, "DLL": "WS2_32.dll"}, {"Ordinal": 115, "DLL": "WS2_32.dll"}, {"Ordinal": 19, "DLL": "WS2_32.dll"}, {"Ordinal": 16, "DLL": "WS2_32.dll"}, {"Ordinal": 111, "DLL": "WS2_32.dll"}], [{"TimeDateStamp": {"FileOffset": 2192, "Value": "0x0        [Thu Jan  1 00:00:00 1970 UTC]", "Offset": 4}, "Name": {"FileOffset": 2200, "Value": 1145158, "Offset": 12}, "ForwarderChain": {"FileOffset": 2196, "Value": 0, "Offset": 8}, "OriginalFirstThunk": {"FileOffset": 2188, "Value": 1143921, "Offset": 0}, "FirstThunk": {"FileOffset": 2204, "Value": 1135152, "Offset": 16}, "Characteristics": {"FileOffset": 2188, "Value": 1143921, "Offset": 0}, "Structure": "IMAGE_IMPORT_DESCRIPTOR"}, {"Hint": 0, "Name": "isspace", "DLL": "ntdll.dll"}, {"Hint": 0, "Name": "isdigit", "DLL": "ntdll.dll"}, {"Hint": 0, "Name": "_strnicmp", "DLL": "ntdll.dll"}, {"Hint": 0, "Name": "_aulldiv", "DLL": "ntdll.dll"}, {"Hint": 0, "Name": "_aullrem", "DLL": "ntdll.dll"}, {"Hint": 0, "Name": "isxdigit", "DLL": "ntdll.dll"}, {"Hint": 0, "Name": "isupper", "DLL": "ntdll.dll"}, {"Hint": 0, "Name": "sscanf", "DLL": "ntdll.dll"}, {"Hint": 0, "Name": "tolower", "DLL": "ntdll.dll"}, {"Hint": 0, "Name": "atoi", "DLL": "ntdll.dll"}, {"Hint": 0, "Name": "_itoa", "DLL": "ntdll.dll"}, {"Hint": 0, "Name": "strcmp", "DLL": "ntdll.dll"}, {"Hint": 0, "Name": "strcat", "DLL": "ntdll.dll"}, {"Hint": 0, "Name": "memcpy", "DLL": "ntdll.dll"}, {"Hint": 0, "Name": "_allmul", "DLL": "ntdll.dll"}, {"Hint": 0, "Name": "_alldiv", "DLL": "ntdll.dll"}, {"Hint": 0, "Name": "memset", "DLL": "ntdll.dll"}, {"Hint": 0, "Name": "strncmp", "DLL": "ntdll.dll"}, {"Hint": 0, "Name": "strcpy", "DLL": "ntdll.dll"}, {"Hint": 0, "Name": "strlen", "DLL": "ntdll.dll"}, {"Hint": 0, "Name": "_alloca_probe", "DLL": "ntdll.dll"}, {"Hint": 0, "Name": "wcsstr", "DLL": "ntdll.dll"}, {"Hint": 0, "Name": "strtoul", "DLL": "ntdll.dll"}, {"Hint": 0, "Name": "qsort", "DLL": "ntdll.dll"}, {"Hint": 0, "Name": "strchr", "DLL": "ntdll.dll"}, {"Hint": 0, "Name": "_stricmp", "DLL": "ntdll.dll"}, {"Hint": 0, "Name": "_chkstk", "DLL": "ntdll.dll"}, {"Hint": 0, "Name": "strncpy", "DLL": "ntdll.dll"}, {"Hint": 0, "Name": "memcmp", "DLL": "ntdll.dll"}, {"Hint": 0, "Name": "_vsnprintf", "DLL": "ntdll.dll"}, {"Hint": 0, "Name": "ceil", "DLL": "ntdll.dll"}, {"Hint": 0, "Name": "_ftol", "DLL": "ntdll.dll"}, {"Hint": 0, "Name": "_aullshr", "DLL": "ntdll.dll"}, {"Hint": 0, "Name": "sprintf", "DLL": "ntdll.dll"}, {"Hint": 0, "Name": "memmove", "DLL": "ntdll.dll"}, {"Hint": 0, "Name": "RtlUnwind", "DLL": "ntdll.dll"}, {"Hint": 0, "Name": "strstr", "DLL": "ntdll.dll"}], [{"TimeDateStamp": {"FileOffset": 2212, "Value": "0x0        [Thu Jan  1 00:00:00 1970 UTC]", "Offset": 4}, "Name": {"FileOffset": 2220, "Value": 764239, "Offset": 12}, "ForwarderChain": {"FileOffset": 2216, "Value": 0, "Offset": 8}, "OriginalFirstThunk": {"FileOffset": 2208, "Value": 1144073, "Offset": 0}, "FirstThunk": {"FileOffset": 2224, "Value": 1135304, "Offset": 16}, "Characteristics": {"FileOffset": 2208, "Value": 1144073, "Offset": 0}, "Structure": "IMAGE_IMPORT_DESCRIPTOR"}, {"Hint": 0, "Name": "exit", "DLL": "MSVCRT.dll"}, {"Hint": 0, "Name": "_initterm", "DLL": "MSVCRT.dll"}, {"Hint": 0, "Name": "__getmainargs", "DLL": "MSVCRT.dll"}, {"Hint": 0, "Name": "_acmdln", "DLL": "MSVCRT.dll"}, {"Hint": 0, "Name": "_XcptFilter", "DLL": "MSVCRT.dll"}, {"Hint": 0, "Name": "_exit", "DLL": "MSVCRT.dll"}, {"Hint": 0, "Name": "time", "DLL": "MSVCRT.dll"}, {"Hint": 0, "Name": "fputc", "DLL": "MSVCRT.dll"}, {"Hint": 0, "Name": "fflush", "DLL": "MSVCRT.dll"}, {"Hint": 0, "Name": "_errno", "DLL": "MSVCRT.dll"}, {"Hint": 0, "Name": "_fdopen", "DLL": "MSVCRT.dll"}, {"Hint": 0, "Name": "fprintf", "DLL": "MSVCRT.dll"}, {"Hint": 0, "Name": "_mbsrchr", "DLL": "MSVCRT.dll"}, {"Hint": 0, "Name": "ftell", "DLL": "MSVCRT.dll"}, {"Hint": 0, "Name": "_mbscmp", "DLL": "MSVCRT.dll"}, {"Hint": 0, "Name": "malloc", "DLL": "MSVCRT.dll"}, {"Hint": 0, "Name": "_iob", "DLL": "MSVCRT.dll"}, {"Hint": 0, "Name": "signal", "DLL": "MSVCRT.dll"}, {"Hint": 0, "Name": "_getch", "DLL": "MSVCRT.dll"}, {"Hint": 0, "Name": "fputs", "DLL": "MSVCRT.dll"}, {"Hint": 0, "Name": "gmtime", "DLL": "MSVCRT.dll"}, {"Hint": 0, "Name": "_stat", "DLL": "MSVCRT.dll"}, {"Hint": 0, "Name": "fgets", "DLL": "MSVCRT.dll"}, {"Hint": 0, "Name": "_setmode", "DLL": "MSVCRT.dll"}, {"Hint": 0, "Name": "_wfopen", "DLL": "MSVCRT.dll"}, {"Hint": 0, "Name": "vfprintf", "DLL": "MSVCRT.dll"}, {"Hint": 0, "Name": "getenv", "DLL": "MSVCRT.dll"}, {"Hint": 0, "Name": "raise", "DLL": "MSVCRT.dll"}, {"Hint": 0, "Name": "realloc", "DLL": "MSVCRT.dll"}, {"Hint": 0, "Name": "_EH_prolog", "DLL": "MSVCRT.dll"}, {"Hint": 0, "Name": "__CxxFrameHandler", "DLL": "MSVCRT.dll"}, {"Hint": 0, "Name": "free", "DLL": "MSVCRT.dll"}, {"Hint": 0, "Name": "_beginthreadex", "DLL": "MSVCRT.dll"}, {"Hint": 0, "Name": "_controlfp", "DLL": "MSVCRT.dll"}, {"Hint": 0, "Name": "__set_app_type", "DLL": "MSVCRT.dll"}, {"Hint": 0, "Name": "__p__fmode", "DLL": "MSVCRT.dll"}, {"Hint": 0, "Name": "__p__commode", "DLL": "MSVCRT.dll"}, {"Hint": 0, "Name": "_adjust_fdiv", "DLL": "MSVCRT.dll"}, {"Hint": 0, "Name": "_mbsnbcat", "DLL": "MSVCRT.dll"}, {"Hint": 0, "Name": "fclose", "DLL": "MSVCRT.dll"}, {"Hint": 0, "Name": "fwrite", "DLL": "MSVCRT.dll"}, {"Hint": 0, "Name": "fseek", "DLL": "MSVCRT.dll"}, {"Hint": 0, "Name": "fread", "DLL": "MSVCRT.dll"}, {"Hint": 0, "Name": "fopen", "DLL": "MSVCRT.dll"}, {"Hint": 0, "Name": "__setusermatherr", "DLL": "MSVCRT.dll"}], [{"TimeDateStamp": {"FileOffset": 2232, "Value": "0x0        [Thu Jan  1 00:00:00 1970 UTC]", "Offset": 4}, "Name": {"FileOffset": 2240, "Value": 1136284, "Offset": 12}, "ForwarderChain": {"FileOffset": 2236, "Value": 0, "Offset": 8}, "OriginalFirstThunk": {"FileOffset": 2228, "Value": 1144257, "Offset": 0}, "FirstThunk": {"FileOffset": 2244, "Value": 1135488, "Offset": 16}, "Characteristics": {"FileOffset": 2228, "Value": 1144257, "Offset": 0}, "Structure": "IMAGE_IMPORT_DESCRIPTOR"}, {"Hint": 0, "Name": "Netbios", "DLL": "NETAPI32.dll"}], [{"TimeDateStamp": {"FileOffset": 2252, "Value": "0x0        [Thu Jan  1 00:00:00 1970 UTC]", "Offset": 4}, "Name": {"FileOffset": 2260, "Value": 764622, "Offset": 12}, "ForwarderChain": {"FileOffset": 2256, "Value": 0, "Offset": 8}, "OriginalFirstThunk": {"FileOffset": 2248, "Value": 1144265, "Offset": 0}, "FirstThunk": {"FileOffset": 2264, "Value": 1135496, "Offset": 16}, "Characteristics": {"FileOffset": 2248, "Value": 1144265, "Offset": 0}, "Structure": "IMAGE_IMPORT_DESCRIPTOR"}, {"Hint": 0, "Name": "VirtualProtect", "DLL": "KERNEL32.dll"}, {"Hint": 0, "Name": "GetModuleFileNameA", "DLL": "KERNEL32.dll"}, {"Hint": 0, "Name": "ExitProcess", "DLL": "KERNEL32.dll"}], [{"TimeDateStamp": {"FileOffset": 2272, "Value": "0x0        [Thu Jan  1 00:00:00 1970 UTC]", "Offset": 4}, "Name": {"FileOffset": 2280, "Value": 1136158, "Offset": 12}, "ForwarderChain": {"FileOffset": 2276, "Value": 0, "Offset": 8}, "OriginalFirstThunk": {"FileOffset": 2268, "Value": 1144281, "Offset": 0}, "FirstThunk": {"FileOffset": 2284, "Value": 1135512, "Offset": 16}, "Characteristics": {"FileOffset": 2268, "Value": 1144281, "Offset": 0}, "Structure": "IMAGE_IMPORT_DESCRIPTOR"}, {"Hint": 0, "Name": "MessageBoxA", "DLL": "USER32.dll"}]], "PE Sections": [{"PointerToRawData": {"FileOffset": 524, "Value": 0, "Offset": 20}, "SHA1": "da39a3ee5e6b4b0d3255bfef95601890afd80709", "SHA256": "e3b0c44298fc1c149afbf4c8996fb92427ae41e4649b934ca495991b7852b855", "Name": {"FileOffset": 504, "Value": ".text", "Offset": 0}, "NumberOfRelocations": {"FileOffset": 536, "Value": 0, "Offset": 32}, "Misc_VirtualSize": {"FileOffset": 512, "Value": 545186, "Offset": 8}, "Characteristics": {"FileOffset": 540, "Value": 1610612768, "Offset": 36}, "Misc": {"FileOffset": 512, "Value": 545186, "Offset": 8}, "PointerToLinenumbers": {"FileOffset": 532, "Value": 0, "Offset": 28}, "SizeOfRawData": {"FileOffset": 520, "Value": 0, "Offset": 16}, "Misc_PhysicalAddress": {"FileOffset": 512, "Value": 545186, "Offset": 8}, "PointerToRelocations": {"FileOffset": 528, "Value": 0, "Offset": 24}, "Flags": ["IMAGE_SCN_MEM_EXECUTE", "IMAGE_SCN_CNT_CODE", "IMAGE_SCN_MEM_READ"], "SHA512": "cf83e1357eefb8bdf1542850d66d8007d620e4050b5715dc83f4a921d36ce9ce47d0d13c5d85f2b0ff8318d2877eec2f63b931bd47417a81a538327af927da3e", "MD5": "d41d8cd98f00b204e9800998ecf8427e", "Entropy": 0.0, "VirtualAddress": {"FileOffset": 516, "Value": 4096, "Offset": 12}, "Structure": "IMAGE_SECTION_HEADER", "NumberOfLinenumbers": {"FileOffset": 538, "Value": 0, "Offset": 34}}, {"PointerToRawData": {"FileOffset": 564, "Value": 0, "Offset": 20}, "SHA1": "da39a3ee5e6b4b0d3255bfef95601890afd80709", "SHA256": "e3b0c44298fc1c149afbf4c8996fb92427ae41e4649b934ca495991b7852b855", "Name": {"FileOffset": 544, "Value": ".rdata", "Offset": 0}, "NumberOfRelocations": {"FileOffset": 576, "Value": 0, "Offset": 32}, "Misc_VirtualSize": {"FileOffset": 552, "Value": 164654, "Offset": 8}, "Characteristics": {"FileOffset": 580, "Value": 1073741888, "Offset": 36}, "Misc": {"FileOffset": 552, "Value": 164654, "Offset": 8}, "PointerToLinenumbers": {"FileOffset": 572, "Value": 0, "Offset": 28}, "SizeOfRawData": {"FileOffset": 560, "Value": 0, "Offset": 16}, "Misc_PhysicalAddress": {"FileOffset": 552, "Value": 164654, "Offset": 8}, "PointerToRelocations": {"FileOffset": 568, "Value": 0, "Offset": 24}, "Flags": ["IMAGE_SCN_CNT_INITIALIZED_DATA", "IMAGE_SCN_MEM_READ"], "SHA512": "cf83e1357eefb8bdf1542850d66d8007d620e4050b5715dc83f4a921d36ce9ce47d0d13c5d85f2b0ff8318d2877eec2f63b931bd47417a81a538327af927da3e", "MD5": "d41d8cd98f00b204e9800998ecf8427e", "Entropy": 0.0, "VirtualAddress": {"FileOffset": 556, "Value": 552960, "Offset": 12}, "Structure": "IMAGE_SECTION_HEADER", "NumberOfLinenumbers": {"FileOffset": 578, "Value": 0, "Offset": 34}}, {"PointerToRawData": {"FileOffset": 604, "Value": 0, "Offset": 20}, "SHA1": "da39a3ee5e6b4b0d3255bfef95601890afd80709", "SHA256": "e3b0c44298fc1c149afbf4c8996fb92427ae41e4649b934ca495991b7852b855", "Name": {"FileOffset": 584, "Value": ".data", "Offset": 0}, "NumberOfRelocations": {"FileOffset": 616, "Value": 0, "Offset": 32}, "Misc_VirtualSize": {"FileOffset": 592, "Value": 22664, "Offset": 8}, "Characteristics": {"FileOffset": 620, "Value": 3221225536, "Offset": 36}, "Misc": {"FileOffset": 592, "Value": 22664, "Offset": 8}, "PointerToLinenumbers": {"FileOffset": 612, "Value": 0, "Offset": 28}, "SizeOfRawData": {"FileOffset": 600, "Value": 0, "Offset": 16}, "Misc_PhysicalAddress": {"FileOffset": 592, "Value": 22664, "Offset": 8}, "PointerToRelocations": {"FileOffset": 608, "Value": 0, "Offset": 24}, "Flags": ["IMAGE_SCN_CNT_INITIALIZED_DATA", "IMAGE_SCN_MEM_WRITE", "IMAGE_SCN_MEM_READ"], "SHA512": "cf83e1357eefb8bdf1542850d66d8007d620e4050b5715dc83f4a921d36ce9ce47d0d13c5d85f2b0ff8318d2877eec2f63b931bd47417a81a538327af927da3e", "MD5": "d41d8cd98f00b204e9800998ecf8427e", "Entropy": 0.0, "VirtualAddress": {"FileOffset": 596, "Value": 720896, "Offset": 12}, "Structure": "IMAGE_SECTION_HEADER", "NumberOfLinenumbers": {"FileOffset": 618, "Value": 0, "Offset": 34}}, {"PointerToRawData": {"FileOffset": 644, "Value": 0, "Offset": 20}, "SHA1": "da39a3ee5e6b4b0d3255bfef95601890afd80709", "SHA256": "e3b0c44298fc1c149afbf4c8996fb92427ae41e4649b934ca495991b7852b855", "Name": {"FileOffset": 624, "Value": ".vmp0", "Offset": 0}, "NumberOfRelocations": {"FileOffset": 656, "Value": 0, "Offset": 32}, "Misc_VirtualSize": {"FileOffset": 632, "Value": 13908, "Offset": 8}, "Characteristics": {"FileOffset": 660, "Value": 1610612832, "Offset": 36}, "Misc": {"FileOffset": 632, "Value": 13908, "Offset": 8}, "PointerToLinenumbers": {"FileOffset": 652, "Value": 0, "Offset": 28}, "SizeOfRawData": {"FileOffset": 640, "Value": 0, "Offset": 16}, "Misc_PhysicalAddress": {"FileOffset": 632, "Value": 13908, "Offset": 8}, "PointerToRelocations": {"FileOffset": 648, "Value": 0, "Offset": 24}, "Flags": ["IMAGE_SCN_MEM_EXECUTE", "IMAGE_SCN_CNT_INITIALIZED_DATA", "IMAGE_SCN_CNT_CODE", "IMAGE_SCN_MEM_READ"], "SHA512": "cf83e1357eefb8bdf1542850d66d8007d620e4050b5715dc83f4a921d36ce9ce47d0d13c5d85f2b0ff8318d2877eec2f63b931bd47417a81a538327af927da3e", "MD5": "d41d8cd98f00b204e9800998ecf8427e", "Entropy": 0.0, "VirtualAddress": {"FileOffset": 636, "Value": 745472, "Offset": 12}, "Structure": "IMAGE_SECTION_HEADER", "NumberOfLinenumbers": {"FileOffset": 658, "Value": 0, "Offset": 34}}, {"PointerToRawData": {"FileOffset": 684, "Value": 1024, "Offset": 20}, "SHA1": "2036a46a41f492627819c3bd87fdfe66991fd9ce", "SHA256": "5e0c62fb1664293d36d8a2702b4db2cd807812c4f1051b79cb9d805fa23b509a", "Name": {"FileOffset": 664, "Value": ".vmp1", "Offset": 0}, "NumberOfRelocations": {"FileOffset": 696, "Value": 0, "Offset": 32}, "Misc_VirtualSize": {"FileOffset": 672, "Value": 394816, "Offset": 8}, "Characteristics": {"FileOffset": 700, "Value": 3791650848, "Offset": 36}, "Misc": {"FileOffset": 672, "Value": 394816, "Offset": 8}, "PointerToLinenumbers": {"FileOffset": 692, "Value": 0, "Offset": 28}, "SizeOfRawData": {"FileOffset": 680, "Value": 395264, "Offset": 16}, "Misc_PhysicalAddress": {"FileOffset": 672, "Value": 394816, "Offset": 8}, "PointerToRelocations": {"FileOffset": 688, "Value": 0, "Offset": 24}, "Flags": ["IMAGE_SCN_MEM_EXECUTE", "IMAGE_SCN_MEM_WRITE", "IMAGE_SCN_CNT_CODE", "IMAGE_SCN_MEM_DISCARDABLE", "IMAGE_SCN_MEM_READ"], "SHA512": "11034eb749a28d19fa47e4556e56ac7479386bd2768e53b9930ed5fb54a128a531c1ddc7b02357e91ee3bf37e6b9867ccf8f502c60b5a747e2e6712221c6a3b1", "MD5": "751dd9ee1c7273a34bddf290afa47558", "Entropy": 7.935372408151145, "VirtualAddress": {"FileOffset": 676, "Value": 761856, "Offset": 12}, "Structure": "IMAGE_SECTION_HEADER", "NumberOfLinenumbers": {"FileOffset": 698, "Value": 0, "Offset": 34}}, {"PointerToRawData": {"FileOffset": 724, "Value": 396288, "Offset": 20}, "SHA1": "d7cdb5c3564cc8716c487d7be619e3727ac8b4f3", "SHA256": "a65810cd755acf43f688ff07ed91f49b81a14585daae24568966df74035c4fea", "Name": {"FileOffset": 704, "Value": ".reloc", "Offset": 0}, "NumberOfRelocations": {"FileOffset": 736, "Value": 0, "Offset": 32}, "Misc_VirtualSize": {"FileOffset": 712, "Value": 108, "Offset": 8}, "Characteristics": {"FileOffset": 740, "Value": 1107296320, "Offset": 36}, "Misc": {"FileOffset": 712, "Value": 108, "Offset": 8}, "PointerToLinenumbers": {"FileOffset": 732, "Value": 0, "Offset": 28}, "SizeOfRawData": {"FileOffset": 720, "Value": 512, "Offset": 16}, "Misc_PhysicalAddress": {"FileOffset": 712, "Value": 108, "Offset": 8}, "PointerToRelocations": {"FileOffset": 728, "Value": 0, "Offset": 24}, "Flags": ["IMAGE_SCN_CNT_INITIALIZED_DATA", "IMAGE_SCN_MEM_DISCARDABLE", "IMAGE_SCN_MEM_READ"], "SHA512": "a037476705428178e384d0cb4e275ecbc9b5c236ba30c2b8d3c285d93d2e252f123763134ae4171595947539f66095a32c3af65791213fdd3529fd50bd8b96b9", "MD5": "bad3596cae41965b08ba55c4e8148519", "Entropy": 1.3845408855023464, "VirtualAddress": {"FileOffset": 716, "Value": 1159168, "Offset": 12}, "Structure": "IMAGE_SECTION_HEADER", "NumberOfLinenumbers": {"FileOffset": 738, "Value": 0, "Offset": 34}}]}
