{"DllCharacteristics": ["IMAGE_DLLCHARACTERISTICS_NO_SEH", "IMAGE_DLLCHARACTERISTICS_TERMINAL_SERVER_AWARE", "IMAGE_DLLCHARACTERISTICS_NX_COMPAT"], "FILE_HEADER": {"NumberOfSections": {"FileOffset": 230, "Value": 5, "Offset": 2}, "TimeDateStamp": {"FileOffset": 232, "Value": "0x4F3E6A59 [Fri Feb 17 14:55:21 2012 UTC]", "Offset": 4}, "PointerToSymbolTable": {"FileOffset": 236, "Value": 0, "Offset": 8}, "NumberOfSymbols": {"FileOffset": 240, "Value": 0, "Offset": 12}, "Machine": {"FileOffset": 228, "Value": 332, "Offset": 0}, "Characteristics": {"FileOffset": 246, "Value": 259, "Offset": 18}, "SizeOfOptionalHeader": {"FileOffset": 244, "Value": 224, "Offset": 16}, "Structure": "IMAGE_FILE_HEADER"}, "Parsing Warnings": ["RVA AddressOfNames in the export directory points to an invalid address: 0"], "Directories": [{"VirtualAddress": {"FileOffset": 344, "Value": 84912, "Offset": 0}, "Structure": "IMAGE_DIRECTORY_ENTRY_EXPORT", "Size": {"FileOffset": 348, "Value": 51, "Offset": 4}}, {"VirtualAddress": {"FileOffset": 352, "Value": 80972, "Offset": 0}, "Structure": "IMAGE_DIRECTORY_ENTRY_IMPORT", "Size": {"FileOffset": 356, "Value": 220, "Offset": 4}}, {"VirtualAddress": {"FileOffset": 360, "Value": 180224, "Offset": 0}, "Structure": "IMAGE_DIRECTORY_ENTRY_RESOURCE", "Size": {"FileOffset": 364, "Value": 307800, "Offset": 4}}, {"VirtualAddress": {"FileOffset": 368, "Value": 0, "Offset": 0}, "Structure": "IMAGE_DIRECTORY_ENTRY_EXCEPTION", "Size": {"FileOffset": 372, "Value": 0, "Offset": 4}}, {"VirtualAddress": {"FileOffset": 376, "Value": 0, "Offset": 0}, "Structure": "IMAGE_DIRECTORY_ENTRY_SECURITY", "Size": {"FileOffset": 380, "Value": 0, "Offset": 4}}, {"VirtualAddress": {"FileOffset": 384, "Value": 0, "Offset": 0}, "Structure": "IMAGE_DIRECTORY_ENTRY_BASERELOC", "Size": {"FileOffset": 388, "Value": 0, "Offset": 4}}, {"VirtualAddress": {"FileOffset": 392, "Value": 78528, "Offset": 0}, "Structure": "IMAGE_DIRECTORY_ENTRY_DEBUG", "Size": {"FileOffset": 396, "Value": 28, "Offset": 4}}, {"VirtualAddress": {"FileOffset": 400, "Value": 0, "Offset": 0}, "Structure": "IMAGE_DIRECTORY_ENTRY_COPYRIGHT", "Size": {"FileOffset": 404, "Value": 0, "Offset": 4}}, {"VirtualAddress": {"FileOffset": 408, "Value": 0, "Offset": 0}, "Structure": "IMAGE_DIRECTORY_ENTRY_GLOBALPTR", "Size": {"FileOffset": 412, "Value": 0, "Offset": 4}}, {"VirtualAddress": {"FileOffset": 416, "Value": 0, "Offset": 0}, "Structure": "IMAGE_DIRECTORY_ENTRY_TLS", "Size": {"FileOffset": 420, "Value": 0, "Offset": 4}}, {"VirtualAddress": {"FileOffset": 424, "Value": 0, "Offset": 0}, "Structure": "IMAGE_DIRECTORY_ENTRY_LOAD_CONFIG", "Size": {"FileOffset": 428, "Value": 0, "Offset": 4}}, {"VirtualAddress": {"FileOffset": 432, "Value": 0, "Offset": 0}, "Structure": "IMAGE_DIRECTORY_ENTRY_BOUND_IMPORT", "Size": {"FileOffset": 436, "Value": 0, "Offset": 4}}, {"VirtualAddress": {"FileOffset": 440, "Value": 77824, "Offset": 0}, "Structure": "IMAGE_DIRECTORY_ENTRY_IAT", "Size": {"FileOffset": 444, "Value": 704, "Offset": 4}}, {"VirtualAddress": {"FileOffset": 448, "Value": 0, "Offset": 0}, "Structure": "IMAGE_DIRECTORY_ENTRY_DELAY_IMPORT", "Size": {"FileOffset": 452, "Value": 0, "Offset": 4}}, {"VirtualAddress": {"FileOffset": 456, "Value": 0, "Offset": 0}, "Structure": "IMAGE_DIRECTORY_ENTRY_COM_DESCRIPTOR", "Size": {"FileOffset": 460, "Value": 0, "Offset": 4}}, {"VirtualAddress": {"FileOffset": 464, "Value": 0, "Offset": 0}, "Structure": "IMAGE_DIRECTORY_ENTRY_RESERVED", "Size": {"FileOffset": 468, "Value": 0, "Offset": 4}}], "OPTIONAL_HEADER": {"DllCharacteristics": {"FileOffset": 318, "Value": 34048, "Offset": 70}, "BaseOfCode": {"FileOffset": 268, "Value": 4096, "Offset": 20}, "MajorLinkerVersion": {"FileOffset": 250, "Value": 9, "Offset": 2}, "MinorOperatingSystemVersion": {"FileOffset": 290, "Value": 0, "Offset": 42}, "MinorLinkerVersion": {"FileOffset": 251, "Value": 0, "Offset": 3}, "MajorSubsystemVersion": {"FileOffset": 296, "Value": 5, "Offset": 48}, "MajorOperatingSystemVersion": {"FileOffset": 288, "Value": 5, "Offset": 40}, "SizeOfStackCommit": {"FileOffset": 324, "Value": 4096, "Offset": 76}, "SizeOfUninitializedData": {"FileOffset": 260, "Value": 0, "Offset": 12}, "NumberOfRvaAndSizes": {"FileOffset": 340, "Value": 16, "Offset": 92}, "SizeOfHeapReserve": {"FileOffset": 328, "Value": 1048576, "Offset": 80}, "LoaderFlags": {"FileOffset": 336, "Value": 0, "Offset": 88}, "SizeOfHeapCommit": {"FileOffset": 332, "Value": 4096, "Offset": 84}, "SizeOfStackReserve": {"FileOffset": 320, "Value": 1048576, "Offset": 72}, "Structure": "IMAGE_OPTIONAL_HEADER", "SizeOfHeaders": {"FileOffset": 308, "Value": 1024, "Offset": 60}, "Subsystem": {"FileOffset": 316, "Value": 2, "Offset": 68}, "Magic": {"FileOffset": 248, "Value": 267, "Offset": 0}, "MinorImageVersion": {"FileOffset": 294, "Value": 0, "Offset": 46}, "MajorImageVersion": {"FileOffset": 292, "Value": 0, "Offset": 44}, "FileAlignment": {"FileOffset": 284, "Value": 512, "Offset": 36}, "BaseOfData": {"FileOffset": 272, "Value": 77824, "Offset": 24}, "AddressOfEntryPoint": {"FileOffset": 264, "Value": 46467, "Offset": 16}, "SectionAlignment": {"FileOffset": 280, "Value": 4096, "Offset": 32}, "SizeOfCode": {"FileOffset": 252, "Value": 73216, "Offset": 4}, "ImageBase": {"FileOffset": 276, "Value": 4194304, "Offset": 28}, "SizeOfInitializedData": {"FileOffset": 256, "Value": 316928, "Offset": 8}, "SizeOfImage": {"FileOffset": 304, "Value": 491520, "Offset": 56}, "MinorSubsystemVersion": {"FileOffset": 298, "Value": 0, "Offset": 50}, "CheckSum": {"FileOffset": 312, "Value": 0, "Offset": 64}, "Reserved1": {"FileOffset": 300, "Value": 0, "Offset": 52}}, "DOS_HEADER": {"e_cblp": {"FileOffset": 2, "Value": 144, "Offset": 2}, "e_crlc": {"FileOffset": 6, "Value": 0, "Offset": 6}, "e_ovno": {"FileOffset": 26, "Value": 0, "Offset": 26}, "e_minalloc": {"FileOffset": 10, "Value": 0, "Offset": 10}, "e_csum": {"FileOffset": 18, "Value": 0, "Offset": 18}, "e_cparhdr": {"FileOffset": 8, "Value": 4, "Offset": 8}, "e_cp": {"FileOffset": 4, "Value": 3, "Offset": 4}, "e_cs": {"FileOffset": 22, "Value": 0, "Offset": 22}, "e_maxalloc": {"FileOffset": 12, "Value": 65535, "Offset": 12}, "e_lfarlc": {"FileOffset": 24, "Value": 64, "Offset": 24}, "e_oemid": {"FileOffset": 36, "Value": 0, "Offset": 36}, "e_lfanew": {"FileOffset": 60, "Value": 224, "Offset": 60}, "e_ss": {"FileOffset": 14, "Value": 0, "Offset": 14}, "e_magic": {"FileOffset": 0, "Value": 23117, "Offset": 0}, "e_oeminfo": {"FileOffset": 38, "Value": 0, "Offset": 38}, "e_res2": {"FileOffset": 40, "Value": "", "Offset": 40}, "e_res": {"FileOffset": 28, "Value": "", "Offset": 28}, "e_sp": {"FileOffset": 16, "Value": 184, "Offset": 16}, "Structure": "IMAGE_DOS_HEADER", "e_ip": {"FileOffset": 20, "Value": 0, "Offset": 20}}, "NT_HEADERS": {"Structure": "IMAGE_NT_HEADERS", "Signature": {"FileOffset": 224, "Value": 17744, "Offset": 0}}, "Flags": ["IMAGE_FILE_32BIT_MACHINE", "IMAGE_FILE_EXECUTABLE_IMAGE", "IMAGE_FILE_RELOCS_STRIPPED"], "Debug information": [{"MajorVersion": {"FileOffset": 74952, "Value": 0, "Offset": 8}, "PointerToRawData": {"FileOffset": 74968, "Value": 81380, "Offset": 24}, "MinorVersion": {"FileOffset": 74954, "Value": 0, "Offset": 10}, "TimeDateStamp": {"FileOffset": 74948, "Value": "0x4F3E6A59 [Fri Feb 17 14:55:21 2012 UTC]", "Offset": 4}, "Characteristics": {"FileOffset": 74944, "Value": 0, "Offset": 0}, "Structure": "IMAGE_DEBUG_DIRECTORY", "Type": "IMAGE_DEBUG_TYPE_CODEVIEW", "SizeOfData": {"FileOffset": 74960, "Value": 81, "Offset": 16}, "AddressOfRawData": {"FileOffset": 74964, "Value": 84964, "Offset": 20}}], "Imported symbols": [[{"TimeDateStamp": {"FileOffset": 77392, "Value": "0x0        [Thu Jan  1 00:00:00 1970 UTC]", "Offset": 4}, "Name": {"FileOffset": 77400, "Value": 81920, "Offset": 12}, "ForwarderChain": {"FileOffset": 77396, "Value": 0, "Offset": 8}, "OriginalFirstThunk": {"FileOffset": 77388, "Value": 81236, "Offset": 0}, "FirstThunk": {"FileOffset": 77404, "Value": 77868, "Offset": 16}, "Characteristics": {"FileOffset": 77388, "Value": 81236, "Offset": 0}, "Structure": "IMAGE_IMPORT_DESCRIPTOR"}, {"Hint": 123, "Name": "InitCommonControlsEx", "DLL": "COMCTL32.dll"}], [{"TimeDateStamp": {"FileOffset": 77412, "Value": "0x0        [Thu Jan  1 00:00:00 1970 UTC]", "Offset": 4}, "Name": {"FileOffset": 77420, "Value": 81952, "Offset": 12}, "ForwarderChain": {"FileOffset": 77416, "Value": 0, "Offset": 8}, "OriginalFirstThunk": {"FileOffset": 77408, "Value": 81636, "Offset": 0}, "FirstThunk": {"FileOffset": 77424, "Value": 78268, "Offset": 16}, "Characteristics": {"FileOffset": 77408, "Value": 81636, "Offset": 0}, "Structure": "IMAGE_IMPORT_DESCRIPTOR"}, {"Hint": 164, "Name": "SHAutoComplete", "DLL": "SHLWAPI.dll"}], [{"TimeDateStamp": {"FileOffset": 77432, "Value": "0x0        [Thu Jan  1 00:00:00 1970 UTC]", "Offset": 4}, "Name": {"FileOffset": 77440, "Value": 83272, "Offset": 12}, "ForwarderChain": {"FileOffset": 77436, "Value": 0, "Offset": 8}, "OriginalFirstThunk": {"FileOffset": 77428, "Value": 81296, "Offset": 0}, "FirstThunk": {"FileOffset": 77444, "Value": 77928, "Offset": 16}, "Characteristics": {"FileOffset": 77428, "Value": 81296, "Offset": 0}, "Structure": "IMAGE_IMPORT_DESCRIPTOR"}, {"Hint": 214, "Name": "DeleteFileW", "DLL": "KERNEL32.dll"}, {"Hint": 211, "Name": "DeleteFileA", "DLL": "KERNEL32.dll"}, {"Hint": 124, "Name": "CreateDirectoryA", "DLL": "KERNEL32.dll"}, {"Hint": 129, "Name": "CreateDirectoryW", "DLL": "KERNEL32.dll"}, {"Hint": 302, "Name": "FindClose", "DLL": "KERNEL32.dll"}, {"Hint": 323, "Name": "FindNextFileA", "DLL": "KERNEL32.dll"}, {"Hint": 306, "Name": "FindFirstFileA", "DLL": "KERNEL32.dll"}, {"Hint": 325, "Name": "FindNextFileW", "DLL": "KERNEL32.dll"}, {"Hint": 313, "Name": "FindFirstFileW", "DLL": "KERNEL32.dll"}, {"Hint": 659, "Name": "GetTickCount", "DLL": "KERNEL32.dll"}, {"Hint": 1297, "Name": "WideCharToMultiByte", "DLL": "KERNEL32.dll"}, {"Hint": 691, "Name": "GlobalAlloc", "DLL": "KERNEL32.dll"}, {"Hint": 676, "Name": "GetVersionExW", "DLL": "KERNEL32.dll"}, {"Hint": 504, "Name": "GetFullPathNameA", "DLL": "KERNEL32.dll"}, {"Hint": 507, "Name": "GetFullPathNameW", "DLL": "KERNEL32.dll"}, {"Hint": 871, "Name": "MultiByteToWideChar", "DLL": "KERNEL32.dll"}, {"Hint": 532, "Name": "GetModuleFileNameW", "DLL": "KERNEL32.dll"}, {"Hint": 334, "Name": "FindResourceW", "DLL": "KERNEL32.dll"}, {"Hint": 536, "Name": "GetModuleHandleW", "DLL": "KERNEL32.dll"}, {"Hint": 715, "Name": "HeapAlloc", "DLL": "KERNEL32.dll"}, {"Hint": 586, "Name": "GetProcessHeap", "DLL": "KERNEL32.dll"}, {"Hint": 719, "Name": "HeapFree", "DLL": "KERNEL32.dll"}, {"Hint": 722, "Name": "HeapReAlloc", "DLL": "KERNEL32.dll"}, {"Hint": 97, "Name": "CompareStringA", "DLL": "KERNEL32.dll"}, {"Hint": 281, "Name": "ExitProcess", "DLL": "KERNEL32.dll"}, {"Hint": 518, "Name": "GetLocaleInfoW", "DLL": "KERNEL32.dll"}, {"Hint": 1121, "Name": "SetFileAttributesW", "DLL": "KERNEL32.dll"}, {"Hint": 228, "Name": "DosDateTimeToFileTime", "DLL": "KERNEL32.dll"}, {"Hint": 456, "Name": "GetDateFormatW", "DLL": "KERNEL32.dll"}, {"Hint": 663, "Name": "GetTimeFormatW", "DLL": "KERNEL32.dll"}, {"Hint": 293, "Name": "FileTimeToSystemTime", "DLL": "KERNEL32.dll"}, {"Hint": 292, "Name": "FileTimeToLocalFileTime", "DLL": "KERNEL32.dll"}, {"Hint": 285, "Name": "ExpandEnvironmentStringsW", "DLL": "KERNEL32.dll"}, {"Hint": 1273, "Name": "WaitForSingleObject", "DLL": "KERNEL32.dll"}, {"Hint": 1202, "Name": "Sleep", "DLL": "KERNEL32.dll"}, {"Hint": 479, "Name": "GetExitCodeProcess", "DLL": "KERNEL32.dll"}, {"Hint": 645, "Name": "GetTempPathW", "DLL": "KERNEL32.dll"}, {"Hint": 864, "Name": "MoveFileExW", "DLL": "KERNEL32.dll"}, {"Hint": 1238, "Name": "UnmapViewOfFile", "DLL": "KERNEL32.dll"}, {"Hint": 855, "Name": "MapViewOfFile", "DLL": "KERNEL32.dll"}, {"Hint": 391, "Name": "GetCommandLineW", "DLL": "KERNEL32.dll"}, {"Hint": 140, "Name": "CreateFileMappingW", "DLL": "KERNEL32.dll"}, {"Hint": 1111, "Name": "SetEnvironmentVariableW", "DLL": "KERNEL32.dll"}, {"Hint": 889, "Name": "OpenFileMappingW", "DLL": "KERNEL32.dll"}, {"Hint": 581, "Name": "GetProcAddress", "DLL": "KERNEL32.dll"}, {"Hint": 838, "Name": "LocalFileTimeToFileTime", "DLL": "KERNEL32.dll"}, {"Hint": 1213, "Name": "SystemTimeToFileTime", "DLL": "KERNEL32.dll"}, {"Hint": 631, "Name": "GetSystemTime", "DLL": "KERNEL32.dll"}, {"Hint": 100, "Name": "CompareStringW", "DLL": "KERNEL32.dll"}, {"Hint": 766, "Name": "IsDBCSLeadByte", "DLL": "KERNEL32.dll"}, {"Hint": 370, "Name": "GetCPInfo", "DLL": "KERNEL32.dll"}, {"Hint": 1101, "Name": "SetCurrentDirectoryW", "DLL": "KERNEL32.dll"}, {"Hint": 831, "Name": "LoadLibraryW", "DLL": "KERNEL32.dll"}, {"Hint": 354, "Name": "FreeLibrary", "DLL": "KERNEL32.dll"}, {"Hint": 1118, "Name": "SetFileAttributesA", "DLL": "KERNEL32.dll"}, {"Hint": 490, "Name": "GetFileAttributesW", "DLL": "KERNEL32.dll"}, {"Hint": 485, "Name": "GetFileAttributesA", "DLL": "KERNEL32.dll"}, {"Hint": 1317, "Name": "WriteFile", "DLL": "KERNEL32.dll"}, {"Hint": 612, "Name": "GetStdHandle", "DLL": "KERNEL32.dll"}, {"Hint": 960, "Name": "ReadFile", "DLL": "KERNEL32.dll"}, {"Hint": 143, "Name": "CreateFileW", "DLL": "KERNEL32.dll"}, {"Hint": 447, "Name": "GetCurrentDirectoryW", "DLL": "KERNEL32.dll"}, {"Hint": 136, "Name": "CreateFileA", "DLL": "KERNEL32.dll"}, {"Hint": 499, "Name": "GetFileType", "DLL": "KERNEL32.dll"}, {"Hint": 1107, "Name": "SetEndOfFile", "DLL": "KERNEL32.dll"}, {"Hint": 1126, "Name": "SetFilePointer", "DLL": "KERNEL32.dll"}, {"Hint": 867, "Name": "MoveFileW", "DLL": "KERNEL32.dll"}, {"Hint": 1130, "Name": "SetFileTime", "DLL": "KERNEL32.dll"}, {"Hint": 448, "Name": "GetCurrentProcess", "DLL": "KERNEL32.dll"}, {"Hint": 82, "Name": "CloseHandle", "DLL": "KERNEL32.dll"}, {"Hint": 1139, "Name": "SetLastError", "DLL": "KERNEL32.dll"}, {"Hint": 514, "Name": "GetLastError", "DLL": "KERNEL32.dll"}, {"Hint": 563, "Name": "GetNumberFormatW", "DLL": "KERNEL32.dll"}], [{"TimeDateStamp": {"FileOffset": 77452, "Value": "0x0        [Thu Jan  1 00:00:00 1970 UTC]", "Offset": 4}, "Name": {"FileOffset": 77460, "Value": 84172, "Offset": 12}, "ForwarderChain": {"FileOffset": 77456, "Value": 0, "Offset": 8}, "OriginalFirstThunk": {"FileOffset": 77448, "Value": 81644, "Offset": 0}, "FirstThunk": {"FileOffset": 77464, "Value": 78276, "Offset": 16}, "Characteristics": {"FileOffset": 77448, "Value": 81644, "Offset": 0}, "Structure": "IMAGE_IMPORT_DESCRIPTOR"}, {"Hint": 820, "Name": "wvsprintfA", "DLL": "USER32.dll"}, {"Hint": 821, "Name": "wvsprintfW", "DLL": "USER32.dll"}, {"Hint": 613, "Name": "ReleaseDC", "DLL": "USER32.dll"}, {"Hint": 289, "Name": "GetDC", "DLL": "USER32.dll"}, {"Hint": 636, "Name": "SendMessageW", "DLL": "USER32.dll"}, {"Hint": 656, "Name": "SetDlgItemTextW", "DLL": "USER32.dll"}, {"Hint": 658, "Name": "SetFocus", "DLL": "USER32.dll"}, {"Hint": 218, "Name": "EndDialog", "DLL": "USER32.dll"}, {"Hint": 163, "Name": "DestroyIcon", "DLL": "USER32.dll"}, {"Hint": 627, "Name": "SendDlgItemMessageW", "DLL": "USER32.dll"}, {"Hint": 298, "Name": "GetDlgItemTextW", "DLL": "USER32.dll"}, {"Hint": 274, "Name": "GetClassNameW", "DLL": "USER32.dll"}, {"Hint": 172, "Name": "DialogBoxParamW", "DLL": "USER32.dll"}, {"Hint": 480, "Name": "IsWindowVisible", "DLL": "USER32.dll"}, {"Hint": 806, "Name": "WaitForInputIdle", "DLL": "USER32.dll"}, {"Hint": 659, "Name": "SetForegroundWindow", "DLL": "USER32.dll"}, {"Hint": 379, "Name": "GetSysColor", "DLL": "USER32.dll"}, {"Hint": 566, "Name": "PostMessageW", "DLL": "USER32.dll"}, {"Hint": 487, "Name": "LoadBitmapW", "DLL": "USER32.dll"}, {"Hint": 493, "Name": "LoadIconW", "DLL": "USER32.dll"}, {"Hint": 53, "Name": "CharToOemA", "DLL": "USER32.dll"}, {"Hint": 545, "Name": "OemToCharA", "DLL": "USER32.dll"}, {"Hint": 521, "Name": "MapWindowPoints", "DLL": "USER32.dll"}, {"Hint": 110, "Name": "CreateWindowExW", "DLL": "USER32.dll"}, {"Hint": 715, "Name": "SetWindowTextW", "DLL": "USER32.dll"}, {"Hint": 785, "Name": "UpdateWindow", "DLL": "USER32.dll"}, {"Hint": 491, "Name": "LoadCursorW", "DLL": "USER32.dll"}, {"Hint": 589, "Name": "RegisterClassExW", "DLL": "USER32.dll"}, {"Hint": 708, "Name": "SetWindowLongW", "DLL": "USER32.dll"}, {"Hint": 406, "Name": "GetWindowLongW", "DLL": "USER32.dll"}, {"Hint": 156, "Name": "DefWindowProcW", "DLL": "USER32.dll"}, {"Hint": 563, "Name": "PeekMessageW", "DLL": "USER32.dll"}, {"Hint": 349, "Name": "GetMessageW", "DLL": "USER32.dll"}, {"Hint": 764, "Name": "TranslateMessage", "DLL": "USER32.dll"}, {"Hint": 175, "Name": "DispatchMessageW", "DLL": "USER32.dll"}, {"Hint": 166, "Name": "DestroyWindow", "DLL": "USER32.dll"}, {"Hint": 85, "Name": "CopyRect", "DLL": "USER32.dll"}, {"Hint": 475, "Name": "IsWindow", "DLL": "USER32.dll"}, {"Hint": 55, "Name": "CharToOemBuffW", "DLL": "USER32.dll"}, {"Hint": 533, "Name": "MessageBoxW", "DLL": "USER32.dll"}, {"Hint": 735, "Name": "ShowWindow", "DLL": "USER32.dll"}, {"Hint": 295, "Name": "GetDlgItem", "DLL": "USER32.dll"}, {"Hint": 216, "Name": "EnableWindow", "DLL": "USER32.dll"}, {"Hint": 546, "Name": "OemToCharBuffA", "DLL": "USER32.dll"}, {"Hint": 57, "Name": "CharUpperA", "DLL": "USER32.dll"}, {"Hint": 54, "Name": "CharToOemBuffA", "DLL": "USER32.dll"}, {"Hint": 506, "Name": "LoadStringW", "DLL": "USER32.dll"}, {"Hint": 710, "Name": "SetWindowPos", "DLL": "USER32.dll"}, {"Hint": 419, "Name": "GetWindowTextW", "DLL": "USER32.dll"}, {"Hint": 382, "Name": "GetSystemMetrics", "DLL": "USER32.dll"}, {"Hint": 398, "Name": "GetWindow", "DLL": "USER32.dll"}, {"Hint": 60, "Name": "CharUpperW", "DLL": "USER32.dll"}, {"Hint": 412, "Name": "GetWindowRect", "DLL": "USER32.dll"}, {"Hint": 249, "Name": "FindWindowExW", "DLL": "USER32.dll"}, {"Hint": 356, "Name": "GetParent", "DLL": "USER32.dll"}, {"Hint": 276, "Name": "GetClientRect", "DLL": "USER32.dll"}], [{"TimeDateStamp": {"FileOffset": 77472, "Value": "0x0        [Thu Jan  1 00:00:00 1970 UTC]", "Offset": 4}, "Name": {"FileOffset": 77480, "Value": 84320, "Offset": 12}, "ForwarderChain": {"FileOffset": 77476, "Value": 0, "Offset": 8}, "OriginalFirstThunk": {"FileOffset": 77468, "Value": 81260, "Offset": 0}, "FirstThunk": {"FileOffset": 77484, "Value": 77892, "Offset": 16}, "Characteristics": {"FileOffset": 77468, "Value": 81260, "Offset": 0}, "Structure": "IMAGE_IMPORT_DESCRIPTOR"}, {"Hint": 459, "Name": "GetDeviceCaps", "DLL": "GDI32.dll"}, {"Hint": 509, "Name": "GetObjectW", "DLL": "GDI32.dll"}, {"Hint": 47, "Name": "CreateCompatibleBitmap", "DLL": "GDI32.dll"}, {"Hint": 631, "Name": "SelectObject", "DLL": "GDI32.dll"}, {"Hint": 691, "Name": "StretchBlt", "DLL": "GDI32.dll"}, {"Hint": 48, "Name": "CreateCompatibleDC", "DLL": "GDI32.dll"}, {"Hint": 230, "Name": "DeleteObject", "DLL": "GDI32.dll"}, {"Hint": 227, "Name": "DeleteDC", "DLL": "GDI32.dll"}], [{"TimeDateStamp": {"FileOffset": 77492, "Value": "0x0        [Thu Jan  1 00:00:00 1970 UTC]", "Offset": 4}, "Name": {"FileOffset": 77500, "Value": 84394, "Offset": 12}, "ForwarderChain": {"FileOffset": 77496, "Value": 0, "Offset": 8}, "OriginalFirstThunk": {"FileOffset": 77488, "Value": 81244, "Offset": 0}, "FirstThunk": {"FileOffset": 77504, "Value": 77876, "Offset": 16}, "Characteristics": {"FileOffset": 77488, "Value": 81244, "Offset": 0}, "Structure": "IMAGE_IMPORT_DESCRIPTOR"}, {"Hint": 12, "Name": "GetOpenFileNameW", "DLL": "COMDLG32.dll"}, {"Hint": 4, "Name": "CommDlgExtendedError", "DLL": "COMDLG32.dll"}, {"Hint": 14, "Name": "GetSaveFileNameW", "DLL": "COMDLG32.dll"}], [{"TimeDateStamp": {"FileOffset": 77512, "Value": "0x0        [Thu Jan  1 00:00:00 1970 UTC]", "Offset": 4}, "Name": {"FileOffset": 77520, "Value": 84602, "Offset": 12}, "ForwarderChain": {"FileOffset": 77516, "Value": 0, "Offset": 8}, "OriginalFirstThunk": {"FileOffset": 77508, "Value": 81192, "Offset": 0}, "FirstThunk": {"FileOffset": 77524, "Value": 77824, "Offset": 16}, "Characteristics": {"FileOffset": 77508, "Value": 81192, "Offset": 0}, "Structure": "IMAGE_IMPORT_DESCRIPTOR"}, {"Hint": 609, "Name": "RegOpenKeyExW", "DLL": "ADVAPI32.dll"}, {"Hint": 407, "Name": "LookupPrivilegeValueW", "DLL": "ADVAPI32.dll"}, {"Hint": 622, "Name": "RegQueryValueExW", "DLL": "ADVAPI32.dll"}, {"Hint": 569, "Name": "RegCreateKeyExW", "DLL": "ADVAPI32.dll"}, {"Hint": 638, "Name": "RegSetValueExW", "DLL": "ADVAPI32.dll"}, {"Hint": 560, "Name": "RegCloseKey", "DLL": "ADVAPI32.dll"}, {"Hint": 682, "Name": "SetFileSecurityW", "DLL": "ADVAPI32.dll"}, {"Hint": 681, "Name": "SetFileSecurityA", "DLL": "ADVAPI32.dll"}, {"Hint": 503, "Name": "OpenProcessToken", "DLL": "ADVAPI32.dll"}, {"Hint": 31, "Name": "AdjustTokenPrivileges", "DLL": "ADVAPI32.dll"}], [{"TimeDateStamp": {"FileOffset": 77532, "Value": "0x0        [Thu Jan  1 00:00:00 1970 UTC]", "Offset": 4}, "Name": {"FileOffset": 77540, "Value": 84780, "Offset": 12}, "ForwarderChain": {"FileOffset": 77536, "Value": 0, "Offset": 8}, "OriginalFirstThunk": {"FileOffset": 77528, "Value": 81600, "Offset": 0}, "FirstThunk": {"FileOffset": 77544, "Value": 78232, "Offset": 16}, "Characteristics": {"FileOffset": 77528, "Value": 81600, "Offset": 0}, "Structure": "IMAGE_IMPORT_DESCRIPTOR"}, {"Hint": 127, "Name": "SHChangeNotify", "DLL": "SHELL32.dll"}, {"Hint": 289, "Name": "ShellExecuteExW", "DLL": "SHELL32.dll"}, {"Hint": 172, "Name": "SHFileOperationW", "DLL": "SHELL32.dll"}, {"Hint": 189, "Name": "SHGetFileInfoW", "DLL": "SHELL32.dll"}, {"Hint": 223, "Name": "SHGetSpecialFolderLocation", "DLL": "SHELL32.dll"}, {"Hint": 207, "Name": "SHGetMalloc", "DLL": "SHELL32.dll"}, {"Hint": 123, "Name": "SHBrowseForFolderW", "DLL": "SHELL32.dll"}, {"Hint": 215, "Name": "SHGetPathFromIDListW", "DLL": "SHELL32.dll"}], [{"TimeDateStamp": {"FileOffset": 77552, "Value": "0x0        [Thu Jan  1 00:00:00 1970 UTC]", "Offset": 4}, "Name": {"FileOffset": 77560, "Value": 84888, "Offset": 12}, "ForwarderChain": {"FileOffset": 77556, "Value": 0, "Offset": 8}, "OriginalFirstThunk": {"FileOffset": 77548, "Value": 81872, "Offset": 0}, "FirstThunk": {"FileOffset": 77564, "Value": 78504, "Offset": 16}, "Characteristics": {"FileOffset": 77548, "Value": 81872, "Offset": 0}, "Structure": "IMAGE_IMPORT_DESCRIPTOR"}, {"Hint": 329, "Name": "OleUninitialize", "DLL": "ole32.dll"}, {"Hint": 306, "Name": "OleInitialize", "DLL": "ole32.dll"}, {"Hint": 16, "Name": "CoCreateInstance", "DLL": "ole32.dll"}, {"Hint": 134, "Name": "CreateStreamOnHGlobal", "DLL": "ole32.dll"}, {"Hint": 8, "Name": "CLSIDFromString", "DLL": "ole32.dll"}], [{"TimeDateStamp": {"FileOffset": 77572, "Value": "0x0        [Thu Jan  1 00:00:00 1970 UTC]", "Offset": 4}, "Name": {"FileOffset": 77580, "Value": 84898, "Offset": 12}, "ForwarderChain": {"FileOffset": 77576, "Value": 0, "Offset": 8}, "OriginalFirstThunk": {"FileOffset": 77568, "Value": 81592, "Offset": 0}, "FirstThunk": {"FileOffset": 77584, "Value": 78224, "Offset": 16}, "Characteristics": {"FileOffset": 77568, "Value": 81592, "Offset": 0}, "Structure": "IMAGE_IMPORT_DESCRIPTOR"}, {"Ordinal": 8, "DLL": "OLEAUT32.dll"}]], "PE Sections": [{"PointerToRawData": {"FileOffset": 492, "Value": 1024, "Offset": 20}, "SHA1": "2147444b96aeba4b7b8d4531a851e0385d4881d5", "SHA256": "22722133c6a17d0ecfd471d055b7bfea4be77170d653f3bda1ad3fb0f73aa6af", "Name": {"FileOffset": 472, "Value": ".text", "Offset": 0}, "NumberOfRelocations": {"FileOffset": 504, "Value": 0, "Offset": 32}, "Misc_VirtualSize": {"FileOffset": 480, "Value": 72754, "Offset": 8}, "Characteristics": {"FileOffset": 508, "Value": 1610612768, "Offset": 36}, "Misc": {"FileOffset": 480, "Value": 72754, "Offset": 8}, "PointerToLinenumbers": {"FileOffset": 500, "Value": 0, "Offset": 28}, "SizeOfRawData": {"FileOffset": 488, "Value": 73216, "Offset": 16}, "Misc_PhysicalAddress": {"FileOffset": 480, "Value": 72754, "Offset": 8}, "PointerToRelocations": {"FileOffset": 496, "Value": 0, "Offset": 24}, "Flags": ["IMAGE_SCN_MEM_EXECUTE", "IMAGE_SCN_CNT_CODE", "IMAGE_SCN_MEM_READ"], "SHA512": "bc4e53c850b41e2967da2e18ad70a7e9fd385fd1a99d4c7450cbd575da239cbb3310d26e992e236273edfd1387d47ffce871754efba6f80ddf60bc1dbbf29c3e", "MD5": "6713f49bc050e40a4e491d5cf0444245", "Entropy": 6.555503728582127, "VirtualAddress": {"FileOffset": 484, "Value": 4096, "Offset": 12}, "Structure": "IMAGE_SECTION_HEADER", "NumberOfLinenumbers": {"FileOffset": 506, "Value": 0, "Offset": 34}}, {"PointerToRawData": {"FileOffset": 532, "Value": 74240, "Offset": 20}, "SHA1": "1afac004428678a6a4cd633958611c8d7ac590b0", "SHA256": "33d12c3f9dc6fadd0726e1d719450b85c70eec3d28bc9b594b9baacc9eb6d250", "Name": {"FileOffset": 512, "Value": ".rdata", "Offset": 0}, "NumberOfRelocations": {"FileOffset": 544, "Value": 0, "Offset": 32}, "Misc_VirtualSize": {"FileOffset": 520, "Value": 7221, "Offset": 8}, "Characteristics": {"FileOffset": 548, "Value": 1073741888, "Offset": 36}, "Misc": {"FileOffset": 520, "Value": 7221, "Offset": 8}, "PointerToLinenumbers": {"FileOffset": 540, "Value": 0, "Offset": 28}, "SizeOfRawData": {"FileOffset": 528, "Value": 7680, "Offset": 16}, "Misc_PhysicalAddress": {"FileOffset": 520, "Value": 7221, "Offset": 8}, "PointerToRelocations": {"FileOffset": 536, "Value": 0, "Offset": 24}, "Flags": ["IMAGE_SCN_CNT_INITIALIZED_DATA", "IMAGE_SCN_MEM_READ"], "SHA512": "91c48e63213d6831ce535d1816541fa5bad56adb810779c139c8bc69cf123ec0cf0d6e4ff06f7c0f67d692b90f9602068f34ab271ea1d1027f8734bdb1bd1a62", "MD5": "76315cc3ce7c7f34b89c00e96fd3d919", "Entropy": 4.8773285989665585, "VirtualAddress": {"FileOffset": 524, "Value": 77824, "Offset": 12}, "Structure": "IMAGE_SECTION_HEADER", "NumberOfLinenumbers": {"FileOffset": 546, "Value": 0, "Offset": 34}}, {"PointerToRawData": {"FileOffset": 572, "Value": 81920, "Offset": 20}, "SHA1": "5e1e363d8ab4a38995c8ce4a2e2cfa4388b9bb79", "SHA256": "0beefe6c30451a8b6dc67b90cf58514913d3c94b4f780cc49b0dc55fa15bb077", "Name": {"FileOffset": 552, "Value": ".data", "Offset": 0}, "NumberOfRelocations": {"FileOffset": 584, "Value": 0, "Offset": 32}, "Misc_VirtualSize": {"FileOffset": 560, "Value": 87804, "Offset": 8}, "Characteristics": {"FileOffset": 588, "Value": 3221225536, "Offset": 36}, "Misc": {"FileOffset": 560, "Value": 87804, "Offset": 8}, "PointerToLinenumbers": {"FileOffset": 580, "Value": 0, "Offset": 28}, "SizeOfRawData": {"FileOffset": 568, "Value": 512, "Offset": 16}, "Misc_PhysicalAddress": {"FileOffset": 560, "Value": 87804, "Offset": 8}, "PointerToRelocations": {"FileOffset": 576, "Value": 0, "Offset": 24}, "Flags": ["IMAGE_SCN_CNT_INITIALIZED_DATA", "IMAGE_SCN_MEM_WRITE", "IMAGE_SCN_MEM_READ"], "SHA512": "ded937df8fd3de11f1aa17defa894fc3fbf3541a49e75e8bbbf5785eb59a857466c756d8ada7a9f665ea449842087526f09e620c16283045c8f31eaa128d4114", "MD5": "6f9415022853d8e925bcb178dd62e322", "Entropy": 3.552925943667177, "VirtualAddress": {"FileOffset": 564, "Value": 86016, "Offset": 12}, "Structure": "IMAGE_SECTION_HEADER", "NumberOfLinenumbers": {"FileOffset": 586, "Value": 0, "Offset": 34}}, {"PointerToRawData": {"FileOffset": 612, "Value": 82432, "Offset": 20}, "SHA1": "68d36d3a231c043e8da6819ccbb59260702101e4", "SHA256": "b9d1e4f14a4344e4a633951bf02684f256ceae5274481fe48d840d9363dfb877", "Name": {"FileOffset": 592, "Value": ".CRT", "Offset": 0}, "NumberOfRelocations": {"FileOffset": 624, "Value": 0, "Offset": 32}, "Misc_VirtualSize": {"FileOffset": 600, "Value": 16, "Offset": 8}, "Characteristics": {"FileOffset": 628, "Value": 1073741888, "Offset": 36}, "Misc": {"FileOffset": 600, "Value": 16, "Offset": 8}, "PointerToLinenumbers": {"FileOffset": 620, "Value": 0, "Offset": 28}, "SizeOfRawData": {"FileOffset": 608, "Value": 512, "Offset": 16}, "Misc_PhysicalAddress": {"FileOffset": 600, "Value": 16, "Offset": 8}, "PointerToRelocations": {"FileOffset": 616, "Value": 0, "Offset": 24}, "Flags": ["IMAGE_SCN_CNT_INITIALIZED_DATA", "IMAGE_SCN_MEM_READ"], "SHA512": "a5bf8cbefee3fd3a53fba42a6c1d4e4efe57045fa018770280d7b65f2597a1059552217dc08e0f8d1cedde3ba7f3f8169dbb9e2b52340f3ca3b12672ad68b321", "MD5": "d8690a66757c8eeab6988f4a858f4dcd", "Entropy": 0.2194393948570176, "VirtualAddress": {"FileOffset": 604, "Value": 176128, "Offset": 12}, "Structure": "IMAGE_SECTION_HEADER", "NumberOfLinenumbers": {"FileOffset": 626, "Value": 0, "Offset": 34}}, {"PointerToRawData": {"FileOffset": 652, "Value": 82944, "Offset": 20}, "SHA1": "b3ec1d89593cf7dcd3bffda6970a0525e42d182f", "SHA256": "92ef8503ef5f981cd767b4ea3feed7fddf9290cbd0c84de2a6f7cdaade7543cc", "Name": {"FileOffset": 632, "Value": ".rsrc", "Offset": 0}, "NumberOfRelocations": {"FileOffset": 664, "Value": 0, "Offset": 32}, "Misc_VirtualSize": {"FileOffset": 640, "Value": 307800, "Offset": 8}, "Characteristics": {"FileOffset": 668, "Value": 1073741888, "Offset": 36}, "Misc": {"FileOffset": 640, "Value": 307800, "Offset": 8}, "PointerToLinenumbers": {"FileOffset": 660, "Value": 0, "Offset": 28}, "SizeOfRawData": {"FileOffset": 648, "Value": 308224, "Offset": 16}, "Misc_PhysicalAddress": {"FileOffset": 640, "Value": 307800, "Offset": 8}, "PointerToRelocations": {"FileOffset": 656, "Value": 0, "Offset": 24}, "Flags": ["IMAGE_SCN_CNT_INITIALIZED_DATA", "IMAGE_SCN_MEM_READ"], "SHA512": "b826ef124930a81e96717649e35f1f452a165719b1ed962c8668e9b779754d495e86bfe66bd4cb31e66b167f687e2d62c82dbd911d8df29a248aea2b96a1dbb9", "MD5": "87ac16438c81bd271e7629a08df42b70", "Entropy": 4.432490166231307, "VirtualAddress": {"FileOffset": 644, "Value": 180224, "Offset": 12}, "Structure": "IMAGE_SECTION_HEADER", "NumberOfLinenumbers": {"FileOffset": 666, "Value": 0, "Offset": 34}}], "Resource directory": [{"MajorVersion": {"FileOffset": 82952, "Value": 4, "Offset": 8}, "NumberOfIdEntries": {"FileOffset": 82958, "Value": 6, "Offset": 14}, "MinorVersion": {"FileOffset": 82954, "Value": 0, "Offset": 10}, "TimeDateStamp": {"FileOffset": 82948, "Value": "0x0        [Thu Jan  1 00:00:00 1970 UTC]", "Offset": 4}, "Characteristics": {"FileOffset": 82944, "Value": 0, "Offset": 0}, "NumberOfNamedEntries": {"FileOffset": 82956, "Value": 0, "Offset": 12}, "Structure": "IMAGE_RESOURCE_DIRECTORY"}, {"Structure": "IMAGE_RESOURCE_DIRECTORY_ENTRY", "Id": [2, "RT_BITMAP"], "OffsetToData": {"FileOffset": 82964, "Value": 2147483712, "Offset": 4}, "Name": {"FileOffset": 82960, "Value": 2, "Offset": 0}}, [{"MajorVersion": {"FileOffset": 83016, "Value": 4, "Offset": 8}, "NumberOfIdEntries": {"FileOffset": 83022, "Value": 1, "Offset": 14}, "MinorVersion": {"FileOffset": 83018, "Value": 0, "Offset": 10}, "TimeDateStamp": {"FileOffset": 83012, "Value": "0x0        [Thu Jan  1 00:00:00 1970 UTC]", "Offset": 4}, "Characteristics": {"FileOffset": 83008, "Value": 0, "Offset": 0}, "NumberOfNamedEntries": {"FileOffset": 83020, "Value": 0, "Offset": 12}, "Structure": "IMAGE_RESOURCE_DIRECTORY"}, {"Structure": "IMAGE_RESOURCE_DIRECTORY_ENTRY", "Id": 101, "OffsetToData": {"FileOffset": 83028, "Value": 2147484008, "Offset": 4}, "Name": {"FileOffset": 83024, "Value": 101, "Offset": 0}}, [{"MajorVersion": {"FileOffset": 83312, "Value": 4, "Offset": 8}, "NumberOfIdEntries": {"FileOffset": 83318, "Value": 1, "Offset": 14}, "MinorVersion": {"FileOffset": 83314, "Value": 0, "Offset": 10}, "TimeDateStamp": {"FileOffset": 83308, "Value": "0x0        [Thu Jan  1 00:00:00 1970 UTC]", "Offset": 4}, "Characteristics": {"FileOffset": 83304, "Value": 0, "Offset": 0}, "NumberOfNamedEntries": {"FileOffset": 83316, "Value": 0, "Offset": 12}, "Structure": "IMAGE_RESOURCE_DIRECTORY"}, {"LANG": 9, "SUBLANG_NAME": "SUBLANG_ENGLISH_US", "Name": {"FileOffset": 83320, "Value": 1033, "Offset": 0}, "CodePage": {"FileOffset": 83912, "Value": 1252, "Offset": 8}, "LANG_NAME": "LANG_ENGLISH", "OffsetToData": {"FileOffset": 83904, "Value": 181724, "Offset": 0}, "Reserved": {"FileOffset": 83916, "Value": 0, "Offset": 12}, "SUBLANG": 1, "Structure": "IMAGE_RESOURCE_DATA_ENTRY", "Size": {"FileOffset": 83908, "Value": 2998, "Offset": 4}}]], {"Structure": "IMAGE_RESOURCE_DIRECTORY_ENTRY", "Id": [3, "RT_ICON"], "OffsetToData": {"FileOffset": 82972, "Value": 2147483736, "Offset": 4}, "Name": {"FileOffset": 82968, "Value": 3, "Offset": 0}}, [{"MajorVersion": {"FileOffset": 83040, "Value": 4, "Offset": 8}, "NumberOfIdEntries": {"FileOffset": 83046, "Value": 10, "Offset": 14}, "MinorVersion": {"FileOffset": 83042, "Value": 0, "Offset": 10}, "TimeDateStamp": {"FileOffset": 83036, "Value": "0x0        [Thu Jan  1 00:00:00 1970 UTC]", "Offset": 4}, "Characteristics": {"FileOffset": 83032, "Value": 0, "Offset": 0}, "NumberOfNamedEntries": {"FileOffset": 83044, "Value": 0, "Offset": 12}, "Structure": "IMAGE_RESOURCE_DIRECTORY"}, {"Structure": "IMAGE_RESOURCE_DIRECTORY_ENTRY", "Id": 1, "OffsetToData": {"FileOffset": 83052, "Value": 2147484032, "Offset": 4}, "Name": {"FileOffset": 83048, "Value": 1, "Offset": 0}}, [{"MajorVersion": {"FileOffset": 83336, "Value": 4, "Offset": 8}, "NumberOfIdEntries": {"FileOffset": 83342, "Value": 1, "Offset": 14}, "MinorVersion": {"FileOffset": 83338, "Value": 0, "Offset": 10}, "TimeDateStamp": {"FileOffset": 83332, "Value": "0x0        [Thu Jan  1 00:00:00 1970 UTC]", "Offset": 4}, "Characteristics": {"FileOffset": 83328, "Value": 0, "Offset": 0}, "NumberOfNamedEntries": {"FileOffset": 83340, "Value": 0, "Offset": 12}, "Structure": "IMAGE_RESOURCE_DIRECTORY"}, {"LANG": 0, "SUBLANG_NAME": "SUBLANG_DEFAULT", "Name": {"FileOffset": 83344, "Value": 1024, "Offset": 0}, "CodePage": {"FileOffset": 83928, "Value": 1252, "Offset": 8}, "LANG_NAME": "LANG_NEUTRAL", "OffsetToData": {"FileOffset": 83920, "Value": 184724, "Offset": 0}, "Reserved": {"FileOffset": 83932, "Value": 0, "Offset": 12}, "SUBLANG": 1, "Structure": "IMAGE_RESOURCE_DATA_ENTRY", "Size": {"FileOffset": 83924, "Value": 1640, "Offset": 4}}], {"Structure": "IMAGE_RESOURCE_DIRECTORY_ENTRY", "Id": 2, "OffsetToData": {"FileOffset": 83060, "Value": 2147484056, "Offset": 4}, "Name": {"FileOffset": 83056, "Value": 2, "Offset": 0}}, [{"MajorVersion": {"FileOffset": 83360, "Value": 4, "Offset": 8}, "NumberOfIdEntries": {"FileOffset": 83366, "Value": 1, "Offset": 14}, "MinorVersion": {"FileOffset": 83362, "Value": 0, "Offset": 10}, "TimeDateStamp": {"FileOffset": 83356, "Value": "0x0        [Thu Jan  1 00:00:00 1970 UTC]", "Offset": 4}, "Characteristics": {"FileOffset": 83352, "Value": 0, "Offset": 0}, "NumberOfNamedEntries": {"FileOffset": 83364, "Value": 0, "Offset": 12}, "Structure": "IMAGE_RESOURCE_DIRECTORY"}, {"LANG": 0, "SUBLANG_NAME": "SUBLANG_DEFAULT", "Name": {"FileOffset": 83368, "Value": 1024, "Offset": 0}, "CodePage": {"FileOffset": 83944, "Value": 1252, "Offset": 8}, "LANG_NAME": "LANG_NEUTRAL", "OffsetToData": {"FileOffset": 83936, "Value": 186364, "Offset": 0}, "Reserved": {"FileOffset": 83948, "Value": 0, "Offset": 12}, "SUBLANG": 1, "Structure": "IMAGE_RESOURCE_DATA_ENTRY", "Size": {"FileOffset": 83940, "Value": 744, "Offset": 4}}], {"Structure": "IMAGE_RESOURCE_DIRECTORY_ENTRY", "Id": 3, "OffsetToData": {"FileOffset": 83068, "Value": 2147484080, "Offset": 4}, "Name": {"FileOffset": 83064, "Value": 3, "Offset": 0}}, [{"MajorVersion": {"FileOffset": 83384, "Value": 4, "Offset": 8}, "NumberOfIdEntries": {"FileOffset": 83390, "Value": 1, "Offset": 14}, "MinorVersion": {"FileOffset": 83386, "Value": 0, "Offset": 10}, "TimeDateStamp": {"FileOffset": 83380, "Value": "0x0        [Thu Jan  1 00:00:00 1970 UTC]", "Offset": 4}, "Characteristics": {"FileOffset": 83376, "Value": 0, "Offset": 0}, "NumberOfNamedEntries": {"FileOffset": 83388, "Value": 0, "Offset": 12}, "Structure": "IMAGE_RESOURCE_DIRECTORY"}, {"LANG": 0, "SUBLANG_NAME": "SUBLANG_DEFAULT", "Name": {"FileOffset": 83392, "Value": 1024, "Offset": 0}, "CodePage": {"FileOffset": 83960, "Value": 1252, "Offset": 8}, "LANG_NAME": "LANG_NEUTRAL", "OffsetToData": {"FileOffset": 83952, "Value": 187108, "Offset": 0}, "Reserved": {"FileOffset": 83964, "Value": 0, "Offset": 12}, "SUBLANG": 1, "Structure": "IMAGE_RESOURCE_DATA_ENTRY", "Size": {"FileOffset": 83956, "Value": 296, "Offset": 4}}], {"Structure": "IMAGE_RESOURCE_DIRECTORY_ENTRY", "Id": 4, "OffsetToData": {"FileOffset": 83076, "Value": 2147484104, "Offset": 4}, "Name": {"FileOffset": 83072, "Value": 4, "Offset": 0}}, [{"MajorVersion": {"FileOffset": 83408, "Value": 4, "Offset": 8}, "NumberOfIdEntries": {"FileOffset": 83414, "Value": 1, "Offset": 14}, "MinorVersion": {"FileOffset": 83410, "Value": 0, "Offset": 10}, "TimeDateStamp": {"FileOffset": 83404, "Value": "0x0        [Thu Jan  1 00:00:00 1970 UTC]", "Offset": 4}, "Characteristics": {"FileOffset": 83400, "Value": 0, "Offset": 0}, "NumberOfNamedEntries": {"FileOffset": 83412, "Value": 0, "Offset": 12}, "Structure": "IMAGE_RESOURCE_DIRECTORY"}, {"LANG": 0, "SUBLANG_NAME": "SUBLANG_DEFAULT", "Name": {"FileOffset": 83416, "Value": 1024, "Offset": 0}, "CodePage": {"FileOffset": 83976, "Value": 1252, "Offset": 8}, "LANG_NAME": "LANG_NEUTRAL", "OffsetToData": {"FileOffset": 83968, "Value": 187404, "Offset": 0}, "Reserved": {"FileOffset": 83980, "Value": 0, "Offset": 12}, "SUBLANG": 1, "Structure": "IMAGE_RESOURCE_DATA_ENTRY", "Size": {"FileOffset": 83972, "Value": 3752, "Offset": 4}}], {"Structure": "IMAGE_RESOURCE_DIRECTORY_ENTRY", "Id": 5, "OffsetToData": {"FileOffset": 83084, "Value": 2147484128, "Offset": 4}, "Name": {"FileOffset": 83080, "Value": 5, "Offset": 0}}, [{"MajorVersion": {"FileOffset": 83432, "Value": 4, "Offset": 8}, "NumberOfIdEntries": {"FileOffset": 83438, "Value": 1, "Offset": 14}, "MinorVersion": {"FileOffset": 83434, "Value": 0, "Offset": 10}, "TimeDateStamp": {"FileOffset": 83428, "Value": "0x0        [Thu Jan  1 00:00:00 1970 UTC]", "Offset": 4}, "Characteristics": {"FileOffset": 83424, "Value": 0, "Offset": 0}, "NumberOfNamedEntries": {"FileOffset": 83436, "Value": 0, "Offset": 12}, "Structure": "IMAGE_RESOURCE_DIRECTORY"}, {"LANG": 0, "SUBLANG_NAME": "SUBLANG_DEFAULT", "Name": {"FileOffset": 83440, "Value": 1024, "Offset": 0}, "CodePage": {"FileOffset": 83992, "Value": 1252, "Offset": 8}, "LANG_NAME": "LANG_NEUTRAL", "OffsetToData": {"FileOffset": 83984, "Value": 191156, "Offset": 0}, "Reserved": {"FileOffset": 83996, "Value": 0, "Offset": 12}, "SUBLANG": 1, "Structure": "IMAGE_RESOURCE_DATA_ENTRY", "Size": {"FileOffset": 83988, "Value": 2216, "Offset": 4}}], {"Structure": "IMAGE_RESOURCE_DIRECTORY_ENTRY", "Id": 6, "OffsetToData": {"FileOffset": 83092, "Value": 2147484152, "Offset": 4}, "Name": {"FileOffset": 83088, "Value": 6, "Offset": 0}}, [{"MajorVersion": {"FileOffset": 83456, "Value": 4, "Offset": 8}, "NumberOfIdEntries": {"FileOffset": 83462, "Value": 1, "Offset": 14}, "MinorVersion": {"FileOffset": 83458, "Value": 0, "Offset": 10}, "TimeDateStamp": {"FileOffset": 83452, "Value": "0x0        [Thu Jan  1 00:00:00 1970 UTC]", "Offset": 4}, "Characteristics": {"FileOffset": 83448, "Value": 0, "Offset": 0}, "NumberOfNamedEntries": {"FileOffset": 83460, "Value": 0, "Offset": 12}, "Structure": "IMAGE_RESOURCE_DIRECTORY"}, {"LANG": 0, "SUBLANG_NAME": "SUBLANG_DEFAULT", "Name": {"FileOffset": 83464, "Value": 1024, "Offset": 0}, "CodePage": {"FileOffset": 84008, "Value": 1252, "Offset": 8}, "LANG_NAME": "LANG_NEUTRAL", "OffsetToData": {"FileOffset": 84000, "Value": 193372, "Offset": 0}, "Reserved": {"FileOffset": 84012, "Value": 0, "Offset": 12}, "SUBLANG": 1, "Structure": "IMAGE_RESOURCE_DATA_ENTRY", "Size": {"FileOffset": 84004, "Value": 1384, "Offset": 4}}], {"Structure": "IMAGE_RESOURCE_DIRECTORY_ENTRY", "Id": 7, "OffsetToData": {"FileOffset": 83100, "Value": 2147484176, "Offset": 4}, "Name": {"FileOffset": 83096, "Value": 7, "Offset": 0}}, [{"MajorVersion": {"FileOffset": 83480, "Value": 4, "Offset": 8}, "NumberOfIdEntries": {"FileOffset": 83486, "Value": 1, "Offset": 14}, "MinorVersion": {"FileOffset": 83482, "Value": 0, "Offset": 10}, "TimeDateStamp": {"FileOffset": 83476, "Value": "0x0        [Thu Jan  1 00:00:00 1970 UTC]", "Offset": 4}, "Characteristics": {"FileOffset": 83472, "Value": 0, "Offset": 0}, "NumberOfNamedEntries": {"FileOffset": 83484, "Value": 0, "Offset": 12}, "Structure": "IMAGE_RESOURCE_DIRECTORY"}, {"LANG": 0, "SUBLANG_NAME": "SUBLANG_DEFAULT", "Name": {"FileOffset": 83488, "Value": 1024, "Offset": 0}, "CodePage": {"FileOffset": 84024, "Value": 1252, "Offset": 8}, "LANG_NAME": "LANG_NEUTRAL", "OffsetToData": {"FileOffset": 84016, "Value": 194756, "Offset": 0}, "Reserved": {"FileOffset": 84028, "Value": 0, "Offset": 12}, "SUBLANG": 1, "Structure": "IMAGE_RESOURCE_DATA_ENTRY", "Size": {"FileOffset": 84020, "Value": 270376, "Offset": 4}}], {"Structure": "IMAGE_RESOURCE_DIRECTORY_ENTRY", "Id": 8, "OffsetToData": {"FileOffset": 83108, "Value": 2147484200, "Offset": 4}, "Name": {"FileOffset": 83104, "Value": 8, "Offset": 0}}, [{"MajorVersion": {"FileOffset": 83504, "Value": 4, "Offset": 8}, "NumberOfIdEntries": {"FileOffset": 83510, "Value": 1, "Offset": 14}, "MinorVersion": {"FileOffset": 83506, "Value": 0, "Offset": 10}, "TimeDateStamp": {"FileOffset": 83500, "Value": "0x0        [Thu Jan  1 00:00:00 1970 UTC]", "Offset": 4}, "Characteristics": {"FileOffset": 83496, "Value": 0, "Offset": 0}, "NumberOfNamedEntries": {"FileOffset": 83508, "Value": 0, "Offset": 12}, "Structure": "IMAGE_RESOURCE_DIRECTORY"}, {"LANG": 0, "SUBLANG_NAME": "SUBLANG_DEFAULT", "Name": {"FileOffset": 83512, "Value": 1024, "Offset": 0}, "CodePage": {"FileOffset": 84040, "Value": 1252, "Offset": 8}, "LANG_NAME": "LANG_NEUTRAL", "OffsetToData": {"FileOffset": 84032, "Value": 465132, "Offset": 0}, "Reserved": {"FileOffset": 84044, "Value": 0, "Offset": 12}, "SUBLANG": 1, "Structure": "IMAGE_RESOURCE_DATA_ENTRY", "Size": {"FileOffset": 84036, "Value": 9640, "Offset": 4}}], {"Structure": "IMAGE_RESOURCE_DIRECTORY_ENTRY", "Id": 9, "OffsetToData": {"FileOffset": 83116, "Value": 2147484224, "Offset": 4}, "Name": {"FileOffset": 83112, "Value": 9, "Offset": 0}}, [{"MajorVersion": {"FileOffset": 83528, "Value": 4, "Offset": 8}, "NumberOfIdEntries": {"FileOffset": 83534, "Value": 1, "Offset": 14}, "MinorVersion": {"FileOffset": 83530, "Value": 0, "Offset": 10}, "TimeDateStamp": {"FileOffset": 83524, "Value": "0x0        [Thu Jan  1 00:00:00 1970 UTC]", "Offset": 4}, "Characteristics": {"FileOffset": 83520, "Value": 0, "Offset": 0}, "NumberOfNamedEntries": {"FileOffset": 83532, "Value": 0, "Offset": 12}, "Structure": "IMAGE_RESOURCE_DIRECTORY"}, {"LANG": 0, "SUBLANG_NAME": "SUBLANG_DEFAULT", "Name": {"FileOffset": 83536, "Value": 1024, "Offset": 0}, "CodePage": {"FileOffset": 84056, "Value": 1252, "Offset": 8}, "LANG_NAME": "LANG_NEUTRAL", "OffsetToData": {"FileOffset": 84048, "Value": 474772, "Offset": 0}, "Reserved": {"FileOffset": 84060, "Value": 0, "Offset": 12}, "SUBLANG": 1, "Structure": "IMAGE_RESOURCE_DATA_ENTRY", "Size": {"FileOffset": 84052, "Value": 4264, "Offset": 4}}], {"Structure": "IMAGE_RESOURCE_DIRECTORY_ENTRY", "Id": 10, "OffsetToData": {"FileOffset": 83124, "Value": 2147484248, "Offset": 4}, "Name": {"FileOffset": 83120, "Value": 10, "Offset": 0}}, [{"MajorVersion": {"FileOffset": 83552, "Value": 4, "Offset": 8}, "NumberOfIdEntries": {"FileOffset": 83558, "Value": 1, "Offset": 14}, "MinorVersion": {"FileOffset": 83554, "Value": 0, "Offset": 10}, "TimeDateStamp": {"FileOffset": 83548, "Value": "0x0        [Thu Jan  1 00:00:00 1970 UTC]", "Offset": 4}, "Characteristics": {"FileOffset": 83544, "Value": 0, "Offset": 0}, "NumberOfNamedEntries": {"FileOffset": 83556, "Value": 0, "Offset": 12}, "Structure": "IMAGE_RESOURCE_DIRECTORY"}, {"LANG": 0, "SUBLANG_NAME": "SUBLANG_DEFAULT", "Name": {"FileOffset": 83560, "Value": 1024, "Offset": 0}, "CodePage": {"FileOffset": 84072, "Value": 1252, "Offset": 8}, "LANG_NAME": "LANG_NEUTRAL", "OffsetToData": {"FileOffset": 84064, "Value": 479036, "Offset": 0}, "Reserved": {"FileOffset": 84076, "Value": 0, "Offset": 12}, "SUBLANG": 1, "Structure": "IMAGE_RESOURCE_DATA_ENTRY", "Size": {"FileOffset": 84068, "Value": 1128, "Offset": 4}}]], {"Structure": "IMAGE_RESOURCE_DIRECTORY_ENTRY", "Id": [5, "RT_DIALOG"], "OffsetToData": {"FileOffset": 82980, "Value": 2147483832, "Offset": 4}, "Name": {"FileOffset": 82976, "Value": 5, "Offset": 0}}, [{"MajorVersion": {"FileOffset": 83136, "Value": 4, "Offset": 8}, "NumberOfIdEntries": {"FileOffset": 83142, "Value": 0, "Offset": 14}, "MinorVersion": {"FileOffset": 83138, "Value": 0, "Offset": 10}, "TimeDateStamp": {"FileOffset": 83132, "Value": "0x0        [Thu Jan  1 00:00:00 1970 UTC]", "Offset": 4}, "Characteristics": {"FileOffset": 83128, "Value": 0, "Offset": 0}, "NumberOfNamedEntries": {"FileOffset": 83140, "Value": 6, "Offset": 12}, "Structure": "IMAGE_RESOURCE_DIRECTORY"}, {"Name": {"FileOffset": 83144, "Value": 2147485008, "Offset": 0}, "OffsetToData": {"FileOffset": 83148, "Value": 2147484272, "Offset": 4}, "Structure": "IMAGE_RESOURCE_DIRECTORY_ENTRY"}, [{"MajorVersion": {"FileOffset": 83576, "Value": 4, "Offset": 8}, "NumberOfIdEntries": {"FileOffset": 83582, "Value": 1, "Offset": 14}, "MinorVersion": {"FileOffset": 83578, "Value": 0, "Offset": 10}, "TimeDateStamp": {"FileOffset": 83572, "Value": "0x0        [Thu Jan  1 00:00:00 1970 UTC]", "Offset": 4}, "Characteristics": {"FileOffset": 83568, "Value": 0, "Offset": 0}, "NumberOfNamedEntries": {"FileOffset": 83580, "Value": 0, "Offset": 12}, "Structure": "IMAGE_RESOURCE_DIRECTORY"}, {"LANG": 9, "SUBLANG_NAME": "SUBLANG_ENGLISH_US", "Name": {"FileOffset": 83584, "Value": 1033, "Offset": 0}, "CodePage": {"FileOffset": 84088, "Value": 1252, "Offset": 8}, "LANG_NAME": "LANG_ENGLISH", "OffsetToData": {"FileOffset": 84080, "Value": 480164, "Offset": 0}, "Reserved": {"FileOffset": 84092, "Value": 0, "Offset": 12}, "SUBLANG": 1, "Structure": "IMAGE_RESOURCE_DATA_ENTRY", "Size": {"FileOffset": 84084, "Value": 646, "Offset": 4}}], {"Name": {"FileOffset": 83152, "Value": 2147485030, "Offset": 0}, "OffsetToData": {"FileOffset": 83156, "Value": 2147484296, "Offset": 4}, "Structure": "IMAGE_RESOURCE_DIRECTORY_ENTRY"}, [{"MajorVersion": {"FileOffset": 83600, "Value": 4, "Offset": 8}, "NumberOfIdEntries": {"FileOffset": 83606, "Value": 1, "Offset": 14}, "MinorVersion": {"FileOffset": 83602, "Value": 0, "Offset": 10}, "TimeDateStamp": {"FileOffset": 83596, "Value": "0x0        [Thu Jan  1 00:00:00 1970 UTC]", "Offset": 4}, "Characteristics": {"FileOffset": 83592, "Value": 0, "Offset": 0}, "NumberOfNamedEntries": {"FileOffset": 83604, "Value": 0, "Offset": 12}, "Structure": "IMAGE_RESOURCE_DIRECTORY"}, {"LANG": 9, "SUBLANG_NAME": "SUBLANG_ENGLISH_US", "Name": {"FileOffset": 83608, "Value": 1033, "Offset": 0}, "CodePage": {"FileOffset": 84104, "Value": 1252, "Offset": 8}, "LANG_NAME": "LANG_ENGLISH", "OffsetToData": {"FileOffset": 84096, "Value": 480812, "Offset": 0}, "Reserved": {"FileOffset": 84108, "Value": 0, "Offset": 12}, "SUBLANG": 1, "Structure": "IMAGE_RESOURCE_DATA_ENTRY", "Size": {"FileOffset": 84100, "Value": 314, "Offset": 4}}], {"Name": {"FileOffset": 83160, "Value": 2147485056, "Offset": 0}, "OffsetToData": {"FileOffset": 83164, "Value": 2147484320, "Offset": 4}, "Structure": "IMAGE_RESOURCE_DIRECTORY_ENTRY"}, [{"MajorVersion": {"FileOffset": 83624, "Value": 4, "Offset": 8}, "NumberOfIdEntries": {"FileOffset": 83630, "Value": 1, "Offset": 14}, "MinorVersion": {"FileOffset": 83626, "Value": 0, "Offset": 10}, "TimeDateStamp": {"FileOffset": 83620, "Value": "0x0        [Thu Jan  1 00:00:00 1970 UTC]", "Offset": 4}, "Characteristics": {"FileOffset": 83616, "Value": 0, "Offset": 0}, "NumberOfNamedEntries": {"FileOffset": 83628, "Value": 0, "Offset": 12}, "Structure": "IMAGE_RESOURCE_DIRECTORY"}, {"LANG": 9, "SUBLANG_NAME": "SUBLANG_ENGLISH_US", "Name": {"FileOffset": 83632, "Value": 1033, "Offset": 0}, "CodePage": {"FileOffset": 84120, "Value": 1252, "Offset": 8}, "LANG_NAME": "LANG_ENGLISH", "OffsetToData": {"FileOffset": 84112, "Value": 481128, "Offset": 0}, "Reserved": {"FileOffset": 84124, "Value": 0, "Offset": 12}, "SUBLANG": 1, "Structure": "IMAGE_RESOURCE_DATA_ENTRY", "Size": {"FileOffset": 84116, "Value": 236, "Offset": 4}}], {"Name": {"FileOffset": 83168, "Value": 2147485078, "Offset": 0}, "OffsetToData": {"FileOffset": 83172, "Value": 2147484344, "Offset": 4}, "Structure": "IMAGE_RESOURCE_DIRECTORY_ENTRY"}, [{"MajorVersion": {"FileOffset": 83648, "Value": 4, "Offset": 8}, "NumberOfIdEntries": {"FileOffset": 83654, "Value": 1, "Offset": 14}, "MinorVersion": {"FileOffset": 83650, "Value": 0, "Offset": 10}, "TimeDateStamp": {"FileOffset": 83644, "Value": "0x0        [Thu Jan  1 00:00:00 1970 UTC]", "Offset": 4}, "Characteristics": {"FileOffset": 83640, "Value": 0, "Offset": 0}, "NumberOfNamedEntries": {"FileOffset": 83652, "Value": 0, "Offset": 12}, "Structure": "IMAGE_RESOURCE_DIRECTORY"}, {"LANG": 9, "SUBLANG_NAME": "SUBLANG_ENGLISH_US", "Name": {"FileOffset": 83656, "Value": 1033, "Offset": 0}, "CodePage": {"FileOffset": 84136, "Value": 1252, "Offset": 8}, "LANG_NAME": "LANG_ENGLISH", "OffsetToData": {"FileOffset": 84128, "Value": 481364, "Offset": 0}, "Reserved": {"FileOffset": 84140, "Value": 0, "Offset": 12}, "SUBLANG": 1, "Structure": "IMAGE_RESOURCE_DATA_ENTRY", "Size": {"FileOffset": 84132, "Value": 302, "Offset": 4}}], {"Name": {"FileOffset": 83176, "Value": 2147485098, "Offset": 0}, "OffsetToData": {"FileOffset": 83180, "Value": 2147484368, "Offset": 4}, "Structure": "IMAGE_RESOURCE_DIRECTORY_ENTRY"}, [{"MajorVersion": {"FileOffset": 83672, "Value": 4, "Offset": 8}, "NumberOfIdEntries": {"FileOffset": 83678, "Value": 1, "Offset": 14}, "MinorVersion": {"FileOffset": 83674, "Value": 0, "Offset": 10}, "TimeDateStamp": {"FileOffset": 83668, "Value": "0x0        [Thu Jan  1 00:00:00 1970 UTC]", "Offset": 4}, "Characteristics": {"FileOffset": 83664, "Value": 0, "Offset": 0}, "NumberOfNamedEntries": {"FileOffset": 83676, "Value": 0, "Offset": 12}, "Structure": "IMAGE_RESOURCE_DIRECTORY"}, {"LANG": 9, "SUBLANG_NAME": "SUBLANG_ENGLISH_US", "Name": {"FileOffset": 83680, "Value": 1033, "Offset": 0}, "CodePage": {"FileOffset": 84152, "Value": 1252, "Offset": 8}, "LANG_NAME": "LANG_ENGLISH", "OffsetToData": {"FileOffset": 84144, "Value": 481668, "Offset": 0}, "Reserved": {"FileOffset": 84156, "Value": 0, "Offset": 12}, "SUBLANG": 1, "Structure": "IMAGE_RESOURCE_DATA_ENTRY", "Size": {"FileOffset": 84148, "Value": 824, "Offset": 4}}], {"Name": {"FileOffset": 83184, "Value": 2147485128, "Offset": 0}, "OffsetToData": {"FileOffset": 83188, "Value": 2147484392, "Offset": 4}, "Structure": "IMAGE_RESOURCE_DIRECTORY_ENTRY"}, [{"MajorVersion": {"FileOffset": 83696, "Value": 4, "Offset": 8}, "NumberOfIdEntries": {"FileOffset": 83702, "Value": 1, "Offset": 14}, "MinorVersion": {"FileOffset": 83698, "Value": 0, "Offset": 10}, "TimeDateStamp": {"FileOffset": 83692, "Value": "0x0        [Thu Jan  1 00:00:00 1970 UTC]", "Offset": 4}, "Characteristics": {"FileOffset": 83688, "Value": 0, "Offset": 0}, "NumberOfNamedEntries": {"FileOffset": 83700, "Value": 0, "Offset": 12}, "Structure": "IMAGE_RESOURCE_DIRECTORY"}, {"LANG": 9, "SUBLANG_NAME": "SUBLANG_ENGLISH_US", "Name": {"FileOffset": 83704, "Value": 1033, "Offset": 0}, "CodePage": {"FileOffset": 84168, "Value": 1252, "Offset": 8}, "LANG_NAME": "LANG_ENGLISH", "OffsetToData": {"FileOffset": 84160, "Value": 482492, "Offset": 0}, "Reserved": {"FileOffset": 84172, "Value": 0, "Offset": 12}, "SUBLANG": 1, "Structure": "IMAGE_RESOURCE_DATA_ENTRY", "Size": {"FileOffset": 84164, "Value": 594, "Offset": 4}}]], {"Structure": "IMAGE_RESOURCE_DIRECTORY_ENTRY", "Id": [6, "RT_STRING"], "OffsetToData": {"FileOffset": 82988, "Value": 2147483896, "Offset": 4}, "Name": {"FileOffset": 82984, "Value": 6, "Offset": 0}}, [{"MajorVersion": {"FileOffset": 83200, "Value": 4, "Offset": 8}, "NumberOfIdEntries": {"FileOffset": 83206, "Value": 6, "Offset": 14}, "MinorVersion": {"FileOffset": 83202, "Value": 0, "Offset": 10}, "TimeDateStamp": {"FileOffset": 83196, "Value": "0x0        [Thu Jan  1 00:00:00 1970 UTC]", "Offset": 4}, "Characteristics": {"FileOffset": 83192, "Value": 0, "Offset": 0}, "NumberOfNamedEntries": {"FileOffset": 83204, "Value": 0, "Offset": 12}, "Structure": "IMAGE_RESOURCE_DIRECTORY"}, {"Structure": "IMAGE_RESOURCE_DIRECTORY_ENTRY", "Id": 7, "OffsetToData": {"FileOffset": 83212, "Value": 2147484416, "Offset": 4}, "Name": {"FileOffset": 83208, "Value": 7, "Offset": 0}}, [{"MajorVersion": {"FileOffset": 83720, "Value": 4, "Offset": 8}, "NumberOfIdEntries": {"FileOffset": 83726, "Value": 1, "Offset": 14}, "MinorVersion": {"FileOffset": 83722, "Value": 0, "Offset": 10}, "TimeDateStamp": {"FileOffset": 83716, "Value": "0x0        [Thu Jan  1 00:00:00 1970 UTC]", "Offset": 4}, "Characteristics": {"FileOffset": 83712, "Value": 0, "Offset": 0}, "NumberOfNamedEntries": {"FileOffset": 83724, "Value": 0, "Offset": 12}, "Structure": "IMAGE_RESOURCE_DIRECTORY"}, {"LANG": 9, "SUBLANG_NAME": "SUBLANG_ENGLISH_US", "Name": {"FileOffset": 83728, "Value": 1033, "Offset": 0}, "CodePage": {"FileOffset": 84184, "Value": 1252, "Offset": 8}, "LANG_NAME": "LANG_ENGLISH", "OffsetToData": {"FileOffset": 84176, "Value": 483088, "Offset": 0}, "Reserved": {"FileOffset": 84188, "Value": 0, "Offset": 12}, "SUBLANG": 1, "Structure": "IMAGE_RESOURCE_DATA_ENTRY", "Size": {"FileOffset": 84180, "Value": 556, "Offset": 4}}, "Select destination folder", "Extracting %s", "Skipping %s", "Unexpected end of archive", "The file \"%s\" header is corrupt", "The archive comment header is corrupt", "The archive comment is corrupt", "Not enough memory", "Unknown method in %s", "Cannot open %s", "Cannot create %s", "Cannot create folder %s"], {"Structure": "IMAGE_RESOURCE_DIRECTORY_ENTRY", "Id": 8, "OffsetToData": {"FileOffset": 83220, "Value": 2147484440, "Offset": 4}, "Name": {"FileOffset": 83216, "Value": 8, "Offset": 0}}, [{"MajorVersion": {"FileOffset": 83744, "Value": 4, "Offset": 8}, "NumberOfIdEntries": {"FileOffset": 83750, "Value": 1, "Offset": 14}, "MinorVersion": {"FileOffset": 83746, "Value": 0, "Offset": 10}, "TimeDateStamp": {"FileOffset": 83740, "Value": "0x0        [Thu Jan  1 00:00:00 1970 UTC]", "Offset": 4}, "Characteristics": {"FileOffset": 83736, "Value": 0, "Offset": 0}, "NumberOfNamedEntries": {"FileOffset": 83748, "Value": 0, "Offset": 12}, "Structure": "IMAGE_RESOURCE_DIRECTORY"}, {"LANG": 9, "SUBLANG_NAME": "SUBLANG_ENGLISH_US", "Name": {"FileOffset": 83752, "Value": 1033, "Offset": 0}, "CodePage": {"FileOffset": 84200, "Value": 1252, "Offset": 8}, "LANG_NAME": "LANG_ENGLISH", "OffsetToData": {"FileOffset": 84192, "Value": 483644, "Offset": 0}, "Reserved": {"FileOffset": 84204, "Value": 0, "Offset": 12}, "SUBLANG": 1, "Structure": "IMAGE_RESOURCE_DATA_ENTRY", "Size": {"FileOffset": 84196, "Value": 974, "Offset": 4}}, "CRC failed in the encrypted file %s. Corrupt file or wrong password.", "CRC failed in %s", "Packed data CRC failed in %s", "Wrong password for %s", "Write error in the file %s. Probably the disk is full", "Read error in the file %s", "File close error", "The required volume is absent", "The archive is either in unknown format or damaged", "Extracting from %s", "Next volume", "The archive header is corrupt", "Close", "Error", "Errors encountered while performing the operation\nLook at the information window for more details"], {"Structure": "IMAGE_RESOURCE_DIRECTORY_ENTRY", "Id": 9, "OffsetToData": {"FileOffset": 83228, "Value": 2147484464, "Offset": 4}, "Name": {"FileOffset": 83224, "Value": 9, "Offset": 0}}, [{"MajorVersion": {"FileOffset": 83768, "Value": 4, "Offset": 8}, "NumberOfIdEntries": {"FileOffset": 83774, "Value": 1, "Offset": 14}, "MinorVersion": {"FileOffset": 83770, "Value": 0, "Offset": 10}, "TimeDateStamp": {"FileOffset": 83764, "Value": "0x0        [Thu Jan  1 00:00:00 1970 UTC]", "Offset": 4}, "Characteristics": {"FileOffset": 83760, "Value": 0, "Offset": 0}, "NumberOfNamedEntries": {"FileOffset": 83772, "Value": 0, "Offset": 12}, "Structure": "IMAGE_RESOURCE_DIRECTORY"}, {"LANG": 9, "SUBLANG_NAME": "SUBLANG_ENGLISH_US", "Name": {"FileOffset": 83776, "Value": 1033, "Offset": 0}, "CodePage": {"FileOffset": 84216, "Value": 1252, "Offset": 8}, "LANG_NAME": "LANG_ENGLISH", "OffsetToData": {"FileOffset": 84208, "Value": 484620, "Offset": 0}, "Reserved": {"FileOffset": 84220, "Value": 0, "Offset": 12}, "SUBLANG": 1, "Structure": "IMAGE_RESOURCE_DATA_ENTRY", "Size": {"FileOffset": 84212, "Value": 530, "Offset": 4}}, "bytes", "modified on", "folder is not accessible", "Some files could not be created.\nPlease close all applications, reboot Windows and restart this installation", "Some installation files are corrupt.\nPlease download a fresh copy and retry the installation", "All files"], {"Structure": "IMAGE_RESOURCE_DIRECTORY_ENTRY", "Id": 10, "OffsetToData": {"FileOffset": 83236, "Value": 2147484488, "Offset": 4}, "Name": {"FileOffset": 83232, "Value": 10, "Offset": 0}}, [{"MajorVersion": {"FileOffset": 83792, "Value": 4, "Offset": 8}, "NumberOfIdEntries": {"FileOffset": 83798, "Value": 1, "Offset": 14}, "MinorVersion": {"FileOffset": 83794, "Value": 0, "Offset": 10}, "TimeDateStamp": {"FileOffset": 83788, "Value": "0x0        [Thu Jan  1 00:00:00 1970 UTC]", "Offset": 4}, "Characteristics": {"FileOffset": 83784, "Value": 0, "Offset": 0}, "NumberOfNamedEntries": {"FileOffset": 83796, "Value": 0, "Offset": 12}, "Structure": "IMAGE_RESOURCE_DIRECTORY"}, {"LANG": 9, "SUBLANG_NAME": "SUBLANG_ENGLISH_US", "Name": {"FileOffset": 83800, "Value": 1033, "Offset": 0}, "CodePage": {"FileOffset": 84232, "Value": 1252, "Offset": 8}, "LANG_NAME": "LANG_ENGLISH", "OffsetToData": {"FileOffset": 84224, "Value": 485152, "Offset": 0}, "Reserved": {"FileOffset": 84236, "Value": 0, "Offset": 12}, "SUBLANG": 1, "Structure": "IMAGE_RESOURCE_DATA_ENTRY", "Size": {"FileOffset": 84228, "Value": 776, "Offset": 4}}, "<ul><li>Press <b>Install</b> button to start extraction.</li><br><br>", "<ul><li>Press <b>Extract</b> button to start extraction.</li><br><br>", "<li>Use <b>Browse</b> button to select the destination", "folder from the folders tree. It can be also entered", "manually.</li><br><br>", "<li>If the destination folder does not exist, it will be", "created automatically before extraction.</li></ul>"], {"Structure": "IMAGE_RESOURCE_DIRECTORY_ENTRY", "Id": 11, "OffsetToData": {"FileOffset": 83244, "Value": 2147484512, "Offset": 4}, "Name": {"FileOffset": 83240, "Value": 11, "Offset": 0}}, [{"MajorVersion": {"FileOffset": 83816, "Value": 4, "Offset": 8}, "NumberOfIdEntries": {"FileOffset": 83822, "Value": 1, "Offset": 14}, "MinorVersion": {"FileOffset": 83818, "Value": 0, "Offset": 10}, "TimeDateStamp": {"FileOffset": 83812, "Value": "0x0        [Thu Jan  1 00:00:00 1970 UTC]", "Offset": 4}, "Characteristics": {"FileOffset": 83808, "Value": 0, "Offset": 0}, "NumberOfNamedEntries": {"FileOffset": 83820, "Value": 0, "Offset": 12}, "Structure": "IMAGE_RESOURCE_DIRECTORY"}, {"LANG": 9, "SUBLANG_NAME": "SUBLANG_ENGLISH_US", "Name": {"FileOffset": 83824, "Value": 1033, "Offset": 0}, "CodePage": {"FileOffset": 84248, "Value": 1252, "Offset": 8}, "LANG_NAME": "LANG_ENGLISH", "OffsetToData": {"FileOffset": 84240, "Value": 485928, "Offset": 0}, "Reserved": {"FileOffset": 84252, "Value": 0, "Offset": 12}, "SUBLANG": 1, "Structure": "IMAGE_RESOURCE_DATA_ENTRY", "Size": {"FileOffset": 84244, "Value": 380, "Offset": 4}}, "The archive is corrupt", "Extracting files to %s folder", "Extracting files to temporary folder", "Extract", "Extraction progress", "Total path and file name length must not exceed %d characters"], {"Structure": "IMAGE_RESOURCE_DIRECTORY_ENTRY", "Id": 12, "OffsetToData": {"FileOffset": 83252, "Value": 2147484536, "Offset": 4}, "Name": {"FileOffset": 83248, "Value": 12, "Offset": 0}}, [{"MajorVersion": {"FileOffset": 83840, "Value": 4, "Offset": 8}, "NumberOfIdEntries": {"FileOffset": 83846, "Value": 1, "Offset": 14}, "MinorVersion": {"FileOffset": 83842, "Value": 0, "Offset": 10}, "TimeDateStamp": {"FileOffset": 83836, "Value": "0x0        [Thu Jan  1 00:00:00 1970 UTC]", "Offset": 4}, "Characteristics": {"FileOffset": 83832, "Value": 0, "Offset": 0}, "NumberOfNamedEntries": {"FileOffset": 83844, "Value": 0, "Offset": 12}, "Structure": "IMAGE_RESOURCE_DIRECTORY"}, {"LANG": 9, "SUBLANG_NAME": "SUBLANG_ENGLISH_US", "Name": {"FileOffset": 83848, "Value": 1033, "Offset": 0}, "CodePage": {"FileOffset": 84264, "Value": 1252, "Offset": 8}, "LANG_NAME": "LANG_ENGLISH", "OffsetToData": {"FileOffset": 84256, "Value": 486308, "Offset": 0}, "Reserved": {"FileOffset": 84268, "Value": 0, "Offset": 12}, "SUBLANG": 1, "Structure": "IMAGE_RESOURCE_DATA_ENTRY", "Size": {"FileOffset": 84260, "Value": 102, "Offset": 4}}, "Unsupported encryption method in %s"]], {"Structure": "IMAGE_RESOURCE_DIRECTORY_ENTRY", "Id": [14, "RT_GROUP_ICON"], "OffsetToData": {"FileOffset": 82996, "Value": 2147483960, "Offset": 4}, "Name": {"FileOffset": 82992, "Value": 14, "Offset": 0}}, [{"MajorVersion": {"FileOffset": 83264, "Value": 4, "Offset": 8}, "NumberOfIdEntries": {"FileOffset": 83270, "Value": 1, "Offset": 14}, "MinorVersion": {"FileOffset": 83266, "Value": 0, "Offset": 10}, "TimeDateStamp": {"FileOffset": 83260, "Value": "0x0        [Thu Jan  1 00:00:00 1970 UTC]", "Offset": 4}, "Characteristics": {"FileOffset": 83256, "Value": 0, "Offset": 0}, "NumberOfNamedEntries": {"FileOffset": 83268, "Value": 0, "Offset": 12}, "Structure": "IMAGE_RESOURCE_DIRECTORY"}, {"Structure": "IMAGE_RESOURCE_DIRECTORY_ENTRY", "Id": 100, "OffsetToData": {"FileOffset": 83276, "Value": 2147484560, "Offset": 4}, "Name": {"FileOffset": 83272, "Value": 100, "Offset": 0}}, [{"MajorVersion": {"FileOffset": 83864, "Value": 4, "Offset": 8}, "NumberOfIdEntries": {"FileOffset": 83870, "Value": 1, "Offset": 14}, "MinorVersion": {"FileOffset": 83866, "Value": 0, "Offset": 10}, "TimeDateStamp": {"FileOffset": 83860, "Value": "0x0        [Thu Jan  1 00:00:00 1970 UTC]", "Offset": 4}, "Characteristics": {"FileOffset": 83856, "Value": 0, "Offset": 0}, "NumberOfNamedEntries": {"FileOffset": 83868, "Value": 0, "Offset": 12}, "Structure": "IMAGE_RESOURCE_DIRECTORY"}, {"LANG": 0, "SUBLANG_NAME": "SUBLANG_DEFAULT", "Name": {"FileOffset": 83872, "Value": 1024, "Offset": 0}, "CodePage": {"FileOffset": 84280, "Value": 1252, "Offset": 8}, "LANG_NAME": "LANG_NEUTRAL", "OffsetToData": {"FileOffset": 84272, "Value": 486412, "Offset": 0}, "Reserved": {"FileOffset": 84284, "Value": 0, "Offset": 12}, "SUBLANG": 1, "Structure": "IMAGE_RESOURCE_DATA_ENTRY", "Size": {"FileOffset": 84276, "Value": 146, "Offset": 4}}]], {"Structure": "IMAGE_RESOURCE_DIRECTORY_ENTRY", "Id": [24, "RT_MANIFEST"], "OffsetToData": {"FileOffset": 83004, "Value": 2147483984, "Offset": 4}, "Name": {"FileOffset": 83000, "Value": 24, "Offset": 0}}, [{"MajorVersion": {"FileOffset": 83288, "Value": 4, "Offset": 8}, "NumberOfIdEntries": {"FileOffset": 83294, "Value": 1, "Offset": 14}, "MinorVersion": {"FileOffset": 83290, "Value": 0, "Offset": 10}, "TimeDateStamp": {"FileOffset": 83284, "Value": "0x0        [Thu Jan  1 00:00:00 1970 UTC]", "Offset": 4}, "Characteristics": {"FileOffset": 83280, "Value": 0, "Offset": 0}, "NumberOfNamedEntries": {"FileOffset": 83292, "Value": 0, "Offset": 12}, "Structure": "IMAGE_RESOURCE_DIRECTORY"}, {"Structure": "IMAGE_RESOURCE_DIRECTORY_ENTRY", "Id": 1, "OffsetToData": {"FileOffset": 83300, "Value": 2147484584, "Offset": 4}, "Name": {"FileOffset": 83296, "Value": 1, "Offset": 0}}, [{"MajorVersion": {"FileOffset": 83888, "Value": 4, "Offset": 8}, "NumberOfIdEntries": {"FileOffset": 83894, "Value": 1, "Offset": 14}, "MinorVersion": {"FileOffset": 83890, "Value": 0, "Offset": 10}, "TimeDateStamp": {"FileOffset": 83884, "Value": "0x0        [Thu Jan  1 00:00:00 1970 UTC]", "Offset": 4}, "Characteristics": {"FileOffset": 83880, "Value": 0, "Offset": 0}, "NumberOfNamedEntries": {"FileOffset": 83892, "Value": 0, "Offset": 12}, "Structure": "IMAGE_RESOURCE_DIRECTORY"}, {"LANG": 9, "SUBLANG_NAME": "SUBLANG_ENGLISH_US", "Name": {"FileOffset": 83896, "Value": 1033, "Offset": 0}, "CodePage": {"FileOffset": 84296, "Value": 1252, "Offset": 8}, "LANG_NAME": "LANG_ENGLISH", "OffsetToData": {"FileOffset": 84288, "Value": 486560, "Offset": 0}, "Reserved": {"FileOffset": 84300, "Value": 0, "Offset": 12}, "SUBLANG": 1, "Structure": "IMAGE_RESOURCE_DATA_ENTRY", "Size": {"FileOffset": 84292, "Value": 1464, "Offset": 4}}]]]}
