{"DllCharacteristics": [], "FILE_HEADER": {"NumberOfSections": {"FileOffset": 214, "Value": 4, "Offset": 2}, "TimeDateStamp": {"FileOffset": 216, "Value": "0x499A8616 [Tue Feb 17 09:40:38 2009 UTC]", "Offset": 4}, "PointerToSymbolTable": {"FileOffset": 220, "Value": 0, "Offset": 8}, "NumberOfSymbols": {"FileOffset": 224, "Value": 0, "Offset": 12}, "Machine": {"FileOffset": 212, "Value": 332, "Offset": 0}, "Characteristics": {"FileOffset": 230, "Value": 271, "Offset": 18}, "SizeOfOptionalHeader": {"FileOffset": 228, "Value": 224, "Offset": 16}, "Structure": "IMAGE_FILE_HEADER"}, "Parsing Warnings": ["Suspicious flags set for section 0. Both IMAGE_SCN_MEM_WRITE and IMAGE_SCN_MEM_EXECUTE are set. This might indicate a packed executable.", "Suspicious flags set for section 3. Both IMAGE_SCN_MEM_WRITE and IMAGE_SCN_MEM_EXECUTE are set. This might indicate a packed executable.", "Imported symbols contain entries typical of packed executables."], "Directories": [{"VirtualAddress": {"FileOffset": 328, "Value": 0, "Offset": 0}, "Structure": "IMAGE_DIRECTORY_ENTRY_EXPORT", "Size": {"FileOffset": 332, "Value": 0, "Offset": 4}}, {"VirtualAddress": {"FileOffset": 336, "Value": 329811, "Offset": 0}, "Structure": "IMAGE_DIRECTORY_ENTRY_IMPORT", "Size": {"FileOffset": 340, "Value": 100, "Offset": 4}}, {"VirtualAddress": {"FileOffset": 344, "Value": 0, "Offset": 0}, "Structure": "IMAGE_DIRECTORY_ENTRY_RESOURCE", "Size": {"FileOffset": 348, "Value": 0, "Offset": 4}}, {"VirtualAddress": {"FileOffset": 352, "Value": 0, "Offset": 0}, "Structure": "IMAGE_DIRECTORY_ENTRY_EXCEPTION", "Size": {"FileOffset": 356, "Value": 0, "Offset": 4}}, {"VirtualAddress": {"FileOffset": 360, "Value": 0, "Offset": 0}, "Structure": "IMAGE_DIRECTORY_ENTRY_SECURITY", "Size": {"FileOffset": 364, "Value": 0, "Offset": 4}}, {"VirtualAddress": {"FileOffset": 368, "Value": 0, "Offset": 0}, "Structure": "IMAGE_DIRECTORY_ENTRY_BASERELOC", "Size": {"FileOffset": 372, "Value": 0, "Offset": 4}}, {"VirtualAddress": {"FileOffset": 376, "Value": 0, "Offset": 0}, "Structure": "IMAGE_DIRECTORY_ENTRY_DEBUG", "Size": {"FileOffset": 380, "Value": 0, "Offset": 4}}, {"VirtualAddress": {"FileOffset": 384, "Value": 0, "Offset": 0}, "Structure": "IMAGE_DIRECTORY_ENTRY_COPYRIGHT", "Size": {"FileOffset": 388, "Value": 0, "Offset": 4}}, {"VirtualAddress": {"FileOffset": 392, "Value": 0, "Offset": 0}, "Structure": "IMAGE_DIRECTORY_ENTRY_GLOBALPTR", "Size": {"FileOffset": 396, "Value": 0, "Offset": 4}}, {"VirtualAddress": {"FileOffset": 400, "Value": 0, "Offset": 0}, "Structure": "IMAGE_DIRECTORY_ENTRY_TLS", "Size": {"FileOffset": 404, "Value": 0, "Offset": 4}}, {"VirtualAddress": {"FileOffset": 408, "Value": 0, "Offset": 0}, "Structure": "IMAGE_DIRECTORY_ENTRY_LOAD_CONFIG", "Size": {"FileOffset": 412, "Value": 0, "Offset": 4}}, {"VirtualAddress": {"FileOffset": 416, "Value": 0, "Offset": 0}, "Structure": "IMAGE_DIRECTORY_ENTRY_BOUND_IMPORT", "Size": {"FileOffset": 420, "Value": 0, "Offset": 4}}, {"VirtualAddress": {"FileOffset": 424, "Value": 0, "Offset": 0}, "Structure": "IMAGE_DIRECTORY_ENTRY_IAT", "Size": {"FileOffset": 428, "Value": 0, "Offset": 4}}, {"VirtualAddress": {"FileOffset": 432, "Value": 0, "Offset": 0}, "Structure": "IMAGE_DIRECTORY_ENTRY_DELAY_IMPORT", "Size": {"FileOffset": 436, "Value": 0, "Offset": 4}}, {"VirtualAddress": {"FileOffset": 440, "Value": 0, "Offset": 0}, "Structure": "IMAGE_DIRECTORY_ENTRY_COM_DESCRIPTOR", "Size": {"FileOffset": 444, "Value": 0, "Offset": 4}}, {"VirtualAddress": {"FileOffset": 448, "Value": 0, "Offset": 0}, "Structure": "IMAGE_DIRECTORY_ENTRY_RESERVED", "Size": {"FileOffset": 452, "Value": 0, "Offset": 4}}], "OPTIONAL_HEADER": {"DllCharacteristics": {"FileOffset": 302, "Value": 0, "Offset": 70}, "BaseOfCode": {"FileOffset": 252, "Value": 4096, "Offset": 20}, "MajorLinkerVersion": {"FileOffset": 234, "Value": 6, "Offset": 2}, "MinorOperatingSystemVersion": {"FileOffset": 274, "Value": 0, "Offset": 42}, "MinorLinkerVersion": {"FileOffset": 235, "Value": 0, "Offset": 3}, "MajorSubsystemVersion": {"FileOffset": 280, "Value": 4, "Offset": 48}, "MajorOperatingSystemVersion": {"FileOffset": 272, "Value": 4, "Offset": 40}, "SizeOfStackCommit": {"FileOffset": 308, "Value": 4096, "Offset": 76}, "SizeOfUninitializedData": {"FileOffset": 244, "Value": 0, "Offset": 12}, "NumberOfRvaAndSizes": {"FileOffset": 324, "Value": 16, "Offset": 92}, "SizeOfHeapReserve": {"FileOffset": 312, "Value": 1048576, "Offset": 80}, "LoaderFlags": {"FileOffset": 320, "Value": 0, "Offset": 88}, "SizeOfHeapCommit": {"FileOffset": 316, "Value": 4096, "Offset": 84}, "SizeOfStackReserve": {"FileOffset": 304, "Value": 1048576, "Offset": 72}, "Structure": "IMAGE_OPTIONAL_HEADER", "SizeOfHeaders": {"FileOffset": 292, "Value": 1024, "Offset": 60}, "Subsystem": {"FileOffset": 300, "Value": 3, "Offset": 68}, "Magic": {"FileOffset": 232, "Value": 267, "Offset": 0}, "MinorImageVersion": {"FileOffset": 278, "Value": 0, "Offset": 46}, "MajorImageVersion": {"FileOffset": 276, "Value": 0, "Offset": 44}, "FileAlignment": {"FileOffset": 268, "Value": 512, "Offset": 36}, "BaseOfData": {"FileOffset": 256, "Value": 32768, "Offset": 24}, "AddressOfEntryPoint": {"FileOffset": 248, "Value": 327680, "Offset": 16}, "SectionAlignment": {"FileOffset": 264, "Value": 4096, "Offset": 32}, "SizeOfCode": {"FileOffset": 236, "Value": 26624, "Offset": 4}, "ImageBase": {"FileOffset": 260, "Value": 4194304, "Offset": 28}, "SizeOfInitializedData": {"FileOffset": 240, "Value": 291328, "Offset": 8}, "SizeOfImage": {"FileOffset": 288, "Value": 352256, "Offset": 56}, "MinorSubsystemVersion": {"FileOffset": 282, "Value": 0, "Offset": 50}, "CheckSum": {"FileOffset": 296, "Value": 59960, "Offset": 64}, "Reserved1": {"FileOffset": 284, "Value": 0, "Offset": 52}}, "DOS_HEADER": {"e_cblp": {"FileOffset": 2, "Value": 144, "Offset": 2}, "e_crlc": {"FileOffset": 6, "Value": 0, "Offset": 6}, "e_ovno": {"FileOffset": 26, "Value": 0, "Offset": 26}, "e_minalloc": {"FileOffset": 10, "Value": 0, "Offset": 10}, "e_csum": {"FileOffset": 18, "Value": 0, "Offset": 18}, "e_cparhdr": {"FileOffset": 8, "Value": 4, "Offset": 8}, "e_cp": {"FileOffset": 4, "Value": 3, "Offset": 4}, "e_cs": {"FileOffset": 22, "Value": 0, "Offset": 22}, "e_maxalloc": {"FileOffset": 12, "Value": 65535, "Offset": 12}, "e_lfarlc": {"FileOffset": 24, "Value": 64, "Offset": 24}, "e_oemid": {"FileOffset": 36, "Value": 0, "Offset": 36}, "e_lfanew": {"FileOffset": 60, "Value": 208, "Offset": 60}, "e_ss": {"FileOffset": 14, "Value": 0, "Offset": 14}, "e_magic": {"FileOffset": 0, "Value": 23117, "Offset": 0}, "e_oeminfo": {"FileOffset": 38, "Value": 0, "Offset": 38}, "e_res2": {"FileOffset": 40, "Value": "", "Offset": 40}, "e_res": {"FileOffset": 28, "Value": "", "Offset": 28}, "e_sp": {"FileOffset": 16, "Value": 184, "Offset": 16}, "Structure": "IMAGE_DOS_HEADER", "e_ip": {"FileOffset": 20, "Value": 0, "Offset": 20}}, "NT_HEADERS": {"Structure": "IMAGE_NT_HEADERS", "Signature": {"FileOffset": 208, "Value": 17744, "Offset": 0}}, "Flags": ["IMAGE_FILE_LOCAL_SYMS_STRIPPED", "IMAGE_FILE_32BIT_MACHINE", "IMAGE_FILE_EXECUTABLE_IMAGE", "IMAGE_FILE_LINE_NUMS_STRIPPED", "IMAGE_FILE_RELOCS_STRIPPED"], "Imported symbols": [[{"TimeDateStamp": {"FileOffset": 44119, "Value": "0x0        [Thu Jan  1 00:00:00 1970 UTC]", "Offset": 4}, "Name": {"FileOffset": 44127, "Value": 329875, "Offset": 12}, "ForwarderChain": {"FileOffset": 44123, "Value": 0, "Offset": 8}, "OriginalFirstThunk": {"FileOffset": 44115, "Value": 329851, "Offset": 0}, "FirstThunk": {"FileOffset": 44131, "Value": 329851, "Offset": 16}, "Characteristics": {"FileOffset": 44115, "Value": 329851, "Offset": 0}, "Structure": "IMAGE_IMPORT_DESCRIPTOR"}, {"Hint": 0, "Name": "LoadLibraryA", "DLL": "Kernel32.dll"}, {"Hint": 0, "Name": "GetProcAddress", "DLL": "Kernel32.dll"}, {"Hint": 0, "Name": "VirtualProtect", "DLL": "Kernel32.dll"}, {"Hint": 0, "Name": "VirtualAlloc", "DLL": "Kernel32.dll"}, {"Hint": 0, "Name": "VirtualFree", "DLL": "Kernel32.dll"}]], "PE Sections": [{"PointerToRawData": {"FileOffset": 476, "Value": 1024, "Offset": 20}, "SHA1": "340fabb1fe527b89b8aa0c86b7888d72cd65310d", "SHA256": "1d09b91435a8ae16a58fa641885d1c8d25fde406c619a280e2cacb6f1bb6a173", "Name": {"FileOffset": 456, "Value": ".text", "Offset": 0}, "NumberOfRelocations": {"FileOffset": 488, "Value": 0, "Offset": 32}, "Misc_VirtualSize": {"FileOffset": 464, "Value": 26120, "Offset": 8}, "Characteristics": {"FileOffset": 492, "Value": 3758096416, "Offset": 36}, "Misc": {"FileOffset": 464, "Value": 26120, "Offset": 8}, "PointerToLinenumbers": {"FileOffset": 484, "Value": 0, "Offset": 28}, "SizeOfRawData": {"FileOffset": 472, "Value": 26624, "Offset": 16}, "Misc_PhysicalAddress": {"FileOffset": 464, "Value": 26120, "Offset": 8}, "PointerToRelocations": {"FileOffset": 480, "Value": 0, "Offset": 24}, "Flags": ["IMAGE_SCN_MEM_EXECUTE", "IMAGE_SCN_MEM_WRITE", "IMAGE_SCN_CNT_CODE", "IMAGE_SCN_MEM_READ"], "SHA512": "06a3e4dfd5f8b9db9a50b25580a2c3bf5636294ba243819133b2c7b62d764f36046df3db542017a51771d3ce1896f25901695f5884b4fc3459ba7fa5f12c9f25", "MD5": "5aa5bfa27d8b96c5c52414909130bb16", "Entropy": 7.976661723988875, "VirtualAddress": {"FileOffset": 468, "Value": 4096, "Offset": 12}, "Structure": "IMAGE_SECTION_HEADER", "NumberOfLinenumbers": {"FileOffset": 490, "Value": 0, "Offset": 34}}, {"PointerToRawData": {"FileOffset": 516, "Value": 27648, "Offset": 20}, "SHA1": "bd24e774298dda28cd6cddc783534d03ccd4bbf3", "SHA256": "92075284d93af3e8b59374eee4003340376b4b8515c6994cbfc1e6d2f17fe6fd", "Name": {"FileOffset": 496, "Value": ".rdata", "Offset": 0}, "NumberOfRelocations": {"FileOffset": 528, "Value": 0, "Offset": 32}, "Misc_VirtualSize": {"FileOffset": 504, "Value": 2734, "Offset": 8}, "Characteristics": {"FileOffset": 532, "Value": 3221225536, "Offset": 36}, "Misc": {"FileOffset": 504, "Value": 2734, "Offset": 8}, "PointerToLinenumbers": {"FileOffset": 524, "Value": 0, "Offset": 28}, "SizeOfRawData": {"FileOffset": 512, "Value": 3072, "Offset": 16}, "Misc_PhysicalAddress": {"FileOffset": 504, "Value": 2734, "Offset": 8}, "PointerToRelocations": {"FileOffset": 520, "Value": 0, "Offset": 24}, "Flags": ["IMAGE_SCN_CNT_INITIALIZED_DATA", "IMAGE_SCN_MEM_WRITE", "IMAGE_SCN_MEM_READ"], "SHA512": "ef3a2a2a6261bd5637bde175b0b9fabe266b51629851b1b62b19b6c562c8c9a4b2cd40232852f73b35be5417d274d01ba09ca3a17a9545c111cc454aac392898", "MD5": "cd140e9937094e68708b778b6790e5fa", "Entropy": 7.875237803778547, "VirtualAddress": {"FileOffset": 508, "Value": 32768, "Offset": 12}, "Structure": "IMAGE_SECTION_HEADER", "NumberOfLinenumbers": {"FileOffset": 530, "Value": 0, "Offset": 34}}, {"PointerToRawData": {"FileOffset": 556, "Value": 30720, "Offset": 20}, "SHA1": "c942f21b38c386be990555f418371965ff24c4d2", "SHA256": "d928a11440534f60f54859a3930d84f5a48f5b3c415df54d6fa36920fbd00a59", "Name": {"FileOffset": 536, "Value": ".data", "Offset": 0}, "NumberOfRelocations": {"FileOffset": 568, "Value": 0, "Offset": 32}, "Misc_VirtualSize": {"FileOffset": 544, "Value": 287912, "Offset": 8}, "Characteristics": {"FileOffset": 572, "Value": 3221225536, "Offset": 36}, "Misc": {"FileOffset": 544, "Value": 287912, "Offset": 8}, "PointerToLinenumbers": {"FileOffset": 564, "Value": 0, "Offset": 28}, "SizeOfRawData": {"FileOffset": 552, "Value": 11264, "Offset": 16}, "Misc_PhysicalAddress": {"FileOffset": 544, "Value": 287912, "Offset": 8}, "PointerToRelocations": {"FileOffset": 560, "Value": 0, "Offset": 24}, "Flags": ["IMAGE_SCN_CNT_INITIALIZED_DATA", "IMAGE_SCN_MEM_WRITE", "IMAGE_SCN_MEM_READ"], "SHA512": "2bef002eb75354cf7b8949746306765b9c545f038f71102d7ae058eedc3ec64426b6ad5c0290f0100c6f349eb7e09aa55eae530df76d44b59137fda6b352eb3f", "MD5": "00f7a14a85553b204e82e2a0d702f3cb", "Entropy": 7.272173119932021, "VirtualAddress": {"FileOffset": 548, "Value": 36864, "Offset": 12}, "Structure": "IMAGE_SECTION_HEADER", "NumberOfLinenumbers": {"FileOffset": 570, "Value": 0, "Offset": 34}}, {"PointerToRawData": {"FileOffset": 596, "Value": 41984, "Offset": 20}, "SHA1": "b4bb2e1ddc3808898313435063d819ec5bcd6841", "SHA256": "343957c4f59c1b177253e7959cdeca58257373b3bf225f480a44041c4aa29cc7", "Name": {"FileOffset": 576, "Value": ".upx", "Offset": 0}, "NumberOfRelocations": {"FileOffset": 608, "Value": 0, "Offset": 32}, "Misc_VirtualSize": {"FileOffset": 584, "Value": 24576, "Offset": 8}, "Characteristics": {"FileOffset": 612, "Value": 3758096416, "Offset": 36}, "Misc": {"FileOffset": 584, "Value": 24576, "Offset": 8}, "PointerToLinenumbers": {"FileOffset": 604, "Value": 17, "Offset": 28}, "SizeOfRawData": {"FileOffset": 592, "Value": 2560, "Offset": 16}, "Misc_PhysicalAddress": {"FileOffset": 584, "Value": 24576, "Offset": 8}, "PointerToRelocations": {"FileOffset": 600, "Value": 0, "Offset": 24}, "Flags": ["IMAGE_SCN_MEM_EXECUTE", "IMAGE_SCN_MEM_WRITE", "IMAGE_SCN_CNT_CODE", "IMAGE_SCN_MEM_READ"], "SHA512": "1ca007a988535b86b5d22d3d92a7d8653617cd8d8960967134594bf91a70b843fcbcdb08f75e046a579bec1242c9e07847c972b1514a3e919378458e6bc86429", "MD5": "1013d1fcd93d0e7e8e1c07c2a0af411a", "Entropy": 7.070605782583017, "VirtualAddress": {"FileOffset": 588, "Value": 327680, "Offset": 12}, "Structure": "IMAGE_SECTION_HEADER", "NumberOfLinenumbers": {"FileOffset": 610, "Value": 0, "Offset": 34}}]}
