{"DllCharacteristics": [], "Exported symbols": [{"MajorVersion": {"FileOffset": 31256, "Value": 0, "Offset": 8}, "AddressOfFunctions": {"FileOffset": 31276, "Value": 36920, "Offset": 28}, "Name": {"FileOffset": 31260, "Value": 36970, "Offset": 12}, "TimeDateStamp": {"FileOffset": 31252, "Value": "0x49BFA3D5 [Tue Mar 17 13:21:25 2009 UTC]", "Offset": 4}, "Characteristics": {"FileOffset": 31248, "Value": 0, "Offset": 0}, "AddressOfNames": {"FileOffset": 31280, "Value": 36940, "Offset": 32}, "AddressOfNameOrdinals": {"FileOffset": 31284, "Value": 36960, "Offset": 36}, "Base": {"FileOffset": 31264, "Value": 1, "Offset": 16}, "NumberOfFunctions": {"FileOffset": 31268, "Value": 5, "Offset": 20}, "NumberOfNames": {"FileOffset": 31272, "Value": 5, "Offset": 24}, "Structure": "IMAGE_EXPORT_DIRECTORY", "MinorVersion": {"FileOffset": 31258, "Value": 0, "Offset": 10}}, {"Ordinal": 1, "RVA": 12161, "Name": "InstallService"}, {"Ordinal": 2, "RVA": 13137, "Name": "RundllInstallA"}, {"Ordinal": 3, "RVA": 13383, "Name": "RundllUninstallA"}, {"Ordinal": 4, "RVA": 22498, "Name": "ServiceMain"}, {"Ordinal": 5, "RVA": 13149, "Name": "UninstallService"}], "FILE_HEADER": {"NumberOfSections": {"FileOffset": 254, "Value": 5, "Offset": 2}, "TimeDateStamp": {"FileOffset": 256, "Value": "0x49BFA3D5 [Tue Mar 17 13:21:25 2009 UTC]", "Offset": 4}, "PointerToSymbolTable": {"FileOffset": 260, "Value": 0, "Offset": 8}, "NumberOfSymbols": {"FileOffset": 264, "Value": 0, "Offset": 12}, "Machine": {"FileOffset": 252, "Value": 332, "Offset": 0}, "Characteristics": {"FileOffset": 270, "Value": 8450, "Offset": 18}, "SizeOfOptionalHeader": {"FileOffset": 268, "Value": 224, "Offset": 16}, "Structure": "IMAGE_FILE_HEADER"}, "Directories": [{"VirtualAddress": {"FileOffset": 368, "Value": 36880, "Offset": 0}, "Structure": "IMAGE_DIRECTORY_ENTRY_EXPORT", "Size": {"FileOffset": 372, "Value": 177, "Offset": 4}}, {"VirtualAddress": {"FileOffset": 376, "Value": 33476, "Offset": 0}, "Structure": "IMAGE_DIRECTORY_ENTRY_IMPORT", "Size": {"FileOffset": 380, "Value": 180, "Offset": 4}}, {"VirtualAddress": {"FileOffset": 384, "Value": 94208, "Offset": 0}, "Structure": "IMAGE_DIRECTORY_ENTRY_RESOURCE", "Size": {"FileOffset": 388, "Value": 428, "Offset": 4}}, {"VirtualAddress": {"FileOffset": 392, "Value": 0, "Offset": 0}, "Structure": "IMAGE_DIRECTORY_ENTRY_EXCEPTION", "Size": {"FileOffset": 396, "Value": 0, "Offset": 4}}, {"VirtualAddress": {"FileOffset": 400, "Value": 0, "Offset": 0}, "Structure": "IMAGE_DIRECTORY_ENTRY_SECURITY", "Size": {"FileOffset": 404, "Value": 0, "Offset": 4}}, {"VirtualAddress": {"FileOffset": 408, "Value": 98304, "Offset": 0}, "Structure": "IMAGE_DIRECTORY_ENTRY_BASERELOC", "Size": {"FileOffset": 412, "Value": 2112, "Offset": 4}}, {"VirtualAddress": {"FileOffset": 416, "Value": 0, "Offset": 0}, "Structure": "IMAGE_DIRECTORY_ENTRY_DEBUG", "Size": {"FileOffset": 420, "Value": 0, "Offset": 4}}, {"VirtualAddress": {"FileOffset": 424, "Value": 0, "Offset": 0}, "Structure": "IMAGE_DIRECTORY_ENTRY_COPYRIGHT", "Size": {"FileOffset": 428, "Value": 0, "Offset": 4}}, {"VirtualAddress": {"FileOffset": 432, "Value": 0, "Offset": 0}, "Structure": "IMAGE_DIRECTORY_ENTRY_GLOBALPTR", "Size": {"FileOffset": 436, "Value": 0, "Offset": 4}}, {"VirtualAddress": {"FileOffset": 440, "Value": 0, "Offset": 0}, "Structure": "IMAGE_DIRECTORY_ENTRY_TLS", "Size": {"FileOffset": 444, "Value": 0, "Offset": 4}}, {"VirtualAddress": {"FileOffset": 448, "Value": 32728, "Offset": 0}, "Structure": "IMAGE_DIRECTORY_ENTRY_LOAD_CONFIG", "Size": {"FileOffset": 452, "Value": 64, "Offset": 4}}, {"VirtualAddress": {"FileOffset": 456, "Value": 0, "Offset": 0}, "Structure": "IMAGE_DIRECTORY_ENTRY_BOUND_IMPORT", "Size": {"FileOffset": 460, "Value": 0, "Offset": 4}}, {"VirtualAddress": {"FileOffset": 464, "Value": 28672, "Offset": 0}, "Structure": "IMAGE_DIRECTORY_ENTRY_IAT", "Size": {"FileOffset": 468, "Value": 688, "Offset": 4}}, {"VirtualAddress": {"FileOffset": 472, "Value": 0, "Offset": 0}, "Structure": "IMAGE_DIRECTORY_ENTRY_DELAY_IMPORT", "Size": {"FileOffset": 476, "Value": 0, "Offset": 4}}, {"VirtualAddress": {"FileOffset": 480, "Value": 0, "Offset": 0}, "Structure": "IMAGE_DIRECTORY_ENTRY_COM_DESCRIPTOR", "Size": {"FileOffset": 484, "Value": 0, "Offset": 4}}, {"VirtualAddress": {"FileOffset": 488, "Value": 0, "Offset": 0}, "Structure": "IMAGE_DIRECTORY_ENTRY_RESERVED", "Size": {"FileOffset": 492, "Value": 0, "Offset": 4}}], "OPTIONAL_HEADER": {"DllCharacteristics": {"FileOffset": 342, "Value": 0, "Offset": 70}, "BaseOfCode": {"FileOffset": 292, "Value": 4096, "Offset": 20}, "MajorLinkerVersion": {"FileOffset": 274, "Value": 8, "Offset": 2}, "MinorOperatingSystemVersion": {"FileOffset": 314, "Value": 0, "Offset": 42}, "MinorLinkerVersion": {"FileOffset": 275, "Value": 0, "Offset": 3}, "MajorSubsystemVersion": {"FileOffset": 320, "Value": 4, "Offset": 48}, "MajorOperatingSystemVersion": {"FileOffset": 312, "Value": 4, "Offset": 40}, "SizeOfStackCommit": {"FileOffset": 348, "Value": 4096, "Offset": 76}, "SizeOfUninitializedData": {"FileOffset": 284, "Value": 0, "Offset": 12}, "NumberOfRvaAndSizes": {"FileOffset": 364, "Value": 16, "Offset": 92}, "SizeOfHeapReserve": {"FileOffset": 352, "Value": 1048576, "Offset": 80}, "LoaderFlags": {"FileOffset": 360, "Value": 0, "Offset": 88}, "SizeOfHeapCommit": {"FileOffset": 356, "Value": 4096, "Offset": 84}, "SizeOfStackReserve": {"FileOffset": 344, "Value": 1048576, "Offset": 72}, "Structure": "IMAGE_OPTIONAL_HEADER", "SizeOfHeaders": {"FileOffset": 332, "Value": 1024, "Offset": 60}, "Subsystem": {"FileOffset": 340, "Value": 2, "Offset": 68}, "Magic": {"FileOffset": 272, "Value": 267, "Offset": 0}, "MinorImageVersion": {"FileOffset": 318, "Value": 0, "Offset": 46}, "MajorImageVersion": {"FileOffset": 316, "Value": 0, "Offset": 44}, "FileAlignment": {"FileOffset": 308, "Value": 512, "Offset": 36}, "BaseOfData": {"FileOffset": 296, "Value": 28672, "Offset": 24}, "AddressOfEntryPoint": {"FileOffset": 288, "Value": 24146, "Offset": 16}, "SectionAlignment": {"FileOffset": 304, "Value": 4096, "Offset": 32}, "SizeOfCode": {"FileOffset": 276, "Value": 22016, "Offset": 4}, "ImageBase": {"FileOffset": 300, "Value": 1895825408, "Offset": 28}, "SizeOfInitializedData": {"FileOffset": 280, "Value": 12288, "Offset": 8}, "SizeOfImage": {"FileOffset": 328, "Value": 102400, "Offset": 56}, "MinorSubsystemVersion": {"FileOffset": 322, "Value": 0, "Offset": 50}, "CheckSum": {"FileOffset": 336, "Value": 50987, "Offset": 64}, "Reserved1": {"FileOffset": 324, "Value": 0, "Offset": 52}}, "DOS_HEADER": {"e_cblp": {"FileOffset": 2, "Value": 144, "Offset": 2}, "e_crlc": {"FileOffset": 6, "Value": 0, "Offset": 6}, "e_ovno": {"FileOffset": 26, "Value": 0, "Offset": 26}, "e_minalloc": {"FileOffset": 10, "Value": 0, "Offset": 10}, "e_csum": {"FileOffset": 18, "Value": 0, "Offset": 18}, "e_cparhdr": {"FileOffset": 8, "Value": 4, "Offset": 8}, "e_cp": {"FileOffset": 4, "Value": 3, "Offset": 4}, "e_cs": {"FileOffset": 22, "Value": 0, "Offset": 22}, "e_maxalloc": {"FileOffset": 12, "Value": 65535, "Offset": 12}, "e_lfarlc": {"FileOffset": 24, "Value": 64, "Offset": 24}, "e_oemid": {"FileOffset": 36, "Value": 0, "Offset": 36}, "e_lfanew": {"FileOffset": 60, "Value": 248, "Offset": 60}, "e_ss": {"FileOffset": 14, "Value": 0, "Offset": 14}, "e_magic": {"FileOffset": 0, "Value": 23117, "Offset": 0}, "e_oeminfo": {"FileOffset": 38, "Value": 0, "Offset": 38}, "e_res2": {"FileOffset": 40, "Value": "", "Offset": 40}, "e_res": {"FileOffset": 28, "Value": "", "Offset": 28}, "e_sp": {"FileOffset": 16, "Value": 184, "Offset": 16}, "Structure": "IMAGE_DOS_HEADER", "e_ip": {"FileOffset": 20, "Value": 0, "Offset": 20}}, "Base relocations": [[{"SizeOfBlock": {"FileOffset": 32772, "Value": 308, "Offset": 4}, "VirtualAddress": {"FileOffset": 32768, "Value": 4096, "Offset": 0}, "Structure": "IMAGE_BASE_RELOCATION"}, {"RVA": 4113, "Type": "HIGHLOW"}, {"RVA": 4120, "Type": "HIGHLOW"}, {"RVA": 4126, "Type": "HIGHLOW"}, {"RVA": 4135, "Type": "HIGHLOW"}, {"RVA": 4149, "Type": "HIGHLOW"}, {"RVA": 4194, "Type": "HIGHLOW"}, {"RVA": 4245, "Type": "HIGHLOW"}, {"RVA": 4269, "Type": "HIGHLOW"}, {"RVA": 4312, "Type": "HIGHLOW"}, {"RVA": 4332, "Type": "HIGHLOW"}, {"RVA": 4337, "Type": "HIGHLOW"}, {"RVA": 4367, "Type": "HIGHLOW"}, {"RVA": 4376, "Type": "HIGHLOW"}, {"RVA": 4391, "Type": "HIGHLOW"}, {"RVA": 4415, "Type": "HIGHLOW"}, {"RVA": 4462, "Type": "HIGHLOW"}, {"RVA": 4471, "Type": "HIGHLOW"}, {"RVA": 4486, "Type": "HIGHLOW"}, {"RVA": 4510, "Type": "HIGHLOW"}, {"RVA": 4529, "Type": "HIGHLOW"}, {"RVA": 4567, "Type": "HIGHLOW"}, {"RVA": 4574, "Type": "HIGHLOW"}, {"RVA": 4581, "Type": "HIGHLOW"}, {"RVA": 4588, "Type": "HIGHLOW"}, {"RVA": 4595, "Type": "HIGHLOW"}, {"RVA": 4644, "Type": "HIGHLOW"}, {"RVA": 4651, "Type": "HIGHLOW"}, {"RVA": 4658, "Type": "HIGHLOW"}, {"RVA": 4698, "Type": "HIGHLOW"}, {"RVA": 4705, "Type": "HIGHLOW"}, {"RVA": 4712, "Type": "HIGHLOW"}, {"RVA": 4719, "Type": "HIGHLOW"}, {"RVA": 4784, "Type": "HIGHLOW"}, {"RVA": 4867, "Type": "HIGHLOW"}, {"RVA": 4874, "Type": "HIGHLOW"}, {"RVA": 4908, "Type": "HIGHLOW"}, {"RVA": 4942, "Type": "HIGHLOW"}, {"RVA": 4948, "Type": "HIGHLOW"}, {"RVA": 4965, "Type": "HIGHLOW"}, {"RVA": 5018, "Type": "HIGHLOW"}, {"RVA": 5053, "Type": "HIGHLOW"}, {"RVA": 5110, "Type": "HIGHLOW"}, {"RVA": 5117, "Type": "HIGHLOW"}, {"RVA": 5133, "Type": "HIGHLOW"}, {"RVA": 5179, "Type": "HIGHLOW"}, {"RVA": 5186, "Type": "HIGHLOW"}, {"RVA": 5193, "Type": "HIGHLOW"}, {"RVA": 5200, "Type": "HIGHLOW"}, {"RVA": 5254, "Type": "HIGHLOW"}, {"RVA": 5261, "Type": "HIGHLOW"}, {"RVA": 5293, "Type": "HIGHLOW"}, {"RVA": 5333, "Type": "HIGHLOW"}, {"RVA": 5379, "Type": "HIGHLOW"}, {"RVA": 5408, "Type": "HIGHLOW"}, {"RVA": 5434, "Type": "HIGHLOW"}, {"RVA": 5500, "Type": "HIGHLOW"}, {"RVA": 5529, "Type": "HIGHLOW"}, {"RVA": 5537, "Type": "HIGHLOW"}, {"RVA": 5571, "Type": "HIGHLOW"}, {"RVA": 5606, "Type": "HIGHLOW"}, {"RVA": 5611, "Type": "HIGHLOW"}, {"RVA": 5617, "Type": "HIGHLOW"}, {"RVA": 5624, "Type": "HIGHLOW"}, {"RVA": 5649, "Type": "HIGHLOW"}, {"RVA": 5656, "Type": "HIGHLOW"}, {"RVA": 5677, "Type": "HIGHLOW"}, {"RVA": 5733, "Type": "HIGHLOW"}, {"RVA": 5742, "Type": "HIGHLOW"}, {"RVA": 5748, "Type": "HIGHLOW"}, {"RVA": 5765, "Type": "HIGHLOW"}, {"RVA": 5802, "Type": "HIGHLOW"}, {"RVA": 5826, "Type": "HIGHLOW"}, {"RVA": 5853, "Type": "HIGHLOW"}, {"RVA": 5905, "Type": "HIGHLOW"}, {"RVA": 5953, "Type": "HIGHLOW"}, {"RVA": 5986, "Type": "HIGHLOW"}, {"RVA": 6000, "Type": "HIGHLOW"}, {"RVA": 6039, "Type": "HIGHLOW"}, {"RVA": 6089, "Type": "HIGHLOW"}, {"RVA": 6112, "Type": "HIGHLOW"}, {"RVA": 6129, "Type": "HIGHLOW"}, {"RVA": 6151, "Type": "HIGHLOW"}, {"RVA": 6158, "Type": "HIGHLOW"}, {"RVA": 6184, "Type": "HIGHLOW"}, {"RVA": 6191, "Type": "HIGHLOW"}, {"RVA": 6212, "Type": "HIGHLOW"}, {"RVA": 6222, "Type": "HIGHLOW"}, {"RVA": 6266, "Type": "HIGHLOW"}, {"RVA": 6296, "Type": "HIGHLOW"}, {"RVA": 6396, "Type": "HIGHLOW"}, {"RVA": 6481, "Type": "HIGHLOW"}, {"RVA": 6496, "Type": "HIGHLOW"}, {"RVA": 6559, "Type": "HIGHLOW"}, {"RVA": 6577, "Type": "HIGHLOW"}, {"RVA": 6663, "Type": "HIGHLOW"}, {"RVA": 6681, "Type": "HIGHLOW"}, {"RVA": 6732, "Type": "HIGHLOW"}, {"RVA": 6758, "Type": "HIGHLOW"}, {"RVA": 6805, "Type": "HIGHLOW"}, {"RVA": 6867, "Type": "HIGHLOW"}, {"RVA": 6915, "Type": "HIGHLOW"}, {"RVA": 6925, "Type": "HIGHLOW"}, {"RVA": 6934, "Type": "HIGHLOW"}, {"RVA": 6942, "Type": "HIGHLOW"}, {"RVA": 6962, "Type": "HIGHLOW"}, {"RVA": 6991, "Type": "HIGHLOW"}, {"RVA": 7003, "Type": "HIGHLOW"}, {"RVA": 7019, "Type": "HIGHLOW"}, {"RVA": 7030, "Type": "HIGHLOW"}, {"RVA": 7045, "Type": "HIGHLOW"}, {"RVA": 7060, "Type": "HIGHLOW"}, {"RVA": 7095, "Type": "HIGHLOW"}, {"RVA": 7112, "Type": "HIGHLOW"}, {"RVA": 7145, "Type": "HIGHLOW"}, {"RVA": 7176, "Type": "HIGHLOW"}, {"RVA": 7209, "Type": "HIGHLOW"}, {"RVA": 7239, "Type": "HIGHLOW"}, {"RVA": 7403, "Type": "HIGHLOW"}, {"RVA": 7436, "Type": "HIGHLOW"}, {"RVA": 7462, "Type": "HIGHLOW"}, {"RVA": 7508, "Type": "HIGHLOW"}, {"RVA": 7528, "Type": "HIGHLOW"}, {"RVA": 7535, "Type": "HIGHLOW"}, {"RVA": 7599, "Type": "HIGHLOW"}, {"RVA": 7609, "Type": "HIGHLOW"}, {"RVA": 7618, "Type": "HIGHLOW"}, {"RVA": 7624, "Type": "HIGHLOW"}, {"RVA": 7647, "Type": "HIGHLOW"}, {"RVA": 7669, "Type": "HIGHLOW"}, {"RVA": 7684, "Type": "HIGHLOW"}, {"RVA": 7747, "Type": "HIGHLOW"}, {"RVA": 7762, "Type": "HIGHLOW"}, {"RVA": 7785, "Type": "HIGHLOW"}, {"RVA": 7796, "Type": "HIGHLOW"}, {"RVA": 7801, "Type": "HIGHLOW"}, {"RVA": 7821, "Type": "HIGHLOW"}, {"RVA": 7831, "Type": "HIGHLOW"}, {"RVA": 7849, "Type": "HIGHLOW"}, {"RVA": 7867, "Type": "HIGHLOW"}, {"RVA": 7872, "Type": "HIGHLOW"}, {"RVA": 7894, "Type": "HIGHLOW"}, {"RVA": 7929, "Type": "HIGHLOW"}, {"RVA": 7934, "Type": "HIGHLOW"}, {"RVA": 7961, "Type": "HIGHLOW"}, {"RVA": 7966, "Type": "HIGHLOW"}, {"RVA": 7985, "Type": "HIGHLOW"}, {"RVA": 8047, "Type": "HIGHLOW"}, {"RVA": 8072, "Type": "HIGHLOW"}, {"RVA": 8099, "Type": "HIGHLOW"}, {"RVA": 8137, "Type": "HIGHLOW"}], [{"SizeOfBlock": {"FileOffset": 33080, "Value": 324, "Offset": 4}, "VirtualAddress": {"FileOffset": 33076, "Value": 8192, "Offset": 0}, "Structure": "IMAGE_BASE_RELOCATION"}, {"RVA": 8195, "Type": "HIGHLOW"}, {"RVA": 8222, "Type": "HIGHLOW"}, {"RVA": 8250, "Type": "HIGHLOW"}, {"RVA": 8298, "Type": "HIGHLOW"}, {"RVA": 8310, "Type": "HIGHLOW"}, {"RVA": 8316, "Type": "HIGHLOW"}, {"RVA": 8337, "Type": "HIGHLOW"}, {"RVA": 8347, "Type": "HIGHLOW"}, {"RVA": 8358, "Type": "HIGHLOW"}, {"RVA": 8383, "Type": "HIGHLOW"}, {"RVA": 8411, "Type": "HIGHLOW"}, {"RVA": 8420, "Type": "HIGHLOW"}, {"RVA": 8426, "Type": "HIGHLOW"}, {"RVA": 8447, "Type": "HIGHLOW"}, {"RVA": 8460, "Type": "HIGHLOW"}, {"RVA": 8492, "Type": "HIGHLOW"}, {"RVA": 8503, "Type": "HIGHLOW"}, {"RVA": 8509, "Type": "HIGHLOW"}, {"RVA": 8523, "Type": "HIGHLOW"}, {"RVA": 8544, "Type": "HIGHLOW"}, {"RVA": 8565, "Type": "HIGHLOW"}, {"RVA": 8582, "Type": "HIGHLOW"}, {"RVA": 8599, "Type": "HIGHLOW"}, {"RVA": 8616, "Type": "HIGHLOW"}, {"RVA": 8633, "Type": "HIGHLOW"}, {"RVA": 8650, "Type": "HIGHLOW"}, {"RVA": 8667, "Type": "HIGHLOW"}, {"RVA": 8684, "Type": "HIGHLOW"}, {"RVA": 8726, "Type": "HIGHLOW"}, {"RVA": 8737, "Type": "HIGHLOW"}, {"RVA": 8804, "Type": "HIGHLOW"}, {"RVA": 8853, "Type": "HIGHLOW"}, {"RVA": 8861, "Type": "HIGHLOW"}, {"RVA": 8874, "Type": "HIGHLOW"}, {"RVA": 8893, "Type": "HIGHLOW"}, {"RVA": 8947, "Type": "HIGHLOW"}, {"RVA": 8953, "Type": "HIGHLOW"}, {"RVA": 8981, "Type": "HIGHLOW"}, {"RVA": 9006, "Type": "HIGHLOW"}, {"RVA": 9014, "Type": "HIGHLOW"}, {"RVA": 9048, "Type": "HIGHLOW"}, {"RVA": 9055, "Type": "HIGHLOW"}, {"RVA": 9089, "Type": "HIGHLOW"}, {"RVA": 9106, "Type": "HIGHLOW"}, {"RVA": 9119, "Type": "HIGHLOW"}, {"RVA": 9142, "Type": "HIGHLOW"}, {"RVA": 9200, "Type": "HIGHLOW"}, {"RVA": 9216, "Type": "HIGHLOW"}, {"RVA": 9313, "Type": "HIGHLOW"}, {"RVA": 9404, "Type": "HIGHLOW"}, {"RVA": 9418, "Type": "HIGHLOW"}, {"RVA": 9464, "Type": "HIGHLOW"}, {"RVA": 9479, "Type": "HIGHLOW"}, {"RVA": 9502, "Type": "HIGHLOW"}, {"RVA": 9507, "Type": "HIGHLOW"}, {"RVA": 9517, "Type": "HIGHLOW"}, {"RVA": 9524, "Type": "HIGHLOW"}, {"RVA": 9534, "Type": "HIGHLOW"}, {"RVA": 9586, "Type": "HIGHLOW"}, {"RVA": 9631, "Type": "HIGHLOW"}, {"RVA": 9653, "Type": "HIGHLOW"}, {"RVA": 9660, "Type": "HIGHLOW"}, {"RVA": 9739, "Type": "HIGHLOW"}, {"RVA": 9784, "Type": "HIGHLOW"}, {"RVA": 9807, "Type": "HIGHLOW"}, {"RVA": 9823, "Type": "HIGHLOW"}, {"RVA": 9856, "Type": "HIGHLOW"}, {"RVA": 9868, "Type": "HIGHLOW"}, {"RVA": 9876, "Type": "HIGHLOW"}, {"RVA": 9882, "Type": "HIGHLOW"}, {"RVA": 9910, "Type": "HIGHLOW"}, {"RVA": 9948, "Type": "HIGHLOW"}, {"RVA": 10060, "Type": "HIGHLOW"}, {"RVA": 10202, "Type": "HIGHLOW"}, {"RVA": 10239, "Type": "HIGHLOW"}, {"RVA": 10272, "Type": "HIGHLOW"}, {"RVA": 10279, "Type": "HIGHLOW"}, {"RVA": 10296, "Type": "HIGHLOW"}, {"RVA": 10319, "Type": "HIGHLOW"}, {"RVA": 10324, "Type": "HIGHLOW"}, {"RVA": 10330, "Type": "HIGHLOW"}, {"RVA": 10336, "Type": "HIGHLOW"}, {"RVA": 10346, "Type": "HIGHLOW"}, {"RVA": 10355, "Type": "HIGHLOW"}, {"RVA": 10379, "Type": "HIGHLOW"}, {"RVA": 10388, "Type": "HIGHLOW"}, {"RVA": 10395, "Type": "HIGHLOW"}, {"RVA": 10403, "Type": "HIGHLOW"}, {"RVA": 10409, "Type": "HIGHLOW"}, {"RVA": 10432, "Type": "HIGHLOW"}, {"RVA": 10438, "Type": "HIGHLOW"}, {"RVA": 10445, "Type": "HIGHLOW"}, {"RVA": 10452, "Type": "HIGHLOW"}, {"RVA": 10459, "Type": "HIGHLOW"}, {"RVA": 10468, "Type": "HIGHLOW"}, {"RVA": 10477, "Type": "HIGHLOW"}, {"RVA": 10483, "Type": "HIGHLOW"}, {"RVA": 10491, "Type": "HIGHLOW"}, {"RVA": 10507, "Type": "HIGHLOW"}, {"RVA": 10514, "Type": "HIGHLOW"}, {"RVA": 10520, "Type": "HIGHLOW"}, {"RVA": 10527, "Type": "HIGHLOW"}, {"RVA": 10534, "Type": "HIGHLOW"}, {"RVA": 10550, "Type": "HIGHLOW"}, {"RVA": 10559, "Type": "HIGHLOW"}, {"RVA": 10574, "Type": "HIGHLOW"}, {"RVA": 10580, "Type": "HIGHLOW"}, {"RVA": 10586, "Type": "HIGHLOW"}, {"RVA": 10597, "Type": "HIGHLOW"}, {"RVA": 10740, "Type": "HIGHLOW"}, {"RVA": 10772, "Type": "HIGHLOW"}, {"RVA": 10783, "Type": "HIGHLOW"}, {"RVA": 10817, "Type": "HIGHLOW"}, {"RVA": 10845, "Type": "HIGHLOW"}, {"RVA": 10855, "Type": "HIGHLOW"}, {"RVA": 10860, "Type": "HIGHLOW"}, {"RVA": 10866, "Type": "HIGHLOW"}, {"RVA": 10891, "Type": "HIGHLOW"}, {"RVA": 10903, "Type": "HIGHLOW"}, {"RVA": 10910, "Type": "HIGHLOW"}, {"RVA": 10917, "Type": "HIGHLOW"}, {"RVA": 10926, "Type": "HIGHLOW"}, {"RVA": 10938, "Type": "HIGHLOW"}, {"RVA": 10952, "Type": "HIGHLOW"}, {"RVA": 11000, "Type": "HIGHLOW"}, {"RVA": 11014, "Type": "HIGHLOW"}, {"RVA": 11071, "Type": "HIGHLOW"}, {"RVA": 11129, "Type": "HIGHLOW"}, {"RVA": 11158, "Type": "HIGHLOW"}, {"RVA": 11204, "Type": "HIGHLOW"}, {"RVA": 11209, "Type": "HIGHLOW"}, {"RVA": 11214, "Type": "HIGHLOW"}, {"RVA": 11220, "Type": "HIGHLOW"}, {"RVA": 11231, "Type": "HIGHLOW"}, {"RVA": 11238, "Type": "HIGHLOW"}, {"RVA": 11245, "Type": "HIGHLOW"}, {"RVA": 11253, "Type": "HIGHLOW"}, {"RVA": 11265, "Type": "HIGHLOW"}, {"RVA": 11281, "Type": "HIGHLOW"}, {"RVA": 11337, "Type": "HIGHLOW"}, {"RVA": 11343, "Type": "HIGHLOW"}, {"RVA": 11403, "Type": "HIGHLOW"}, {"RVA": 11518, "Type": "HIGHLOW"}, {"RVA": 11790, "Type": "HIGHLOW"}, {"RVA": 11827, "Type": "HIGHLOW"}, {"RVA": 11868, "Type": "HIGHLOW"}, {"RVA": 11988, "Type": "HIGHLOW"}, {"RVA": 11993, "Type": "HIGHLOW"}, {"RVA": 12073, "Type": "HIGHLOW"}, {"RVA": 12149, "Type": "HIGHLOW"}, {"RVA": 12156, "Type": "HIGHLOW"}, {"RVA": 12173, "Type": "HIGHLOW"}, {"RVA": 12188, "Type": "HIGHLOW"}, {"RVA": 12229, "Type": "HIGHLOW"}, {"RVA": 12250, "Type": "HIGHLOW"}, {"RVA": 12260, "Type": "HIGHLOW"}, {"RVA": 12274, "Type": "HIGHLOW"}, {"RVA": 8192, "Type": "ABSOLUTE"}], [{"SizeOfBlock": {"FileOffset": 33404, "Value": 412, "Offset": 4}, "VirtualAddress": {"FileOffset": 33400, "Value": 12288, "Offset": 0}, "Structure": "IMAGE_BASE_RELOCATION"}, {"RVA": 12289, "Type": "HIGHLOW"}, {"RVA": 12294, "Type": "HIGHLOW"}, {"RVA": 12321, "Type": "HIGHLOW"}, {"RVA": 12337, "Type": "HIGHLOW"}, {"RVA": 12349, "Type": "HIGHLOW"}, {"RVA": 12358, "Type": "HIGHLOW"}, {"RVA": 12370, "Type": "HIGHLOW"}, {"RVA": 12375, "Type": "HIGHLOW"}, {"RVA": 12386, "Type": "HIGHLOW"}, {"RVA": 12403, "Type": "HIGHLOW"}, {"RVA": 12429, "Type": "HIGHLOW"}, {"RVA": 12448, "Type": "HIGHLOW"}, {"RVA": 12472, "Type": "HIGHLOW"}, {"RVA": 12477, "Type": "HIGHLOW"}, {"RVA": 12499, "Type": "HIGHLOW"}, {"RVA": 12513, "Type": "HIGHLOW"}, {"RVA": 12518, "Type": "HIGHLOW"}, {"RVA": 12536, "Type": "HIGHLOW"}, {"RVA": 12555, "Type": "HIGHLOW"}, {"RVA": 12565, "Type": "HIGHLOW"}, {"RVA": 12578, "Type": "HIGHLOW"}, {"RVA": 12590, "Type": "HIGHLOW"}, {"RVA": 12605, "Type": "HIGHLOW"}, {"RVA": 12610, "Type": "HIGHLOW"}, {"RVA": 12626, "Type": "HIGHLOW"}, {"RVA": 12637, "Type": "HIGHLOW"}, {"RVA": 12662, "Type": "HIGHLOW"}, {"RVA": 12676, "Type": "HIGHLOW"}, {"RVA": 12691, "Type": "HIGHLOW"}, {"RVA": 12713, "Type": "HIGHLOW"}, {"RVA": 12729, "Type": "HIGHLOW"}, {"RVA": 12744, "Type": "HIGHLOW"}, {"RVA": 12749, "Type": "HIGHLOW"}, {"RVA": 12765, "Type": "HIGHLOW"}, {"RVA": 12797, "Type": "HIGHLOW"}, {"RVA": 12806, "Type": "HIGHLOW"}, {"RVA": 12812, "Type": "HIGHLOW"}, {"RVA": 12830, "Type": "HIGHLOW"}, {"RVA": 12835, "Type": "HIGHLOW"}, {"RVA": 12852, "Type": "HIGHLOW"}, {"RVA": 12861, "Type": "HIGHLOW"}, {"RVA": 12879, "Type": "HIGHLOW"}, {"RVA": 12884, "Type": "HIGHLOW"}, {"RVA": 12907, "Type": "HIGHLOW"}, {"RVA": 12913, "Type": "HIGHLOW"}, {"RVA": 12924, "Type": "HIGHLOW"}, {"RVA": 12929, "Type": "HIGHLOW"}, {"RVA": 12961, "Type": "HIGHLOW"}, {"RVA": 12970, "Type": "HIGHLOW"}, {"RVA": 12988, "Type": "HIGHLOW"}, {"RVA": 12993, "Type": "HIGHLOW"}, {"RVA": 13020, "Type": "HIGHLOW"}, {"RVA": 13027, "Type": "HIGHLOW"}, {"RVA": 13043, "Type": "HIGHLOW"}, {"RVA": 13050, "Type": "HIGHLOW"}, {"RVA": 13060, "Type": "HIGHLOW"}, {"RVA": 13076, "Type": "HIGHLOW"}, {"RVA": 13152, "Type": "HIGHLOW"}, {"RVA": 13178, "Type": "HIGHLOW"}, {"RVA": 13191, "Type": "HIGHLOW"}, {"RVA": 13200, "Type": "HIGHLOW"}, {"RVA": 13226, "Type": "HIGHLOW"}, {"RVA": 13257, "Type": "HIGHLOW"}, {"RVA": 13270, "Type": "HIGHLOW"}, {"RVA": 13282, "Type": "HIGHLOW"}, {"RVA": 13299, "Type": "HIGHLOW"}, {"RVA": 13311, "Type": "HIGHLOW"}, {"RVA": 13338, "Type": "HIGHLOW"}, {"RVA": 13361, "Type": "HIGHLOW"}, {"RVA": 13421, "Type": "HIGHLOW"}, {"RVA": 13500, "Type": "HIGHLOW"}, {"RVA": 13557, "Type": "HIGHLOW"}, {"RVA": 13563, "Type": "HIGHLOW"}, {"RVA": 13577, "Type": "HIGHLOW"}, {"RVA": 13582, "Type": "HIGHLOW"}, {"RVA": 13614, "Type": "HIGHLOW"}, {"RVA": 13620, "Type": "HIGHLOW"}, {"RVA": 13663, "Type": "HIGHLOW"}, {"RVA": 13683, "Type": "HIGHLOW"}, {"RVA": 13702, "Type": "HIGHLOW"}, {"RVA": 13720, "Type": "HIGHLOW"}, {"RVA": 13725, "Type": "HIGHLOW"}, {"RVA": 13732, "Type": "HIGHLOW"}, {"RVA": 13758, "Type": "HIGHLOW"}, {"RVA": 13763, "Type": "HIGHLOW"}, {"RVA": 13780, "Type": "HIGHLOW"}, {"RVA": 13791, "Type": "HIGHLOW"}, {"RVA": 13803, "Type": "HIGHLOW"}, {"RVA": 13809, "Type": "HIGHLOW"}, {"RVA": 13817, "Type": "HIGHLOW"}, {"RVA": 13825, "Type": "HIGHLOW"}, {"RVA": 13833, "Type": "HIGHLOW"}, {"RVA": 13842, "Type": "HIGHLOW"}, {"RVA": 13853, "Type": "HIGHLOW"}, {"RVA": 13859, "Type": "HIGHLOW"}, {"RVA": 13879, "Type": "HIGHLOW"}, {"RVA": 13885, "Type": "HIGHLOW"}, {"RVA": 13905, "Type": "HIGHLOW"}, {"RVA": 13928, "Type": "HIGHLOW"}, {"RVA": 13934, "Type": "HIGHLOW"}, {"RVA": 13962, "Type": "HIGHLOW"}, {"RVA": 14008, "Type": "HIGHLOW"}, {"RVA": 14030, "Type": "HIGHLOW"}, {"RVA": 14082, "Type": "HIGHLOW"}, {"RVA": 14109, "Type": "HIGHLOW"}, {"RVA": 14114, "Type": "HIGHLOW"}, {"RVA": 14120, "Type": "HIGHLOW"}, {"RVA": 14132, "Type": "HIGHLOW"}, {"RVA": 14190, "Type": "HIGHLOW"}, {"RVA": 14207, "Type": "HIGHLOW"}, {"RVA": 14227, "Type": "HIGHLOW"}, {"RVA": 14258, "Type": "HIGHLOW"}, {"RVA": 14263, "Type": "HIGHLOW"}, {"RVA": 14280, "Type": "HIGHLOW"}, {"RVA": 14291, "Type": "HIGHLOW"}, {"RVA": 14333, "Type": "HIGHLOW"}, {"RVA": 14344, "Type": "HIGHLOW"}, {"RVA": 14375, "Type": "HIGHLOW"}, {"RVA": 14458, "Type": "HIGHLOW"}, {"RVA": 14476, "Type": "HIGHLOW"}, {"RVA": 14493, "Type": "HIGHLOW"}, {"RVA": 14506, "Type": "HIGHLOW"}, {"RVA": 14524, "Type": "HIGHLOW"}, {"RVA": 14530, "Type": "HIGHLOW"}, {"RVA": 14541, "Type": "HIGHLOW"}, {"RVA": 14552, "Type": "HIGHLOW"}, {"RVA": 14569, "Type": "HIGHLOW"}, {"RVA": 14685, "Type": "HIGHLOW"}, {"RVA": 14703, "Type": "HIGHLOW"}, {"RVA": 14719, "Type": "HIGHLOW"}, {"RVA": 14742, "Type": "HIGHLOW"}, {"RVA": 14763, "Type": "HIGHLOW"}, {"RVA": 14794, "Type": "HIGHLOW"}, {"RVA": 14799, "Type": "HIGHLOW"}, {"RVA": 14816, "Type": "HIGHLOW"}, {"RVA": 14827, "Type": "HIGHLOW"}, {"RVA": 14842, "Type": "HIGHLOW"}, {"RVA": 14848, "Type": "HIGHLOW"}, {"RVA": 14854, "Type": "HIGHLOW"}, {"RVA": 14864, "Type": "HIGHLOW"}, {"RVA": 14895, "Type": "HIGHLOW"}, {"RVA": 14900, "Type": "HIGHLOW"}, {"RVA": 14917, "Type": "HIGHLOW"}, {"RVA": 14928, "Type": "HIGHLOW"}, {"RVA": 14970, "Type": "HIGHLOW"}, {"RVA": 14995, "Type": "HIGHLOW"}, {"RVA": 15001, "Type": "HIGHLOW"}, {"RVA": 15026, "Type": "HIGHLOW"}, {"RVA": 15039, "Type": "HIGHLOW"}, {"RVA": 15060, "Type": "HIGHLOW"}, {"RVA": 15066, "Type": "HIGHLOW"}, {"RVA": 15077, "Type": "HIGHLOW"}, {"RVA": 15088, "Type": "HIGHLOW"}, {"RVA": 15113, "Type": "HIGHLOW"}, {"RVA": 15132, "Type": "HIGHLOW"}, {"RVA": 15139, "Type": "HIGHLOW"}, {"RVA": 15156, "Type": "HIGHLOW"}, {"RVA": 15169, "Type": "HIGHLOW"}, {"RVA": 15176, "Type": "HIGHLOW"}, {"RVA": 15201, "Type": "HIGHLOW"}, {"RVA": 15206, "Type": "HIGHLOW"}, {"RVA": 15223, "Type": "HIGHLOW"}, {"RVA": 15234, "Type": "HIGHLOW"}, {"RVA": 15249, "Type": "HIGHLOW"}, {"RVA": 15276, "Type": "HIGHLOW"}, {"RVA": 15283, "Type": "HIGHLOW"}, {"RVA": 15289, "Type": "HIGHLOW"}, {"RVA": 15393, "Type": "HIGHLOW"}, {"RVA": 15403, "Type": "HIGHLOW"}, {"RVA": 15448, "Type": "HIGHLOW"}, {"RVA": 15456, "Type": "HIGHLOW"}, {"RVA": 15479, "Type": "HIGHLOW"}, {"RVA": 15485, "Type": "HIGHLOW"}, {"RVA": 15506, "Type": "HIGHLOW"}, {"RVA": 15528, "Type": "HIGHLOW"}, {"RVA": 15559, "Type": "HIGHLOW"}, {"RVA": 15564, "Type": "HIGHLOW"}, {"RVA": 15581, "Type": "HIGHLOW"}, {"RVA": 15592, "Type": "HIGHLOW"}, {"RVA": 15602, "Type": "HIGHLOW"}, {"RVA": 15625, "Type": "HIGHLOW"}, {"RVA": 15632, "Type": "HIGHLOW"}, {"RVA": 15674, "Type": "HIGHLOW"}, {"RVA": 15690, "Type": "HIGHLOW"}, {"RVA": 15770, "Type": "HIGHLOW"}, {"RVA": 15892, "Type": "HIGHLOW"}, {"RVA": 15950, "Type": "HIGHLOW"}, {"RVA": 15968, "Type": "HIGHLOW"}, {"RVA": 16006, "Type": "HIGHLOW"}, {"RVA": 16036, "Type": "HIGHLOW"}, {"RVA": 16067, "Type": "HIGHLOW"}, {"RVA": 16081, "Type": "HIGHLOW"}, {"RVA": 16097, "Type": "HIGHLOW"}, {"RVA": 16116, "Type": "HIGHLOW"}, {"RVA": 16129, "Type": "HIGHLOW"}, {"RVA": 16140, "Type": "HIGHLOW"}, {"RVA": 16172, "Type": "HIGHLOW"}, {"RVA": 16177, "Type": "HIGHLOW"}, {"RVA": 16189, "Type": "HIGHLOW"}, {"RVA": 16213, "Type": "HIGHLOW"}, {"RVA": 16229, "Type": "HIGHLOW"}, {"RVA": 16309, "Type": "HIGHLOW"}], [{"SizeOfBlock": {"FileOffset": 33816, "Value": 368, "Offset": 4}, "VirtualAddress": {"FileOffset": 33812, "Value": 16384, "Offset": 0}, "Structure": "IMAGE_BASE_RELOCATION"}, {"RVA": 16432, "Type": "HIGHLOW"}, {"RVA": 16445, "Type": "HIGHLOW"}, {"RVA": 16478, "Type": "HIGHLOW"}, {"RVA": 16491, "Type": "HIGHLOW"}, {"RVA": 16523, "Type": "HIGHLOW"}, {"RVA": 16528, "Type": "HIGHLOW"}, {"RVA": 16544, "Type": "HIGHLOW"}, {"RVA": 16599, "Type": "HIGHLOW"}, {"RVA": 16612, "Type": "HIGHLOW"}, {"RVA": 16644, "Type": "HIGHLOW"}, {"RVA": 16649, "Type": "HIGHLOW"}, {"RVA": 16670, "Type": "HIGHLOW"}, {"RVA": 16698, "Type": "HIGHLOW"}, {"RVA": 16714, "Type": "HIGHLOW"}, {"RVA": 16745, "Type": "HIGHLOW"}, {"RVA": 16759, "Type": "HIGHLOW"}, {"RVA": 16765, "Type": "HIGHLOW"}, {"RVA": 16796, "Type": "HIGHLOW"}, {"RVA": 16822, "Type": "HIGHLOW"}, {"RVA": 16863, "Type": "HIGHLOW"}, {"RVA": 16893, "Type": "HIGHLOW"}, {"RVA": 16924, "Type": "HIGHLOW"}, {"RVA": 16938, "Type": "HIGHLOW"}, {"RVA": 16947, "Type": "HIGHLOW"}, {"RVA": 16976, "Type": "HIGHLOW"}, {"RVA": 17008, "Type": "HIGHLOW"}, {"RVA": 17013, "Type": "HIGHLOW"}, {"RVA": 17036, "Type": "HIGHLOW"}, {"RVA": 17058, "Type": "HIGHLOW"}, {"RVA": 17073, "Type": "HIGHLOW"}, {"RVA": 17169, "Type": "HIGHLOW"}, {"RVA": 17276, "Type": "HIGHLOW"}, {"RVA": 17303, "Type": "HIGHLOW"}, {"RVA": 17330, "Type": "HIGHLOW"}, {"RVA": 17357, "Type": "HIGHLOW"}, {"RVA": 17378, "Type": "HIGHLOW"}, {"RVA": 17387, "Type": "HIGHLOW"}, {"RVA": 17443, "Type": "HIGHLOW"}, {"RVA": 17450, "Type": "HIGHLOW"}, {"RVA": 17481, "Type": "HIGHLOW"}, {"RVA": 17506, "Type": "HIGHLOW"}, {"RVA": 17517, "Type": "HIGHLOW"}, {"RVA": 17524, "Type": "HIGHLOW"}, {"RVA": 17538, "Type": "HIGHLOW"}, {"RVA": 17546, "Type": "HIGHLOW"}, {"RVA": 17562, "Type": "HIGHLOW"}, {"RVA": 17577, "Type": "HIGHLOW"}, {"RVA": 17592, "Type": "HIGHLOW"}, {"RVA": 17610, "Type": "HIGHLOW"}, {"RVA": 17625, "Type": "HIGHLOW"}, {"RVA": 17642, "Type": "HIGHLOW"}, {"RVA": 17659, "Type": "HIGHLOW"}, {"RVA": 17672, "Type": "HIGHLOW"}, {"RVA": 17679, "Type": "HIGHLOW"}, {"RVA": 17710, "Type": "HIGHLOW"}, {"RVA": 17717, "Type": "HIGHLOW"}, {"RVA": 17733, "Type": "HIGHLOW"}, {"RVA": 17744, "Type": "HIGHLOW"}, {"RVA": 17758, "Type": "HIGHLOW"}, {"RVA": 17786, "Type": "HIGHLOW"}, {"RVA": 17795, "Type": "HIGHLOW"}, {"RVA": 17821, "Type": "HIGHLOW"}, {"RVA": 17834, "Type": "HIGHLOW"}, {"RVA": 17845, "Type": "HIGHLOW"}, {"RVA": 17877, "Type": "HIGHLOW"}, {"RVA": 17882, "Type": "HIGHLOW"}, {"RVA": 17894, "Type": "HIGHLOW"}, {"RVA": 17902, "Type": "HIGHLOW"}, {"RVA": 17924, "Type": "HIGHLOW"}, {"RVA": 17942, "Type": "HIGHLOW"}, {"RVA": 17964, "Type": "HIGHLOW"}, {"RVA": 17969, "Type": "HIGHLOW"}, {"RVA": 17977, "Type": "HIGHLOW"}, {"RVA": 18006, "Type": "HIGHLOW"}, {"RVA": 18044, "Type": "HIGHLOW"}, {"RVA": 18051, "Type": "HIGHLOW"}, {"RVA": 18073, "Type": "HIGHLOW"}, {"RVA": 18081, "Type": "HIGHLOW"}, {"RVA": 18088, "Type": "HIGHLOW"}, {"RVA": 18095, "Type": "HIGHLOW"}, {"RVA": 18154, "Type": "HIGHLOW"}, {"RVA": 18174, "Type": "HIGHLOW"}, {"RVA": 18181, "Type": "HIGHLOW"}, {"RVA": 18203, "Type": "HIGHLOW"}, {"RVA": 18211, "Type": "HIGHLOW"}, {"RVA": 18218, "Type": "HIGHLOW"}, {"RVA": 18260, "Type": "HIGHLOW"}, {"RVA": 18265, "Type": "HIGHLOW"}, {"RVA": 18270, "Type": "HIGHLOW"}, {"RVA": 18303, "Type": "HIGHLOW"}, {"RVA": 18340, "Type": "HIGHLOW"}, {"RVA": 18348, "Type": "HIGHLOW"}, {"RVA": 18369, "Type": "HIGHLOW"}, {"RVA": 18387, "Type": "HIGHLOW"}, {"RVA": 18411, "Type": "HIGHLOW"}, {"RVA": 18426, "Type": "HIGHLOW"}, {"RVA": 18432, "Type": "HIGHLOW"}, {"RVA": 18444, "Type": "HIGHLOW"}, {"RVA": 18490, "Type": "HIGHLOW"}, {"RVA": 18510, "Type": "HIGHLOW"}, {"RVA": 18517, "Type": "HIGHLOW"}, {"RVA": 18525, "Type": "HIGHLOW"}, {"RVA": 18544, "Type": "HIGHLOW"}, {"RVA": 18549, "Type": "HIGHLOW"}, {"RVA": 18582, "Type": "HIGHLOW"}, {"RVA": 18600, "Type": "HIGHLOW"}, {"RVA": 18626, "Type": "HIGHLOW"}, {"RVA": 18666, "Type": "HIGHLOW"}, {"RVA": 18716, "Type": "HIGHLOW"}, {"RVA": 18788, "Type": "HIGHLOW"}, {"RVA": 18827, "Type": "HIGHLOW"}, {"RVA": 18832, "Type": "HIGHLOW"}, {"RVA": 18851, "Type": "HIGHLOW"}, {"RVA": 18912, "Type": "HIGHLOW"}, {"RVA": 18934, "Type": "HIGHLOW"}, {"RVA": 18947, "Type": "HIGHLOW"}, {"RVA": 18959, "Type": "HIGHLOW"}, {"RVA": 18972, "Type": "HIGHLOW"}, {"RVA": 19001, "Type": "HIGHLOW"}, {"RVA": 19009, "Type": "HIGHLOW"}, {"RVA": 19052, "Type": "HIGHLOW"}, {"RVA": 19076, "Type": "HIGHLOW"}, {"RVA": 19104, "Type": "HIGHLOW"}, {"RVA": 19135, "Type": "HIGHLOW"}, {"RVA": 19140, "Type": "HIGHLOW"}, {"RVA": 19161, "Type": "HIGHLOW"}, {"RVA": 19172, "Type": "HIGHLOW"}, {"RVA": 19188, "Type": "HIGHLOW"}, {"RVA": 19204, "Type": "HIGHLOW"}, {"RVA": 19209, "Type": "HIGHLOW"}, {"RVA": 19215, "Type": "HIGHLOW"}, {"RVA": 19234, "Type": "HIGHLOW"}, {"RVA": 19239, "Type": "HIGHLOW"}, {"RVA": 19245, "Type": "HIGHLOW"}, {"RVA": 19255, "Type": "HIGHLOW"}, {"RVA": 19261, "Type": "HIGHLOW"}, {"RVA": 19267, "Type": "HIGHLOW"}, {"RVA": 19302, "Type": "HIGHLOW"}, {"RVA": 19307, "Type": "HIGHLOW"}, {"RVA": 19313, "Type": "HIGHLOW"}, {"RVA": 19402, "Type": "HIGHLOW"}, {"RVA": 19412, "Type": "HIGHLOW"}, {"RVA": 19418, "Type": "HIGHLOW"}, {"RVA": 19424, "Type": "HIGHLOW"}, {"RVA": 19430, "Type": "HIGHLOW"}, {"RVA": 19436, "Type": "HIGHLOW"}, {"RVA": 19442, "Type": "HIGHLOW"}, {"RVA": 19448, "Type": "HIGHLOW"}, {"RVA": 19454, "Type": "HIGHLOW"}, {"RVA": 19459, "Type": "HIGHLOW"}, {"RVA": 19476, "Type": "HIGHLOW"}, {"RVA": 19484, "Type": "HIGHLOW"}, {"RVA": 19497, "Type": "HIGHLOW"}, {"RVA": 19508, "Type": "HIGHLOW"}, {"RVA": 19516, "Type": "HIGHLOW"}, {"RVA": 19570, "Type": "HIGHLOW"}, {"RVA": 19608, "Type": "HIGHLOW"}, {"RVA": 19620, "Type": "HIGHLOW"}, {"RVA": 19632, "Type": "HIGHLOW"}, {"RVA": 19644, "Type": "HIGHLOW"}, {"RVA": 19656, "Type": "HIGHLOW"}, {"RVA": 19741, "Type": "HIGHLOW"}, {"RVA": 19751, "Type": "HIGHLOW"}, {"RVA": 20104, "Type": "HIGHLOW"}, {"RVA": 20142, "Type": "HIGHLOW"}, {"RVA": 20199, "Type": "HIGHLOW"}, {"RVA": 20213, "Type": "HIGHLOW"}, {"RVA": 20223, "Type": "HIGHLOW"}, {"RVA": 20233, "Type": "HIGHLOW"}, {"RVA": 20243, "Type": "HIGHLOW"}, {"RVA": 20257, "Type": "HIGHLOW"}, {"RVA": 20299, "Type": "HIGHLOW"}, {"RVA": 20308, "Type": "HIGHLOW"}, {"RVA": 20320, "Type": "HIGHLOW"}, {"RVA": 20348, "Type": "HIGHLOW"}, {"RVA": 20368, "Type": "HIGHLOW"}, {"RVA": 20416, "Type": "HIGHLOW"}, {"RVA": 20426, "Type": "HIGHLOW"}, {"RVA": 20441, "Type": "HIGHLOW"}, {"RVA": 20470, "Type": "HIGHLOW"}], [{"SizeOfBlock": {"FileOffset": 34184, "Value": 444, "Offset": 4}, "VirtualAddress": {"FileOffset": 34180, "Value": 20480, "Offset": 0}, "Structure": "IMAGE_BASE_RELOCATION"}, {"RVA": 20501, "Type": "HIGHLOW"}, {"RVA": 20506, "Type": "HIGHLOW"}, {"RVA": 20527, "Type": "HIGHLOW"}, {"RVA": 20554, "Type": "HIGHLOW"}, {"RVA": 20560, "Type": "HIGHLOW"}, {"RVA": 20565, "Type": "HIGHLOW"}, {"RVA": 20600, "Type": "HIGHLOW"}, {"RVA": 20605, "Type": "HIGHLOW"}, {"RVA": 20629, "Type": "HIGHLOW"}, {"RVA": 20642, "Type": "HIGHLOW"}, {"RVA": 20660, "Type": "HIGHLOW"}, {"RVA": 20691, "Type": "HIGHLOW"}, {"RVA": 20696, "Type": "HIGHLOW"}, {"RVA": 20722, "Type": "HIGHLOW"}, {"RVA": 20734, "Type": "HIGHLOW"}, {"RVA": 20758, "Type": "HIGHLOW"}, {"RVA": 20782, "Type": "HIGHLOW"}, {"RVA": 20801, "Type": "HIGHLOW"}, {"RVA": 20814, "Type": "HIGHLOW"}, {"RVA": 20833, "Type": "HIGHLOW"}, {"RVA": 20846, "Type": "HIGHLOW"}, {"RVA": 20897, "Type": "HIGHLOW"}, {"RVA": 20917, "Type": "HIGHLOW"}, {"RVA": 20925, "Type": "HIGHLOW"}, {"RVA": 20931, "Type": "HIGHLOW"}, {"RVA": 20938, "Type": "HIGHLOW"}, {"RVA": 20959, "Type": "HIGHLOW"}, {"RVA": 20964, "Type": "HIGHLOW"}, {"RVA": 20969, "Type": "HIGHLOW"}, {"RVA": 20974, "Type": "HIGHLOW"}, {"RVA": 20981, "Type": "HIGHLOW"}, {"RVA": 21011, "Type": "HIGHLOW"}, {"RVA": 21017, "Type": "HIGHLOW"}, {"RVA": 21044, "Type": "HIGHLOW"}, {"RVA": 21064, "Type": "HIGHLOW"}, {"RVA": 21072, "Type": "HIGHLOW"}, {"RVA": 21078, "Type": "HIGHLOW"}, {"RVA": 21085, "Type": "HIGHLOW"}, {"RVA": 21104, "Type": "HIGHLOW"}, {"RVA": 21112, "Type": "HIGHLOW"}, {"RVA": 21137, "Type": "HIGHLOW"}, {"RVA": 21149, "Type": "HIGHLOW"}, {"RVA": 21174, "Type": "HIGHLOW"}, {"RVA": 21186, "Type": "HIGHLOW"}, {"RVA": 21211, "Type": "HIGHLOW"}, {"RVA": 21223, "Type": "HIGHLOW"}, {"RVA": 21254, "Type": "HIGHLOW"}, {"RVA": 21354, "Type": "HIGHLOW"}, {"RVA": 21374, "Type": "HIGHLOW"}, {"RVA": 21393, "Type": "HIGHLOW"}, {"RVA": 21415, "Type": "HIGHLOW"}, {"RVA": 21420, "Type": "HIGHLOW"}, {"RVA": 21427, "Type": "HIGHLOW"}, {"RVA": 21453, "Type": "HIGHLOW"}, {"RVA": 21458, "Type": "HIGHLOW"}, {"RVA": 21500, "Type": "HIGHLOW"}, {"RVA": 21513, "Type": "HIGHLOW"}, {"RVA": 21522, "Type": "HIGHLOW"}, {"RVA": 21533, "Type": "HIGHLOW"}, {"RVA": 21549, "Type": "HIGHLOW"}, {"RVA": 21572, "Type": "HIGHLOW"}, {"RVA": 21603, "Type": "HIGHLOW"}, {"RVA": 21620, "Type": "HIGHLOW"}, {"RVA": 21631, "Type": "HIGHLOW"}, {"RVA": 21647, "Type": "HIGHLOW"}, {"RVA": 21663, "Type": "HIGHLOW"}, {"RVA": 21721, "Type": "HIGHLOW"}, {"RVA": 21784, "Type": "HIGHLOW"}, {"RVA": 21830, "Type": "HIGHLOW"}, {"RVA": 21870, "Type": "HIGHLOW"}, {"RVA": 21875, "Type": "HIGHLOW"}, {"RVA": 21918, "Type": "HIGHLOW"}, {"RVA": 21956, "Type": "HIGHLOW"}, {"RVA": 21980, "Type": "HIGHLOW"}, {"RVA": 21992, "Type": "HIGHLOW"}, {"RVA": 22000, "Type": "HIGHLOW"}, {"RVA": 22014, "Type": "HIGHLOW"}, {"RVA": 22026, "Type": "HIGHLOW"}, {"RVA": 22064, "Type": "HIGHLOW"}, {"RVA": 22088, "Type": "HIGHLOW"}, {"RVA": 22100, "Type": "HIGHLOW"}, {"RVA": 22108, "Type": "HIGHLOW"}, {"RVA": 22119, "Type": "HIGHLOW"}, {"RVA": 22136, "Type": "HIGHLOW"}, {"RVA": 22144, "Type": "HIGHLOW"}, {"RVA": 22152, "Type": "HIGHLOW"}, {"RVA": 22180, "Type": "HIGHLOW"}, {"RVA": 22193, "Type": "HIGHLOW"}, {"RVA": 22206, "Type": "HIGHLOW"}, {"RVA": 22217, "Type": "HIGHLOW"}, {"RVA": 22244, "Type": "HIGHLOW"}, {"RVA": 22260, "Type": "HIGHLOW"}, {"RVA": 22266, "Type": "HIGHLOW"}, {"RVA": 22272, "Type": "HIGHLOW"}, {"RVA": 22278, "Type": "HIGHLOW"}, {"RVA": 22284, "Type": "HIGHLOW"}, {"RVA": 22290, "Type": "HIGHLOW"}, {"RVA": 22296, "Type": "HIGHLOW"}, {"RVA": 22302, "Type": "HIGHLOW"}, {"RVA": 22308, "Type": "HIGHLOW"}, {"RVA": 22314, "Type": "HIGHLOW"}, {"RVA": 22357, "Type": "HIGHLOW"}, {"RVA": 22364, "Type": "HIGHLOW"}, {"RVA": 22378, "Type": "HIGHLOW"}, {"RVA": 22384, "Type": "HIGHLOW"}, {"RVA": 22405, "Type": "HIGHLOW"}, {"RVA": 22416, "Type": "HIGHLOW"}, {"RVA": 22432, "Type": "HIGHLOW"}, {"RVA": 22508, "Type": "HIGHLOW"}, {"RVA": 22520, "Type": "HIGHLOW"}, {"RVA": 22551, "Type": "HIGHLOW"}, {"RVA": 22568, "Type": "HIGHLOW"}, {"RVA": 22581, "Type": "HIGHLOW"}, {"RVA": 22588, "Type": "HIGHLOW"}, {"RVA": 22600, "Type": "HIGHLOW"}, {"RVA": 22728, "Type": "HIGHLOW"}, {"RVA": 22747, "Type": "HIGHLOW"}, {"RVA": 22752, "Type": "HIGHLOW"}, {"RVA": 22786, "Type": "HIGHLOW"}, {"RVA": 22792, "Type": "HIGHLOW"}, {"RVA": 22798, "Type": "HIGHLOW"}, {"RVA": 22818, "Type": "HIGHLOW"}, {"RVA": 22834, "Type": "HIGHLOW"}, {"RVA": 22840, "Type": "HIGHLOW"}, {"RVA": 22845, "Type": "HIGHLOW"}, {"RVA": 22874, "Type": "HIGHLOW"}, {"RVA": 22950, "Type": "HIGHLOW"}, {"RVA": 22955, "Type": "HIGHLOW"}, {"RVA": 22970, "Type": "HIGHLOW"}, {"RVA": 23022, "Type": "HIGHLOW"}, {"RVA": 23042, "Type": "HIGHLOW"}, {"RVA": 23070, "Type": "HIGHLOW"}, {"RVA": 23214, "Type": "HIGHLOW"}, {"RVA": 23220, "Type": "HIGHLOW"}, {"RVA": 23248, "Type": "HIGHLOW"}, {"RVA": 23280, "Type": "HIGHLOW"}, {"RVA": 23299, "Type": "HIGHLOW"}, {"RVA": 23360, "Type": "HIGHLOW"}, {"RVA": 23366, "Type": "HIGHLOW"}, {"RVA": 23372, "Type": "HIGHLOW"}, {"RVA": 23384, "Type": "HIGHLOW"}, {"RVA": 23393, "Type": "HIGHLOW"}, {"RVA": 23402, "Type": "HIGHLOW"}, {"RVA": 23407, "Type": "HIGHLOW"}, {"RVA": 23427, "Type": "HIGHLOW"}, {"RVA": 23439, "Type": "HIGHLOW"}, {"RVA": 23466, "Type": "HIGHLOW"}, {"RVA": 23474, "Type": "HIGHLOW"}, {"RVA": 23483, "Type": "HIGHLOW"}, {"RVA": 23494, "Type": "HIGHLOW"}, {"RVA": 23515, "Type": "HIGHLOW"}, {"RVA": 23521, "Type": "HIGHLOW"}, {"RVA": 23545, "Type": "HIGHLOW"}, {"RVA": 23565, "Type": "HIGHLOW"}, {"RVA": 23586, "Type": "HIGHLOW"}, {"RVA": 23591, "Type": "HIGHLOW"}, {"RVA": 23597, "Type": "HIGHLOW"}, {"RVA": 23624, "Type": "HIGHLOW"}, {"RVA": 23629, "Type": "HIGHLOW"}, {"RVA": 23641, "Type": "HIGHLOW"}, {"RVA": 23654, "Type": "HIGHLOW"}, {"RVA": 23660, "Type": "HIGHLOW"}, {"RVA": 23668, "Type": "HIGHLOW"}, {"RVA": 23693, "Type": "HIGHLOW"}, {"RVA": 23699, "Type": "HIGHLOW"}, {"RVA": 23718, "Type": "HIGHLOW"}, {"RVA": 23723, "Type": "HIGHLOW"}, {"RVA": 23736, "Type": "HIGHLOW"}, {"RVA": 23751, "Type": "HIGHLOW"}, {"RVA": 23772, "Type": "HIGHLOW"}, {"RVA": 23778, "Type": "HIGHLOW"}, {"RVA": 23793, "Type": "HIGHLOW"}, {"RVA": 23822, "Type": "HIGHLOW"}, {"RVA": 23829, "Type": "HIGHLOW"}, {"RVA": 23834, "Type": "HIGHLOW"}, {"RVA": 23839, "Type": "HIGHLOW"}, {"RVA": 23848, "Type": "HIGHLOW"}, {"RVA": 23854, "Type": "HIGHLOW"}, {"RVA": 23871, "Type": "HIGHLOW"}, {"RVA": 23900, "Type": "HIGHLOW"}, {"RVA": 23913, "Type": "HIGHLOW"}, {"RVA": 23937, "Type": "HIGHLOW"}, {"RVA": 24020, "Type": "HIGHLOW"}, {"RVA": 24065, "Type": "HIGHLOW"}, {"RVA": 24137, "Type": "HIGHLOW"}, {"RVA": 24189, "Type": "HIGHLOW"}, {"RVA": 24195, "Type": "HIGHLOW"}, {"RVA": 24201, "Type": "HIGHLOW"}, {"RVA": 24207, "Type": "HIGHLOW"}, {"RVA": 24213, "Type": "HIGHLOW"}, {"RVA": 24219, "Type": "HIGHLOW"}, {"RVA": 24226, "Type": "HIGHLOW"}, {"RVA": 24233, "Type": "HIGHLOW"}, {"RVA": 24240, "Type": "HIGHLOW"}, {"RVA": 24247, "Type": "HIGHLOW"}, {"RVA": 24254, "Type": "HIGHLOW"}, {"RVA": 24261, "Type": "HIGHLOW"}, {"RVA": 24268, "Type": "HIGHLOW"}, {"RVA": 24276, "Type": "HIGHLOW"}, {"RVA": 24284, "Type": "HIGHLOW"}, {"RVA": 24292, "Type": "HIGHLOW"}, {"RVA": 24304, "Type": "HIGHLOW"}, {"RVA": 24313, "Type": "HIGHLOW"}, {"RVA": 24318, "Type": "HIGHLOW"}, {"RVA": 24324, "Type": "HIGHLOW"}, {"RVA": 24334, "Type": "HIGHLOW"}, {"RVA": 24343, "Type": "HIGHLOW"}, {"RVA": 24354, "Type": "HIGHLOW"}, {"RVA": 24366, "Type": "HIGHLOW"}, {"RVA": 24371, "Type": "HIGHLOW"}, {"RVA": 24387, "Type": "HIGHLOW"}, {"RVA": 24392, "Type": "HIGHLOW"}, {"RVA": 24398, "Type": "HIGHLOW"}, {"RVA": 24404, "Type": "HIGHLOW"}, {"RVA": 24426, "Type": "HIGHLOW"}, {"RVA": 24433, "Type": "HIGHLOW"}, {"RVA": 24442, "Type": "HIGHLOW"}, {"RVA": 24449, "Type": "HIGHLOW"}], [{"SizeOfBlock": {"FileOffset": 34628, "Value": 132, "Offset": 4}, "VirtualAddress": {"FileOffset": 34624, "Value": 24576, "Offset": 0}, "Structure": "IMAGE_BASE_RELOCATION"}, {"RVA": 24628, "Type": "HIGHLOW"}, {"RVA": 24638, "Type": "HIGHLOW"}, {"RVA": 24732, "Type": "HIGHLOW"}, {"RVA": 24829, "Type": "HIGHLOW"}, {"RVA": 24843, "Type": "HIGHLOW"}, {"RVA": 24854, "Type": "HIGHLOW"}, {"RVA": 24860, "Type": "HIGHLOW"}, {"RVA": 24880, "Type": "HIGHLOW"}, {"RVA": 24901, "Type": "HIGHLOW"}, {"RVA": 24912, "Type": "HIGHLOW"}, {"RVA": 24945, "Type": "HIGHLOW"}, {"RVA": 24952, "Type": "HIGHLOW"}, {"RVA": 24965, "Type": "HIGHLOW"}, {"RVA": 25020, "Type": "HIGHLOW"}, {"RVA": 25025, "Type": "HIGHLOW"}, {"RVA": 25056, "Type": "HIGHLOW"}, {"RVA": 25061, "Type": "HIGHLOW"}, {"RVA": 25221, "Type": "HIGHLOW"}, {"RVA": 25235, "Type": "HIGHLOW"}, {"RVA": 25328, "Type": "HIGHLOW"}, {"RVA": 25334, "Type": "HIGHLOW"}, {"RVA": 25340, "Type": "HIGHLOW"}, {"RVA": 25346, "Type": "HIGHLOW"}, {"RVA": 25357, "Type": "HIGHLOW"}, {"RVA": 25392, "Type": "HIGHLOW"}, {"RVA": 25405, "Type": "HIGHLOW"}, {"RVA": 25417, "Type": "HIGHLOW"}, {"RVA": 25425, "Type": "HIGHLOW"}, {"RVA": 25433, "Type": "HIGHLOW"}, {"RVA": 25445, "Type": "HIGHLOW"}, {"RVA": 25481, "Type": "HIGHLOW"}, {"RVA": 25489, "Type": "HIGHLOW"}, {"RVA": 25500, "Type": "HIGHLOW"}, {"RVA": 25506, "Type": "HIGHLOW"}, {"RVA": 25512, "Type": "HIGHLOW"}, {"RVA": 25518, "Type": "HIGHLOW"}, {"RVA": 25524, "Type": "HIGHLOW"}, {"RVA": 25530, "Type": "HIGHLOW"}, {"RVA": 25536, "Type": "HIGHLOW"}, {"RVA": 25542, "Type": "HIGHLOW"}, {"RVA": 25548, "Type": "HIGHLOW"}, {"RVA": 25554, "Type": "HIGHLOW"}, {"RVA": 25560, "Type": "HIGHLOW"}, {"RVA": 25566, "Type": "HIGHLOW"}, {"RVA": 25572, "Type": "HIGHLOW"}, {"RVA": 25578, "Type": "HIGHLOW"}, {"RVA": 25584, "Type": "HIGHLOW"}, {"RVA": 25590, "Type": "HIGHLOW"}, {"RVA": 25596, "Type": "HIGHLOW"}, {"RVA": 25602, "Type": "HIGHLOW"}, {"RVA": 25608, "Type": "HIGHLOW"}, {"RVA": 25614, "Type": "HIGHLOW"}, {"RVA": 25620, "Type": "HIGHLOW"}, {"RVA": 25626, "Type": "HIGHLOW"}, {"RVA": 25632, "Type": "HIGHLOW"}, {"RVA": 25638, "Type": "HIGHLOW"}, {"RVA": 25644, "Type": "HIGHLOW"}, {"RVA": 25650, "Type": "HIGHLOW"}, {"RVA": 25685, "Type": "HIGHLOW"}, {"RVA": 25725, "Type": "HIGHLOW"}, {"RVA": 25793, "Type": "HIGHLOW"}, {"RVA": 24576, "Type": "ABSOLUTE"}], [{"SizeOfBlock": {"FileOffset": 34760, "Value": 20, "Offset": 4}, "VirtualAddress": {"FileOffset": 34756, "Value": 28672, "Offset": 0}, "Structure": "IMAGE_BASE_RELOCATION"}, {"RVA": 29372, "Type": "HIGHLOW"}, {"RVA": 29376, "Type": "HIGHLOW"}, {"RVA": 32656, "Type": "HIGHLOW"}, {"RVA": 32660, "Type": "HIGHLOW"}, {"RVA": 32668, "Type": "HIGHLOW"}, {"RVA": 32672, "Type": "HIGHLOW"}], [{"SizeOfBlock": {"FileOffset": 34780, "Value": 88, "Offset": 4}, "VirtualAddress": {"FileOffset": 34776, "Value": 32768, "Offset": 0}, "Structure": "IMAGE_BASE_RELOCATION"}, {"RVA": 32788, "Type": "HIGHLOW"}, {"RVA": 32792, "Type": "HIGHLOW"}, {"RVA": 32812, "Type": "HIGHLOW"}, {"RVA": 32816, "Type": "HIGHLOW"}, {"RVA": 32832, "Type": "HIGHLOW"}, {"RVA": 32836, "Type": "HIGHLOW"}, {"RVA": 32844, "Type": "HIGHLOW"}, {"RVA": 32868, "Type": "HIGHLOW"}, {"RVA": 32936, "Type": "HIGHLOW"}, {"RVA": 32952, "Type": "HIGHLOW"}, {"RVA": 32960, "Type": "HIGHLOW"}, {"RVA": 32968, "Type": "HIGHLOW"}, {"RVA": 33004, "Type": "HIGHLOW"}, {"RVA": 33016, "Type": "HIGHLOW"}, {"RVA": 33024, "Type": "HIGHLOW"}, {"RVA": 33048, "Type": "HIGHLOW"}, {"RVA": 33052, "Type": "HIGHLOW"}, {"RVA": 33060, "Type": "HIGHLOW"}, {"RVA": 33088, "Type": "HIGHLOW"}, {"RVA": 33116, "Type": "HIGHLOW"}, {"RVA": 33124, "Type": "HIGHLOW"}, {"RVA": 33160, "Type": "HIGHLOW"}, {"RVA": 33172, "Type": "HIGHLOW"}, {"RVA": 33180, "Type": "HIGHLOW"}, {"RVA": 33220, "Type": "HIGHLOW"}, {"RVA": 33224, "Type": "HIGHLOW"}, {"RVA": 33232, "Type": "HIGHLOW"}, {"RVA": 33240, "Type": "HIGHLOW"}, {"RVA": 33252, "Type": "HIGHLOW"}, {"RVA": 33304, "Type": "HIGHLOW"}, {"RVA": 33312, "Type": "HIGHLOW"}, {"RVA": 33316, "Type": "HIGHLOW"}, {"RVA": 33340, "Type": "HIGHLOW"}, {"RVA": 33344, "Type": "HIGHLOW"}, {"RVA": 33372, "Type": "HIGHLOW"}, {"RVA": 33376, "Type": "HIGHLOW"}, {"RVA": 33408, "Type": "HIGHLOW"}, {"RVA": 33440, "Type": "HIGHLOW"}, {"RVA": 33468, "Type": "HIGHLOW"}, {"RVA": 33472, "Type": "HIGHLOW"}], [{"SizeOfBlock": {"FileOffset": 34868, "Value": 16, "Offset": 4}, "VirtualAddress": {"FileOffset": 34864, "Value": 40960, "Offset": 0}, "Structure": "IMAGE_BASE_RELOCATION"}, {"RVA": 40960, "Type": "HIGHLOW"}, {"RVA": 41096, "Type": "HIGHLOW"}, {"RVA": 41112, "Type": "HIGHLOW"}, {"RVA": 41136, "Type": "HIGHLOW"}]], "NT_HEADERS": {"Structure": "IMAGE_NT_HEADERS", "Signature": {"FileOffset": 248, "Value": 17744, "Offset": 0}}, "LOAD_CONFIG": {"TimeDateStamp": {"FileOffset": 27100, "Value": "0x0        [Thu Jan  1 00:00:00 1970 UTC]", "Offset": 4}, "ProcessHeapFlags": {"FileOffset": 27140, "Value": 0, "Offset": 44}, "CSDVersion": {"FileOffset": 27148, "Value": 0, "Offset": 52}, "GuardCFFunctionCount": {"FileOffset": 27180, "Value": 1895866544, "Offset": 84}, "SEHandlerCount": {"FileOffset": 27164, "Value": 4, "Offset": 68}, "GuardCFCheckFunctionPointer": {"FileOffset": 27168, "Value": 0, "Offset": 72}, "GlobalFlagsClear": {"FileOffset": 27108, "Value": 0, "Offset": 12}, "ProcessAffinityMask": {"FileOffset": 27144, "Value": 0, "Offset": 48}, "VirtualMemoryThreshold": {"FileOffset": 27136, "Value": 0, "Offset": 40}, "LockPrefixTable": {"FileOffset": 27128, "Value": 0, "Offset": 32}, "MaximumAllocationSize": {"FileOffset": 27132, "Value": 0, "Offset": 36}, "Structure": "IMAGE_LOAD_CONFIG_DIRECTORY", "SEHandlerTable": {"FileOffset": 27160, "Value": 1895858288, "Offset": 64}, "GuardCFFunctionTable": {"FileOffset": 27176, "Value": 0, "Offset": 80}, "DeCommitFreeBlockThreshold": {"FileOffset": 27120, "Value": 0, "Offset": 24}, "MinorVersion": {"FileOffset": 27106, "Value": 0, "Offset": 10}, "MajorVersion": {"FileOffset": 27104, "Value": 0, "Offset": 8}, "Reserved1": {"FileOffset": 27150, "Value": 0, "Offset": 54}, "SecurityCookie": {"FileOffset": 27156, "Value": 1895866536, "Offset": 60}, "GlobalFlagsSet": {"FileOffset": 27112, "Value": 0, "Offset": 16}, "CriticalSectionDefaultTimeout": {"FileOffset": 27116, "Value": 0, "Offset": 20}, "DeCommitTotalFreeThreshold": {"FileOffset": 27124, "Value": 0, "Offset": 28}, "Reserved2": {"FileOffset": 27172, "Value": 0, "Offset": 76}, "EditList": {"FileOffset": 27152, "Value": 0, "Offset": 56}, "GuardFlags": {"FileOffset": 27184, "Value": 1895858228, "Offset": 88}, "Size": {"FileOffset": 27096, "Value": 72, "Offset": 0}}, "Flags": ["IMAGE_FILE_32BIT_MACHINE", "IMAGE_FILE_EXECUTABLE_IMAGE", "IMAGE_FILE_DLL"], "Imported symbols": [[{"TimeDateStamp": {"FileOffset": 27848, "Value": "0x0        [Thu Jan  1 00:00:00 1970 UTC]", "Offset": 4}, "Name": {"FileOffset": 27856, "Value": 34886, "Offset": 12}, "ForwarderChain": {"FileOffset": 27852, "Value": 0, "Offset": 8}, "OriginalFirstThunk": {"FileOffset": 27844, "Value": 33964, "Offset": 0}, "FirstThunk": {"FileOffset": 27860, "Value": 28980, "Offset": 16}, "Characteristics": {"FileOffset": 27844, "Value": 33964, "Offset": 0}, "Structure": "IMAGE_IMPORT_DESCRIPTOR"}, {"Hint": 1386, "Name": "strstr", "DLL": "MSVCR80.dll"}, {"Hint": 1367, "Name": "strchr", "DLL": "MSVCR80.dll"}, {"Hint": 1376, "Name": "strlen", "DLL": "MSVCR80.dll"}, {"Hint": 15, "Name": "??2@YAPAXI@Z", "DLL": "MSVCR80.dll"}, {"Hint": 16, "Name": "??3@YAXPAX@Z", "DLL": "MSVCR80.dll"}, {"Hint": 977, "Name": "_time64", "DLL": "MSVCR80.dll"}, {"Hint": 1261, "Name": "free", "DLL": "MSVCR80.dll"}, {"Hint": 1331, "Name": "memset", "DLL": "MSVCR80.dll"}, {"Hint": 1316, "Name": "malloc", "DLL": "MSVCR80.dll"}, {"Hint": 930, "Name": "_stricmp", "DLL": "MSVCR80.dll"}, {"Hint": 1359, "Name": "sprintf", "DLL": "MSVCR80.dll"}, {"Hint": 1216, "Name": "abs", "DLL": "MSVCR80.dll"}, {"Hint": 1225, "Name": "atoi", "DLL": "MSVCR80.dll"}, {"Hint": 441, "Name": "_ftime64", "DLL": "MSVCR80.dll"}, {"Hint": 1327, "Name": "memcpy", "DLL": "MSVCR80.dll"}, {"Hint": 881, "Name": "_snprintf", "DLL": "MSVCR80.dll"}, {"Hint": 116, "Name": "__CxxFrameHandler3", "DLL": "MSVCR80.dll"}, {"Hint": 91, "Name": "_CxxThrowException", "DLL": "MSVCR80.dll"}, {"Hint": 398, "Name": "_findclose", "DLL": "MSVCR80.dll"}, {"Hint": 1090, "Name": "_wcsnicmp", "DLL": "MSVCR80.dll"}, {"Hint": 802, "Name": "_onexit", "DLL": "MSVCR80.dll"}, {"Hint": 636, "Name": "_lock", "DLL": "MSVCR80.dll"}, {"Hint": 151, "Name": "__dllonexit", "DLL": "MSVCR80.dll"}, {"Hint": 1005, "Name": "_unlock", "DLL": "MSVCR80.dll"}, {"Hint": 141, "Name": "__clean_type_info_names_internal", "DLL": "MSVCR80.dll"}, {"Hint": 52, "Name": "?_type_info_dtor_internal_method@type_info@@QAEXXZ", "DLL": "MSVCR80.dll"}, {"Hint": 65, "Name": "?terminate@@YAXXZ", "DLL": "MSVCR80.dll"}, {"Hint": 334, "Name": "_crt_debugger_hook", "DLL": "MSVCR80.dll"}, {"Hint": 107, "Name": "__CppXcptFilter", "DLL": "MSVCR80.dll"}, {"Hint": 273, "Name": "_adjust_fdiv", "DLL": "MSVCR80.dll"}, {"Hint": 280, "Name": "_amsg_exit", "DLL": "MSVCR80.dll"}, {"Hint": 523, "Name": "_initterm_e", "DLL": "MSVCR80.dll"}, {"Hint": 522, "Name": "_initterm", "DLL": "MSVCR80.dll"}, {"Hint": 355, "Name": "_decode_pointer", "DLL": "MSVCR80.dll"}, {"Hint": 366, "Name": "_encoded_null", "DLL": "MSVCR80.dll"}, {"Hint": 653, "Name": "_malloc_crt", "DLL": "MSVCR80.dll"}, {"Hint": 365, "Name": "_encode_pointer", "DLL": "MSVCR80.dll"}, {"Hint": 374, "Name": "_except_handler4_common", "DLL": "MSVCR80.dll"}, {"Hint": 1448, "Name": "wcstombs", "DLL": "MSVCR80.dll"}, {"Hint": 1245, "Name": "fgetc", "DLL": "MSVCR80.dll"}, {"Hint": 1247, "Name": "fgets", "DLL": "MSVCR80.dll"}, {"Hint": 1362, "Name": "srand", "DLL": "MSVCR80.dll"}, {"Hint": 1345, "Name": "rand", "DLL": "MSVCR80.dll"}, {"Hint": 287, "Name": "_atoi64", "DLL": "MSVCR80.dll"}, {"Hint": 1224, "Name": "atof", "DLL": "MSVCR80.dll"}, {"Hint": 1270, "Name": "fwprintf", "DLL": "MSVCR80.dll"}, {"Hint": 1226, "Name": "atol", "DLL": "MSVCR80.dll"}, {"Hint": 1377, "Name": "strncat", "DLL": "MSVCR80.dll"}, {"Hint": 1041, "Name": "_vsnprintf", "DLL": "MSVCR80.dll"}, {"Hint": 949, "Name": "_strtime", "DLL": "MSVCR80.dll"}, {"Hint": 924, "Name": "_strdate", "DLL": "MSVCR80.dll"}, {"Hint": 162, "Name": "__iob_func", "DLL": "MSVCR80.dll"}, {"Hint": 1254, "Name": "fprintf", "DLL": "MSVCR80.dll"}, {"Hint": 31, "Name": "??_V@YAXPAX@Z", "DLL": "MSVCR80.dll"}, {"Hint": 30, "Name": "??_U@YAPAXI@Z", "DLL": "MSVCR80.dll"}, {"Hint": 1252, "Name": "fopen", "DLL": "MSVCR80.dll"}, {"Hint": 1267, "Name": "fseek", "DLL": "MSVCR80.dll"}, {"Hint": 1260, "Name": "fread", "DLL": "MSVCR80.dll"}, {"Hint": 1326, "Name": "memcmp", "DLL": "MSVCR80.dll"}, {"Hint": 1380, "Name": "strncpy", "DLL": "MSVCR80.dll"}, {"Hint": 1241, "Name": "fclose", "DLL": "MSVCR80.dll"}, {"Hint": 402, "Name": "_findfirst64i32", "DLL": "MSVCR80.dll"}, {"Hint": 308, "Name": "_chdir", "DLL": "MSVCR80.dll"}, {"Hint": 485, "Name": "_getcwd", "DLL": "MSVCR80.dll"}, {"Hint": 1347, "Name": "realloc", "DLL": "MSVCR80.dll"}, {"Hint": 406, "Name": "_findnext64i32", "DLL": "MSVCR80.dll"}, {"Hint": 1365, "Name": "strcat", "DLL": "MSVCR80.dll"}, {"Hint": 1370, "Name": "strcpy", "DLL": "MSVCR80.dll"}], [{"TimeDateStamp": {"FileOffset": 27868, "Value": "0x0        [Thu Jan  1 00:00:00 1970 UTC]", "Offset": 4}, "Name": {"FileOffset": 27876, "Value": 35238, "Offset": 12}, "ForwarderChain": {"FileOffset": 27872, "Value": 0, "Offset": 8}, "OriginalFirstThunk": {"FileOffset": 27864, "Value": 34268, "Offset": 0}, "FirstThunk": {"FileOffset": 27880, "Value": 29284, "Offset": 16}, "Characteristics": {"FileOffset": 27864, "Value": 34268, "Offset": 0}, "Structure": "IMAGE_IMPORT_DESCRIPTOR"}, {"Ordinal": 52, "DLL": "WS2_32.dll"}, {"Ordinal": 12, "DLL": "WS2_32.dll"}, {"Ordinal": 57, "DLL": "WS2_32.dll"}, {"Ordinal": 23, "DLL": "WS2_32.dll"}, {"Ordinal": 116, "DLL": "WS2_32.dll"}, {"Ordinal": 115, "DLL": "WS2_32.dll"}, {"Ordinal": 11, "DLL": "WS2_32.dll"}, {"Ordinal": 4, "DLL": "WS2_32.dll"}, {"Ordinal": 16, "DLL": "WS2_32.dll"}, {"Ordinal": 18, "DLL": "WS2_32.dll"}, {"Ordinal": 151, "DLL": "WS2_32.dll"}, {"Ordinal": 19, "DLL": "WS2_32.dll"}, {"Ordinal": 22, "DLL": "WS2_32.dll"}, {"Ordinal": 3, "DLL": "WS2_32.dll"}, {"Ordinal": 9, "DLL": "WS2_32.dll"}], [{"TimeDateStamp": {"FileOffset": 27888, "Value": "0x0        [Thu Jan  1 00:00:00 1970 UTC]", "Offset": 4}, "Name": {"FileOffset": 27896, "Value": 35278, "Offset": 12}, "ForwarderChain": {"FileOffset": 27892, "Value": 0, "Offset": 8}, "OriginalFirstThunk": {"FileOffset": 27884, "Value": 34260, "Offset": 0}, "FirstThunk": {"FileOffset": 27900, "Value": 29276, "Offset": 16}, "Characteristics": {"FileOffset": 27884, "Value": 34260, "Offset": 0}, "Structure": "IMAGE_IMPORT_DESCRIPTOR"}, {"Hint": 128, "Name": "InternetGetConnectedState", "DLL": "WININET.dll"}], [{"TimeDateStamp": {"FileOffset": 27908, "Value": "0x0        [Thu Jan  1 00:00:00 1970 UTC]", "Offset": 4}, "Name": {"FileOffset": 27916, "Value": 35326, "Offset": 12}, "ForwarderChain": {"FileOffset": 27912, "Value": 0, "Offset": 8}, "OriginalFirstThunk": {"FileOffset": 27904, "Value": 34240, "Offset": 0}, "FirstThunk": {"FileOffset": 27920, "Value": 29256, "Offset": 16}, "Characteristics": {"FileOffset": 27904, "Value": 34240, "Offset": 0}, "Structure": "IMAGE_IMPORT_DESCRIPTOR"}, {"Hint": 105, "Name": "NetApiBufferFree", "DLL": "NETAPI32.dll"}, {"Hint": 210, "Name": "NetServerEnum", "DLL": "NETAPI32.dll"}], [{"TimeDateStamp": {"FileOffset": 27928, "Value": "0x0        [Thu Jan  1 00:00:00 1970 UTC]", "Offset": 4}, "Name": {"FileOffset": 27936, "Value": 36356, "Offset": 12}, "ForwarderChain": {"FileOffset": 27932, "Value": 0, "Offset": 8}, "OriginalFirstThunk": {"FileOffset": 27924, "Value": 33740, "Offset": 0}, "FirstThunk": {"FileOffset": 27940, "Value": 28756, "Offset": 16}, "Characteristics": {"FileOffset": 27924, "Value": 33740, "Offset": 0}, "Structure": "IMAGE_IMPORT_DESCRIPTOR"}, {"Hint": 326, "Name": "GetCurrentThreadId", "DLL": "KERNEL32.dll"}, {"Hint": 675, "Name": "QueryPerformanceCounter", "DLL": "KERNEL32.dll"}, {"Hint": 569, "Name": "IsDebuggerPresent", "DLL": "KERNEL32.dll"}, {"Hint": 842, "Name": "SetUnhandledExceptionFilter", "DLL": "KERNEL32.dll"}, {"Hint": 878, "Name": "UnhandledExceptionFilter", "DLL": "KERNEL32.dll"}, {"Hint": 550, "Name": "InterlockedCompareExchange", "DLL": "KERNEL32.dll"}, {"Hint": 553, "Name": "InterlockedExchange", "DLL": "KERNEL32.dll"}, {"Hint": 245, "Name": "FreeConsole", "DLL": "KERNEL32.dll"}, {"Hint": 111, "Name": "CreateThread", "DLL": "KERNEL32.dll"}, {"Hint": 101, "Name": "CreatePipe", "DLL": "KERNEL32.dll"}, {"Hint": 439, "Name": "GetStartupInfoA", "DLL": "KERNEL32.dll"}, {"Hint": 102, "Name": "CreateProcessA", "DLL": "KERNEL32.dll"}, {"Hint": 863, "Name": "TerminateThread", "DLL": "KERNEL32.dll"}, {"Hint": 347, "Name": "GetExitCodeThread", "DLL": "KERNEL32.dll"}, {"Hint": 355, "Name": "GetFileSize", "DLL": "KERNEL32.dll"}, {"Hint": 657, "Name": "PeekNamedPipe", "DLL": "KERNEL32.dll"}, {"Hint": 693, "Name": "ReadFile", "DLL": "KERNEL32.dll"}, {"Hint": 381, "Name": "GetModuleFileNameA", "DLL": "KERNEL32.dll"}, {"Hint": 83, "Name": "CreateFileA", "DLL": "KERNEL32.dll"}, {"Hint": 692, "Name": "ReadDirectoryChangesW", "DLL": "KERNEL32.dll"}, {"Hint": 795, "Name": "SetFilePointer", "DLL": "KERNEL32.dll"}, {"Hint": 441, "Name": "GetStdHandle", "DLL": "KERNEL32.dll"}, {"Hint": 653, "Name": "OutputDebugStringA", "DLL": "KERNEL32.dll"}, {"Hint": 186, "Name": "ExitThread", "DLL": "KERNEL32.dll"}, {"Hint": 966, "Name": "lstrcpyA", "DLL": "KERNEL32.dll"}, {"Hint": 75, "Name": "CreateDirectoryA", "DLL": "KERNEL32.dll"}, {"Hint": 419, "Name": "GetProcessHeap", "DLL": "KERNEL32.dll"}, {"Hint": 528, "Name": "HeapAlloc", "DLL": "KERNEL32.dll"}, {"Hint": 248, "Name": "FreeLibrary", "DLL": "KERNEL32.dll"}, {"Hint": 932, "Name": "WriteFile", "DLL": "KERNEL32.dll"}, {"Hint": 449, "Name": "GetSystemDirectoryA", "DLL": "KERNEL32.dll"}, {"Hint": 350, "Name": "GetFileAttributesA", "DLL": "KERNEL32.dll"}, {"Hint": 67, "Name": "CopyFileA", "DLL": "KERNEL32.dll"}, {"Hint": 808, "Name": "SetLastError", "DLL": "KERNEL32.dll"}, {"Hint": 916, "Name": "WideCharToMultiByte", "DLL": "KERNEL32.dll"}, {"Hint": 629, "Name": "MultiByteToWideChar", "DLL": "KERNEL32.dll"}, {"Hint": 862, "Name": "TerminateProcess", "DLL": "KERNEL32.dll"}, {"Hint": 854, "Name": "Sleep", "DLL": "KERNEL32.dll"}, {"Hint": 646, "Name": "OpenProcess", "DLL": "KERNEL32.dll"}, {"Hint": 369, "Name": "GetLastError", "DLL": "KERNEL32.dll"}, {"Hint": 383, "Name": "GetModuleHandleA", "DLL": "KERNEL32.dll"}, {"Hint": 276, "Name": "GetComputerNameA", "DLL": "KERNEL32.dll"}, {"Hint": 453, "Name": "GetSystemInfo", "DLL": "KERNEL32.dll"}, {"Hint": 489, "Name": "GetVersionExA", "DLL": "KERNEL32.dll"}, {"Hint": 454, "Name": "GetSystemPowerStatus", "DLL": "KERNEL32.dll"}, {"Hint": 479, "Name": "GetTickCount", "DLL": "KERNEL32.dll"}, {"Hint": 516, "Name": "GlobalMemoryStatus", "DLL": "KERNEL32.dll"}, {"Hint": 339, "Name": "GetDriveTypeA", "DLL": "KERNEL32.dll"}, {"Hint": 333, "Name": "GetDiskFreeSpaceA", "DLL": "KERNEL32.dll"}, {"Hint": 594, "Name": "LoadLibraryA", "DLL": "KERNEL32.dll"}, {"Hint": 416, "Name": "GetProcAddress", "DLL": "KERNEL32.dll"}, {"Hint": 323, "Name": "GetCurrentProcessId", "DLL": "KERNEL32.dll"}, {"Hint": 322, "Name": "GetCurrentProcess", "DLL": "KERNEL32.dll"}, {"Hint": 52, "Name": "CloseHandle", "DLL": "KERNEL32.dll"}, {"Hint": 458, "Name": "GetSystemTimeAsFileTime", "DLL": "KERNEL32.dll"}], [{"TimeDateStamp": {"FileOffset": 27948, "Value": "0x0        [Thu Jan  1 00:00:00 1970 UTC]", "Offset": 4}, "Name": {"FileOffset": 27956, "Value": 36382, "Offset": 12}, "ForwarderChain": {"FileOffset": 27952, "Value": 0, "Offset": 8}, "OriginalFirstThunk": {"FileOffset": 27944, "Value": 34252, "Offset": 0}, "FirstThunk": {"FileOffset": 27960, "Value": 29268, "Offset": 16}, "Characteristics": {"FileOffset": 27944, "Value": 34252, "Offset": 0}, "Structure": "IMAGE_IMPORT_DESCRIPTOR"}, {"Hint": 727, "Name": "wsprintfA", "DLL": "USER32.dll"}], [{"TimeDateStamp": {"FileOffset": 27968, "Value": "0x0        [Thu Jan  1 00:00:00 1970 UTC]", "Offset": 4}, "Name": {"FileOffset": 27976, "Value": 36782, "Offset": 12}, "ForwarderChain": {"FileOffset": 27972, "Value": 0, "Offset": 8}, "OriginalFirstThunk": {"FileOffset": 27964, "Value": 33656, "Offset": 0}, "FirstThunk": {"FileOffset": 27980, "Value": 28672, "Offset": 16}, "Characteristics": {"FileOffset": 27964, "Value": 33656, "Offset": 0}, "Structure": "IMAGE_IMPORT_DESCRIPTOR"}, {"Hint": 175, "Name": "DeleteService", "DLL": "ADVAPI32.dll"}, {"Hint": 335, "Name": "LookupPrivilegeValueA", "DLL": "ADVAPI32.dll"}, {"Hint": 428, "Name": "OpenProcessToken", "DLL": "ADVAPI32.dll"}, {"Hint": 292, "Name": "GetUserNameA", "DLL": "ADVAPI32.dll"}, {"Hint": 329, "Name": "LookupAccountSidA", "DLL": "ADVAPI32.dll"}, {"Hint": 282, "Name": "GetTokenInformation", "DLL": "ADVAPI32.dll"}, {"Hint": 459, "Name": "RegCloseKey", "DLL": "ADVAPI32.dll"}, {"Hint": 503, "Name": "RegQueryValueExA", "DLL": "ADVAPI32.dll"}, {"Hint": 492, "Name": "RegOpenKeyExA", "DLL": "ADVAPI32.dll"}, {"Hint": 580, "Name": "SetServiceStatus", "DLL": "ADVAPI32.dll"}, {"Hint": 464, "Name": "RegCreateKeyA", "DLL": "ADVAPI32.dll"}, {"Hint": 516, "Name": "RegSetValueExA", "DLL": "ADVAPI32.dll"}, {"Hint": 62, "Name": "CloseServiceHandle", "DLL": "ADVAPI32.dll"}, {"Hint": 100, "Name": "CreateServiceA", "DLL": "ADVAPI32.dll"}, {"Hint": 429, "Name": "OpenSCManagerA", "DLL": "ADVAPI32.dll"}, {"Hint": 28, "Name": "AdjustTokenPrivileges", "DLL": "ADVAPI32.dll"}, {"Hint": 431, "Name": "OpenServiceA", "DLL": "ADVAPI32.dll"}, {"Hint": 95, "Name": "CreateProcessAsUserA", "DLL": "ADVAPI32.dll"}, {"Hint": 323, "Name": "LogonUserA", "DLL": "ADVAPI32.dll"}, {"Hint": 524, "Name": "RegisterServiceCtrlHandlerA", "DLL": "ADVAPI32.dll"}], [{"TimeDateStamp": {"FileOffset": 27988, "Value": "0x0        [Thu Jan  1 00:00:00 1970 UTC]", "Offset": 4}, "Name": {"FileOffset": 27996, "Value": 36832, "Offset": 12}, "ForwarderChain": {"FileOffset": 27992, "Value": 0, "Offset": 8}, "OriginalFirstThunk": {"FileOffset": 27984, "Value": 34332, "Offset": 0}, "FirstThunk": {"FileOffset": 28000, "Value": 29348, "Offset": 16}, "Characteristics": {"FileOffset": 27984, "Value": 34332, "Offset": 0}, "Structure": "IMAGE_IMPORT_DESCRIPTOR"}, {"Hint": 16, "Name": "CoCreateInstance", "DLL": "ole32.dll"}, {"Hint": 59, "Name": "CoInitialize", "DLL": "ole32.dll"}]], "PE Sections": [{"PointerToRawData": {"FileOffset": 516, "Value": 1024, "Offset": 20}, "SHA1": "11829224d0b5b5e7606f5e0d57ba0f1a73e35d3b", "SHA256": "33d8ae7c505d35401650451919b80326e5587affd7cff29115978123c42efc76", "Name": {"FileOffset": 496, "Value": ".text", "Offset": 0}, "NumberOfRelocations": {"FileOffset": 528, "Value": 0, "Offset": 32}, "Misc_VirtualSize": {"FileOffset": 504, "Value": 21706, "Offset": 8}, "Characteristics": {"FileOffset": 532, "Value": 1610612768, "Offset": 36}, "Misc": {"FileOffset": 504, "Value": 21706, "Offset": 8}, "PointerToLinenumbers": {"FileOffset": 524, "Value": 0, "Offset": 28}, "SizeOfRawData": {"FileOffset": 512, "Value": 22016, "Offset": 16}, "Misc_PhysicalAddress": {"FileOffset": 504, "Value": 21706, "Offset": 8}, "PointerToRelocations": {"FileOffset": 520, "Value": 0, "Offset": 24}, "Flags": ["IMAGE_SCN_MEM_EXECUTE", "IMAGE_SCN_CNT_CODE", "IMAGE_SCN_MEM_READ"], "SHA512": "7e47fa9148053b8f8240e5e9bb0742d2494575f5d35f1c68f20ed1df2103233a2a4673c2ae121e5118208f7db65cf974bbd38e23a56bcd7fe142abfe1a3dd68e", "MD5": "e9c98af38ec8ae44c8354fff29242cae", "Entropy": 6.261850058497184, "VirtualAddress": {"FileOffset": 508, "Value": 4096, "Offset": 12}, "Structure": "IMAGE_SECTION_HEADER", "NumberOfLinenumbers": {"FileOffset": 530, "Value": 0, "Offset": 34}}, {"PointerToRawData": {"FileOffset": 556, "Value": 23040, "Offset": 20}, "SHA1": "bc51b75731e27cc4fb199f65ea63ca83a9e9a328", "SHA256": "b5a9e32e3a5dee4726e183c18fcef6fedd15465d91ad001515339d3fb9cc3a3b", "Name": {"FileOffset": 536, "Value": ".rdata", "Offset": 0}, "NumberOfRelocations": {"FileOffset": 568, "Value": 0, "Offset": 32}, "Misc_VirtualSize": {"FileOffset": 544, "Value": 8385, "Offset": 8}, "Characteristics": {"FileOffset": 572, "Value": 1073741888, "Offset": 36}, "Misc": {"FileOffset": 544, "Value": 8385, "Offset": 8}, "PointerToLinenumbers": {"FileOffset": 564, "Value": 0, "Offset": 28}, "SizeOfRawData": {"FileOffset": 552, "Value": 8704, "Offset": 16}, "Misc_PhysicalAddress": {"FileOffset": 544, "Value": 8385, "Offset": 8}, "PointerToRelocations": {"FileOffset": 560, "Value": 0, "Offset": 24}, "Flags": ["IMAGE_SCN_CNT_INITIALIZED_DATA", "IMAGE_SCN_MEM_READ"], "SHA512": "2a02d5c31966de3ca898736039d6fd85c8c05c3d678380d966077dec00da786f9b4cee1a4624dd5ca3799c570712868d113b1bda7dd4eb5132b93c8e92071c65", "MD5": "7989da3ff039a4593d6629ad870f9742", "Entropy": 5.2182670892768845, "VirtualAddress": {"FileOffset": 548, "Value": 28672, "Offset": 12}, "Structure": "IMAGE_SECTION_HEADER", "NumberOfLinenumbers": {"FileOffset": 570, "Value": 0, "Offset": 34}}, {"PointerToRawData": {"FileOffset": 596, "Value": 31744, "Offset": 20}, "SHA1": "2eee11a53316b40e12f61fdf5f60d8618ecf569d", "SHA256": "10ad1c2fa45fb64a3cb90e12f4d05a4ecfcebf470b371f9ea78c62e4e6d453a0", "Name": {"FileOffset": 576, "Value": ".data", "Offset": 0}, "NumberOfRelocations": {"FileOffset": 608, "Value": 0, "Offset": 32}, "Misc_VirtualSize": {"FileOffset": 584, "Value": 50784, "Offset": 8}, "Characteristics": {"FileOffset": 612, "Value": 3221225536, "Offset": 36}, "Misc": {"FileOffset": 584, "Value": 50784, "Offset": 8}, "PointerToLinenumbers": {"FileOffset": 604, "Value": 0, "Offset": 28}, "SizeOfRawData": {"FileOffset": 592, "Value": 512, "Offset": 16}, "Misc_PhysicalAddress": {"FileOffset": 584, "Value": 50784, "Offset": 8}, "PointerToRelocations": {"FileOffset": 600, "Value": 0, "Offset": 24}, "Flags": ["IMAGE_SCN_CNT_INITIALIZED_DATA", "IMAGE_SCN_MEM_WRITE", "IMAGE_SCN_MEM_READ"], "SHA512": "7924cda1f24afe638857bbf4a683cb69cddeb0d6325f317753d56d80ab17fa6b61e752e614e39a98a0825d9c5f7acd8c2a943a70208648742ebb01f4a241af1d", "MD5": "e228e4ddecd63a3ec9b330e051dee281", "Entropy": 1.4482957086997237, "VirtualAddress": {"FileOffset": 588, "Value": 40960, "Offset": 12}, "Structure": "IMAGE_SECTION_HEADER", "NumberOfLinenumbers": {"FileOffset": 610, "Value": 0, "Offset": 34}}, {"PointerToRawData": {"FileOffset": 636, "Value": 32256, "Offset": 20}, "SHA1": "1dc023e487ab26f7a2159ccde8c574d71e0c04ba", "SHA256": "df944c77cd5d68b180c43269d30298520598e583635942f23b0e4c424f4dd9a5", "Name": {"FileOffset": 616, "Value": ".rsrc", "Offset": 0}, "NumberOfRelocations": {"FileOffset": 648, "Value": 0, "Offset": 32}, "Misc_VirtualSize": {"FileOffset": 624, "Value": 428, "Offset": 8}, "Characteristics": {"FileOffset": 652, "Value": 1073741888, "Offset": 36}, "Misc": {"FileOffset": 624, "Value": 428, "Offset": 8}, "PointerToLinenumbers": {"FileOffset": 644, "Value": 0, "Offset": 28}, "SizeOfRawData": {"FileOffset": 632, "Value": 512, "Offset": 16}, "Misc_PhysicalAddress": {"FileOffset": 624, "Value": 428, "Offset": 8}, "PointerToRelocations": {"FileOffset": 640, "Value": 0, "Offset": 24}, "Flags": ["IMAGE_SCN_CNT_INITIALIZED_DATA", "IMAGE_SCN_MEM_READ"], "SHA512": "c995d060e15c2016e13b950a1175f163e23ec9334fa8012573b82e0b51cccd8bcf3e24e746223c5de0d44125aa97187a6d5164a717274d06c5a4c1183ff537fe", "MD5": "1f37a3ceb985d15ca964404e92c43fd4", "Entropy": 5.271300696225423, "VirtualAddress": {"FileOffset": 628, "Value": 94208, "Offset": 12}, "Structure": "IMAGE_SECTION_HEADER", "NumberOfLinenumbers": {"FileOffset": 650, "Value": 0, "Offset": 34}}, {"PointerToRawData": {"FileOffset": 676, "Value": 32768, "Offset": 20}, "SHA1": "d89d1b2bd1df5527776bfde5d5ef4e3d75d4330f", "SHA256": "71d8ec9433cf07547a0f4262148ac86399953c5ac22aa59c0ba8e963eba9065b", "Name": {"FileOffset": 656, "Value": ".reloc", "Offset": 0}, "NumberOfRelocations": {"FileOffset": 688, "Value": 0, "Offset": 32}, "Misc_VirtualSize": {"FileOffset": 664, "Value": 2522, "Offset": 8}, "Characteristics": {"FileOffset": 692, "Value": 1107296320, "Offset": 36}, "Misc": {"FileOffset": 664, "Value": 2522, "Offset": 8}, "PointerToLinenumbers": {"FileOffset": 684, "Value": 0, "Offset": 28}, "SizeOfRawData": {"FileOffset": 672, "Value": 2560, "Offset": 16}, "Misc_PhysicalAddress": {"FileOffset": 664, "Value": 2522, "Offset": 8}, "PointerToRelocations": {"FileOffset": 680, "Value": 0, "Offset": 24}, "Flags": ["IMAGE_SCN_CNT_INITIALIZED_DATA", "IMAGE_SCN_MEM_DISCARDABLE", "IMAGE_SCN_MEM_READ"], "SHA512": "c14b255ce82e458b250c38e4690d27a252236145e8a91931ddba90cc0723357470b8193257af9d6b117c6e93dfc837bd2fb7dc1b80832b26f657c5fc08ddc3ec", "MD5": "df57e02d5a555bfe6752a20a3f327487", "Entropy": 6.111590198850931, "VirtualAddress": {"FileOffset": 668, "Value": 98304, "Offset": 12}, "Structure": "IMAGE_SECTION_HEADER", "NumberOfLinenumbers": {"FileOffset": 690, "Value": 0, "Offset": 34}}], "Resource directory": [{"MajorVersion": {"FileOffset": 32264, "Value": 4, "Offset": 8}, "NumberOfIdEntries": {"FileOffset": 32270, "Value": 1, "Offset": 14}, "MinorVersion": {"FileOffset": 32266, "Value": 0, "Offset": 10}, "TimeDateStamp": {"FileOffset": 32260, "Value": "0x0        [Thu Jan  1 00:00:00 1970 UTC]", "Offset": 4}, "Characteristics": {"FileOffset": 32256, "Value": 0, "Offset": 0}, "NumberOfNamedEntries": {"FileOffset": 32268, "Value": 0, "Offset": 12}, "Structure": "IMAGE_RESOURCE_DIRECTORY"}, {"Structure": "IMAGE_RESOURCE_DIRECTORY_ENTRY", "Id": [24, "RT_MANIFEST"], "OffsetToData": {"FileOffset": 32276, "Value": 2147483672, "Offset": 4}, "Name": {"FileOffset": 32272, "Value": 24, "Offset": 0}}, [{"MajorVersion": {"FileOffset": 32288, "Value": 4, "Offset": 8}, "NumberOfIdEntries": {"FileOffset": 32294, "Value": 1, "Offset": 14}, "MinorVersion": {"FileOffset": 32290, "Value": 0, "Offset": 10}, "TimeDateStamp": {"FileOffset": 32284, "Value": "0x0        [Thu Jan  1 00:00:00 1970 UTC]", "Offset": 4}, "Characteristics": {"FileOffset": 32280, "Value": 0, "Offset": 0}, "NumberOfNamedEntries": {"FileOffset": 32292, "Value": 0, "Offset": 12}, "Structure": "IMAGE_RESOURCE_DIRECTORY"}, {"Structure": "IMAGE_RESOURCE_DIRECTORY_ENTRY", "Id": 2, "OffsetToData": {"FileOffset": 32300, "Value": 2147483696, "Offset": 4}, "Name": {"FileOffset": 32296, "Value": 2, "Offset": 0}}, [{"MajorVersion": {"FileOffset": 32312, "Value": 4, "Offset": 8}, "NumberOfIdEntries": {"FileOffset": 32318, "Value": 1, "Offset": 14}, "MinorVersion": {"FileOffset": 32314, "Value": 0, "Offset": 10}, "TimeDateStamp": {"FileOffset": 32308, "Value": "0x0        [Thu Jan  1 00:00:00 1970 UTC]", "Offset": 4}, "Characteristics": {"FileOffset": 32304, "Value": 0, "Offset": 0}, "NumberOfNamedEntries": {"FileOffset": 32316, "Value": 0, "Offset": 12}, "Structure": "IMAGE_RESOURCE_DIRECTORY"}, {"LANG": 9, "SUBLANG_NAME": "SUBLANG_ENGLISH_US", "Name": {"FileOffset": 32320, "Value": 1033, "Offset": 0}, "CodePage": {"FileOffset": 32336, "Value": 1252, "Offset": 8}, "LANG_NAME": "LANG_ENGLISH", "OffsetToData": {"FileOffset": 32328, "Value": 94296, "Offset": 0}, "Reserved": {"FileOffset": 32340, "Value": 0, "Offset": 12}, "SUBLANG": 1, "Structure": "IMAGE_RESOURCE_DATA_ENTRY", "Size": {"FileOffset": 32332, "Value": 338, "Offset": 4}}]]]}
