{"DllCharacteristics": [], "FILE_HEADER": {"NumberOfSections": {"FileOffset": 230, "Value": 3, "Offset": 2}, "TimeDateStamp": {"FileOffset": 232, "Value": "0x4E94F432 [Wed Oct 12 01:58:10 2011 UTC]", "Offset": 4}, "PointerToSymbolTable": {"FileOffset": 236, "Value": 0, "Offset": 8}, "NumberOfSymbols": {"FileOffset": 240, "Value": 0, "Offset": 12}, "Machine": {"FileOffset": 228, "Value": 332, "Offset": 0}, "Characteristics": {"FileOffset": 246, "Value": 271, "Offset": 18}, "SizeOfOptionalHeader": {"FileOffset": 244, "Value": 224, "Offset": 16}, "Structure": "IMAGE_FILE_HEADER"}, "Directories": [{"VirtualAddress": {"FileOffset": 344, "Value": 0, "Offset": 0}, "Structure": "IMAGE_DIRECTORY_ENTRY_EXPORT", "Size": {"FileOffset": 348, "Value": 0, "Offset": 4}}, {"VirtualAddress": {"FileOffset": 352, "Value": 130624, "Offset": 0}, "Structure": "IMAGE_DIRECTORY_ENTRY_IMPORT", "Size": {"FileOffset": 356, "Value": 80, "Offset": 4}}, {"VirtualAddress": {"FileOffset": 360, "Value": 0, "Offset": 0}, "Structure": "IMAGE_DIRECTORY_ENTRY_RESOURCE", "Size": {"FileOffset": 364, "Value": 0, "Offset": 4}}, {"VirtualAddress": {"FileOffset": 368, "Value": 0, "Offset": 0}, "Structure": "IMAGE_DIRECTORY_ENTRY_EXCEPTION", "Size": {"FileOffset": 372, "Value": 0, "Offset": 4}}, {"VirtualAddress": {"FileOffset": 376, "Value": 0, "Offset": 0}, "Structure": "IMAGE_DIRECTORY_ENTRY_SECURITY", "Size": {"FileOffset": 380, "Value": 0, "Offset": 4}}, {"VirtualAddress": {"FileOffset": 384, "Value": 0, "Offset": 0}, "Structure": "IMAGE_DIRECTORY_ENTRY_BASERELOC", "Size": {"FileOffset": 388, "Value": 0, "Offset": 4}}, {"VirtualAddress": {"FileOffset": 392, "Value": 0, "Offset": 0}, "Structure": "IMAGE_DIRECTORY_ENTRY_DEBUG", "Size": {"FileOffset": 396, "Value": 0, "Offset": 4}}, {"VirtualAddress": {"FileOffset": 400, "Value": 0, "Offset": 0}, "Structure": "IMAGE_DIRECTORY_ENTRY_COPYRIGHT", "Size": {"FileOffset": 404, "Value": 0, "Offset": 4}}, {"VirtualAddress": {"FileOffset": 408, "Value": 0, "Offset": 0}, "Structure": "IMAGE_DIRECTORY_ENTRY_GLOBALPTR", "Size": {"FileOffset": 412, "Value": 0, "Offset": 4}}, {"VirtualAddress": {"FileOffset": 416, "Value": 0, "Offset": 0}, "Structure": "IMAGE_DIRECTORY_ENTRY_TLS", "Size": {"FileOffset": 420, "Value": 0, "Offset": 4}}, {"VirtualAddress": {"FileOffset": 424, "Value": 0, "Offset": 0}, "Structure": "IMAGE_DIRECTORY_ENTRY_LOAD_CONFIG", "Size": {"FileOffset": 428, "Value": 0, "Offset": 4}}, {"VirtualAddress": {"FileOffset": 432, "Value": 0, "Offset": 0}, "Structure": "IMAGE_DIRECTORY_ENTRY_BOUND_IMPORT", "Size": {"FileOffset": 436, "Value": 0, "Offset": 4}}, {"VirtualAddress": {"FileOffset": 440, "Value": 122880, "Offset": 0}, "Structure": "IMAGE_DIRECTORY_ENTRY_IAT", "Size": {"FileOffset": 444, "Value": 336, "Offset": 4}}, {"VirtualAddress": {"FileOffset": 448, "Value": 0, "Offset": 0}, "Structure": "IMAGE_DIRECTORY_ENTRY_DELAY_IMPORT", "Size": {"FileOffset": 452, "Value": 0, "Offset": 4}}, {"VirtualAddress": {"FileOffset": 456, "Value": 0, "Offset": 0}, "Structure": "IMAGE_DIRECTORY_ENTRY_COM_DESCRIPTOR", "Size": {"FileOffset": 460, "Value": 0, "Offset": 4}}, {"VirtualAddress": {"FileOffset": 464, "Value": 0, "Offset": 0}, "Structure": "IMAGE_DIRECTORY_ENTRY_RESERVED", "Size": {"FileOffset": 468, "Value": 0, "Offset": 4}}], "OPTIONAL_HEADER": {"DllCharacteristics": {"FileOffset": 318, "Value": 0, "Offset": 70}, "BaseOfCode": {"FileOffset": 268, "Value": 4096, "Offset": 20}, "MajorLinkerVersion": {"FileOffset": 250, "Value": 6, "Offset": 2}, "MinorOperatingSystemVersion": {"FileOffset": 290, "Value": 0, "Offset": 42}, "MinorLinkerVersion": {"FileOffset": 251, "Value": 0, "Offset": 3}, "MajorSubsystemVersion": {"FileOffset": 296, "Value": 4, "Offset": 48}, "MajorOperatingSystemVersion": {"FileOffset": 288, "Value": 4, "Offset": 40}, "SizeOfStackCommit": {"FileOffset": 324, "Value": 4096, "Offset": 76}, "SizeOfUninitializedData": {"FileOffset": 260, "Value": 0, "Offset": 12}, "NumberOfRvaAndSizes": {"FileOffset": 340, "Value": 16, "Offset": 92}, "SizeOfHeapReserve": {"FileOffset": 328, "Value": 1048576, "Offset": 80}, "LoaderFlags": {"FileOffset": 336, "Value": 0, "Offset": 88}, "SizeOfHeapCommit": {"FileOffset": 332, "Value": 4096, "Offset": 84}, "SizeOfStackReserve": {"FileOffset": 320, "Value": 1048576, "Offset": 72}, "Structure": "IMAGE_OPTIONAL_HEADER", "SizeOfHeaders": {"FileOffset": 308, "Value": 4096, "Offset": 60}, "Subsystem": {"FileOffset": 316, "Value": 2, "Offset": 68}, "Magic": {"FileOffset": 248, "Value": 267, "Offset": 0}, "MinorImageVersion": {"FileOffset": 294, "Value": 0, "Offset": 46}, "MajorImageVersion": {"FileOffset": 292, "Value": 0, "Offset": 44}, "FileAlignment": {"FileOffset": 284, "Value": 4096, "Offset": 36}, "BaseOfData": {"FileOffset": 272, "Value": 122880, "Offset": 24}, "AddressOfEntryPoint": {"FileOffset": 264, "Value": 77112, "Offset": 16}, "SectionAlignment": {"FileOffset": 280, "Value": 4096, "Offset": 32}, "SizeOfCode": {"FileOffset": 252, "Value": 118784, "Offset": 4}, "ImageBase": {"FileOffset": 276, "Value": 4194304, "Offset": 28}, "SizeOfInitializedData": {"FileOffset": 256, "Value": 32768, "Offset": 8}, "SizeOfImage": {"FileOffset": 304, "Value": 155648, "Offset": 56}, "MinorSubsystemVersion": {"FileOffset": 298, "Value": 0, "Offset": 50}, "CheckSum": {"FileOffset": 312, "Value": 0, "Offset": 64}, "Reserved1": {"FileOffset": 300, "Value": 0, "Offset": 52}}, "DOS_HEADER": {"e_cblp": {"FileOffset": 2, "Value": 144, "Offset": 2}, "e_crlc": {"FileOffset": 6, "Value": 0, "Offset": 6}, "e_ovno": {"FileOffset": 26, "Value": 0, "Offset": 26}, "e_minalloc": {"FileOffset": 10, "Value": 0, "Offset": 10}, "e_csum": {"FileOffset": 18, "Value": 0, "Offset": 18}, "e_cparhdr": {"FileOffset": 8, "Value": 4, "Offset": 8}, "e_cp": {"FileOffset": 4, "Value": 3, "Offset": 4}, "e_cs": {"FileOffset": 22, "Value": 0, "Offset": 22}, "e_maxalloc": {"FileOffset": 12, "Value": 65535, "Offset": 12}, "e_lfarlc": {"FileOffset": 24, "Value": 64, "Offset": 24}, "e_oemid": {"FileOffset": 36, "Value": 0, "Offset": 36}, "e_lfanew": {"FileOffset": 60, "Value": 224, "Offset": 60}, "e_ss": {"FileOffset": 14, "Value": 0, "Offset": 14}, "e_magic": {"FileOffset": 0, "Value": 23117, "Offset": 0}, "e_oeminfo": {"FileOffset": 38, "Value": 0, "Offset": 38}, "e_res2": {"FileOffset": 40, "Value": "", "Offset": 40}, "e_res": {"FileOffset": 28, "Value": "", "Offset": 28}, "e_sp": {"FileOffset": 16, "Value": 184, "Offset": 16}, "Structure": "IMAGE_DOS_HEADER", "e_ip": {"FileOffset": 20, "Value": 0, "Offset": 20}}, "NT_HEADERS": {"Structure": "IMAGE_NT_HEADERS", "Signature": {"FileOffset": 224, "Value": 17744, "Offset": 0}}, "Flags": ["IMAGE_FILE_LOCAL_SYMS_STRIPPED", "IMAGE_FILE_32BIT_MACHINE", "IMAGE_FILE_EXECUTABLE_IMAGE", "IMAGE_FILE_LINE_NUMS_STRIPPED", "IMAGE_FILE_RELOCS_STRIPPED"], "Imported symbols": [[{"TimeDateStamp": {"FileOffset": 130628, "Value": "0x0        [Thu Jan  1 00:00:00 1970 UTC]", "Offset": 4}, "Name": {"FileOffset": 130636, "Value": 131312, "Offset": 12}, "ForwarderChain": {"FileOffset": 130632, "Value": 0, "Offset": 8}, "OriginalFirstThunk": {"FileOffset": 130624, "Value": 130704, "Offset": 0}, "FirstThunk": {"FileOffset": 130640, "Value": 122880, "Offset": 16}, "Characteristics": {"FileOffset": 130624, "Value": 130704, "Offset": 0}, "Structure": "IMAGE_IMPORT_DESCRIPTOR"}, {"Hint": 96, "Name": "CreateProcessA", "DLL": "KERNEL32.dll"}, {"Hint": 841, "Name": "Sleep", "DLL": "KERNEL32.dll"}, {"Hint": 46, "Name": "CloseHandle", "DLL": "KERNEL32.dll"}, {"Hint": 849, "Name": "TerminateProcess", "DLL": "KERNEL32.dll"}, {"Hint": 919, "Name": "WriteFile", "DLL": "KERNEL32.dll"}, {"Hint": 404, "Name": "GetPrivateProfileStringA", "DLL": "KERNEL32.dll"}, {"Hint": 924, "Name": "WritePrivateProfileStringA", "DLL": "KERNEL32.dll"}, {"Hint": 105, "Name": "CreateThread", "DLL": "KERNEL32.dll"}, {"Hint": 431, "Name": "GetStartupInfoA", "DLL": "KERNEL32.dll"}, {"Hint": 95, "Name": "CreatePipe", "DLL": "KERNEL32.dll"}, {"Hint": 683, "Name": "ReadFile", "DLL": "KERNEL32.dll"}, {"Hint": 905, "Name": "WideCharToMultiByte", "DLL": "KERNEL32.dll"}, {"Hint": 619, "Name": "MultiByteToWideChar", "DLL": "KERNEL32.dll"}, {"Hint": 373, "Name": "GetModuleFileNameA", "DLL": "KERNEL32.dll"}, {"Hint": 361, "Name": "GetLastError", "DLL": "KERNEL32.dll"}, {"Hint": 584, "Name": "LoadLibraryA", "DLL": "KERNEL32.dll"}, {"Hint": 80, "Name": "CreateFileW", "DLL": "KERNEL32.dll"}, {"Hint": 571, "Name": "LCMapStringW", "DLL": "KERNEL32.dll"}, {"Hint": 570, "Name": "LCMapStringA", "DLL": "KERNEL32.dll"}, {"Hint": 776, "Name": "SetEnvironmentVariableA", "DLL": "KERNEL32.dll"}, {"Hint": 53, "Name": "CompareStringW", "DLL": "KERNEL32.dll"}, {"Hint": 52, "Name": "CompareStringA", "DLL": "KERNEL32.dll"}, {"Hint": 77, "Name": "CreateFileA", "DLL": "KERNEL32.dll"}, {"Hint": 229, "Name": "FlushFileBuffers", "DLL": "KERNEL32.dll"}, {"Hint": 812, "Name": "SetStdHandle", "DLL": "KERNEL32.dll"}, {"Hint": 437, "Name": "GetStringTypeW", "DLL": "KERNEL32.dll"}, {"Hint": 434, "Name": "GetStringTypeA", "DLL": "KERNEL32.dll"}, {"Hint": 550, "Name": "IsBadCodePtr", "DLL": "KERNEL32.dll"}, {"Hint": 553, "Name": "IsBadReadPtr", "DLL": "KERNEL32.dll"}, {"Hint": 829, "Name": "SetUnhandledExceptionFilter", "DLL": "KERNEL32.dll"}, {"Hint": 556, "Name": "IsBadWritePtr", "DLL": "KERNEL32.dll"}, {"Hint": 885, "Name": "VirtualAlloc", "DLL": "KERNEL32.dll"}, {"Hint": 716, "Name": "RtlUnwind", "DLL": "KERNEL32.dll"}, {"Hint": 175, "Name": "ExitProcess", "DLL": "KERNEL32.dll"}, {"Hint": 314, "Name": "GetCurrentProcess", "DLL": "KERNEL32.dll"}, {"Hint": 472, "Name": "GetTimeZoneInformation", "DLL": "KERNEL32.dll"}, {"Hint": 446, "Name": "GetSystemTime", "DLL": "KERNEL32.dll"}, {"Hint": 363, "Name": "GetLocalTime", "DLL": "KERNEL32.dll"}, {"Hint": 264, "Name": "GetCommandLineA", "DLL": "KERNEL32.dll"}, {"Hint": 478, "Name": "GetVersion", "DLL": "KERNEL32.dll"}, {"Hint": 524, "Name": "HeapFree", "DLL": "KERNEL32.dll"}, {"Hint": 669, "Name": "RaiseException", "DLL": "KERNEL32.dll"}, {"Hint": 518, "Name": "HeapAlloc", "DLL": "KERNEL32.dll"}, {"Hint": 784, "Name": "SetFilePointer", "DLL": "KERNEL32.dll"}, {"Hint": 528, "Name": "HeapReAlloc", "DLL": "KERNEL32.dll"}, {"Hint": 530, "Name": "HeapSize", "DLL": "KERNEL32.dll"}, {"Hint": 252, "Name": "GetCPInfo", "DLL": "KERNEL32.dll"}, {"Hint": 245, "Name": "GetACP", "DLL": "KERNEL32.dll"}, {"Hint": 395, "Name": "GetOEMCP", "DLL": "KERNEL32.dll"}, {"Hint": 408, "Name": "GetProcAddress", "DLL": "KERNEL32.dll"}, {"Hint": 375, "Name": "GetModuleHandleA", "DLL": "KERNEL32.dll"}, {"Hint": 866, "Name": "UnhandledExceptionFilter", "DLL": "KERNEL32.dll"}, {"Hint": 237, "Name": "FreeEnvironmentStringsA", "DLL": "KERNEL32.dll"}, {"Hint": 238, "Name": "FreeEnvironmentStringsW", "DLL": "KERNEL32.dll"}, {"Hint": 333, "Name": "GetEnvironmentStrings", "DLL": "KERNEL32.dll"}, {"Hint": 335, "Name": "GetEnvironmentStringsW", "DLL": "KERNEL32.dll"}, {"Hint": 793, "Name": "SetHandleCount", "DLL": "KERNEL32.dll"}, {"Hint": 433, "Name": "GetStdHandle", "DLL": "KERNEL32.dll"}, {"Hint": 350, "Name": "GetFileType", "DLL": "KERNEL32.dll"}, {"Hint": 336, "Name": "GetEnvironmentVariableA", "DLL": "KERNEL32.dll"}, {"Hint": 479, "Name": "GetVersionExA", "DLL": "KERNEL32.dll"}, {"Hint": 522, "Name": "HeapDestroy", "DLL": "KERNEL32.dll"}, {"Hint": 520, "Name": "HeapCreate", "DLL": "KERNEL32.dll"}, {"Hint": 888, "Name": "VirtualFree", "DLL": "KERNEL32.dll"}, {"Hint": 773, "Name": "SetEndOfFile", "DLL": "KERNEL32.dll"}], [{"TimeDateStamp": {"FileOffset": 130648, "Value": "0x0        [Thu Jan  1 00:00:00 1970 UTC]", "Offset": 4}, "Name": {"FileOffset": 130656, "Value": 131622, "Offset": 12}, "ForwarderChain": {"FileOffset": 130652, "Value": 0, "Offset": 8}, "OriginalFirstThunk": {"FileOffset": 130644, "Value": 130968, "Offset": 0}, "FirstThunk": {"FileOffset": 130660, "Value": 123144, "Offset": 16}, "Characteristics": {"FileOffset": 130644, "Value": 130968, "Offset": 0}, "Structure": "IMAGE_IMPORT_DESCRIPTOR"}, {"Hint": 149, "Name": "InternetOpenW", "DLL": "WININET.dll"}, {"Hint": 105, "Name": "InternetCloseHandle", "DLL": "WININET.dll"}, {"Hint": 154, "Name": "InternetReadFile", "DLL": "WININET.dll"}, {"Hint": 150, "Name": "InternetQueryDataAvailable", "DLL": "WININET.dll"}, {"Hint": 88, "Name": "HttpQueryInfoW", "DLL": "WININET.dll"}, {"Hint": 83, "Name": "HttpEndRequestA", "DLL": "WININET.dll"}, {"Hint": 186, "Name": "InternetWriteFile", "DLL": "WININET.dll"}, {"Hint": 91, "Name": "HttpSendRequestExW", "DLL": "WININET.dll"}, {"Hint": 162, "Name": "InternetSetCookieW", "DLL": "WININET.dll"}, {"Hint": 81, "Name": "HttpAddRequestHeadersW", "DLL": "WININET.dll"}, {"Hint": 86, "Name": "HttpOpenRequestW", "DLL": "WININET.dll"}, {"Hint": 112, "Name": "InternetConnectW", "DLL": "WININET.dll"}, {"Hint": 114, "Name": "InternetCrackUrlW", "DLL": "WININET.dll"}, {"Hint": 170, "Name": "InternetSetOptionW", "DLL": "WININET.dll"}], [{"TimeDateStamp": {"FileOffset": 130668, "Value": "0x0        [Thu Jan  1 00:00:00 1970 UTC]", "Offset": 4}, "Name": {"FileOffset": 130676, "Value": 131634, "Offset": 12}, "ForwarderChain": {"FileOffset": 130672, "Value": 0, "Offset": 8}, "OriginalFirstThunk": {"FileOffset": 130664, "Value": 131028, "Offset": 0}, "FirstThunk": {"FileOffset": 130680, "Value": 123204, "Offset": 16}, "Characteristics": {"FileOffset": 130664, "Value": 131028, "Offset": 0}, "Structure": "IMAGE_IMPORT_DESCRIPTOR"}, {"Ordinal": 115, "DLL": "WS2_32.dll"}, {"Ordinal": 57, "DLL": "WS2_32.dll"}]], "PE Sections": [{"PointerToRawData": {"FileOffset": 492, "Value": 4096, "Offset": 20}, "SHA1": "765b09c2c5a3110914d58c0dc6b246780eb9a07b", "SHA256": "15cbe9c66271262446aaac619917b7180d96fb05112374ed6ac843b3fda85672", "Name": {"FileOffset": 472, "Value": ".text", "Offset": 0}, "NumberOfRelocations": {"FileOffset": 504, "Value": 0, "Offset": 32}, "Misc_VirtualSize": {"FileOffset": 480, "Value": 118142, "Offset": 8}, "Characteristics": {"FileOffset": 508, "Value": 1610612768, "Offset": 36}, "Misc": {"FileOffset": 480, "Value": 118142, "Offset": 8}, "PointerToLinenumbers": {"FileOffset": 500, "Value": 0, "Offset": 28}, "SizeOfRawData": {"FileOffset": 488, "Value": 118784, "Offset": 16}, "Misc_PhysicalAddress": {"FileOffset": 480, "Value": 118142, "Offset": 8}, "PointerToRelocations": {"FileOffset": 496, "Value": 0, "Offset": 24}, "Flags": ["IMAGE_SCN_MEM_EXECUTE", "IMAGE_SCN_CNT_CODE", "IMAGE_SCN_MEM_READ"], "SHA512": "1fa8605d42adb0a67654d579539deef9fa19c9f4183b5fe7e7f34d9288957c399ec8c6557a6a7b447707a48d0c32831d8a932ca1d869a3d6bef1d0dc39d5667e", "MD5": "305e5d6684a785bbdd4849417c2aca7d", "Entropy": 6.644394965568531, "VirtualAddress": {"FileOffset": 484, "Value": 4096, "Offset": 12}, "Structure": "IMAGE_SECTION_HEADER", "NumberOfLinenumbers": {"FileOffset": 506, "Value": 0, "Offset": 34}}, {"PointerToRawData": {"FileOffset": 532, "Value": 122880, "Offset": 20}, "SHA1": "f7b8dd3e721ea40bb973de1a6825a7fb73316568", "SHA256": "aad9f65332ce68c0fca20f93a957da971804130badb0c03d32f239e966f3597f", "Name": {"FileOffset": 512, "Value": ".rdata", "Offset": 0}, "NumberOfRelocations": {"FileOffset": 544, "Value": 0, "Offset": 32}, "Misc_VirtualSize": {"FileOffset": 520, "Value": 9642, "Offset": 8}, "Characteristics": {"FileOffset": 548, "Value": 1073741888, "Offset": 36}, "Misc": {"FileOffset": 520, "Value": 9642, "Offset": 8}, "PointerToLinenumbers": {"FileOffset": 540, "Value": 0, "Offset": 28}, "SizeOfRawData": {"FileOffset": 528, "Value": 12288, "Offset": 16}, "Misc_PhysicalAddress": {"FileOffset": 520, "Value": 9642, "Offset": 8}, "PointerToRelocations": {"FileOffset": 536, "Value": 0, "Offset": 24}, "Flags": ["IMAGE_SCN_CNT_INITIALIZED_DATA", "IMAGE_SCN_MEM_READ"], "SHA512": "caf652f79101f71a45ffecaff33d6ed068b791244232f68a67c7d7812629882889ce9713d5f07715d9c39653df93a5c87d52ed6b92e229e2b588bd444c0e3481", "MD5": "a8662369920571dc7f2a2b560dbd7828", "Entropy": 3.7840490742834145, "VirtualAddress": {"FileOffset": 524, "Value": 122880, "Offset": 12}, "Structure": "IMAGE_SECTION_HEADER", "NumberOfLinenumbers": {"FileOffset": 546, "Value": 0, "Offset": 34}}, {"PointerToRawData": {"FileOffset": 572, "Value": 135168, "Offset": 20}, "SHA1": "a484b82bad246cdc3b1731b4765d4c92759b5176", "SHA256": "93a00326a264abaf7779cc682be5a97ebaea596fed85f40418395c87c45aebb5", "Name": {"FileOffset": 552, "Value": ".data", "Offset": 0}, "NumberOfRelocations": {"FileOffset": 584, "Value": 0, "Offset": 32}, "Misc_VirtualSize": {"FileOffset": 560, "Value": 19288, "Offset": 8}, "Characteristics": {"FileOffset": 588, "Value": 3221225536, "Offset": 36}, "Misc": {"FileOffset": 560, "Value": 19288, "Offset": 8}, "PointerToLinenumbers": {"FileOffset": 580, "Value": 0, "Offset": 28}, "SizeOfRawData": {"FileOffset": 568, "Value": 16384, "Offset": 16}, "Misc_PhysicalAddress": {"FileOffset": 560, "Value": 19288, "Offset": 8}, "PointerToRelocations": {"FileOffset": 576, "Value": 0, "Offset": 24}, "Flags": ["IMAGE_SCN_CNT_INITIALIZED_DATA", "IMAGE_SCN_MEM_WRITE", "IMAGE_SCN_MEM_READ"], "SHA512": "7c758de7254d96facde0a7ce564971cebc42fd9caac6553c02a207d7d2c3dba3a479acd4ee60968bfd9f43b607de0a9f657b4be922c588d47dc9289f1e478c72", "MD5": "0336cf84d7b59c98964db593274a2a77", "Entropy": 1.7112884944987137, "VirtualAddress": {"FileOffset": 564, "Value": 135168, "Offset": 12}, "Structure": "IMAGE_SECTION_HEADER", "NumberOfLinenumbers": {"FileOffset": 586, "Value": 0, "Offset": 34}}]}
