{"DllCharacteristics": [], "FILE_HEADER": {"NumberOfSections": {"FileOffset": 206, "Value": 3, "Offset": 2}, "TimeDateStamp": {"FileOffset": 208, "Value": "0x4F571F3A [Wed Mar  7 08:41:30 2012 UTC]", "Offset": 4}, "PointerToSymbolTable": {"FileOffset": 212, "Value": 0, "Offset": 8}, "NumberOfSymbols": {"FileOffset": 216, "Value": 0, "Offset": 12}, "Machine": {"FileOffset": 204, "Value": 332, "Offset": 0}, "Characteristics": {"FileOffset": 222, "Value": 271, "Offset": 18}, "SizeOfOptionalHeader": {"FileOffset": 220, "Value": 224, "Offset": 16}, "Structure": "IMAGE_FILE_HEADER"}, "Directories": [{"VirtualAddress": {"FileOffset": 320, "Value": 0, "Offset": 0}, "Structure": "IMAGE_DIRECTORY_ENTRY_EXPORT", "Size": {"FileOffset": 324, "Value": 0, "Offset": 4}}, {"VirtualAddress": {"FileOffset": 328, "Value": 8308, "Offset": 0}, "Structure": "IMAGE_DIRECTORY_ENTRY_IMPORT", "Size": {"FileOffset": 332, "Value": 60, "Offset": 4}}, {"VirtualAddress": {"FileOffset": 336, "Value": 0, "Offset": 0}, "Structure": "IMAGE_DIRECTORY_ENTRY_RESOURCE", "Size": {"FileOffset": 340, "Value": 0, "Offset": 4}}, {"VirtualAddress": {"FileOffset": 344, "Value": 0, "Offset": 0}, "Structure": "IMAGE_DIRECTORY_ENTRY_EXCEPTION", "Size": {"FileOffset": 348, "Value": 0, "Offset": 4}}, {"VirtualAddress": {"FileOffset": 352, "Value": 0, "Offset": 0}, "Structure": "IMAGE_DIRECTORY_ENTRY_SECURITY", "Size": {"FileOffset": 356, "Value": 0, "Offset": 4}}, {"VirtualAddress": {"FileOffset": 360, "Value": 0, "Offset": 0}, "Structure": "IMAGE_DIRECTORY_ENTRY_BASERELOC", "Size": {"FileOffset": 364, "Value": 0, "Offset": 4}}, {"VirtualAddress": {"FileOffset": 368, "Value": 0, "Offset": 0}, "Structure": "IMAGE_DIRECTORY_ENTRY_DEBUG", "Size": {"FileOffset": 372, "Value": 0, "Offset": 4}}, {"VirtualAddress": {"FileOffset": 376, "Value": 0, "Offset": 0}, "Structure": "IMAGE_DIRECTORY_ENTRY_COPYRIGHT", "Size": {"FileOffset": 380, "Value": 0, "Offset": 4}}, {"VirtualAddress": {"FileOffset": 384, "Value": 0, "Offset": 0}, "Structure": "IMAGE_DIRECTORY_ENTRY_GLOBALPTR", "Size": {"FileOffset": 388, "Value": 0, "Offset": 4}}, {"VirtualAddress": {"FileOffset": 392, "Value": 0, "Offset": 0}, "Structure": "IMAGE_DIRECTORY_ENTRY_TLS", "Size": {"FileOffset": 396, "Value": 0, "Offset": 4}}, {"VirtualAddress": {"FileOffset": 400, "Value": 0, "Offset": 0}, "Structure": "IMAGE_DIRECTORY_ENTRY_LOAD_CONFIG", "Size": {"FileOffset": 404, "Value": 0, "Offset": 4}}, {"VirtualAddress": {"FileOffset": 408, "Value": 0, "Offset": 0}, "Structure": "IMAGE_DIRECTORY_ENTRY_BOUND_IMPORT", "Size": {"FileOffset": 412, "Value": 0, "Offset": 4}}, {"VirtualAddress": {"FileOffset": 416, "Value": 8192, "Offset": 0}, "Structure": "IMAGE_DIRECTORY_ENTRY_IAT", "Size": {"FileOffset": 420, "Value": 100, "Offset": 4}}, {"VirtualAddress": {"FileOffset": 424, "Value": 0, "Offset": 0}, "Structure": "IMAGE_DIRECTORY_ENTRY_DELAY_IMPORT", "Size": {"FileOffset": 428, "Value": 0, "Offset": 4}}, {"VirtualAddress": {"FileOffset": 432, "Value": 0, "Offset": 0}, "Structure": "IMAGE_DIRECTORY_ENTRY_COM_DESCRIPTOR", "Size": {"FileOffset": 436, "Value": 0, "Offset": 4}}, {"VirtualAddress": {"FileOffset": 440, "Value": 0, "Offset": 0}, "Structure": "IMAGE_DIRECTORY_ENTRY_RESERVED", "Size": {"FileOffset": 444, "Value": 0, "Offset": 4}}], "OPTIONAL_HEADER": {"DllCharacteristics": {"FileOffset": 294, "Value": 0, "Offset": 70}, "BaseOfCode": {"FileOffset": 244, "Value": 4096, "Offset": 20}, "MajorLinkerVersion": {"FileOffset": 226, "Value": 6, "Offset": 2}, "MinorOperatingSystemVersion": {"FileOffset": 266, "Value": 0, "Offset": 42}, "MinorLinkerVersion": {"FileOffset": 227, "Value": 0, "Offset": 3}, "MajorSubsystemVersion": {"FileOffset": 272, "Value": 4, "Offset": 48}, "MajorOperatingSystemVersion": {"FileOffset": 264, "Value": 4, "Offset": 40}, "SizeOfStackCommit": {"FileOffset": 300, "Value": 4096, "Offset": 76}, "SizeOfUninitializedData": {"FileOffset": 236, "Value": 0, "Offset": 12}, "NumberOfRvaAndSizes": {"FileOffset": 316, "Value": 16, "Offset": 92}, "SizeOfHeapReserve": {"FileOffset": 304, "Value": 1048576, "Offset": 80}, "LoaderFlags": {"FileOffset": 312, "Value": 0, "Offset": 88}, "SizeOfHeapCommit": {"FileOffset": 308, "Value": 4096, "Offset": 84}, "SizeOfStackReserve": {"FileOffset": 296, "Value": 1048576, "Offset": 72}, "Structure": "IMAGE_OPTIONAL_HEADER", "SizeOfHeaders": {"FileOffset": 284, "Value": 4096, "Offset": 60}, "Subsystem": {"FileOffset": 292, "Value": 2, "Offset": 68}, "Magic": {"FileOffset": 224, "Value": 267, "Offset": 0}, "MinorImageVersion": {"FileOffset": 270, "Value": 0, "Offset": 46}, "MajorImageVersion": {"FileOffset": 268, "Value": 0, "Offset": 44}, "FileAlignment": {"FileOffset": 260, "Value": 4096, "Offset": 36}, "BaseOfData": {"FileOffset": 248, "Value": 8192, "Offset": 24}, "AddressOfEntryPoint": {"FileOffset": 240, "Value": 6412, "Offset": 16}, "SectionAlignment": {"FileOffset": 256, "Value": 4096, "Offset": 32}, "SizeOfCode": {"FileOffset": 228, "Value": 4096, "Offset": 4}, "ImageBase": {"FileOffset": 252, "Value": 4194304, "Offset": 28}, "SizeOfInitializedData": {"FileOffset": 232, "Value": 49152, "Offset": 8}, "SizeOfImage": {"FileOffset": 280, "Value": 57344, "Offset": 56}, "MinorSubsystemVersion": {"FileOffset": 274, "Value": 0, "Offset": 50}, "CheckSum": {"FileOffset": 288, "Value": 0, "Offset": 64}, "Reserved1": {"FileOffset": 276, "Value": 0, "Offset": 52}}, "DOS_HEADER": {"e_cblp": {"FileOffset": 2, "Value": 144, "Offset": 2}, "e_crlc": {"FileOffset": 6, "Value": 0, "Offset": 6}, "e_ovno": {"FileOffset": 26, "Value": 0, "Offset": 26}, "e_minalloc": {"FileOffset": 10, "Value": 0, "Offset": 10}, "e_csum": {"FileOffset": 18, "Value": 0, "Offset": 18}, "e_cparhdr": {"FileOffset": 8, "Value": 4, "Offset": 8}, "e_cp": {"FileOffset": 4, "Value": 3, "Offset": 4}, "e_cs": {"FileOffset": 22, "Value": 0, "Offset": 22}, "e_maxalloc": {"FileOffset": 12, "Value": 65535, "Offset": 12}, "e_lfarlc": {"FileOffset": 24, "Value": 64, "Offset": 24}, "e_oemid": {"FileOffset": 36, "Value": 0, "Offset": 36}, "e_lfanew": {"FileOffset": 60, "Value": 200, "Offset": 60}, "e_ss": {"FileOffset": 14, "Value": 0, "Offset": 14}, "e_magic": {"FileOffset": 0, "Value": 23117, "Offset": 0}, "e_oeminfo": {"FileOffset": 38, "Value": 0, "Offset": 38}, "e_res2": {"FileOffset": 40, "Value": "", "Offset": 40}, "e_res": {"FileOffset": 28, "Value": "", "Offset": 28}, "e_sp": {"FileOffset": 16, "Value": 184, "Offset": 16}, "Structure": "IMAGE_DOS_HEADER", "e_ip": {"FileOffset": 20, "Value": 0, "Offset": 20}}, "NT_HEADERS": {"Structure": "IMAGE_NT_HEADERS", "Signature": {"FileOffset": 200, "Value": 17744, "Offset": 0}}, "Flags": ["IMAGE_FILE_LOCAL_SYMS_STRIPPED", "IMAGE_FILE_32BIT_MACHINE", "IMAGE_FILE_EXECUTABLE_IMAGE", "IMAGE_FILE_LINE_NUMS_STRIPPED", "IMAGE_FILE_RELOCS_STRIPPED"], "Imported symbols": [[{"TimeDateStamp": {"FileOffset": 8312, "Value": "0x0        [Thu Jan  1 00:00:00 1970 UTC]", "Offset": 4}, "Name": {"FileOffset": 8320, "Value": 8556, "Offset": 12}, "ForwarderChain": {"FileOffset": 8316, "Value": 0, "Offset": 8}, "OriginalFirstThunk": {"FileOffset": 8308, "Value": 8368, "Offset": 0}, "FirstThunk": {"FileOffset": 8324, "Value": 8192, "Offset": 16}, "Characteristics": {"FileOffset": 8308, "Value": 8368, "Offset": 0}, "Structure": "IMAGE_IMPORT_DESCRIPTOR"}, {"Hint": 902, "Name": "VirtualProtect", "DLL": "KERNEL32.dll"}, {"Hint": 897, "Name": "VirtualAlloc", "DLL": "KERNEL32.dll"}, {"Hint": 369, "Name": "GetLastError", "DLL": "KERNEL32.dll"}, {"Hint": 594, "Name": "LoadLibraryA", "DLL": "KERNEL32.dll"}, {"Hint": 653, "Name": "OutputDebugStringA", "DLL": "KERNEL32.dll"}], [{"TimeDateStamp": {"FileOffset": 8332, "Value": "0x0        [Thu Jan  1 00:00:00 1970 UTC]", "Offset": 4}, "Name": {"FileOffset": 8340, "Value": 8626, "Offset": 12}, "ForwarderChain": {"FileOffset": 8336, "Value": 0, "Offset": 8}, "OriginalFirstThunk": {"FileOffset": 8328, "Value": 8392, "Offset": 0}, "FirstThunk": {"FileOffset": 8344, "Value": 8216, "Offset": 16}, "Characteristics": {"FileOffset": 8328, "Value": 8392, "Offset": 0}, "Structure": "IMAGE_IMPORT_DESCRIPTOR"}, {"Hint": 606, "Name": "free", "DLL": "MSVCRT.dll"}, {"Hint": 657, "Name": "malloc", "DLL": "MSVCRT.dll"}, {"Hint": 665, "Name": "memset", "DLL": "MSVCRT.dll"}, {"Hint": 663, "Name": "memcpy", "DLL": "MSVCRT.dll"}, {"Hint": 585, "Name": "exit", "DLL": "MSVCRT.dll"}, {"Hint": 670, "Name": "printf", "DLL": "MSVCRT.dll"}, {"Hint": 211, "Name": "_exit", "DLL": "MSVCRT.dll"}, {"Hint": 72, "Name": "_XcptFilter", "DLL": "MSVCRT.dll"}, {"Hint": 100, "Name": "__p___initenv", "DLL": "MSVCRT.dll"}, {"Hint": 88, "Name": "__getmainargs", "DLL": "MSVCRT.dll"}, {"Hint": 271, "Name": "_initterm", "DLL": "MSVCRT.dll"}, {"Hint": 131, "Name": "__setusermatherr", "DLL": "MSVCRT.dll"}, {"Hint": 157, "Name": "_adjust_fdiv", "DLL": "MSVCRT.dll"}, {"Hint": 106, "Name": "__p__commode", "DLL": "MSVCRT.dll"}, {"Hint": 111, "Name": "__p__fmode", "DLL": "MSVCRT.dll"}, {"Hint": 129, "Name": "__set_app_type", "DLL": "MSVCRT.dll"}, {"Hint": 202, "Name": "_except_handler3", "DLL": "MSVCRT.dll"}, {"Hint": 183, "Name": "_controlfp", "DLL": "MSVCRT.dll"}]], "PE Sections": [{"PointerToRawData": {"FileOffset": 468, "Value": 4096, "Offset": 20}, "SHA1": "16938bc79b30115601127bace1596335491dea74", "SHA256": "feefba6ce4d50d98c2e4fccced0c0ad13153f8c5852434e40b8bddec437bc880", "Name": {"FileOffset": 448, "Value": ".text", "Offset": 0}, "NumberOfRelocations": {"FileOffset": 480, "Value": 0, "Offset": 32}, "Misc_VirtualSize": {"FileOffset": 456, "Value": 2636, "Offset": 8}, "Characteristics": {"FileOffset": 484, "Value": 1610612768, "Offset": 36}, "Misc": {"FileOffset": 456, "Value": 2636, "Offset": 8}, "PointerToLinenumbers": {"FileOffset": 476, "Value": 0, "Offset": 28}, "SizeOfRawData": {"FileOffset": 464, "Value": 4096, "Offset": 16}, "Misc_PhysicalAddress": {"FileOffset": 456, "Value": 2636, "Offset": 8}, "PointerToRelocations": {"FileOffset": 472, "Value": 0, "Offset": 24}, "Flags": ["IMAGE_SCN_MEM_EXECUTE", "IMAGE_SCN_CNT_CODE", "IMAGE_SCN_MEM_READ"], "SHA512": "bf1b0d3d5a2c9e787245984a4132f6f90740c7c433876cffb52ab4139058a3394a675b42fa460bc3b944f33a0a2a2563730f803100e06ff68c015013c2fda733", "MD5": "58d33610274ff064028fa91773e64778", "Entropy": 4.669637175511095, "VirtualAddress": {"FileOffset": 460, "Value": 4096, "Offset": 12}, "Structure": "IMAGE_SECTION_HEADER", "NumberOfLinenumbers": {"FileOffset": 482, "Value": 0, "Offset": 34}}, {"PointerToRawData": {"FileOffset": 508, "Value": 8192, "Offset": 20}, "SHA1": "477574485d23184fc822b989bdc23fee0a7bd850", "SHA256": "e18945dd273f439819fcc608f985a0ec497ab514ba94f98f29080bad9f3da459", "Name": {"FileOffset": 488, "Value": ".rdata", "Offset": 0}, "NumberOfRelocations": {"FileOffset": 520, "Value": 0, "Offset": 32}, "Misc_VirtualSize": {"FileOffset": 496, "Value": 630, "Offset": 8}, "Characteristics": {"FileOffset": 524, "Value": 1073741888, "Offset": 36}, "Misc": {"FileOffset": 496, "Value": 630, "Offset": 8}, "PointerToLinenumbers": {"FileOffset": 516, "Value": 0, "Offset": 28}, "SizeOfRawData": {"FileOffset": 504, "Value": 4096, "Offset": 16}, "Misc_PhysicalAddress": {"FileOffset": 496, "Value": 630, "Offset": 8}, "PointerToRelocations": {"FileOffset": 512, "Value": 0, "Offset": 24}, "Flags": ["IMAGE_SCN_CNT_INITIALIZED_DATA", "IMAGE_SCN_MEM_READ"], "SHA512": "13a1b699d02d4c33a564f2de10f1ae1c9b076e17b722d7a025308564fff6fc7ed4c535f6edcdce64b153258a4c93cfe958e7cdbcb301648ffdbb2fbf171a89fc", "MD5": "52764b955bd0eac647bec81f7a70f13d", "Entropy": 1.0308745002177822, "VirtualAddress": {"FileOffset": 500, "Value": 8192, "Offset": 12}, "Structure": "IMAGE_SECTION_HEADER", "NumberOfLinenumbers": {"FileOffset": 522, "Value": 0, "Offset": 34}}, {"PointerToRawData": {"FileOffset": 548, "Value": 12288, "Offset": 20}, "SHA1": "d53539786da71ee743cfd072829ce000c5810310", "SHA256": "dd605e7a4bdd283946a09fd7253e044ccbea4af38aacdc8f1497abac7757dd2c", "Name": {"FileOffset": 528, "Value": ".data", "Offset": 0}, "NumberOfRelocations": {"FileOffset": 560, "Value": 0, "Offset": 32}, "Misc_VirtualSize": {"FileOffset": 536, "Value": 44124, "Offset": 8}, "Characteristics": {"FileOffset": 564, "Value": 3221225536, "Offset": 36}, "Misc": {"FileOffset": 536, "Value": 44124, "Offset": 8}, "PointerToLinenumbers": {"FileOffset": 556, "Value": 0, "Offset": 28}, "SizeOfRawData": {"FileOffset": 544, "Value": 45056, "Offset": 16}, "Misc_PhysicalAddress": {"FileOffset": 536, "Value": 44124, "Offset": 8}, "PointerToRelocations": {"FileOffset": 552, "Value": 0, "Offset": 24}, "Flags": ["IMAGE_SCN_CNT_INITIALIZED_DATA", "IMAGE_SCN_MEM_WRITE", "IMAGE_SCN_MEM_READ"], "SHA512": "0b6110b1d605ad1596260e31b4714dceaeb41081554176e542f21af90c57891be46b72066212a4fbf7d8afb420659640bb8ad61e9e9cb5316468b21e75165f3f", "MD5": "e5396f3e1d1610a8c36822173524cc6b", "Entropy": 7.302968379401683, "VirtualAddress": {"FileOffset": 540, "Value": 12288, "Offset": 12}, "Structure": "IMAGE_SECTION_HEADER", "NumberOfLinenumbers": {"FileOffset": 562, "Value": 0, "Offset": 34}}]}
