{"DllCharacteristics": ["IMAGE_DLLCHARACTERISTICS_TERMINAL_SERVER_AWARE"], "FILE_HEADER": {"NumberOfSections": {"FileOffset": 238, "Value": 4, "Offset": 2}, "TimeDateStamp": {"FileOffset": 240, "Value": "0x4B85C931 [Thu Feb 25 00:49:53 2010 UTC]", "Offset": 4}, "PointerToSymbolTable": {"FileOffset": 244, "Value": 0, "Offset": 8}, "NumberOfSymbols": {"FileOffset": 248, "Value": 0, "Offset": 12}, "Machine": {"FileOffset": 236, "Value": 332, "Offset": 0}, "Characteristics": {"FileOffset": 254, "Value": 259, "Offset": 18}, "SizeOfOptionalHeader": {"FileOffset": 252, "Value": 224, "Offset": 16}, "Structure": "IMAGE_FILE_HEADER"}, "Directories": [{"VirtualAddress": {"FileOffset": 352, "Value": 0, "Offset": 0}, "Structure": "IMAGE_DIRECTORY_ENTRY_EXPORT", "Size": {"FileOffset": 356, "Value": 0, "Offset": 4}}, {"VirtualAddress": {"FileOffset": 360, "Value": 145812, "Offset": 0}, "Structure": "IMAGE_DIRECTORY_ENTRY_IMPORT", "Size": {"FileOffset": 364, "Value": 100, "Offset": 4}}, {"VirtualAddress": {"FileOffset": 368, "Value": 176128, "Offset": 0}, "Structure": "IMAGE_DIRECTORY_ENTRY_RESOURCE", "Size": {"FileOffset": 372, "Value": 436, "Offset": 4}}, {"VirtualAddress": {"FileOffset": 376, "Value": 0, "Offset": 0}, "Structure": "IMAGE_DIRECTORY_ENTRY_EXCEPTION", "Size": {"FileOffset": 380, "Value": 0, "Offset": 4}}, {"VirtualAddress": {"FileOffset": 384, "Value": 0, "Offset": 0}, "Structure": "IMAGE_DIRECTORY_ENTRY_SECURITY", "Size": {"FileOffset": 388, "Value": 0, "Offset": 4}}, {"VirtualAddress": {"FileOffset": 392, "Value": 0, "Offset": 0}, "Structure": "IMAGE_DIRECTORY_ENTRY_BASERELOC", "Size": {"FileOffset": 396, "Value": 0, "Offset": 4}}, {"VirtualAddress": {"FileOffset": 400, "Value": 0, "Offset": 0}, "Structure": "IMAGE_DIRECTORY_ENTRY_DEBUG", "Size": {"FileOffset": 404, "Value": 0, "Offset": 4}}, {"VirtualAddress": {"FileOffset": 408, "Value": 0, "Offset": 0}, "Structure": "IMAGE_DIRECTORY_ENTRY_COPYRIGHT", "Size": {"FileOffset": 412, "Value": 0, "Offset": 4}}, {"VirtualAddress": {"FileOffset": 416, "Value": 0, "Offset": 0}, "Structure": "IMAGE_DIRECTORY_ENTRY_GLOBALPTR", "Size": {"FileOffset": 420, "Value": 0, "Offset": 4}}, {"VirtualAddress": {"FileOffset": 424, "Value": 0, "Offset": 0}, "Structure": "IMAGE_DIRECTORY_ENTRY_TLS", "Size": {"FileOffset": 428, "Value": 0, "Offset": 4}}, {"VirtualAddress": {"FileOffset": 432, "Value": 138176, "Offset": 0}, "Structure": "IMAGE_DIRECTORY_ENTRY_LOAD_CONFIG", "Size": {"FileOffset": 436, "Value": 64, "Offset": 4}}, {"VirtualAddress": {"FileOffset": 440, "Value": 0, "Offset": 0}, "Structure": "IMAGE_DIRECTORY_ENTRY_BOUND_IMPORT", "Size": {"FileOffset": 444, "Value": 0, "Offset": 4}}, {"VirtualAddress": {"FileOffset": 448, "Value": 126976, "Offset": 0}, "Structure": "IMAGE_DIRECTORY_ENTRY_IAT", "Size": {"FileOffset": 452, "Value": 532, "Offset": 4}}, {"VirtualAddress": {"FileOffset": 456, "Value": 0, "Offset": 0}, "Structure": "IMAGE_DIRECTORY_ENTRY_DELAY_IMPORT", "Size": {"FileOffset": 460, "Value": 0, "Offset": 4}}, {"VirtualAddress": {"FileOffset": 464, "Value": 0, "Offset": 0}, "Structure": "IMAGE_DIRECTORY_ENTRY_COM_DESCRIPTOR", "Size": {"FileOffset": 468, "Value": 0, "Offset": 4}}, {"VirtualAddress": {"FileOffset": 472, "Value": 0, "Offset": 0}, "Structure": "IMAGE_DIRECTORY_ENTRY_RESERVED", "Size": {"FileOffset": 476, "Value": 0, "Offset": 4}}], "OPTIONAL_HEADER": {"DllCharacteristics": {"FileOffset": 326, "Value": 32768, "Offset": 70}, "BaseOfCode": {"FileOffset": 276, "Value": 4096, "Offset": 20}, "MajorLinkerVersion": {"FileOffset": 258, "Value": 9, "Offset": 2}, "MinorOperatingSystemVersion": {"FileOffset": 298, "Value": 0, "Offset": 42}, "MinorLinkerVersion": {"FileOffset": 259, "Value": 0, "Offset": 3}, "MajorSubsystemVersion": {"FileOffset": 304, "Value": 5, "Offset": 48}, "MajorOperatingSystemVersion": {"FileOffset": 296, "Value": 5, "Offset": 40}, "SizeOfStackCommit": {"FileOffset": 332, "Value": 4096, "Offset": 76}, "SizeOfUninitializedData": {"FileOffset": 268, "Value": 0, "Offset": 12}, "NumberOfRvaAndSizes": {"FileOffset": 348, "Value": 16, "Offset": 92}, "SizeOfHeapReserve": {"FileOffset": 336, "Value": 1048576, "Offset": 80}, "LoaderFlags": {"FileOffset": 344, "Value": 0, "Offset": 88}, "SizeOfHeapCommit": {"FileOffset": 340, "Value": 4096, "Offset": 84}, "SizeOfStackReserve": {"FileOffset": 328, "Value": 1048576, "Offset": 72}, "Structure": "IMAGE_OPTIONAL_HEADER", "SizeOfHeaders": {"FileOffset": 316, "Value": 1024, "Offset": 60}, "Subsystem": {"FileOffset": 324, "Value": 2, "Offset": 68}, "Magic": {"FileOffset": 256, "Value": 267, "Offset": 0}, "MinorImageVersion": {"FileOffset": 302, "Value": 0, "Offset": 46}, "MajorImageVersion": {"FileOffset": 300, "Value": 0, "Offset": 44}, "FileAlignment": {"FileOffset": 292, "Value": 512, "Offset": 36}, "BaseOfData": {"FileOffset": 280, "Value": 126976, "Offset": 24}, "AddressOfEntryPoint": {"FileOffset": 272, "Value": 36391, "Offset": 16}, "SectionAlignment": {"FileOffset": 288, "Value": 4096, "Offset": 32}, "SizeOfCode": {"FileOffset": 260, "Value": 121344, "Offset": 4}, "ImageBase": {"FileOffset": 284, "Value": 4194304, "Offset": 28}, "SizeOfInitializedData": {"FileOffset": 264, "Value": 29184, "Offset": 8}, "SizeOfImage": {"FileOffset": 312, "Value": 180224, "Offset": 56}, "MinorSubsystemVersion": {"FileOffset": 306, "Value": 0, "Offset": 50}, "CheckSum": {"FileOffset": 320, "Value": 210007, "Offset": 64}, "Reserved1": {"FileOffset": 308, "Value": 0, "Offset": 52}}, "DOS_HEADER": {"e_cblp": {"FileOffset": 2, "Value": 144, "Offset": 2}, "e_crlc": {"FileOffset": 6, "Value": 0, "Offset": 6}, "e_ovno": {"FileOffset": 26, "Value": 0, "Offset": 26}, "e_minalloc": {"FileOffset": 10, "Value": 0, "Offset": 10}, "e_csum": {"FileOffset": 18, "Value": 0, "Offset": 18}, "e_cparhdr": {"FileOffset": 8, "Value": 4, "Offset": 8}, "e_cp": {"FileOffset": 4, "Value": 3, "Offset": 4}, "e_cs": {"FileOffset": 22, "Value": 0, "Offset": 22}, "e_maxalloc": {"FileOffset": 12, "Value": 65535, "Offset": 12}, "e_lfarlc": {"FileOffset": 24, "Value": 64, "Offset": 24}, "e_oemid": {"FileOffset": 36, "Value": 0, "Offset": 36}, "e_lfanew": {"FileOffset": 60, "Value": 232, "Offset": 60}, "e_ss": {"FileOffset": 14, "Value": 0, "Offset": 14}, "e_magic": {"FileOffset": 0, "Value": 23117, "Offset": 0}, "e_oeminfo": {"FileOffset": 38, "Value": 0, "Offset": 38}, "e_res2": {"FileOffset": 40, "Value": "", "Offset": 40}, "e_res": {"FileOffset": 28, "Value": "", "Offset": 28}, "e_sp": {"FileOffset": 16, "Value": 184, "Offset": 16}, "Structure": "IMAGE_DOS_HEADER", "e_ip": {"FileOffset": 20, "Value": 0, "Offset": 20}}, "NT_HEADERS": {"Structure": "IMAGE_NT_HEADERS", "Signature": {"FileOffset": 232, "Value": 17744, "Offset": 0}}, "LOAD_CONFIG": {"TimeDateStamp": {"FileOffset": 133572, "Value": "0x0        [Thu Jan  1 00:00:00 1970 UTC]", "Offset": 4}, "ProcessHeapFlags": {"FileOffset": 133612, "Value": 0, "Offset": 44}, "CSDVersion": {"FileOffset": 133620, "Value": 0, "Offset": 52}, "GuardCFFunctionCount": {"FileOffset": 133652, "Value": 4345860, "Offset": 84}, "SEHandlerCount": {"FileOffset": 133636, "Value": 49, "Offset": 68}, "GuardCFCheckFunctionPointer": {"FileOffset": 133640, "Value": 0, "Offset": 72}, "GlobalFlagsClear": {"FileOffset": 133580, "Value": 0, "Offset": 12}, "ProcessAffinityMask": {"FileOffset": 133616, "Value": 0, "Offset": 48}, "VirtualMemoryThreshold": {"FileOffset": 133608, "Value": 0, "Offset": 40}, "LockPrefixTable": {"FileOffset": 133600, "Value": 0, "Offset": 32}, "MaximumAllocationSize": {"FileOffset": 133604, "Value": 0, "Offset": 36}, "Structure": "IMAGE_LOAD_CONFIG_DIRECTORY", "SEHandlerTable": {"FileOffset": 133632, "Value": 4334848, "Offset": 64}, "GuardCFFunctionTable": {"FileOffset": 133648, "Value": 0, "Offset": 80}, "DeCommitFreeBlockThreshold": {"FileOffset": 133592, "Value": 0, "Offset": 24}, "MinorVersion": {"FileOffset": 133578, "Value": 0, "Offset": 10}, "MajorVersion": {"FileOffset": 133576, "Value": 0, "Offset": 8}, "Reserved1": {"FileOffset": 133622, "Value": 0, "Offset": 54}, "SecurityCookie": {"FileOffset": 133628, "Value": 4346864, "Offset": 60}, "GlobalFlagsSet": {"FileOffset": 133584, "Value": 0, "Offset": 16}, "CriticalSectionDefaultTimeout": {"FileOffset": 133588, "Value": 0, "Offset": 20}, "DeCommitTotalFreeThreshold": {"FileOffset": 133596, "Value": 0, "Offset": 28}, "Reserved2": {"FileOffset": 133644, "Value": 0, "Offset": 76}, "EditList": {"FileOffset": 133624, "Value": 0, "Offset": 56}, "GuardFlags": {"FileOffset": 133656, "Value": 4332572, "Offset": 88}, "Size": {"FileOffset": 133568, "Value": 72, "Offset": 0}}, "Flags": ["IMAGE_FILE_32BIT_MACHINE", "IMAGE_FILE_EXECUTABLE_IMAGE", "IMAGE_FILE_RELOCS_STRIPPED"], "Imported symbols": [[{"TimeDateStamp": {"FileOffset": 141208, "Value": "0x0        [Thu Jan  1 00:00:00 1970 UTC]", "Offset": 4}, "Name": {"FileOffset": 141216, "Value": 146578, "Offset": 12}, "ForwarderChain": {"FileOffset": 141212, "Value": 0, "Offset": 8}, "OriginalFirstThunk": {"FileOffset": 141204, "Value": 146364, "Offset": 0}, "FirstThunk": {"FileOffset": 141220, "Value": 127428, "Offset": 16}, "Characteristics": {"FileOffset": 141204, "Value": 146364, "Offset": 0}, "Structure": "IMAGE_IMPORT_DESCRIPTOR"}, {"Ordinal": 11, "DLL": "WS2_32.dll"}, {"Ordinal": 9, "DLL": "WS2_32.dll"}, {"Ordinal": 115, "DLL": "WS2_32.dll"}, {"Hint": 32, "Name": "WSACreateEvent", "DLL": "WS2_32.dll"}, {"Hint": 82, "Name": "WSASocketA", "DLL": "WS2_32.dll"}, {"Ordinal": 4, "DLL": "WS2_32.dll"}, {"Hint": 42, "Name": "WSAEventSelect", "DLL": "WS2_32.dll"}, {"Hint": 72, "Name": "WSAResetEvent", "DLL": "WS2_32.dll"}, {"Hint": 89, "Name": "WSAWaitForMultipleEvents", "DLL": "WS2_32.dll"}, {"Hint": 39, "Name": "WSAEnumNetworkEvents", "DLL": "WS2_32.dll"}, {"Ordinal": 10, "DLL": "WS2_32.dll"}, {"Ordinal": 3, "DLL": "WS2_32.dll"}, {"Hint": 27, "Name": "WSACloseEvent", "DLL": "WS2_32.dll"}, {"Ordinal": 57, "DLL": "WS2_32.dll"}, {"Ordinal": 52, "DLL": "WS2_32.dll"}, {"Ordinal": 12, "DLL": "WS2_32.dll"}, {"Ordinal": 19, "DLL": "WS2_32.dll"}, {"Ordinal": 111, "DLL": "WS2_32.dll"}, {"Ordinal": 16, "DLL": "WS2_32.dll"}], [{"TimeDateStamp": {"FileOffset": 141228, "Value": "0x0        [Thu Jan  1 00:00:00 1970 UTC]", "Offset": 4}, "Name": {"FileOffset": 141236, "Value": 146964, "Offset": 12}, "ForwarderChain": {"FileOffset": 141232, "Value": 0, "Offset": 8}, "OriginalFirstThunk": {"FileOffset": 141224, "Value": 145964, "Offset": 0}, "FirstThunk": {"FileOffset": 141240, "Value": 127028, "Offset": 16}, "Characteristics": {"FileOffset": 141224, "Value": 145964, "Offset": 0}, "Structure": "IMAGE_IMPORT_DESCRIPTOR"}, {"Hint": 1154, "Name": "WriteConsoleA", "DLL": "KERNEL32.dll"}, {"Hint": 872, "Name": "ReadFile", "DLL": "KERNEL32.dll"}, {"Hint": 1057, "Name": "Sleep", "DLL": "KERNEL32.dll"}, {"Hint": 67, "Name": "CloseHandle", "DLL": "KERNEL32.dll"}, {"Hint": 148, "Name": "CreateProcessA", "DLL": "KERNEL32.dll"}, {"Hint": 906, "Name": "ResetEvent", "DLL": "KERNEL32.dll"}, {"Hint": 1124, "Name": "WaitForSingleObject", "DLL": "KERNEL32.dll"}, {"Hint": 569, "Name": "GetStartupInfoA", "DLL": "KERNEL32.dll"}, {"Hint": 409, "Name": "GetConsoleOutputCP", "DLL": "KERNEL32.dll"}, {"Hint": 423, "Name": "GetCurrentDirectoryA", "DLL": "KERNEL32.dll"}, {"Hint": 979, "Name": "SetEvent", "DLL": "KERNEL32.dll"}, {"Hint": 614, "Name": "GetTickCount", "DLL": "KERNEL32.dll"}, {"Hint": 586, "Name": "GetSystemPowerStatus", "DLL": "KERNEL32.dll"}, {"Hint": 629, "Name": "GetVersionExA", "DLL": "KERNEL32.dll"}, {"Hint": 486, "Name": "GetLastError", "DLL": "KERNEL32.dll"}, {"Hint": 631, "Name": "GetVolumeInformationA", "DLL": "KERNEL32.dll"}, {"Hint": 437, "Name": "GetDiskFreeSpaceExA", "DLL": "KERNEL32.dll"}, {"Hint": 442, "Name": "GetDriveTypeA", "DLL": "KERNEL32.dll"}, {"Hint": 491, "Name": "GetLogicalDriveStringsA", "DLL": "KERNEL32.dll"}, {"Hint": 673, "Name": "HeapFree", "DLL": "KERNEL32.dll"}, {"Hint": 547, "Name": "GetProcessHeap", "DLL": "KERNEL32.dll"}, {"Hint": 669, "Name": "HeapAlloc", "DLL": "KERNEL32.dll"}, {"Hint": 114, "Name": "CreateEventA", "DLL": "KERNEL32.dll"}, {"Hint": 1164, "Name": "WriteConsoleW", "DLL": "KERNEL32.dll"}, {"Hint": 1020, "Name": "SetStdHandle", "DLL": "KERNEL32.dll"}, {"Hint": 490, "Name": "GetLocaleInfoW", "DLL": "KERNEL32.dll"}, {"Hint": 120, "Name": "CreateFileA", "DLL": "KERNEL32.dll"}, {"Hint": 976, "Name": "SetEnvironmentVariableA", "DLL": "KERNEL32.dll"}, {"Hint": 966, "Name": "SetCurrentDirectoryA", "DLL": "KERNEL32.dll"}, {"Hint": 127, "Name": "CreateFileW", "DLL": "KERNEL32.dll"}, {"Hint": 145, "Name": "CreatePipe", "DLL": "KERNEL32.dll"}, {"Hint": 1045, "Name": "SetUnhandledExceptionFilter", "DLL": "KERNEL32.dll"}, {"Hint": 332, "Name": "FreeLibrary", "DLL": "KERNEL32.dll"}, {"Hint": 794, "Name": "MultiByteToWideChar", "DLL": "KERNEL32.dll"}, {"Hint": 1202, "Name": "lstrcpynA", "DLL": "KERNEL32.dll"}, {"Hint": 1205, "Name": "lstrlenA", "DLL": "KERNEL32.dll"}, {"Hint": 544, "Name": "GetProcAddress", "DLL": "KERNEL32.dll"}, {"Hint": 753, "Name": "LoadLibraryA", "DLL": "KERNEL32.dll"}, {"Hint": 692, "Name": "InitializeCriticalSection", "DLL": "KERNEL32.dll"}, {"Hint": 190, "Name": "DeleteCriticalSection", "DLL": "KERNEL32.dll"}, {"Hint": 217, "Name": "EnterCriticalSection", "DLL": "KERNEL32.dll"}, {"Hint": 751, "Name": "LeaveCriticalSection", "DLL": "KERNEL32.dll"}, {"Hint": 502, "Name": "GetModuleHandleA", "DLL": "KERNEL32.dll"}, {"Hint": 425, "Name": "GetCurrentProcess", "DLL": "KERNEL32.dll"}, {"Hint": 819, "Name": "OpenProcess", "DLL": "KERNEL32.dll"}, {"Hint": 1069, "Name": "TerminateProcess", "DLL": "KERNEL32.dll"}, {"Hint": 1146, "Name": "WideCharToMultiByte", "DLL": "KERNEL32.dll"}, {"Hint": 591, "Name": "GetSystemTimeAsFileTime", "DLL": "KERNEL32.dll"}, {"Hint": 914, "Name": "RtlUnwind", "DLL": "KERNEL32.dll"}, {"Hint": 1086, "Name": "UnhandledExceptionFilter", "DLL": "KERNEL32.dll"}, {"Hint": 973, "Name": "SetEndOfFile", "DLL": "KERNEL32.dll"}, {"Hint": 721, "Name": "IsDebuggerPresent", "DLL": "KERNEL32.dll"}, {"Hint": 858, "Name": "RaiseException", "DLL": "KERNEL32.dll"}, {"Hint": 261, "Name": "ExitThread", "DLL": "KERNEL32.dll"}, {"Hint": 429, "Name": "GetCurrentThreadId", "DLL": "KERNEL32.dll"}, {"Hint": 163, "Name": "CreateThread", "DLL": "KERNEL32.dll"}, {"Hint": 367, "Name": "GetCommandLineA", "DLL": "KERNEL32.dll"}, {"Hint": 676, "Name": "HeapReAlloc", "DLL": "KERNEL32.dll"}, {"Hint": 505, "Name": "GetModuleHandleW", "DLL": "KERNEL32.dll"}, {"Hint": 1076, "Name": "TlsGetValue", "DLL": "KERNEL32.dll"}, {"Hint": 1074, "Name": "TlsAlloc", "DLL": "KERNEL32.dll"}, {"Hint": 1077, "Name": "TlsSetValue", "DLL": "KERNEL32.dll"}, {"Hint": 1075, "Name": "TlsFree", "DLL": "KERNEL32.dll"}, {"Hint": 704, "Name": "InterlockedIncrement", "DLL": "KERNEL32.dll"}, {"Hint": 1004, "Name": "SetLastError", "DLL": "KERNEL32.dll"}, {"Hint": 700, "Name": "InterlockedDecrement", "DLL": "KERNEL32.dll"}, {"Hint": 347, "Name": "GetCPInfo", "DLL": "KERNEL32.dll"}, {"Hint": 338, "Name": "GetACP", "DLL": "KERNEL32.dll"}, {"Hint": 531, "Name": "GetOEMCP", "DLL": "KERNEL32.dll"}, {"Hint": 731, "Name": "IsValidCodePage", "DLL": "KERNEL32.dll"}, {"Hint": 737, "Name": "LCMapStringA", "DLL": "KERNEL32.dll"}, {"Hint": 739, "Name": "LCMapStringW", "DLL": "KERNEL32.dll"}, {"Hint": 671, "Name": "HeapCreate", "DLL": "KERNEL32.dll"}, {"Hint": 1111, "Name": "VirtualFree", "DLL": "KERNEL32.dll"}, {"Hint": 1108, "Name": "VirtualAlloc", "DLL": "KERNEL32.dll"}, {"Hint": 260, "Name": "ExitProcess", "DLL": "KERNEL32.dll"}, {"Hint": 1000, "Name": "SetHandleCount", "DLL": "KERNEL32.dll"}, {"Hint": 571, "Name": "GetStdHandle", "DLL": "KERNEL32.dll"}, {"Hint": 471, "Name": "GetFileType", "DLL": "KERNEL32.dll"}, {"Hint": 1165, "Name": "WriteFile", "DLL": "KERNEL32.dll"}, {"Hint": 387, "Name": "GetConsoleCP", "DLL": "KERNEL32.dll"}, {"Hint": 405, "Name": "GetConsoleMode", "DLL": "KERNEL32.dll"}, {"Hint": 321, "Name": "FlushFileBuffers", "DLL": "KERNEL32.dll"}, {"Hint": 991, "Name": "SetFilePointer", "DLL": "KERNEL32.dll"}, {"Hint": 678, "Name": "HeapSize", "DLL": "KERNEL32.dll"}, {"Hint": 500, "Name": "GetModuleFileNameA", "DLL": "KERNEL32.dll"}, {"Hint": 330, "Name": "FreeEnvironmentStringsA", "DLL": "KERNEL32.dll"}, {"Hint": 447, "Name": "GetEnvironmentStrings", "DLL": "KERNEL32.dll"}, {"Hint": 331, "Name": "FreeEnvironmentStringsW", "DLL": "KERNEL32.dll"}, {"Hint": 449, "Name": "GetEnvironmentStringsW", "DLL": "KERNEL32.dll"}, {"Hint": 852, "Name": "QueryPerformanceCounter", "DLL": "KERNEL32.dll"}, {"Hint": 426, "Name": "GetCurrentProcessId", "DLL": "KERNEL32.dll"}, {"Hint": 573, "Name": "GetStringTypeA", "DLL": "KERNEL32.dll"}, {"Hint": 576, "Name": "GetStringTypeW", "DLL": "KERNEL32.dll"}, {"Hint": 621, "Name": "GetUserDefaultLCID", "DLL": "KERNEL32.dll"}, {"Hint": 488, "Name": "GetLocaleInfoA", "DLL": "KERNEL32.dll"}, {"Hint": 248, "Name": "EnumSystemLocalesA", "DLL": "KERNEL32.dll"}, {"Hint": 733, "Name": "IsValidLocale", "DLL": "KERNEL32.dll"}, {"Hint": 693, "Name": "InitializeCriticalSectionAndSpinCount", "DLL": "KERNEL32.dll"}], [{"TimeDateStamp": {"FileOffset": 141248, "Value": "0x0        [Thu Jan  1 00:00:00 1970 UTC]", "Offset": 4}, "Name": {"FileOffset": 141256, "Value": 147016, "Offset": 12}, "ForwarderChain": {"FileOffset": 141252, "Value": 0, "Offset": 8}, "OriginalFirstThunk": {"FileOffset": 141244, "Value": 145912, "Offset": 0}, "FirstThunk": {"FileOffset": 141260, "Value": 126976, "Offset": 16}, "Characteristics": {"FileOffset": 141244, "Value": 145912, "Offset": 0}, "Structure": "IMAGE_IMPORT_DESCRIPTOR"}, {"Hint": 119, "Name": "CreateProcessAsUserA", "DLL": "ADVAPI32.dll"}, {"Hint": 30, "Name": "AdjustTokenPrivileges", "DLL": "ADVAPI32.dll"}, {"Hint": 340, "Name": "GetTokenInformation", "DLL": "ADVAPI32.dll"}, {"Hint": 394, "Name": "LookupAccountSidA", "DLL": "ADVAPI32.dll"}, {"Hint": 497, "Name": "OpenProcessToken", "DLL": "ADVAPI32.dll"}, {"Hint": 400, "Name": "LookupPrivilegeValueA", "DLL": "ADVAPI32.dll"}, {"Hint": 387, "Name": "LogonUserA", "DLL": "ADVAPI32.dll"}], [{"TimeDateStamp": {"FileOffset": 141268, "Value": "0x0        [Thu Jan  1 00:00:00 1970 UTC]", "Offset": 4}, "Name": {"FileOffset": 141276, "Value": 147150, "Offset": 12}, "ForwarderChain": {"FileOffset": 141272, "Value": 0, "Offset": 8}, "OriginalFirstThunk": {"FileOffset": 141264, "Value": 145944, "Offset": 0}, "FirstThunk": {"FileOffset": 141280, "Value": 127008, "Offset": 16}, "Characteristics": {"FileOffset": 141264, "Value": 145944, "Offset": 0}, "Structure": "IMAGE_IMPORT_DESCRIPTOR"}, {"Hint": 61, "Name": "CertFreeCertificateChain", "DLL": "CRYPT32.dll"}, {"Hint": 114, "Name": "CertVerifyCertificateChainPolicy", "DLL": "CRYPT32.dll"}, {"Hint": 63, "Name": "CertFreeCertificateContext", "DLL": "CRYPT32.dll"}, {"Hint": 68, "Name": "CertGetCertificateChain", "DLL": "CRYPT32.dll"}]], "PE Sections": [{"PointerToRawData": {"FileOffset": 500, "Value": 1024, "Offset": 20}, "SHA1": "d4f0e578c346745a1e78dfcb7f6360e88c5acafb", "SHA256": "d693fa8e6baf2b20d1e50f911cb1757b0567b4a03be3fbff79c08c6736cbd1ae", "Name": {"FileOffset": 480, "Value": ".text", "Offset": 0}, "NumberOfRelocations": {"FileOffset": 512, "Value": 0, "Offset": 32}, "Misc_VirtualSize": {"FileOffset": 488, "Value": 121130, "Offset": 8}, "Characteristics": {"FileOffset": 516, "Value": 1610612768, "Offset": 36}, "Misc": {"FileOffset": 488, "Value": 121130, "Offset": 8}, "PointerToLinenumbers": {"FileOffset": 508, "Value": 0, "Offset": 28}, "SizeOfRawData": {"FileOffset": 496, "Value": 121344, "Offset": 16}, "Misc_PhysicalAddress": {"FileOffset": 488, "Value": 121130, "Offset": 8}, "PointerToRelocations": {"FileOffset": 504, "Value": 0, "Offset": 24}, "Flags": ["IMAGE_SCN_MEM_EXECUTE", "IMAGE_SCN_CNT_CODE", "IMAGE_SCN_MEM_READ"], "SHA512": "d7093913bb4b501aa23dbfb4def4a24a7b9e4e3afc3e7a1372eb5d674dad66e9a9368a03dd359d7ef183c5a22c108207cc30bcafbcf71d17a068068e5de88255", "MD5": "2262823997e50080fb875f41a6cfa0be", "Entropy": 6.638916175834978, "VirtualAddress": {"FileOffset": 492, "Value": 4096, "Offset": 12}, "Structure": "IMAGE_SECTION_HEADER", "NumberOfLinenumbers": {"FileOffset": 514, "Value": 0, "Offset": 34}}, {"PointerToRawData": {"FileOffset": 540, "Value": 122368, "Offset": 20}, "SHA1": "df6802a815479389681cdb340cfd8975d3438f9f", "SHA256": "0d405f75e179358360d7f5c2807f88b4f4ffdebe50e55299b15c6e2a3d706b86", "Name": {"FileOffset": 520, "Value": ".rdata", "Offset": 0}, "NumberOfRelocations": {"FileOffset": 552, "Value": 0, "Offset": 32}, "Misc_VirtualSize": {"FileOffset": 528, "Value": 21732, "Offset": 8}, "Characteristics": {"FileOffset": 556, "Value": 1073741888, "Offset": 36}, "Misc": {"FileOffset": 528, "Value": 21732, "Offset": 8}, "PointerToLinenumbers": {"FileOffset": 548, "Value": 0, "Offset": 28}, "SizeOfRawData": {"FileOffset": 536, "Value": 22016, "Offset": 16}, "Misc_PhysicalAddress": {"FileOffset": 528, "Value": 21732, "Offset": 8}, "PointerToRelocations": {"FileOffset": 544, "Value": 0, "Offset": 24}, "Flags": ["IMAGE_SCN_CNT_INITIALIZED_DATA", "IMAGE_SCN_MEM_READ"], "SHA512": "8b685584a56a8bcebbd2f1bad4e52b66cc5b20600b208ec771aff2095be5f808190815475c62c8816195f336451155bb0e1f935569867f9b11f6f693ec7b705f", "MD5": "5b508d30bce73c03449aefedca19e780", "Entropy": 5.1159890083825825, "VirtualAddress": {"FileOffset": 532, "Value": 126976, "Offset": 12}, "Structure": "IMAGE_SECTION_HEADER", "NumberOfLinenumbers": {"FileOffset": 554, "Value": 0, "Offset": 34}}, {"PointerToRawData": {"FileOffset": 580, "Value": 144384, "Offset": 20}, "SHA1": "6f1f3dbab2a3212a1a8ac95efebd3de4b7e74f48", "SHA256": "97748925c32a357a2c6b8f3afca47a76b98553468ad419517a9e0774b3a78b0c", "Name": {"FileOffset": 560, "Value": ".data", "Offset": 0}, "NumberOfRelocations": {"FileOffset": 592, "Value": 0, "Offset": 32}, "Misc_VirtualSize": {"FileOffset": 568, "Value": 23104, "Offset": 8}, "Characteristics": {"FileOffset": 596, "Value": 3221225536, "Offset": 36}, "Misc": {"FileOffset": 568, "Value": 23104, "Offset": 8}, "PointerToLinenumbers": {"FileOffset": 588, "Value": 0, "Offset": 28}, "SizeOfRawData": {"FileOffset": 576, "Value": 6656, "Offset": 16}, "Misc_PhysicalAddress": {"FileOffset": 568, "Value": 23104, "Offset": 8}, "PointerToRelocations": {"FileOffset": 584, "Value": 0, "Offset": 24}, "Flags": ["IMAGE_SCN_CNT_INITIALIZED_DATA", "IMAGE_SCN_MEM_WRITE", "IMAGE_SCN_MEM_READ"], "SHA512": "d7c6ca0d9982a17061be39bec48cbe43d178274b7eee7751c9072ee36f48dc9542393084b23e7196754c1eb461093377710b06a82af96ea13b45b24200f9cad1", "MD5": "f92d22b50b4cef6e623a47f2bc03b62c", "Entropy": 3.762082860358998, "VirtualAddress": {"FileOffset": 572, "Value": 151552, "Offset": 12}, "Structure": "IMAGE_SECTION_HEADER", "NumberOfLinenumbers": {"FileOffset": 594, "Value": 0, "Offset": 34}}, {"PointerToRawData": {"FileOffset": 620, "Value": 151040, "Offset": 20}, "SHA1": "051e534aca4dbdd3425bd1efe8016ddfc27dcf38", "SHA256": "4bb0a022d9886a3f193067f2f59b5cee7137aae82dedf74142331783b3926ef1", "Name": {"FileOffset": 600, "Value": ".rsrc", "Offset": 0}, "NumberOfRelocations": {"FileOffset": 632, "Value": 0, "Offset": 32}, "Misc_VirtualSize": {"FileOffset": 608, "Value": 436, "Offset": 8}, "Characteristics": {"FileOffset": 636, "Value": 1073741888, "Offset": 36}, "Misc": {"FileOffset": 608, "Value": 436, "Offset": 8}, "PointerToLinenumbers": {"FileOffset": 628, "Value": 0, "Offset": 28}, "SizeOfRawData": {"FileOffset": 616, "Value": 512, "Offset": 16}, "Misc_PhysicalAddress": {"FileOffset": 608, "Value": 436, "Offset": 8}, "PointerToRelocations": {"FileOffset": 624, "Value": 0, "Offset": 24}, "Flags": ["IMAGE_SCN_CNT_INITIALIZED_DATA", "IMAGE_SCN_MEM_READ"], "SHA512": "dc76d85d58a8e3541f1ef1e3bf4a4d8aafbb2dac82707d6cddeb20e754f57ae532e7199417f7ed97c14e1ecfd07e026440515de353aeb24ec76f49b3601287be", "MD5": "3a4fdc31bb49b29d6f19b94641d14ee8", "Entropy": 5.112623549532036, "VirtualAddress": {"FileOffset": 612, "Value": 176128, "Offset": 12}, "Structure": "IMAGE_SECTION_HEADER", "NumberOfLinenumbers": {"FileOffset": 634, "Value": 0, "Offset": 34}}], "Resource directory": [{"MajorVersion": {"FileOffset": 151048, "Value": 4, "Offset": 8}, "NumberOfIdEntries": {"FileOffset": 151054, "Value": 1, "Offset": 14}, "MinorVersion": {"FileOffset": 151050, "Value": 0, "Offset": 10}, "TimeDateStamp": {"FileOffset": 151044, "Value": "0x0        [Thu Jan  1 00:00:00 1970 UTC]", "Offset": 4}, "Characteristics": {"FileOffset": 151040, "Value": 0, "Offset": 0}, "NumberOfNamedEntries": {"FileOffset": 151052, "Value": 0, "Offset": 12}, "Structure": "IMAGE_RESOURCE_DIRECTORY"}, {"Structure": "IMAGE_RESOURCE_DIRECTORY_ENTRY", "Id": [24, "RT_MANIFEST"], "OffsetToData": {"FileOffset": 151060, "Value": 2147483672, "Offset": 4}, "Name": {"FileOffset": 151056, "Value": 24, "Offset": 0}}, [{"MajorVersion": {"FileOffset": 151072, "Value": 4, "Offset": 8}, "NumberOfIdEntries": {"FileOffset": 151078, "Value": 1, "Offset": 14}, "MinorVersion": {"FileOffset": 151074, "Value": 0, "Offset": 10}, "TimeDateStamp": {"FileOffset": 151068, "Value": "0x0        [Thu Jan  1 00:00:00 1970 UTC]", "Offset": 4}, "Characteristics": {"FileOffset": 151064, "Value": 0, "Offset": 0}, "NumberOfNamedEntries": {"FileOffset": 151076, "Value": 0, "Offset": 12}, "Structure": "IMAGE_RESOURCE_DIRECTORY"}, {"Structure": "IMAGE_RESOURCE_DIRECTORY_ENTRY", "Id": 1, "OffsetToData": {"FileOffset": 151084, "Value": 2147483696, "Offset": 4}, "Name": {"FileOffset": 151080, "Value": 1, "Offset": 0}}, [{"MajorVersion": {"FileOffset": 151096, "Value": 4, "Offset": 8}, "NumberOfIdEntries": {"FileOffset": 151102, "Value": 1, "Offset": 14}, "MinorVersion": {"FileOffset": 151098, "Value": 0, "Offset": 10}, "TimeDateStamp": {"FileOffset": 151092, "Value": "0x0        [Thu Jan  1 00:00:00 1970 UTC]", "Offset": 4}, "Characteristics": {"FileOffset": 151088, "Value": 0, "Offset": 0}, "NumberOfNamedEntries": {"FileOffset": 151100, "Value": 0, "Offset": 12}, "Structure": "IMAGE_RESOURCE_DIRECTORY"}, {"LANG": 9, "SUBLANG_NAME": "SUBLANG_ENGLISH_US", "Name": {"FileOffset": 151104, "Value": 1033, "Offset": 0}, "CodePage": {"FileOffset": 151120, "Value": 1252, "Offset": 8}, "LANG_NAME": "LANG_ENGLISH", "OffsetToData": {"FileOffset": 151112, "Value": 176216, "Offset": 0}, "Reserved": {"FileOffset": 151124, "Value": 0, "Offset": 12}, "SUBLANG": 1, "Structure": "IMAGE_RESOURCE_DATA_ENTRY", "Size": {"FileOffset": 151116, "Value": 346, "Offset": 4}}]]]}
