{"DllCharacteristics": ["IMAGE_DLLCHARACTERISTICS_TERMINAL_SERVER_AWARE", "IMAGE_DLLCHARACTERISTICS_NX_COMPAT"], "FILE_HEADER": {"NumberOfSections": {"FileOffset": 230, "Value": 4, "Offset": 2}, "TimeDateStamp": {"FileOffset": 232, "Value": "0x4FCCB0BF [Mon Jun  4 12:57:35 2012 UTC]", "Offset": 4}, "PointerToSymbolTable": {"FileOffset": 236, "Value": 0, "Offset": 8}, "NumberOfSymbols": {"FileOffset": 240, "Value": 0, "Offset": 12}, "Machine": {"FileOffset": 228, "Value": 332, "Offset": 0}, "Characteristics": {"FileOffset": 246, "Value": 259, "Offset": 18}, "SizeOfOptionalHeader": {"FileOffset": 244, "Value": 224, "Offset": 16}, "Structure": "IMAGE_FILE_HEADER"}, "Directories": [{"VirtualAddress": {"FileOffset": 344, "Value": 0, "Offset": 0}, "Structure": "IMAGE_DIRECTORY_ENTRY_EXPORT", "Size": {"FileOffset": 348, "Value": 0, "Offset": 4}}, {"VirtualAddress": {"FileOffset": 352, "Value": 57868, "Offset": 0}, "Structure": "IMAGE_DIRECTORY_ENTRY_IMPORT", "Size": {"FileOffset": 356, "Value": 120, "Offset": 4}}, {"VirtualAddress": {"FileOffset": 360, "Value": 65536, "Offset": 0}, "Structure": "IMAGE_DIRECTORY_ENTRY_RESOURCE", "Size": {"FileOffset": 364, "Value": 672, "Offset": 4}}, {"VirtualAddress": {"FileOffset": 368, "Value": 0, "Offset": 0}, "Structure": "IMAGE_DIRECTORY_ENTRY_EXCEPTION", "Size": {"FileOffset": 372, "Value": 0, "Offset": 4}}, {"VirtualAddress": {"FileOffset": 376, "Value": 0, "Offset": 0}, "Structure": "IMAGE_DIRECTORY_ENTRY_SECURITY", "Size": {"FileOffset": 380, "Value": 0, "Offset": 4}}, {"VirtualAddress": {"FileOffset": 384, "Value": 0, "Offset": 0}, "Structure": "IMAGE_DIRECTORY_ENTRY_BASERELOC", "Size": {"FileOffset": 388, "Value": 0, "Offset": 4}}, {"VirtualAddress": {"FileOffset": 392, "Value": 45632, "Offset": 0}, "Structure": "IMAGE_DIRECTORY_ENTRY_DEBUG", "Size": {"FileOffset": 396, "Value": 28, "Offset": 4}}, {"VirtualAddress": {"FileOffset": 400, "Value": 0, "Offset": 0}, "Structure": "IMAGE_DIRECTORY_ENTRY_COPYRIGHT", "Size": {"FileOffset": 404, "Value": 0, "Offset": 4}}, {"VirtualAddress": {"FileOffset": 408, "Value": 0, "Offset": 0}, "Structure": "IMAGE_DIRECTORY_ENTRY_GLOBALPTR", "Size": {"FileOffset": 412, "Value": 0, "Offset": 4}}, {"VirtualAddress": {"FileOffset": 416, "Value": 0, "Offset": 0}, "Structure": "IMAGE_DIRECTORY_ENTRY_TLS", "Size": {"FileOffset": 420, "Value": 0, "Offset": 4}}, {"VirtualAddress": {"FileOffset": 424, "Value": 56768, "Offset": 0}, "Structure": "IMAGE_DIRECTORY_ENTRY_LOAD_CONFIG", "Size": {"FileOffset": 428, "Value": 64, "Offset": 4}}, {"VirtualAddress": {"FileOffset": 432, "Value": 0, "Offset": 0}, "Structure": "IMAGE_DIRECTORY_ENTRY_BOUND_IMPORT", "Size": {"FileOffset": 436, "Value": 0, "Offset": 4}}, {"VirtualAddress": {"FileOffset": 440, "Value": 45056, "Offset": 0}, "Structure": "IMAGE_DIRECTORY_ENTRY_IAT", "Size": {"FileOffset": 444, "Value": 540, "Offset": 4}}, {"VirtualAddress": {"FileOffset": 448, "Value": 0, "Offset": 0}, "Structure": "IMAGE_DIRECTORY_ENTRY_DELAY_IMPORT", "Size": {"FileOffset": 452, "Value": 0, "Offset": 4}}, {"VirtualAddress": {"FileOffset": 456, "Value": 0, "Offset": 0}, "Structure": "IMAGE_DIRECTORY_ENTRY_COM_DESCRIPTOR", "Size": {"FileOffset": 460, "Value": 0, "Offset": 4}}, {"VirtualAddress": {"FileOffset": 464, "Value": 0, "Offset": 0}, "Structure": "IMAGE_DIRECTORY_ENTRY_RESERVED", "Size": {"FileOffset": 468, "Value": 0, "Offset": 4}}], "OPTIONAL_HEADER": {"DllCharacteristics": {"FileOffset": 318, "Value": 33024, "Offset": 70}, "BaseOfCode": {"FileOffset": 268, "Value": 4096, "Offset": 20}, "MajorLinkerVersion": {"FileOffset": 250, "Value": 9, "Offset": 2}, "MinorOperatingSystemVersion": {"FileOffset": 290, "Value": 0, "Offset": 42}, "MinorLinkerVersion": {"FileOffset": 251, "Value": 0, "Offset": 3}, "MajorSubsystemVersion": {"FileOffset": 296, "Value": 5, "Offset": 48}, "MajorOperatingSystemVersion": {"FileOffset": 288, "Value": 5, "Offset": 40}, "SizeOfStackCommit": {"FileOffset": 324, "Value": 4096, "Offset": 76}, "SizeOfUninitializedData": {"FileOffset": 260, "Value": 0, "Offset": 12}, "NumberOfRvaAndSizes": {"FileOffset": 340, "Value": 16, "Offset": 92}, "SizeOfHeapReserve": {"FileOffset": 328, "Value": 1048576, "Offset": 80}, "LoaderFlags": {"FileOffset": 336, "Value": 0, "Offset": 88}, "SizeOfHeapCommit": {"FileOffset": 332, "Value": 4096, "Offset": 84}, "SizeOfStackReserve": {"FileOffset": 320, "Value": 1048576, "Offset": 72}, "Structure": "IMAGE_OPTIONAL_HEADER", "SizeOfHeaders": {"FileOffset": 308, "Value": 1024, "Offset": 60}, "Subsystem": {"FileOffset": 316, "Value": 2, "Offset": 68}, "Magic": {"FileOffset": 248, "Value": 267, "Offset": 0}, "MinorImageVersion": {"FileOffset": 294, "Value": 0, "Offset": 46}, "MajorImageVersion": {"FileOffset": 292, "Value": 0, "Offset": 44}, "FileAlignment": {"FileOffset": 284, "Value": 512, "Offset": 36}, "BaseOfData": {"FileOffset": 272, "Value": 45056, "Offset": 24}, "AddressOfEntryPoint": {"FileOffset": 264, "Value": 40097, "Offset": 16}, "SectionAlignment": {"FileOffset": 280, "Value": 4096, "Offset": 32}, "SizeOfCode": {"FileOffset": 252, "Value": 37888, "Offset": 4}, "ImageBase": {"FileOffset": 276, "Value": 4194304, "Offset": 28}, "SizeOfInitializedData": {"FileOffset": 256, "Value": 17408, "Offset": 8}, "SizeOfImage": {"FileOffset": 304, "Value": 69632, "Offset": 56}, "MinorSubsystemVersion": {"FileOffset": 298, "Value": 0, "Offset": 50}, "CheckSum": {"FileOffset": 312, "Value": 71878, "Offset": 64}, "Reserved1": {"FileOffset": 300, "Value": 0, "Offset": 52}}, "DOS_HEADER": {"e_cblp": {"FileOffset": 2, "Value": 144, "Offset": 2}, "e_crlc": {"FileOffset": 6, "Value": 0, "Offset": 6}, "e_ovno": {"FileOffset": 26, "Value": 0, "Offset": 26}, "e_minalloc": {"FileOffset": 10, "Value": 0, "Offset": 10}, "e_csum": {"FileOffset": 18, "Value": 0, "Offset": 18}, "e_cparhdr": {"FileOffset": 8, "Value": 4, "Offset": 8}, "e_cp": {"FileOffset": 4, "Value": 3, "Offset": 4}, "e_cs": {"FileOffset": 22, "Value": 0, "Offset": 22}, "e_maxalloc": {"FileOffset": 12, "Value": 65535, "Offset": 12}, "e_lfarlc": {"FileOffset": 24, "Value": 64, "Offset": 24}, "e_oemid": {"FileOffset": 36, "Value": 0, "Offset": 36}, "e_lfanew": {"FileOffset": 60, "Value": 224, "Offset": 60}, "e_ss": {"FileOffset": 14, "Value": 0, "Offset": 14}, "e_magic": {"FileOffset": 0, "Value": 23117, "Offset": 0}, "e_oeminfo": {"FileOffset": 38, "Value": 0, "Offset": 38}, "e_res2": {"FileOffset": 40, "Value": "", "Offset": 40}, "e_res": {"FileOffset": 28, "Value": "", "Offset": 28}, "e_sp": {"FileOffset": 16, "Value": 184, "Offset": 16}, "Structure": "IMAGE_DOS_HEADER", "e_ip": {"FileOffset": 20, "Value": 0, "Offset": 20}}, "NT_HEADERS": {"Structure": "IMAGE_NT_HEADERS", "Signature": {"FileOffset": 224, "Value": 17744, "Offset": 0}}, "LOAD_CONFIG": {"TimeDateStamp": {"FileOffset": 50628, "Value": "0x0        [Thu Jan  1 00:00:00 1970 UTC]", "Offset": 4}, "ProcessHeapFlags": {"FileOffset": 50668, "Value": 0, "Offset": 44}, "CSDVersion": {"FileOffset": 50676, "Value": 0, "Offset": 52}, "GuardCFFunctionCount": {"FileOffset": 50708, "Value": 2018836159, "Offset": 84}, "SEHandlerCount": {"FileOffset": 50692, "Value": 4, "Offset": 68}, "GuardCFCheckFunctionPointer": {"FileOffset": 50696, "Value": 1396986706, "Offset": 72}, "GlobalFlagsClear": {"FileOffset": 50636, "Value": 0, "Offset": 12}, "ProcessAffinityMask": {"FileOffset": 50672, "Value": 0, "Offset": 48}, "VirtualMemoryThreshold": {"FileOffset": 50664, "Value": 0, "Offset": 40}, "LockPrefixTable": {"FileOffset": 50656, "Value": 0, "Offset": 32}, "MaximumAllocationSize": {"FileOffset": 50660, "Value": 0, "Offset": 36}, "Structure": "IMAGE_LOAD_CONFIG_DIRECTORY", "SEHandlerTable": {"FileOffset": 50688, "Value": 4251520, "Offset": 64}, "GuardCFFunctionTable": {"FileOffset": 50704, "Value": 1281606054, "Offset": 80}, "DeCommitFreeBlockThreshold": {"FileOffset": 50648, "Value": 0, "Offset": 24}, "MinorVersion": {"FileOffset": 50634, "Value": 0, "Offset": 10}, "MajorVersion": {"FileOffset": 50632, "Value": 0, "Offset": 8}, "Reserved1": {"FileOffset": 50678, "Value": 0, "Offset": 54}, "SecurityCookie": {"FileOffset": 50684, "Value": 4255880, "Offset": 60}, "GlobalFlagsSet": {"FileOffset": 50640, "Value": 0, "Offset": 16}, "CriticalSectionDefaultTimeout": {"FileOffset": 50644, "Value": 0, "Offset": 20}, "DeCommitTotalFreeThreshold": {"FileOffset": 50652, "Value": 0, "Offset": 28}, "Reserved2": {"FileOffset": 50700, "Value": 3281800441, "Offset": 76}, "EditList": {"FileOffset": 50680, "Value": 0, "Offset": 56}, "GuardFlags": {"FileOffset": 50712, "Value": 3571247867, "Offset": 88}, "Size": {"FileOffset": 50624, "Value": 72, "Offset": 0}}, "Flags": ["IMAGE_FILE_32BIT_MACHINE", "IMAGE_FILE_EXECUTABLE_IMAGE", "IMAGE_FILE_RELOCS_STRIPPED"], "Debug information": [{"MajorVersion": {"FileOffset": 39496, "Value": 0, "Offset": 8}, "PointerToRawData": {"FileOffset": 39512, "Value": 50696, "Offset": 24}, "MinorVersion": {"FileOffset": 39498, "Value": 0, "Offset": 10}, "TimeDateStamp": {"FileOffset": 39492, "Value": "0x4FCCB0BF [Mon Jun  4 12:57:35 2012 UTC]", "Offset": 4}, "Characteristics": {"FileOffset": 39488, "Value": 0, "Offset": 0}, "Structure": "IMAGE_DEBUG_DIRECTORY", "Type": "IMAGE_DEBUG_TYPE_CODEVIEW", "SizeOfData": {"FileOffset": 39504, "Value": 83, "Offset": 16}, "AddressOfRawData": {"FileOffset": 39508, "Value": 56840, "Offset": 20}}], "Imported symbols": [[{"TimeDateStamp": {"FileOffset": 51728, "Value": "0x0        [Thu Jan  1 00:00:00 1970 UTC]", "Offset": 4}, "Name": {"FileOffset": 51736, "Value": 58706, "Offset": 12}, "ForwarderChain": {"FileOffset": 51732, "Value": 0, "Offset": 8}, "OriginalFirstThunk": {"FileOffset": 51724, "Value": 57988, "Offset": 0}, "FirstThunk": {"FileOffset": 51740, "Value": 45056, "Offset": 16}, "Characteristics": {"FileOffset": 51724, "Value": 57988, "Offset": 0}, "Structure": "IMAGE_IMPORT_DESCRIPTOR"}, {"Hint": 637, "Name": "RegSetValueExA", "DLL": "ADVAPI32.dll"}, {"Hint": 560, "Name": "RegCloseKey", "DLL": "ADVAPI32.dll"}, {"Hint": 621, "Name": "RegQueryValueExA", "DLL": "ADVAPI32.dll"}, {"Hint": 608, "Name": "RegOpenKeyExA", "DLL": "ADVAPI32.dll"}, {"Hint": 31, "Name": "AdjustTokenPrivileges", "DLL": "ADVAPI32.dll"}, {"Hint": 406, "Name": "LookupPrivilegeValueA", "DLL": "ADVAPI32.dll"}, {"Hint": 503, "Name": "OpenProcessToken", "DLL": "ADVAPI32.dll"}, {"Hint": 400, "Name": "LookupAccountSidA", "DLL": "ADVAPI32.dll"}, {"Hint": 346, "Name": "GetTokenInformation", "DLL": "ADVAPI32.dll"}], [{"TimeDateStamp": {"FileOffset": 51748, "Value": "0x0        [Thu Jan  1 00:00:00 1970 UTC]", "Offset": 4}, "Name": {"FileOffset": 51756, "Value": 59004, "Offset": 12}, "ForwarderChain": {"FileOffset": 51752, "Value": 0, "Offset": 8}, "OriginalFirstThunk": {"FileOffset": 51744, "Value": 58400, "Offset": 0}, "FirstThunk": {"FileOffset": 51760, "Value": 45468, "Offset": 16}, "Characteristics": {"FileOffset": 51744, "Value": 58400, "Offset": 0}, "Structure": "IMAGE_IMPORT_DESCRIPTOR"}, {"Hint": 492, "Name": "LoadIconA", "DLL": "USER32.dll"}, {"Hint": 785, "Name": "UpdateWindow", "DLL": "USER32.dll"}, {"Hint": 735, "Name": "ShowWindow", "DLL": "USER32.dll"}, {"Hint": 109, "Name": "CreateWindowExA", "DLL": "USER32.dll"}, {"Hint": 567, "Name": "PostQuitMessage", "DLL": "USER32.dll"}, {"Hint": 220, "Name": "EndPaint", "DLL": "USER32.dll"}, {"Hint": 14, "Name": "BeginPaint", "DLL": "USER32.dll"}, {"Hint": 155, "Name": "DefWindowProcA", "DLL": "USER32.dll"}, {"Hint": 166, "Name": "DestroyWindow", "DLL": "USER32.dll"}, {"Hint": 764, "Name": "TranslateMessage", "DLL": "USER32.dll"}, {"Hint": 761, "Name": "TranslateAcceleratorA", "DLL": "USER32.dll"}, {"Hint": 345, "Name": "GetMessageA", "DLL": "USER32.dll"}, {"Hint": 484, "Name": "LoadAcceleratorsA", "DLL": "USER32.dll"}, {"Hint": 505, "Name": "LoadStringA", "DLL": "USER32.dll"}, {"Hint": 588, "Name": "RegisterClassExA", "DLL": "USER32.dll"}, {"Hint": 174, "Name": "DispatchMessageA", "DLL": "USER32.dll"}, {"Hint": 488, "Name": "LoadCursorA", "DLL": "USER32.dll"}], [{"TimeDateStamp": {"FileOffset": 51768, "Value": "0x0        [Thu Jan  1 00:00:00 1970 UTC]", "Offset": 4}, "Name": {"FileOffset": 51776, "Value": 59286, "Offset": 12}, "ForwarderChain": {"FileOffset": 51772, "Value": 0, "Offset": 8}, "OriginalFirstThunk": {"FileOffset": 51764, "Value": 58472, "Offset": 0}, "FirstThunk": {"FileOffset": 51780, "Value": 45540, "Offset": 16}, "Characteristics": {"FileOffset": 51764, "Value": 58472, "Offset": 0}, "Structure": "IMAGE_IMPORT_DESCRIPTOR"}, {"Hint": 85, "Name": "HttpEndRequestA", "DLL": "WININET.dll"}, {"Hint": 191, "Name": "InternetWriteFile", "DLL": "WININET.dll"}, {"Hint": 92, "Name": "HttpSendRequestExA", "DLL": "WININET.dll"}, {"Hint": 89, "Name": "HttpQueryInfoA", "DLL": "WININET.dll"}, {"Hint": 159, "Name": "InternetReadFile", "DLL": "WININET.dll"}, {"Hint": 87, "Name": "HttpOpenRequestA", "DLL": "WININET.dll"}, {"Hint": 164, "Name": "InternetSetCookieA", "DLL": "WININET.dll"}, {"Hint": 91, "Name": "HttpSendRequestA", "DLL": "WININET.dll"}, {"Hint": 151, "Name": "InternetOpenA", "DLL": "WININET.dll"}, {"Hint": 113, "Name": "InternetConnectA", "DLL": "WININET.dll"}, {"Hint": 98, "Name": "InternetAttemptConnect", "DLL": "WININET.dll"}, {"Hint": 107, "Name": "InternetCloseHandle", "DLL": "WININET.dll"}, {"Hint": 82, "Name": "HttpAddRequestHeadersA", "DLL": "WININET.dll"}], [{"TimeDateStamp": {"FileOffset": 51788, "Value": "0x0        [Thu Jan  1 00:00:00 1970 UTC]", "Offset": 4}, "Name": {"FileOffset": 51796, "Value": 59746, "Offset": 12}, "ForwarderChain": {"FileOffset": 51792, "Value": 0, "Offset": 8}, "OriginalFirstThunk": {"FileOffset": 51784, "Value": 58028, "Offset": 0}, "FirstThunk": {"FileOffset": 51800, "Value": 45096, "Offset": 16}, "Characteristics": {"FileOffset": 51784, "Value": 58028, "Offset": 0}, "Structure": "IMAGE_IMPORT_DESCRIPTOR"}, {"Hint": 449, "Name": "GetCurrentProcessId", "DLL": "KERNEL32.dll"}, {"Hint": 453, "Name": "GetCurrentThreadId", "DLL": "KERNEL32.dll"}, {"Hint": 935, "Name": "QueryPerformanceCounter", "DLL": "KERNEL32.dll"}, {"Hint": 768, "Name": "IsDebuggerPresent", "DLL": "KERNEL32.dll"}, {"Hint": 1189, "Name": "SetUnhandledExceptionFilter", "DLL": "KERNEL32.dll"}, {"Hint": 1235, "Name": "UnhandledExceptionFilter", "DLL": "KERNEL32.dll"}, {"Hint": 745, "Name": "InterlockedCompareExchange", "DLL": "KERNEL32.dll"}, {"Hint": 748, "Name": "InterlockedExchange", "DLL": "KERNEL32.dll"}, {"Hint": 586, "Name": "GetProcessHeap", "DLL": "KERNEL32.dll"}, {"Hint": 715, "Name": "HeapAlloc", "DLL": "KERNEL32.dll"}, {"Hint": 719, "Name": "HeapFree", "DLL": "KERNEL32.dll"}, {"Hint": 1216, "Name": "TerminateProcess", "DLL": "KERNEL32.dll"}, {"Hint": 896, "Name": "OpenProcess", "DLL": "KERNEL32.dll"}, {"Hint": 448, "Name": "GetCurrentProcess", "DLL": "KERNEL32.dll"}, {"Hint": 514, "Name": "GetLastError", "DLL": "KERNEL32.dll"}, {"Hint": 533, "Name": "GetModuleHandleA", "DLL": "KERNEL32.dll"}, {"Hint": 581, "Name": "GetProcAddress", "DLL": "KERNEL32.dll"}, {"Hint": 531, "Name": "GetModuleFileNameA", "DLL": "KERNEL32.dll"}, {"Hint": 446, "Name": "GetCurrentDirectoryA", "DLL": "KERNEL32.dll"}, {"Hint": 1126, "Name": "SetFilePointer", "DLL": "KERNEL32.dll"}, {"Hint": 1297, "Name": "WideCharToMultiByte", "DLL": "KERNEL32.dll"}, {"Hint": 136, "Name": "CreateFileA", "DLL": "KERNEL32.dll"}, {"Hint": 496, "Name": "GetFileSize", "DLL": "KERNEL32.dll"}, {"Hint": 1317, "Name": "WriteFile", "DLL": "KERNEL32.dll"}, {"Hint": 161, "Name": "CreatePipe", "DLL": "KERNEL32.dll"}, {"Hint": 610, "Name": "GetStartupInfoA", "DLL": "KERNEL32.dll"}, {"Hint": 164, "Name": "CreateProcessA", "DLL": "KERNEL32.dll"}, {"Hint": 82, "Name": "CloseHandle", "DLL": "KERNEL32.dll"}, {"Hint": 1100, "Name": "SetCurrentDirectoryA", "DLL": "KERNEL32.dll"}, {"Hint": 1298, "Name": "WinExec", "DLL": "KERNEL32.dll"}, {"Hint": 659, "Name": "GetTickCount", "DLL": "KERNEL32.dll"}, {"Hint": 1202, "Name": "Sleep", "DLL": "KERNEL32.dll"}, {"Hint": 960, "Name": "ReadFile", "DLL": "KERNEL32.dll"}, {"Hint": 909, "Name": "PeekNamedPipe", "DLL": "KERNEL32.dll"}, {"Hint": 1273, "Name": "WaitForSingleObject", "DLL": "KERNEL32.dll"}, {"Hint": 633, "Name": "GetSystemTimeAsFileTime", "DLL": "KERNEL32.dll"}], [{"TimeDateStamp": {"FileOffset": 51808, "Value": "0x0        [Thu Jan  1 00:00:00 1970 UTC]", "Offset": 4}, "Name": {"FileOffset": 51816, "Value": 60080, "Offset": 12}, "ForwarderChain": {"FileOffset": 51812, "Value": 0, "Offset": 8}, "OriginalFirstThunk": {"FileOffset": 51804, "Value": 58176, "Offset": 0}, "FirstThunk": {"FileOffset": 51820, "Value": 45244, "Offset": 16}, "Characteristics": {"FileOffset": 51804, "Value": 58176, "Offset": 0}, "Structure": "IMAGE_IMPORT_DESCRIPTOR"}, {"Hint": 319, "Name": "_controlfp_s", "DLL": "MSVCR90.dll"}, {"Hint": 523, "Name": "_invoke_watson", "DLL": "MSVCR90.dll"}, {"Hint": 352, "Name": "_decode_pointer", "DLL": "MSVCR90.dll"}, {"Hint": 796, "Name": "_onexit", "DLL": "MSVCR90.dll"}, {"Hint": 630, "Name": "_lock", "DLL": "MSVCR90.dll"}, {"Hint": 150, "Name": "__dllonexit", "DLL": "MSVCR90.dll"}, {"Hint": 998, "Name": "_unlock", "DLL": "MSVCR90.dll"}, {"Hint": 54, "Name": "?_type_info_dtor_internal_method@type_info@@QAEXXZ", "DLL": "MSVCR90.dll"}, {"Hint": 67, "Name": "?terminate@@YAXXZ", "DLL": "MSVCR90.dll"}, {"Hint": 331, "Name": "_crt_debugger_hook", "DLL": "MSVCR90.dll"}, {"Hint": 224, "Name": "__set_app_type", "DLL": "MSVCR90.dll"}, {"Hint": 362, "Name": "_encode_pointer", "DLL": "MSVCR90.dll"}, {"Hint": 207, "Name": "__p__fmode", "DLL": "MSVCR90.dll"}, {"Hint": 203, "Name": "__p__commode", "DLL": "MSVCR90.dll"}, {"Hint": 267, "Name": "_adjust_fdiv", "DLL": "MSVCR90.dll"}, {"Hint": 227, "Name": "__setusermatherr", "DLL": "MSVCR90.dll"}, {"Hint": 316, "Name": "_configthreadlocale", "DLL": "MSVCR90.dll"}, {"Hint": 517, "Name": "_initterm_e", "DLL": "MSVCR90.dll"}, {"Hint": 516, "Name": "_initterm", "DLL": "MSVCR90.dll"}, {"Hint": 253, "Name": "_acmdln", "DLL": "MSVCR90.dll"}, {"Hint": 1228, "Name": "exit", "DLL": "MSVCR90.dll"}, {"Hint": 549, "Name": "_ismbblead", "DLL": "MSVCR90.dll"}, {"Hint": 102, "Name": "_XcptFilter", "DLL": "MSVCR90.dll"}, {"Hint": 380, "Name": "_exit", "DLL": "MSVCR90.dll"}, {"Hint": 15, "Name": "??2@YAPAXI@Z", "DLL": "MSVCR90.dll"}, {"Hint": 17, "Name": "??3@YAXPAX@Z", "DLL": "MSVCR90.dll"}, {"Hint": 1350, "Name": "sprintf", "DLL": "MSVCR90.dll"}, {"Hint": 1215, "Name": "atoi", "DLL": "MSVCR90.dll"}, {"Hint": 1377, "Name": "strstr", "DLL": "MSVCR90.dll"}, {"Hint": 1326, "Name": "printf", "DLL": "MSVCR90.dll"}, {"Hint": 1307, "Name": "malloc", "DLL": "MSVCR90.dll"}, {"Hint": 1322, "Name": "memset", "DLL": "MSVCR90.dll"}, {"Hint": 1209, "Name": "asctime_s", "DLL": "MSVCR90.dll"}, {"Hint": 629, "Name": "_localtime64_s", "DLL": "MSVCR90.dll"}, {"Hint": 1318, "Name": "memcpy", "DLL": "MSVCR90.dll"}, {"Hint": 970, "Name": "_time64", "DLL": "MSVCR90.dll"}, {"Hint": 291, "Name": "_beginthread", "DLL": "MSVCR90.dll"}, {"Hint": 1214, "Name": "atof", "DLL": "MSVCR90.dll"}, {"Hint": 1354, "Name": "sscanf", "DLL": "MSVCR90.dll"}, {"Hint": 1336, "Name": "rand", "DLL": "MSVCR90.dll"}, {"Hint": 1353, "Name": "srand", "DLL": "MSVCR90.dll"}, {"Hint": 679, "Name": "_mbschr", "DLL": "MSVCR90.dll"}, {"Hint": 628, "Name": "_localtime64", "DLL": "MSVCR90.dll"}, {"Hint": 901, "Name": "_splitpath", "DLL": "MSVCR90.dll"}, {"Hint": 1252, "Name": "free", "DLL": "MSVCR90.dll"}, {"Hint": 1338, "Name": "realloc", "DLL": "MSVCR90.dll"}, {"Hint": 1370, "Name": "strncmp", "DLL": "MSVCR90.dll"}, {"Hint": 115, "Name": "__CxxFrameHandler3", "DLL": "MSVCR90.dll"}, {"Hint": 90, "Name": "_CxxThrowException", "DLL": "MSVCR90.dll"}, {"Hint": 1216, "Name": "atol", "DLL": "MSVCR90.dll"}, {"Hint": 1371, "Name": "strncpy", "DLL": "MSVCR90.dll"}, {"Hint": 371, "Name": "_except_handler4_common", "DLL": "MSVCR90.dll"}, {"Hint": 277, "Name": "_amsg_exit", "DLL": "MSVCR90.dll"}, {"Hint": 159, "Name": "__getmainargs", "DLL": "MSVCR90.dll"}, {"Hint": 300, "Name": "_cexit", "DLL": "MSVCR90.dll"}]], "PE Sections": [{"PointerToRawData": {"FileOffset": 492, "Value": 1024, "Offset": 20}, "SHA1": "ebdde9d12bcd1767a455c159c22bbb3f126c72b5", "SHA256": "be594830e87841d2e4d9818afd1f802737a1adc359c61d6d362328f035908d15", "Name": {"FileOffset": 472, "Value": ".text", "Offset": 0}, "NumberOfRelocations": {"FileOffset": 504, "Value": 0, "Offset": 32}, "Misc_VirtualSize": {"FileOffset": 480, "Value": 37787, "Offset": 8}, "Characteristics": {"FileOffset": 508, "Value": 1610612768, "Offset": 36}, "Misc": {"FileOffset": 480, "Value": 37787, "Offset": 8}, "PointerToLinenumbers": {"FileOffset": 500, "Value": 0, "Offset": 28}, "SizeOfRawData": {"FileOffset": 488, "Value": 37888, "Offset": 16}, "Misc_PhysicalAddress": {"FileOffset": 480, "Value": 37787, "Offset": 8}, "PointerToRelocations": {"FileOffset": 496, "Value": 0, "Offset": 24}, "Flags": ["IMAGE_SCN_MEM_EXECUTE", "IMAGE_SCN_CNT_CODE", "IMAGE_SCN_MEM_READ"], "SHA512": "ac3dfc5d5788d235a61c5e4363564b30c7e89ef111d9a9f14fc43e5b82c88e26468df12070585f4c6ac9f655659a0331dff52bc0d7378d07da21bdb04055772c", "MD5": "a78486853bf3cd919def003fe528fb11", "Entropy": 5.956414820156602, "VirtualAddress": {"FileOffset": 484, "Value": 4096, "Offset": 12}, "Structure": "IMAGE_SECTION_HEADER", "NumberOfLinenumbers": {"FileOffset": 506, "Value": 0, "Offset": 34}}, {"PointerToRawData": {"FileOffset": 532, "Value": 38912, "Offset": 20}, "SHA1": "ffe3cd23f1dd2b99f02ea0b19563e5fcda3e3ad5", "SHA256": "5a72dcae855919c38b1419058561544a16673d8c9b1b79378405b8221c3f104f", "Name": {"FileOffset": 512, "Value": ".rdata", "Offset": 0}, "NumberOfRelocations": {"FileOffset": 544, "Value": 0, "Offset": 32}, "Misc_VirtualSize": {"FileOffset": 520, "Value": 15722, "Offset": 8}, "Characteristics": {"FileOffset": 548, "Value": 1073741888, "Offset": 36}, "Misc": {"FileOffset": 520, "Value": 15722, "Offset": 8}, "PointerToLinenumbers": {"FileOffset": 540, "Value": 0, "Offset": 28}, "SizeOfRawData": {"FileOffset": 528, "Value": 15872, "Offset": 16}, "Misc_PhysicalAddress": {"FileOffset": 520, "Value": 15722, "Offset": 8}, "PointerToRelocations": {"FileOffset": 536, "Value": 0, "Offset": 24}, "Flags": ["IMAGE_SCN_CNT_INITIALIZED_DATA", "IMAGE_SCN_MEM_READ"], "SHA512": "c7bc699b3f239fdbc3775004301b14bed000799dde3493438de046c55f75c7b60dac7f0c7d95331a060e4b07c9e1dea7a69f8614ab0941929187048ae992533a", "MD5": "1b20bf3b9fa7594bc96ce0cc785e1181", "Entropy": 5.421182021915768, "VirtualAddress": {"FileOffset": 524, "Value": 45056, "Offset": 12}, "Structure": "IMAGE_SECTION_HEADER", "NumberOfLinenumbers": {"FileOffset": 546, "Value": 0, "Offset": 34}}, {"PointerToRawData": {"FileOffset": 572, "Value": 54784, "Offset": 20}, "SHA1": "76b6ee6fe9e573fbfb7be021b153ab3101018d84", "SHA256": "16a86f042fcd823a9080b5a2b4ab4a4e3dd75e929dcf6942426f87f3588ba754", "Name": {"FileOffset": 552, "Value": ".data", "Offset": 0}, "NumberOfRelocations": {"FileOffset": 584, "Value": 0, "Offset": 32}, "Misc_VirtualSize": {"FileOffset": 560, "Value": 1332, "Offset": 8}, "Characteristics": {"FileOffset": 588, "Value": 3221225536, "Offset": 36}, "Misc": {"FileOffset": 560, "Value": 1332, "Offset": 8}, "PointerToLinenumbers": {"FileOffset": 580, "Value": 0, "Offset": 28}, "SizeOfRawData": {"FileOffset": 568, "Value": 512, "Offset": 16}, "Misc_PhysicalAddress": {"FileOffset": 560, "Value": 1332, "Offset": 8}, "PointerToRelocations": {"FileOffset": 576, "Value": 0, "Offset": 24}, "Flags": ["IMAGE_SCN_CNT_INITIALIZED_DATA", "IMAGE_SCN_MEM_WRITE", "IMAGE_SCN_MEM_READ"], "SHA512": "ed99650c2efb4b469402501bcdeddbd72a0061e7a57258f09415dc95dc8e2b224a79053e6edd875a9097fc6ae38ea06914973ec443e80912064cf928055d0f22", "MD5": "6433c0546c3dd468e52c01914f2642b4", "Entropy": 2.0073039392105114, "VirtualAddress": {"FileOffset": 564, "Value": 61440, "Offset": 12}, "Structure": "IMAGE_SECTION_HEADER", "NumberOfLinenumbers": {"FileOffset": 586, "Value": 0, "Offset": 34}}, {"PointerToRawData": {"FileOffset": 612, "Value": 55296, "Offset": 20}, "SHA1": "6a097805195b12469eaaa97bc9c794e0c9b8094d", "SHA256": "c004052242ddc7c188f2b44ad3178b6332cfe7b44f868ef1d1e508712b1db8ab", "Name": {"FileOffset": 592, "Value": ".rsrc", "Offset": 0}, "NumberOfRelocations": {"FileOffset": 624, "Value": 0, "Offset": 32}, "Misc_VirtualSize": {"FileOffset": 600, "Value": 672, "Offset": 8}, "Characteristics": {"FileOffset": 628, "Value": 1073741888, "Offset": 36}, "Misc": {"FileOffset": 600, "Value": 672, "Offset": 8}, "PointerToLinenumbers": {"FileOffset": 620, "Value": 0, "Offset": 28}, "SizeOfRawData": {"FileOffset": 608, "Value": 1024, "Offset": 16}, "Misc_PhysicalAddress": {"FileOffset": 600, "Value": 672, "Offset": 8}, "PointerToRelocations": {"FileOffset": 616, "Value": 0, "Offset": 24}, "Flags": ["IMAGE_SCN_CNT_INITIALIZED_DATA", "IMAGE_SCN_MEM_READ"], "SHA512": "71fc9dac3c6d90898330b9fa77612e460c93dda8686d06c77f04f397c4372c30209ca4841a0f89db20db787958ecb16e644e14abbc7e27a75c1962ac17e09fcb", "MD5": "0ee753975e22a27ea6b577c95bfbaa4d", "Entropy": 4.7908071633375675, "VirtualAddress": {"FileOffset": 604, "Value": 65536, "Offset": 12}, "Structure": "IMAGE_SECTION_HEADER", "NumberOfLinenumbers": {"FileOffset": 626, "Value": 0, "Offset": 34}}], "Resource directory": [{"MajorVersion": {"FileOffset": 55304, "Value": 4, "Offset": 8}, "NumberOfIdEntries": {"FileOffset": 55310, "Value": 3, "Offset": 14}, "MinorVersion": {"FileOffset": 55306, "Value": 0, "Offset": 10}, "TimeDateStamp": {"FileOffset": 55300, "Value": "0x0        [Thu Jan  1 00:00:00 1970 UTC]", "Offset": 4}, "Characteristics": {"FileOffset": 55296, "Value": 0, "Offset": 0}, "NumberOfNamedEntries": {"FileOffset": 55308, "Value": 0, "Offset": 12}, "Structure": "IMAGE_RESOURCE_DIRECTORY"}, {"Structure": "IMAGE_RESOURCE_DIRECTORY_ENTRY", "Id": [4, "RT_MENU"], "OffsetToData": {"FileOffset": 55316, "Value": 2147483688, "Offset": 4}, "Name": {"FileOffset": 55312, "Value": 4, "Offset": 0}}, [{"MajorVersion": {"FileOffset": 55344, "Value": 4, "Offset": 8}, "NumberOfIdEntries": {"FileOffset": 55350, "Value": 1, "Offset": 14}, "MinorVersion": {"FileOffset": 55346, "Value": 0, "Offset": 10}, "TimeDateStamp": {"FileOffset": 55340, "Value": "0x0        [Thu Jan  1 00:00:00 1970 UTC]", "Offset": 4}, "Characteristics": {"FileOffset": 55336, "Value": 0, "Offset": 0}, "NumberOfNamedEntries": {"FileOffset": 55348, "Value": 0, "Offset": 12}, "Structure": "IMAGE_RESOURCE_DIRECTORY"}, {"Structure": "IMAGE_RESOURCE_DIRECTORY_ENTRY", "Id": 109, "OffsetToData": {"FileOffset": 55356, "Value": 2147483760, "Offset": 4}, "Name": {"FileOffset": 55352, "Value": 109, "Offset": 0}}, [{"MajorVersion": {"FileOffset": 55416, "Value": 4, "Offset": 8}, "NumberOfIdEntries": {"FileOffset": 55422, "Value": 1, "Offset": 14}, "MinorVersion": {"FileOffset": 55418, "Value": 0, "Offset": 10}, "TimeDateStamp": {"FileOffset": 55412, "Value": "0x0        [Thu Jan  1 00:00:00 1970 UTC]", "Offset": 4}, "Characteristics": {"FileOffset": 55408, "Value": 0, "Offset": 0}, "NumberOfNamedEntries": {"FileOffset": 55420, "Value": 0, "Offset": 12}, "Structure": "IMAGE_RESOURCE_DIRECTORY"}, {"LANG": 4, "SUBLANG_NAME": "SUBLANG_CHINESE_SIMPLIFIED", "Name": {"FileOffset": 55424, "Value": 2052, "Offset": 0}, "CodePage": {"FileOffset": 55488, "Value": 1252, "Offset": 8}, "LANG_NAME": "LANG_CHINESE", "OffsetToData": {"FileOffset": 55480, "Value": 65768, "Offset": 0}, "Reserved": {"FileOffset": 55492, "Value": 0, "Offset": 12}, "SUBLANG": 2, "Structure": "IMAGE_RESOURCE_DATA_ENTRY", "Size": {"FileOffset": 55484, "Value": 38, "Offset": 4}}]], {"Structure": "IMAGE_RESOURCE_DIRECTORY_ENTRY", "Id": [6, "RT_STRING"], "OffsetToData": {"FileOffset": 55324, "Value": 2147483712, "Offset": 4}, "Name": {"FileOffset": 55320, "Value": 6, "Offset": 0}}, [{"MajorVersion": {"FileOffset": 55368, "Value": 4, "Offset": 8}, "NumberOfIdEntries": {"FileOffset": 55374, "Value": 1, "Offset": 14}, "MinorVersion": {"FileOffset": 55370, "Value": 0, "Offset": 10}, "TimeDateStamp": {"FileOffset": 55364, "Value": "0x0        [Thu Jan  1 00:00:00 1970 UTC]", "Offset": 4}, "Characteristics": {"FileOffset": 55360, "Value": 0, "Offset": 0}, "NumberOfNamedEntries": {"FileOffset": 55372, "Value": 0, "Offset": 12}, "Structure": "IMAGE_RESOURCE_DIRECTORY"}, {"Structure": "IMAGE_RESOURCE_DIRECTORY_ENTRY", "Id": 7, "OffsetToData": {"FileOffset": 55380, "Value": 2147483784, "Offset": 4}, "Name": {"FileOffset": 55376, "Value": 7, "Offset": 0}}, [{"MajorVersion": {"FileOffset": 55440, "Value": 4, "Offset": 8}, "NumberOfIdEntries": {"FileOffset": 55446, "Value": 1, "Offset": 14}, "MinorVersion": {"FileOffset": 55442, "Value": 0, "Offset": 10}, "TimeDateStamp": {"FileOffset": 55436, "Value": "0x0        [Thu Jan  1 00:00:00 1970 UTC]", "Offset": 4}, "Characteristics": {"FileOffset": 55432, "Value": 0, "Offset": 0}, "NumberOfNamedEntries": {"FileOffset": 55444, "Value": 0, "Offset": 12}, "Structure": "IMAGE_RESOURCE_DIRECTORY"}, {"LANG": 4, "SUBLANG_NAME": "SUBLANG_CHINESE_SIMPLIFIED", "Name": {"FileOffset": 55448, "Value": 2052, "Offset": 0}, "CodePage": {"FileOffset": 55504, "Value": 1252, "Offset": 8}, "LANG_NAME": "LANG_CHINESE", "OffsetToData": {"FileOffset": 55496, "Value": 65808, "Offset": 0}, "Reserved": {"FileOffset": 55508, "Value": 0, "Offset": 12}, "SUBLANG": 2, "Structure": "IMAGE_RESOURCE_DATA_ENTRY", "Size": {"FileOffset": 55500, "Value": 60, "Offset": 4}}, "MINIASP", "MiniAsp"]], {"Structure": "IMAGE_RESOURCE_DIRECTORY_ENTRY", "Id": [24, "RT_MANIFEST"], "OffsetToData": {"FileOffset": 55332, "Value": 2147483736, "Offset": 4}, "Name": {"FileOffset": 55328, "Value": 24, "Offset": 0}}, [{"MajorVersion": {"FileOffset": 55392, "Value": 4, "Offset": 8}, "NumberOfIdEntries": {"FileOffset": 55398, "Value": 1, "Offset": 14}, "MinorVersion": {"FileOffset": 55394, "Value": 0, "Offset": 10}, "TimeDateStamp": {"FileOffset": 55388, "Value": "0x0        [Thu Jan  1 00:00:00 1970 UTC]", "Offset": 4}, "Characteristics": {"FileOffset": 55384, "Value": 0, "Offset": 0}, "NumberOfNamedEntries": {"FileOffset": 55396, "Value": 0, "Offset": 12}, "Structure": "IMAGE_RESOURCE_DIRECTORY"}, {"Structure": "IMAGE_RESOURCE_DIRECTORY_ENTRY", "Id": 1, "OffsetToData": {"FileOffset": 55404, "Value": 2147483808, "Offset": 4}, "Name": {"FileOffset": 55400, "Value": 1, "Offset": 0}}, [{"MajorVersion": {"FileOffset": 55464, "Value": 4, "Offset": 8}, "NumberOfIdEntries": {"FileOffset": 55470, "Value": 1, "Offset": 14}, "MinorVersion": {"FileOffset": 55466, "Value": 0, "Offset": 10}, "TimeDateStamp": {"FileOffset": 55460, "Value": "0x0        [Thu Jan  1 00:00:00 1970 UTC]", "Offset": 4}, "Characteristics": {"FileOffset": 55456, "Value": 0, "Offset": 0}, "NumberOfNamedEntries": {"FileOffset": 55468, "Value": 0, "Offset": 12}, "Structure": "IMAGE_RESOURCE_DIRECTORY"}, {"LANG": 9, "SUBLANG_NAME": "SUBLANG_ENGLISH_US", "Name": {"FileOffset": 55472, "Value": 1033, "Offset": 0}, "CodePage": {"FileOffset": 55520, "Value": 1252, "Offset": 8}, "LANG_NAME": "LANG_ENGLISH", "OffsetToData": {"FileOffset": 55512, "Value": 65868, "Offset": 0}, "Reserved": {"FileOffset": 55524, "Value": 0, "Offset": 12}, "SUBLANG": 1, "Structure": "IMAGE_RESOURCE_DATA_ENTRY", "Size": {"FileOffset": 55516, "Value": 338, "Offset": 4}}]]]}
