{"DllCharacteristics": [], "FILE_HEADER": {"NumberOfSections": {"FileOffset": 230, "Value": 4, "Offset": 2}, "TimeDateStamp": {"FileOffset": 232, "Value": "0x498A91B9 [Thu Feb  5 07:14:01 2009 UTC]", "Offset": 4}, "PointerToSymbolTable": {"FileOffset": 236, "Value": 0, "Offset": 8}, "NumberOfSymbols": {"FileOffset": 240, "Value": 0, "Offset": 12}, "Machine": {"FileOffset": 228, "Value": 332, "Offset": 0}, "Characteristics": {"FileOffset": 246, "Value": 271, "Offset": 18}, "SizeOfOptionalHeader": {"FileOffset": 244, "Value": 224, "Offset": 16}, "Structure": "IMAGE_FILE_HEADER"}, "Directories": [{"VirtualAddress": {"FileOffset": 344, "Value": 0, "Offset": 0}, "Structure": "IMAGE_DIRECTORY_ENTRY_EXPORT", "Size": {"FileOffset": 348, "Value": 0, "Offset": 4}}, {"VirtualAddress": {"FileOffset": 352, "Value": 16920, "Offset": 0}, "Structure": "IMAGE_DIRECTORY_ENTRY_IMPORT", "Size": {"FileOffset": 356, "Value": 180, "Offset": 4}}, {"VirtualAddress": {"FileOffset": 360, "Value": 24576, "Offset": 0}, "Structure": "IMAGE_DIRECTORY_ENTRY_RESOURCE", "Size": {"FileOffset": 364, "Value": 904, "Offset": 4}}, {"VirtualAddress": {"FileOffset": 368, "Value": 0, "Offset": 0}, "Structure": "IMAGE_DIRECTORY_ENTRY_EXCEPTION", "Size": {"FileOffset": 372, "Value": 0, "Offset": 4}}, {"VirtualAddress": {"FileOffset": 376, "Value": 0, "Offset": 0}, "Structure": "IMAGE_DIRECTORY_ENTRY_SECURITY", "Size": {"FileOffset": 380, "Value": 0, "Offset": 4}}, {"VirtualAddress": {"FileOffset": 384, "Value": 0, "Offset": 0}, "Structure": "IMAGE_DIRECTORY_ENTRY_BASERELOC", "Size": {"FileOffset": 388, "Value": 0, "Offset": 4}}, {"VirtualAddress": {"FileOffset": 392, "Value": 0, "Offset": 0}, "Structure": "IMAGE_DIRECTORY_ENTRY_DEBUG", "Size": {"FileOffset": 396, "Value": 0, "Offset": 4}}, {"VirtualAddress": {"FileOffset": 400, "Value": 0, "Offset": 0}, "Structure": "IMAGE_DIRECTORY_ENTRY_COPYRIGHT", "Size": {"FileOffset": 404, "Value": 0, "Offset": 4}}, {"VirtualAddress": {"FileOffset": 408, "Value": 0, "Offset": 0}, "Structure": "IMAGE_DIRECTORY_ENTRY_GLOBALPTR", "Size": {"FileOffset": 412, "Value": 0, "Offset": 4}}, {"VirtualAddress": {"FileOffset": 416, "Value": 0, "Offset": 0}, "Structure": "IMAGE_DIRECTORY_ENTRY_TLS", "Size": {"FileOffset": 420, "Value": 0, "Offset": 4}}, {"VirtualAddress": {"FileOffset": 424, "Value": 0, "Offset": 0}, "Structure": "IMAGE_DIRECTORY_ENTRY_LOAD_CONFIG", "Size": {"FileOffset": 428, "Value": 0, "Offset": 4}}, {"VirtualAddress": {"FileOffset": 432, "Value": 0, "Offset": 0}, "Structure": "IMAGE_DIRECTORY_ENTRY_BOUND_IMPORT", "Size": {"FileOffset": 436, "Value": 0, "Offset": 4}}, {"VirtualAddress": {"FileOffset": 440, "Value": 16384, "Offset": 0}, "Structure": "IMAGE_DIRECTORY_ENTRY_IAT", "Size": {"FileOffset": 444, "Value": 432, "Offset": 4}}, {"VirtualAddress": {"FileOffset": 448, "Value": 0, "Offset": 0}, "Structure": "IMAGE_DIRECTORY_ENTRY_DELAY_IMPORT", "Size": {"FileOffset": 452, "Value": 0, "Offset": 4}}, {"VirtualAddress": {"FileOffset": 456, "Value": 0, "Offset": 0}, "Structure": "IMAGE_DIRECTORY_ENTRY_COM_DESCRIPTOR", "Size": {"FileOffset": 460, "Value": 0, "Offset": 4}}, {"VirtualAddress": {"FileOffset": 464, "Value": 0, "Offset": 0}, "Structure": "IMAGE_DIRECTORY_ENTRY_RESERVED", "Size": {"FileOffset": 468, "Value": 0, "Offset": 4}}], "OPTIONAL_HEADER": {"DllCharacteristics": {"FileOffset": 318, "Value": 0, "Offset": 70}, "BaseOfCode": {"FileOffset": 268, "Value": 4096, "Offset": 20}, "MajorLinkerVersion": {"FileOffset": 250, "Value": 6, "Offset": 2}, "MinorOperatingSystemVersion": {"FileOffset": 290, "Value": 0, "Offset": 42}, "MinorLinkerVersion": {"FileOffset": 251, "Value": 0, "Offset": 3}, "MajorSubsystemVersion": {"FileOffset": 296, "Value": 4, "Offset": 48}, "MajorOperatingSystemVersion": {"FileOffset": 288, "Value": 4, "Offset": 40}, "SizeOfStackCommit": {"FileOffset": 324, "Value": 4096, "Offset": 76}, "SizeOfUninitializedData": {"FileOffset": 260, "Value": 0, "Offset": 12}, "NumberOfRvaAndSizes": {"FileOffset": 340, "Value": 16, "Offset": 92}, "SizeOfHeapReserve": {"FileOffset": 328, "Value": 1048576, "Offset": 80}, "LoaderFlags": {"FileOffset": 336, "Value": 0, "Offset": 88}, "SizeOfHeapCommit": {"FileOffset": 332, "Value": 4096, "Offset": 84}, "SizeOfStackReserve": {"FileOffset": 320, "Value": 1048576, "Offset": 72}, "Structure": "IMAGE_OPTIONAL_HEADER", "SizeOfHeaders": {"FileOffset": 308, "Value": 1024, "Offset": 60}, "Subsystem": {"FileOffset": 316, "Value": 2, "Offset": 68}, "Magic": {"FileOffset": 248, "Value": 267, "Offset": 0}, "MinorImageVersion": {"FileOffset": 294, "Value": 0, "Offset": 46}, "MajorImageVersion": {"FileOffset": 292, "Value": 0, "Offset": 44}, "FileAlignment": {"FileOffset": 284, "Value": 512, "Offset": 36}, "BaseOfData": {"FileOffset": 272, "Value": 16384, "Offset": 24}, "AddressOfEntryPoint": {"FileOffset": 264, "Value": 13202, "Offset": 16}, "SectionAlignment": {"FileOffset": 280, "Value": 4096, "Offset": 32}, "SizeOfCode": {"FileOffset": 252, "Value": 9728, "Offset": 4}, "ImageBase": {"FileOffset": 276, "Value": 4194304, "Offset": 28}, "SizeOfInitializedData": {"FileOffset": 256, "Value": 6656, "Offset": 8}, "SizeOfImage": {"FileOffset": 304, "Value": 28672, "Offset": 56}, "MinorSubsystemVersion": {"FileOffset": 298, "Value": 0, "Offset": 50}, "CheckSum": {"FileOffset": 312, "Value": 0, "Offset": 64}, "Reserved1": {"FileOffset": 300, "Value": 0, "Offset": 52}}, "DOS_HEADER": {"e_cblp": {"FileOffset": 2, "Value": 144, "Offset": 2}, "e_crlc": {"FileOffset": 6, "Value": 0, "Offset": 6}, "e_ovno": {"FileOffset": 26, "Value": 0, "Offset": 26}, "e_minalloc": {"FileOffset": 10, "Value": 0, "Offset": 10}, "e_csum": {"FileOffset": 18, "Value": 0, "Offset": 18}, "e_cparhdr": {"FileOffset": 8, "Value": 4, "Offset": 8}, "e_cp": {"FileOffset": 4, "Value": 3, "Offset": 4}, "e_cs": {"FileOffset": 22, "Value": 0, "Offset": 22}, "e_maxalloc": {"FileOffset": 12, "Value": 65535, "Offset": 12}, "e_lfarlc": {"FileOffset": 24, "Value": 64, "Offset": 24}, "e_oemid": {"FileOffset": 36, "Value": 0, "Offset": 36}, "e_lfanew": {"FileOffset": 60, "Value": 224, "Offset": 60}, "e_ss": {"FileOffset": 14, "Value": 0, "Offset": 14}, "e_magic": {"FileOffset": 0, "Value": 23117, "Offset": 0}, "e_oeminfo": {"FileOffset": 38, "Value": 0, "Offset": 38}, "e_res2": {"FileOffset": 40, "Value": "", "Offset": 40}, "e_res": {"FileOffset": 28, "Value": "", "Offset": 28}, "e_sp": {"FileOffset": 16, "Value": 184, "Offset": 16}, "Structure": "IMAGE_DOS_HEADER", "e_ip": {"FileOffset": 20, "Value": 0, "Offset": 20}}, "NT_HEADERS": {"Structure": "IMAGE_NT_HEADERS", "Signature": {"FileOffset": 224, "Value": 17744, "Offset": 0}}, "Flags": ["IMAGE_FILE_LOCAL_SYMS_STRIPPED", "IMAGE_FILE_32BIT_MACHINE", "IMAGE_FILE_EXECUTABLE_IMAGE", "IMAGE_FILE_LINE_NUMS_STRIPPED", "IMAGE_FILE_RELOCS_STRIPPED"], "Version Information": [{"ValueLength": {"FileOffset": 16482, "Value": 52, "Offset": 2}, "Length": {"FileOffset": 16480, "Value": 804, "Offset": 0}, "Type": {"FileOffset": 16484, "Value": 0, "Offset": 4}, "Structure": "VS_VERSIONINFO"}, {"FileFlagsMask": {"FileOffset": 16544, "Value": 63, "Offset": 24}, "FileType": {"FileOffset": 16556, "Value": 1, "Offset": 36}, "FileVersionMS": {"FileOffset": 16528, "Value": 524288, "Offset": 8}, "FileVersionLS": {"FileOffset": 16532, "Value": 0, "Offset": 12}, "Signature": {"FileOffset": 16520, "Value": 4277077181, "Offset": 0}, "FileSubtype": {"FileOffset": 16560, "Value": 0, "Offset": 40}, "FileFlags": {"FileOffset": 16548, "Value": 0, "Offset": 28}, "FileDateLS": {"FileOffset": 16568, "Value": 0, "Offset": 48}, "ProductVersionLS": {"FileOffset": 16540, "Value": 0, "Offset": 20}, "FileOS": {"FileOffset": 16552, "Value": 262148, "Offset": 32}, "ProductVersionMS": {"FileOffset": 16536, "Value": 524288, "Offset": 16}, "FileDateMS": {"FileOffset": 16564, "Value": 0, "Offset": 44}, "Structure": "VS_FIXEDFILEINFO", "StrucVersion": {"FileOffset": 16524, "Value": 65536, "Offset": 4}}], "Imported symbols": [[{"TimeDateStamp": {"FileOffset": 11292, "Value": "0x0        [Thu Jan  1 00:00:00 1970 UTC]", "Offset": 4}, "Name": {"FileOffset": 11300, "Value": 18264, "Offset": 12}, "ForwarderChain": {"FileOffset": 11296, "Value": 0, "Offset": 8}, "OriginalFirstThunk": {"FileOffset": 11288, "Value": 17152, "Offset": 0}, "FirstThunk": {"FileOffset": 11304, "Value": 16436, "Offset": 16}, "Characteristics": {"FileOffset": 11288, "Value": 17152, "Offset": 0}, "Structure": "IMAGE_IMPORT_DESCRIPTOR"}, {"Hint": 298, "Name": "GetConsoleDisplayMode", "DLL": "KERNEL32.dll"}, {"Hint": 693, "Name": "ReadFile", "DLL": "KERNEL32.dll"}, {"Hint": 657, "Name": "PeekNamedPipe", "DLL": "KERNEL32.dll"}, {"Hint": 346, "Name": "GetExitCodeProcess", "DLL": "KERNEL32.dll"}, {"Hint": 102, "Name": "CreateProcessA", "DLL": "KERNEL32.dll"}, {"Hint": 350, "Name": "GetFileAttributesA", "DLL": "KERNEL32.dll"}, {"Hint": 449, "Name": "GetSystemDirectoryA", "DLL": "KERNEL32.dll"}, {"Hint": 188, "Name": "ExpandEnvironmentStringsA", "DLL": "KERNEL32.dll"}, {"Hint": 823, "Name": "SetStdHandle", "DLL": "KERNEL32.dll"}, {"Hint": 491, "Name": "GetVolumeInformationA", "DLL": "KERNEL32.dll"}, {"Hint": 339, "Name": "GetDriveTypeA", "DLL": "KERNEL32.dll"}, {"Hint": 957, "Name": "lstrcatA", "DLL": "KERNEL32.dll"}, {"Hint": 376, "Name": "GetLogicalDrives", "DLL": "KERNEL32.dll"}, {"Hint": 664, "Name": "Process32Next", "DLL": "KERNEL32.dll"}, {"Hint": 10, "Name": "AllocConsole", "DLL": "KERNEL32.dll"}, {"Hint": 114, "Name": "CreateToolhelp32Snapshot", "DLL": "KERNEL32.dll"}, {"Hint": 646, "Name": "OpenProcess", "DLL": "KERNEL32.dll"}, {"Hint": 932, "Name": "WriteFile", "DLL": "KERNEL32.dll"}, {"Hint": 355, "Name": "GetFileSize", "DLL": "KERNEL32.dll"}, {"Hint": 371, "Name": "GetLocalTime", "DLL": "KERNEL32.dll"}, {"Hint": 489, "Name": "GetVersionExA", "DLL": "KERNEL32.dll"}, {"Hint": 381, "Name": "GetModuleFileNameA", "DLL": "KERNEL32.dll"}, {"Hint": 322, "Name": "GetCurrentProcess", "DLL": "KERNEL32.dll"}, {"Hint": 96, "Name": "CreateMutexA", "DLL": "KERNEL32.dll"}, {"Hint": 67, "Name": "CopyFileA", "DLL": "KERNEL32.dll"}, {"Hint": 75, "Name": "CreateDirectoryA", "DLL": "KERNEL32.dll"}, {"Hint": 185, "Name": "ExitProcess", "DLL": "KERNEL32.dll"}, {"Hint": 972, "Name": "lstrlenA", "DLL": "KERNEL32.dll"}, {"Hint": 383, "Name": "GetModuleHandleA", "DLL": "KERNEL32.dll"}, {"Hint": 83, "Name": "CreateFileA", "DLL": "KERNEL32.dll"}, {"Hint": 922, "Name": "WriteConsoleInputA", "DLL": "KERNEL32.dll"}, {"Hint": 276, "Name": "GetComputerNameA", "DLL": "KERNEL32.dll"}, {"Hint": 854, "Name": "Sleep", "DLL": "KERNEL32.dll"}, {"Hint": 101, "Name": "CreatePipe", "DLL": "KERNEL32.dll"}, {"Hint": 499, "Name": "GetWindowsDirectoryA", "DLL": "KERNEL32.dll"}, {"Hint": 778, "Name": "SetCurrentDirectoryA", "DLL": "KERNEL32.dll"}, {"Hint": 111, "Name": "CreateThread", "DLL": "KERNEL32.dll"}, {"Hint": 912, "Name": "WaitForSingleObject", "DLL": "KERNEL32.dll"}, {"Hint": 52, "Name": "CloseHandle", "DLL": "KERNEL32.dll"}, {"Hint": 862, "Name": "TerminateProcess", "DLL": "KERNEL32.dll"}, {"Hint": 662, "Name": "Process32First", "DLL": "KERNEL32.dll"}, {"Hint": 439, "Name": "GetStartupInfoA", "DLL": "KERNEL32.dll"}, {"Hint": 369, "Name": "GetLastError", "DLL": "KERNEL32.dll"}], [{"TimeDateStamp": {"FileOffset": 11312, "Value": "0x0        [Thu Jan  1 00:00:00 1970 UTC]", "Offset": 4}, "Name": {"FileOffset": 11320, "Value": 18484, "Offset": 12}, "ForwarderChain": {"FileOffset": 11316, "Value": 0, "Offset": 8}, "OriginalFirstThunk": {"FileOffset": 11308, "Value": 17328, "Offset": 0}, "FirstThunk": {"FileOffset": 11324, "Value": 16612, "Offset": 16}, "Characteristics": {"FileOffset": 11308, "Value": 17328, "Offset": 0}, "Structure": "IMAGE_IMPORT_DESCRIPTOR"}, {"Hint": 709, "Name": "strstr", "DLL": "MSVCRT.dll"}, {"Hint": 453, "Name": "_strnicmp", "DLL": "MSVCRT.dll"}, {"Hint": 695, "Name": "strchr", "DLL": "MSVCRT.dll"}, {"Hint": 211, "Name": "_exit", "DLL": "MSVCRT.dll"}, {"Hint": 72, "Name": "_XcptFilter", "DLL": "MSVCRT.dll"}, {"Hint": 585, "Name": "exit", "DLL": "MSVCRT.dll"}, {"Hint": 143, "Name": "_acmdln", "DLL": "MSVCRT.dll"}, {"Hint": 88, "Name": "__getmainargs", "DLL": "MSVCRT.dll"}, {"Hint": 271, "Name": "_initterm", "DLL": "MSVCRT.dll"}, {"Hint": 131, "Name": "__setusermatherr", "DLL": "MSVCRT.dll"}, {"Hint": 157, "Name": "_adjust_fdiv", "DLL": "MSVCRT.dll"}, {"Hint": 106, "Name": "__p__commode", "DLL": "MSVCRT.dll"}, {"Hint": 111, "Name": "__p__fmode", "DLL": "MSVCRT.dll"}, {"Hint": 129, "Name": "__set_app_type", "DLL": "MSVCRT.dll"}, {"Hint": 202, "Name": "_except_handler3", "DLL": "MSVCRT.dll"}, {"Hint": 183, "Name": "_controlfp", "DLL": "MSVCRT.dll"}, {"Hint": 16, "Name": "??3@YAXPAX@Z", "DLL": "MSVCRT.dll"}, {"Hint": 702, "Name": "strlen", "DLL": "MSVCRT.dll"}, {"Hint": 698, "Name": "strcpy", "DLL": "MSVCRT.dll"}, {"Hint": 15, "Name": "??2@YAPAXI@Z", "DLL": "MSVCRT.dll"}, {"Hint": 690, "Name": "sprintf", "DLL": "MSVCRT.dll"}, {"Hint": 573, "Name": "atoi", "DLL": "MSVCRT.dll"}, {"Hint": 445, "Name": "_strcmpi", "DLL": "MSVCRT.dll"}, {"Hint": 574, "Name": "atol", "DLL": "MSVCRT.dll"}, {"Hint": 694, "Name": "strcat", "DLL": "MSVCRT.dll"}, {"Hint": 73, "Name": "__CxxFrameHandler", "DLL": "MSVCRT.dll"}, {"Hint": 66, "Name": "_EH_prolog", "DLL": "MSVCRT.dll"}, {"Hint": 665, "Name": "memset", "DLL": "MSVCRT.dll"}, {"Hint": 693, "Name": "sscanf", "DLL": "MSVCRT.dll"}, {"Hint": 663, "Name": "memcpy", "DLL": "MSVCRT.dll"}, {"Hint": 707, "Name": "strrchr", "DLL": "MSVCRT.dll"}], [{"TimeDateStamp": {"FileOffset": 11332, "Value": "0x0        [Thu Jan  1 00:00:00 1970 UTC]", "Offset": 4}, "Name": {"FileOffset": 11340, "Value": 18892, "Offset": 12}, "ForwarderChain": {"FileOffset": 11336, "Value": 0, "Offset": 8}, "OriginalFirstThunk": {"FileOffset": 11328, "Value": 17480, "Offset": 0}, "FirstThunk": {"FileOffset": 11344, "Value": 16764, "Offset": 16}, "Characteristics": {"FileOffset": 11328, "Value": 17480, "Offset": 0}, "Structure": "IMAGE_IMPORT_DESCRIPTOR"}, {"Hint": 152, "Name": "InternetQueryOptionA", "DLL": "WININET.dll"}, {"Hint": 146, "Name": "InternetOpenA", "DLL": "WININET.dll"}, {"Hint": 89, "Name": "HttpSendRequestA", "DLL": "WININET.dll"}, {"Hint": 111, "Name": "InternetConnectA", "DLL": "WININET.dll"}, {"Hint": 85, "Name": "HttpOpenRequestA", "DLL": "WININET.dll"}, {"Hint": 80, "Name": "HttpAddRequestHeadersA", "DLL": "WININET.dll"}, {"Hint": 105, "Name": "InternetCloseHandle", "DLL": "WININET.dll"}, {"Hint": 147, "Name": "InternetOpenUrlA", "DLL": "WININET.dll"}, {"Hint": 167, "Name": "InternetSetOptionA", "DLL": "WININET.dll"}, {"Hint": 154, "Name": "InternetReadFile", "DLL": "WININET.dll"}], [{"TimeDateStamp": {"FileOffset": 11352, "Value": "0x0        [Thu Jan  1 00:00:00 1970 UTC]", "Offset": 4}, "Name": {"FileOffset": 11360, "Value": 18932, "Offset": 12}, "ForwarderChain": {"FileOffset": 11356, "Value": 0, "Offset": 8}, "OriginalFirstThunk": {"FileOffset": 11348, "Value": 17472, "Offset": 0}, "FirstThunk": {"FileOffset": 11364, "Value": 16756, "Offset": 16}, "Characteristics": {"FileOffset": 11348, "Value": 17472, "Offset": 0}, "Structure": "IMAGE_IMPORT_DESCRIPTOR"}, {"Hint": 29, "Name": "GetUserProfileDirectoryA", "DLL": "USERENV.dll"}], [{"TimeDateStamp": {"FileOffset": 11372, "Value": "0x0        [Thu Jan  1 00:00:00 1970 UTC]", "Offset": 4}, "Name": {"FileOffset": 11380, "Value": 19168, "Offset": 12}, "ForwarderChain": {"FileOffset": 11376, "Value": 0, "Offset": 8}, "OriginalFirstThunk": {"FileOffset": 11368, "Value": 17100, "Offset": 0}, "FirstThunk": {"FileOffset": 11384, "Value": 16384, "Offset": 16}, "Characteristics": {"FileOffset": 11368, "Value": 17100, "Offset": 0}, "Structure": "IMAGE_IMPORT_DESCRIPTOR"}, {"Hint": 62, "Name": "CloseServiceHandle", "DLL": "ADVAPI32.dll"}, {"Hint": 429, "Name": "OpenSCManagerA", "DLL": "ADVAPI32.dll"}, {"Hint": 66, "Name": "ControlService", "DLL": "ADVAPI32.dll"}, {"Hint": 431, "Name": "OpenServiceA", "DLL": "ADVAPI32.dll"}, {"Hint": 585, "Name": "StartServiceA", "DLL": "ADVAPI32.dll"}, {"Hint": 95, "Name": "CreateProcessAsUserA", "DLL": "ADVAPI32.dll"}, {"Hint": 428, "Name": "OpenProcessToken", "DLL": "ADVAPI32.dll"}, {"Hint": 292, "Name": "GetUserNameA", "DLL": "ADVAPI32.dll"}, {"Hint": 459, "Name": "RegCloseKey", "DLL": "ADVAPI32.dll"}, {"Hint": 472, "Name": "RegDeleteValueA", "DLL": "ADVAPI32.dll"}, {"Hint": 465, "Name": "RegCreateKeyExA", "DLL": "ADVAPI32.dll"}, {"Hint": 211, "Name": "EnumServicesStatusExA", "DLL": "ADVAPI32.dll"}], [{"TimeDateStamp": {"FileOffset": 11392, "Value": "0x0        [Thu Jan  1 00:00:00 1970 UTC]", "Offset": 4}, "Name": {"FileOffset": 11400, "Value": 19204, "Offset": 12}, "ForwarderChain": {"FileOffset": 11396, "Value": 0, "Offset": 8}, "OriginalFirstThunk": {"FileOffset": 11388, "Value": 17524, "Offset": 0}, "FirstThunk": {"FileOffset": 11404, "Value": 16808, "Offset": 16}, "Characteristics": {"FileOffset": 11388, "Value": 17524, "Offset": 0}, "Structure": "IMAGE_IMPORT_DESCRIPTOR"}, {"Hint": 74, "Name": "URLDownloadToFileA", "DLL": "urlmon.dll"}], [{"TimeDateStamp": {"FileOffset": 11412, "Value": "0x0        [Thu Jan  1 00:00:00 1970 UTC]", "Offset": 4}, "Name": {"FileOffset": 11420, "Value": 19232, "Offset": 12}, "ForwarderChain": {"FileOffset": 11416, "Value": 0, "Offset": 8}, "OriginalFirstThunk": {"FileOffset": 11408, "Value": 17456, "Offset": 0}, "FirstThunk": {"FileOffset": 11424, "Value": 16740, "Offset": 16}, "Characteristics": {"FileOffset": 11408, "Value": 17456, "Offset": 0}, "Structure": "IMAGE_IMPORT_DESCRIPTOR"}, {"Hint": 263, "Name": "ShellExecuteA", "DLL": "SHELL32.dll"}], [{"TimeDateStamp": {"FileOffset": 11432, "Value": "0x0        [Thu Jan  1 00:00:00 1970 UTC]", "Offset": 4}, "Name": {"FileOffset": 11440, "Value": 19262, "Offset": 12}, "ForwarderChain": {"FileOffset": 11436, "Value": 0, "Offset": 8}, "OriginalFirstThunk": {"FileOffset": 11428, "Value": 17464, "Offset": 0}, "FirstThunk": {"FileOffset": 11444, "Value": 16748, "Offset": 16}, "Characteristics": {"FileOffset": 11428, "Value": 17464, "Offset": 0}, "Structure": "IMAGE_IMPORT_DESCRIPTOR"}, {"Hint": 24, "Name": "GetUserNameExA", "DLL": "Secur32.dll"}]], "PE Sections": [{"PointerToRawData": {"FileOffset": 492, "Value": 1024, "Offset": 20}, "SHA1": "569a2df945e22f828a868388e0623aafe89122f7", "SHA256": "4e7b4f2f493328a29ae88a260246acdb7b1a15381ac4443846eeb3d9b07057e8", "Name": {"FileOffset": 472, "Value": ".text", "Offset": 0}, "NumberOfRelocations": {"FileOffset": 504, "Value": 0, "Offset": 32}, "Misc_VirtualSize": {"FileOffset": 480, "Value": 9554, "Offset": 8}, "Characteristics": {"FileOffset": 508, "Value": 1610612768, "Offset": 36}, "Misc": {"FileOffset": 480, "Value": 9554, "Offset": 8}, "PointerToLinenumbers": {"FileOffset": 500, "Value": 0, "Offset": 28}, "SizeOfRawData": {"FileOffset": 488, "Value": 9728, "Offset": 16}, "Misc_PhysicalAddress": {"FileOffset": 480, "Value": 9554, "Offset": 8}, "PointerToRelocations": {"FileOffset": 496, "Value": 0, "Offset": 24}, "Flags": ["IMAGE_SCN_MEM_EXECUTE", "IMAGE_SCN_CNT_CODE", "IMAGE_SCN_MEM_READ"], "SHA512": "181fa544d49470afecdc91fb149206adacf6378e294668341c460ef26c39f245edd6897949cd9a7e6333464151721a9564b5720feb17f08976404f822b13c663", "MD5": "0fe9ed26ee8dac2ad66f17fe931e5cc4", "Entropy": 6.186650498590434, "VirtualAddress": {"FileOffset": 484, "Value": 4096, "Offset": 12}, "Structure": "IMAGE_SECTION_HEADER", "NumberOfLinenumbers": {"FileOffset": 506, "Value": 0, "Offset": 34}}, {"PointerToRawData": {"FileOffset": 532, "Value": 10752, "Offset": 20}, "SHA1": "82afd757494f7bf09292f2f0e6cda5e20e72580f", "SHA256": "4be905043526c2a3839a0c8eaeabc7e5d523a36d8492b3f71d4b1945ceef7c18", "Name": {"FileOffset": 512, "Value": ".rdata", "Offset": 0}, "NumberOfRelocations": {"FileOffset": 544, "Value": 0, "Offset": 32}, "Misc_VirtualSize": {"FileOffset": 520, "Value": 2928, "Offset": 8}, "Characteristics": {"FileOffset": 548, "Value": 1073741888, "Offset": 36}, "Misc": {"FileOffset": 520, "Value": 2928, "Offset": 8}, "PointerToLinenumbers": {"FileOffset": 540, "Value": 0, "Offset": 28}, "SizeOfRawData": {"FileOffset": 528, "Value": 3072, "Offset": 16}, "Misc_PhysicalAddress": {"FileOffset": 520, "Value": 2928, "Offset": 8}, "PointerToRelocations": {"FileOffset": 536, "Value": 0, "Offset": 24}, "Flags": ["IMAGE_SCN_CNT_INITIALIZED_DATA", "IMAGE_SCN_MEM_READ"], "SHA512": "2d3522f3764357e3fa0f1a923380e63793775c0020d577a70f364369c911b53f569c4df0df473ea5c56334f093829714d329659bbd5306f2b5c38f9d7b7cd93d", "MD5": "7df1e22dadbdcf85ea4f531e5aa7147e", "Entropy": 4.8537879724483135, "VirtualAddress": {"FileOffset": 524, "Value": 16384, "Offset": 12}, "Structure": "IMAGE_SECTION_HEADER", "NumberOfLinenumbers": {"FileOffset": 546, "Value": 0, "Offset": 34}}, {"PointerToRawData": {"FileOffset": 572, "Value": 13824, "Offset": 20}, "SHA1": "1e896dc6a839975dfaa9c1936a4d893e00b68031", "SHA256": "c08f0e8dc342a557bceb9f70404117231ef37171348022c66b4719856fe11b53", "Name": {"FileOffset": 552, "Value": ".data", "Offset": 0}, "NumberOfRelocations": {"FileOffset": 584, "Value": 0, "Offset": 32}, "Misc_VirtualSize": {"FileOffset": 560, "Value": 2220, "Offset": 8}, "Characteristics": {"FileOffset": 588, "Value": 3221225536, "Offset": 36}, "Misc": {"FileOffset": 560, "Value": 2220, "Offset": 8}, "PointerToLinenumbers": {"FileOffset": 580, "Value": 0, "Offset": 28}, "SizeOfRawData": {"FileOffset": 568, "Value": 2560, "Offset": 16}, "Misc_PhysicalAddress": {"FileOffset": 560, "Value": 2220, "Offset": 8}, "PointerToRelocations": {"FileOffset": 576, "Value": 0, "Offset": 24}, "Flags": ["IMAGE_SCN_CNT_INITIALIZED_DATA", "IMAGE_SCN_MEM_WRITE", "IMAGE_SCN_MEM_READ"], "SHA512": "d0924578d4482b6da9f4d703de856201847e46e63755405cac85f1ee732fe44ee0689020c7a9492133f84ed9bb16f3d69d8bd953d6dbc88322fb5e5316888b2c", "MD5": "6782d25ea9cf286cff450d79c79241d7", "Entropy": 4.641781503888889, "VirtualAddress": {"FileOffset": 564, "Value": 20480, "Offset": 12}, "Structure": "IMAGE_SECTION_HEADER", "NumberOfLinenumbers": {"FileOffset": 586, "Value": 0, "Offset": 34}}, {"PointerToRawData": {"FileOffset": 612, "Value": 16384, "Offset": 20}, "SHA1": "83c289aa69a6ab3add257451c8583a0b633ca74b", "SHA256": "2e6eeed9d68e6d706f99fdd1fea777d7e345fbcddb998f9a257c51dc118c2b8c", "Name": {"FileOffset": 592, "Value": ".rsrc", "Offset": 0}, "NumberOfRelocations": {"FileOffset": 624, "Value": 0, "Offset": 32}, "Misc_VirtualSize": {"FileOffset": 600, "Value": 904, "Offset": 8}, "Characteristics": {"FileOffset": 628, "Value": 1073741888, "Offset": 36}, "Misc": {"FileOffset": 600, "Value": 904, "Offset": 8}, "PointerToLinenumbers": {"FileOffset": 620, "Value": 0, "Offset": 28}, "SizeOfRawData": {"FileOffset": 608, "Value": 1024, "Offset": 16}, "Misc_PhysicalAddress": {"FileOffset": 600, "Value": 904, "Offset": 8}, "PointerToRelocations": {"FileOffset": 616, "Value": 0, "Offset": 24}, "Flags": ["IMAGE_SCN_CNT_INITIALIZED_DATA", "IMAGE_SCN_MEM_READ"], "SHA512": "cdae50f29229274405886464b168de922b210463e639f3cc45402e91e56f84830ad6b96dac6b1187f8f572218fc0cec9d25b31c7998e6783edacf755577431a5", "MD5": "5c5d369e5f225ec6d5fe97a477f1342b", "Entropy": 2.9564951284841743, "VirtualAddress": {"FileOffset": 604, "Value": 24576, "Offset": 12}, "Structure": "IMAGE_SECTION_HEADER", "NumberOfLinenumbers": {"FileOffset": 626, "Value": 0, "Offset": 34}}], "Resource directory": [{"MajorVersion": {"FileOffset": 16392, "Value": 0, "Offset": 8}, "NumberOfIdEntries": {"FileOffset": 16398, "Value": 1, "Offset": 14}, "MinorVersion": {"FileOffset": 16394, "Value": 0, "Offset": 10}, "TimeDateStamp": {"FileOffset": 16388, "Value": "0x0        [Thu Jan  1 00:00:00 1970 UTC]", "Offset": 4}, "Characteristics": {"FileOffset": 16384, "Value": 0, "Offset": 0}, "NumberOfNamedEntries": {"FileOffset": 16396, "Value": 0, "Offset": 12}, "Structure": "IMAGE_RESOURCE_DIRECTORY"}, {"Structure": "IMAGE_RESOURCE_DIRECTORY_ENTRY", "Id": [16, "RT_VERSION"], "OffsetToData": {"FileOffset": 16404, "Value": 2147483672, "Offset": 4}, "Name": {"FileOffset": 16400, "Value": 16, "Offset": 0}}, [{"MajorVersion": {"FileOffset": 16416, "Value": 0, "Offset": 8}, "NumberOfIdEntries": {"FileOffset": 16422, "Value": 1, "Offset": 14}, "MinorVersion": {"FileOffset": 16418, "Value": 0, "Offset": 10}, "TimeDateStamp": {"FileOffset": 16412, "Value": "0x0        [Thu Jan  1 00:00:00 1970 UTC]", "Offset": 4}, "Characteristics": {"FileOffset": 16408, "Value": 0, "Offset": 0}, "NumberOfNamedEntries": {"FileOffset": 16420, "Value": 0, "Offset": 12}, "Structure": "IMAGE_RESOURCE_DIRECTORY"}, {"Structure": "IMAGE_RESOURCE_DIRECTORY_ENTRY", "Id": 1, "OffsetToData": {"FileOffset": 16428, "Value": 2147483696, "Offset": 4}, "Name": {"FileOffset": 16424, "Value": 1, "Offset": 0}}, [{"MajorVersion": {"FileOffset": 16440, "Value": 0, "Offset": 8}, "NumberOfIdEntries": {"FileOffset": 16446, "Value": 1, "Offset": 14}, "MinorVersion": {"FileOffset": 16442, "Value": 0, "Offset": 10}, "TimeDateStamp": {"FileOffset": 16436, "Value": "0x0        [Thu Jan  1 00:00:00 1970 UTC]", "Offset": 4}, "Characteristics": {"FileOffset": 16432, "Value": 0, "Offset": 0}, "NumberOfNamedEntries": {"FileOffset": 16444, "Value": 0, "Offset": 12}, "Structure": "IMAGE_RESOURCE_DIRECTORY"}, {"LANG": 9, "SUBLANG_NAME": "SUBLANG_ENGLISH_US", "Name": {"FileOffset": 16448, "Value": 1033, "Offset": 0}, "CodePage": {"FileOffset": 16464, "Value": 0, "Offset": 8}, "LANG_NAME": "LANG_ENGLISH", "OffsetToData": {"FileOffset": 16456, "Value": 24672, "Offset": 0}, "Reserved": {"FileOffset": 16468, "Value": 0, "Offset": 12}, "SUBLANG": 1, "Structure": "IMAGE_RESOURCE_DATA_ENTRY", "Size": {"FileOffset": 16460, "Value": 804, "Offset": 4}}]]]}
