{"DllCharacteristics": [], "FILE_HEADER": {"NumberOfSections": {"FileOffset": 230, "Value": 4, "Offset": 2}, "TimeDateStamp": {"FileOffset": 232, "Value": "0x50339127 [Tue Aug 21 13:46:15 2012 UTC]", "Offset": 4}, "PointerToSymbolTable": {"FileOffset": 236, "Value": 0, "Offset": 8}, "NumberOfSymbols": {"FileOffset": 240, "Value": 0, "Offset": 12}, "Machine": {"FileOffset": 228, "Value": 332, "Offset": 0}, "Characteristics": {"FileOffset": 246, "Value": 271, "Offset": 18}, "SizeOfOptionalHeader": {"FileOffset": 244, "Value": 224, "Offset": 16}, "Structure": "IMAGE_FILE_HEADER"}, "Directories": [{"VirtualAddress": {"FileOffset": 344, "Value": 0, "Offset": 0}, "Structure": "IMAGE_DIRECTORY_ENTRY_EXPORT", "Size": {"FileOffset": 348, "Value": 0, "Offset": 4}}, {"VirtualAddress": {"FileOffset": 352, "Value": 16708, "Offset": 0}, "Structure": "IMAGE_DIRECTORY_ENTRY_IMPORT", "Size": {"FileOffset": 356, "Value": 120, "Offset": 4}}, {"VirtualAddress": {"FileOffset": 360, "Value": 24576, "Offset": 0}, "Structure": "IMAGE_DIRECTORY_ENTRY_RESOURCE", "Size": {"FileOffset": 364, "Value": 282528, "Offset": 4}}, {"VirtualAddress": {"FileOffset": 368, "Value": 0, "Offset": 0}, "Structure": "IMAGE_DIRECTORY_ENTRY_EXCEPTION", "Size": {"FileOffset": 372, "Value": 0, "Offset": 4}}, {"VirtualAddress": {"FileOffset": 376, "Value": 0, "Offset": 0}, "Structure": "IMAGE_DIRECTORY_ENTRY_SECURITY", "Size": {"FileOffset": 380, "Value": 0, "Offset": 4}}, {"VirtualAddress": {"FileOffset": 384, "Value": 0, "Offset": 0}, "Structure": "IMAGE_DIRECTORY_ENTRY_BASERELOC", "Size": {"FileOffset": 388, "Value": 0, "Offset": 4}}, {"VirtualAddress": {"FileOffset": 392, "Value": 0, "Offset": 0}, "Structure": "IMAGE_DIRECTORY_ENTRY_DEBUG", "Size": {"FileOffset": 396, "Value": 0, "Offset": 4}}, {"VirtualAddress": {"FileOffset": 400, "Value": 0, "Offset": 0}, "Structure": "IMAGE_DIRECTORY_ENTRY_COPYRIGHT", "Size": {"FileOffset": 404, "Value": 0, "Offset": 4}}, {"VirtualAddress": {"FileOffset": 408, "Value": 0, "Offset": 0}, "Structure": "IMAGE_DIRECTORY_ENTRY_GLOBALPTR", "Size": {"FileOffset": 412, "Value": 0, "Offset": 4}}, {"VirtualAddress": {"FileOffset": 416, "Value": 0, "Offset": 0}, "Structure": "IMAGE_DIRECTORY_ENTRY_TLS", "Size": {"FileOffset": 420, "Value": 0, "Offset": 4}}, {"VirtualAddress": {"FileOffset": 424, "Value": 0, "Offset": 0}, "Structure": "IMAGE_DIRECTORY_ENTRY_LOAD_CONFIG", "Size": {"FileOffset": 428, "Value": 0, "Offset": 4}}, {"VirtualAddress": {"FileOffset": 432, "Value": 0, "Offset": 0}, "Structure": "IMAGE_DIRECTORY_ENTRY_BOUND_IMPORT", "Size": {"FileOffset": 436, "Value": 0, "Offset": 4}}, {"VirtualAddress": {"FileOffset": 440, "Value": 16384, "Offset": 0}, "Structure": "IMAGE_DIRECTORY_ENTRY_IAT", "Size": {"FileOffset": 444, "Value": 312, "Offset": 4}}, {"VirtualAddress": {"FileOffset": 448, "Value": 0, "Offset": 0}, "Structure": "IMAGE_DIRECTORY_ENTRY_DELAY_IMPORT", "Size": {"FileOffset": 452, "Value": 0, "Offset": 4}}, {"VirtualAddress": {"FileOffset": 456, "Value": 0, "Offset": 0}, "Structure": "IMAGE_DIRECTORY_ENTRY_COM_DESCRIPTOR", "Size": {"FileOffset": 460, "Value": 0, "Offset": 4}}, {"VirtualAddress": {"FileOffset": 464, "Value": 0, "Offset": 0}, "Structure": "IMAGE_DIRECTORY_ENTRY_RESERVED", "Size": {"FileOffset": 468, "Value": 0, "Offset": 4}}], "OPTIONAL_HEADER": {"DllCharacteristics": {"FileOffset": 318, "Value": 0, "Offset": 70}, "BaseOfCode": {"FileOffset": 268, "Value": 4096, "Offset": 20}, "MajorLinkerVersion": {"FileOffset": 250, "Value": 6, "Offset": 2}, "MinorOperatingSystemVersion": {"FileOffset": 290, "Value": 0, "Offset": 42}, "MinorLinkerVersion": {"FileOffset": 251, "Value": 0, "Offset": 3}, "MajorSubsystemVersion": {"FileOffset": 296, "Value": 4, "Offset": 48}, "MajorOperatingSystemVersion": {"FileOffset": 288, "Value": 4, "Offset": 40}, "SizeOfStackCommit": {"FileOffset": 324, "Value": 4096, "Offset": 76}, "SizeOfUninitializedData": {"FileOffset": 260, "Value": 0, "Offset": 12}, "NumberOfRvaAndSizes": {"FileOffset": 340, "Value": 16, "Offset": 92}, "SizeOfHeapReserve": {"FileOffset": 328, "Value": 1048576, "Offset": 80}, "LoaderFlags": {"FileOffset": 336, "Value": 0, "Offset": 88}, "SizeOfHeapCommit": {"FileOffset": 332, "Value": 4096, "Offset": 84}, "SizeOfStackReserve": {"FileOffset": 320, "Value": 1048576, "Offset": 72}, "Structure": "IMAGE_OPTIONAL_HEADER", "SizeOfHeaders": {"FileOffset": 308, "Value": 1024, "Offset": 60}, "Subsystem": {"FileOffset": 316, "Value": 2, "Offset": 68}, "Magic": {"FileOffset": 248, "Value": 267, "Offset": 0}, "MinorImageVersion": {"FileOffset": 294, "Value": 0, "Offset": 46}, "MajorImageVersion": {"FileOffset": 292, "Value": 0, "Offset": 44}, "FileAlignment": {"FileOffset": 284, "Value": 512, "Offset": 36}, "BaseOfData": {"FileOffset": 272, "Value": 16384, "Offset": 24}, "AddressOfEntryPoint": {"FileOffset": 264, "Value": 12214, "Offset": 16}, "SectionAlignment": {"FileOffset": 280, "Value": 4096, "Offset": 32}, "SizeOfCode": {"FileOffset": 252, "Value": 8704, "Offset": 4}, "ImageBase": {"FileOffset": 276, "Value": 4194304, "Offset": 28}, "SizeOfInitializedData": {"FileOffset": 256, "Value": 287232, "Offset": 8}, "SizeOfImage": {"FileOffset": 304, "Value": 307200, "Offset": 56}, "MinorSubsystemVersion": {"FileOffset": 298, "Value": 0, "Offset": 50}, "CheckSum": {"FileOffset": 312, "Value": 0, "Offset": 64}, "Reserved1": {"FileOffset": 300, "Value": 0, "Offset": 52}}, "DOS_HEADER": {"e_cblp": {"FileOffset": 2, "Value": 144, "Offset": 2}, "e_crlc": {"FileOffset": 6, "Value": 0, "Offset": 6}, "e_ovno": {"FileOffset": 26, "Value": 0, "Offset": 26}, "e_minalloc": {"FileOffset": 10, "Value": 0, "Offset": 10}, "e_csum": {"FileOffset": 18, "Value": 0, "Offset": 18}, "e_cparhdr": {"FileOffset": 8, "Value": 4, "Offset": 8}, "e_cp": {"FileOffset": 4, "Value": 3, "Offset": 4}, "e_cs": {"FileOffset": 22, "Value": 0, "Offset": 22}, "e_maxalloc": {"FileOffset": 12, "Value": 65535, "Offset": 12}, "e_lfarlc": {"FileOffset": 24, "Value": 64, "Offset": 24}, "e_oemid": {"FileOffset": 36, "Value": 0, "Offset": 36}, "e_lfanew": {"FileOffset": 60, "Value": 224, "Offset": 60}, "e_ss": {"FileOffset": 14, "Value": 0, "Offset": 14}, "e_magic": {"FileOffset": 0, "Value": 23117, "Offset": 0}, "e_oeminfo": {"FileOffset": 38, "Value": 0, "Offset": 38}, "e_res2": {"FileOffset": 40, "Value": "", "Offset": 40}, "e_res": {"FileOffset": 28, "Value": "", "Offset": 28}, "e_sp": {"FileOffset": 16, "Value": 184, "Offset": 16}, "Structure": "IMAGE_DOS_HEADER", "e_ip": {"FileOffset": 20, "Value": 0, "Offset": 20}}, "NT_HEADERS": {"Structure": "IMAGE_NT_HEADERS", "Signature": {"FileOffset": 224, "Value": 17744, "Offset": 0}}, "Flags": ["IMAGE_FILE_LOCAL_SYMS_STRIPPED", "IMAGE_FILE_32BIT_MACHINE", "IMAGE_FILE_EXECUTABLE_IMAGE", "IMAGE_FILE_LINE_NUMS_STRIPPED", "IMAGE_FILE_RELOCS_STRIPPED"], "Imported symbols": [[{"TimeDateStamp": {"FileOffset": 10056, "Value": "0x0        [Thu Jan  1 00:00:00 1970 UTC]", "Offset": 4}, "Name": {"FileOffset": 10064, "Value": 17574, "Offset": 12}, "ForwarderChain": {"FileOffset": 10060, "Value": 0, "Offset": 8}, "OriginalFirstThunk": {"FileOffset": 10052, "Value": 16872, "Offset": 0}, "FirstThunk": {"FileOffset": 10068, "Value": 16428, "Offset": 16}, "Characteristics": {"FileOffset": 10052, "Value": 16872, "Offset": 0}, "Structure": "IMAGE_IMPORT_DESCRIPTOR"}, {"Hint": 75, "Name": "CreateDirectoryA", "DLL": "KERNEL32.dll"}, {"Hint": 188, "Name": "ExpandEnvironmentStringsA", "DLL": "KERNEL32.dll"}, {"Hint": 912, "Name": "WaitForSingleObject", "DLL": "KERNEL32.dll"}, {"Hint": 439, "Name": "GetStartupInfoA", "DLL": "KERNEL32.dll"}, {"Hint": 778, "Name": "SetCurrentDirectoryA", "DLL": "KERNEL32.dll"}, {"Hint": 250, "Name": "FreeResource", "DLL": "KERNEL32.dll"}, {"Hint": 932, "Name": "WriteFile", "DLL": "KERNEL32.dll"}, {"Hint": 479, "Name": "GetTickCount", "DLL": "KERNEL32.dll"}, {"Hint": 853, "Name": "SizeofResource", "DLL": "KERNEL32.dll"}, {"Hint": 599, "Name": "LoadResource", "DLL": "KERNEL32.dll"}, {"Hint": 227, "Name": "FindResourceA", "DLL": "KERNEL32.dll"}, {"Hint": 383, "Name": "GetModuleHandleA", "DLL": "KERNEL32.dll"}, {"Hint": 693, "Name": "ReadFile", "DLL": "KERNEL32.dll"}, {"Hint": 966, "Name": "lstrcpyA", "DLL": "KERNEL32.dll"}, {"Hint": 569, "Name": "IsDebuggerPresent", "DLL": "KERNEL32.dll"}, {"Hint": 594, "Name": "LoadLibraryA", "DLL": "KERNEL32.dll"}, {"Hint": 416, "Name": "GetProcAddress", "DLL": "KERNEL32.dll"}, {"Hint": 102, "Name": "CreateProcessA", "DLL": "KERNEL32.dll"}, {"Hint": 185, "Name": "ExitProcess", "DLL": "KERNEL32.dll"}, {"Hint": 381, "Name": "GetModuleFileNameA", "DLL": "KERNEL32.dll"}, {"Hint": 917, "Name": "WinExec", "DLL": "KERNEL32.dll"}, {"Hint": 131, "Name": "DeleteFileA", "DLL": "KERNEL32.dll"}, {"Hint": 854, "Name": "Sleep", "DLL": "KERNEL32.dll"}, {"Hint": 52, "Name": "CloseHandle", "DLL": "KERNEL32.dll"}, {"Hint": 83, "Name": "CreateFileA", "DLL": "KERNEL32.dll"}, {"Hint": 369, "Name": "GetLastError", "DLL": "KERNEL32.dll"}], [{"TimeDateStamp": {"FileOffset": 10076, "Value": "0x0        [Thu Jan  1 00:00:00 1970 UTC]", "Offset": 4}, "Name": {"FileOffset": 10084, "Value": 17764, "Offset": 12}, "ForwarderChain": {"FileOffset": 10080, "Value": 0, "Offset": 8}, "OriginalFirstThunk": {"FileOffset": 10072, "Value": 16828, "Offset": 0}, "FirstThunk": {"FileOffset": 10088, "Value": 16384, "Offset": 16}, "Characteristics": {"FileOffset": 10072, "Value": 16828, "Offset": 0}, "Structure": "IMAGE_IMPORT_DESCRIPTOR"}, {"Hint": 503, "Name": "RegQueryValueExA", "DLL": "ADVAPI32.dll"}, {"Hint": 459, "Name": "RegCloseKey", "DLL": "ADVAPI32.dll"}, {"Hint": 143, "Name": "CryptEncrypt", "DLL": "ADVAPI32.dll"}, {"Hint": 133, "Name": "CryptAcquireContextA", "DLL": "ADVAPI32.dll"}, {"Hint": 136, "Name": "CryptCreateHash", "DLL": "ADVAPI32.dll"}, {"Hint": 157, "Name": "CryptHashData", "DLL": "ADVAPI32.dll"}, {"Hint": 138, "Name": "CryptDeriveKey", "DLL": "ADVAPI32.dll"}, {"Hint": 139, "Name": "CryptDestroyHash", "DLL": "ADVAPI32.dll"}, {"Hint": 137, "Name": "CryptDecrypt", "DLL": "ADVAPI32.dll"}, {"Hint": 491, "Name": "RegOpenKeyA", "DLL": "ADVAPI32.dll"}], [{"TimeDateStamp": {"FileOffset": 10096, "Value": "0x0        [Thu Jan  1 00:00:00 1970 UTC]", "Offset": 4}, "Name": {"FileOffset": 10104, "Value": 17794, "Offset": 12}, "ForwarderChain": {"FileOffset": 10100, "Value": 0, "Offset": 8}, "OriginalFirstThunk": {"FileOffset": 10092, "Value": 17132, "Offset": 0}, "FirstThunk": {"FileOffset": 10108, "Value": 16688, "Offset": 16}, "Characteristics": {"FileOffset": 10092, "Value": 17132, "Offset": 0}, "Structure": "IMAGE_IMPORT_DESCRIPTOR"}, {"Hint": 263, "Name": "ShellExecuteA", "DLL": "SHELL32.dll"}], [{"TimeDateStamp": {"FileOffset": 10116, "Value": "0x0        [Thu Jan  1 00:00:00 1970 UTC]", "Offset": 4}, "Name": {"FileOffset": 10124, "Value": 17840, "Offset": 12}, "ForwarderChain": {"FileOffset": 10120, "Value": 0, "Offset": 8}, "OriginalFirstThunk": {"FileOffset": 10112, "Value": 16980, "Offset": 0}, "FirstThunk": {"FileOffset": 10128, "Value": 16536, "Offset": 16}, "Characteristics": {"FileOffset": 10112, "Value": 16980, "Offset": 0}, "Structure": "IMAGE_IMPORT_DESCRIPTOR"}, {"Hint": 9, "Name": "LZOpenFileA", "DLL": "LZ32.dll"}, {"Hint": 3, "Name": "LZClose", "DLL": "LZ32.dll"}, {"Hint": 5, "Name": "LZCopy", "DLL": "LZ32.dll"}], [{"TimeDateStamp": {"FileOffset": 10136, "Value": "0x0        [Thu Jan  1 00:00:00 1970 UTC]", "Offset": 4}, "Name": {"FileOffset": 10144, "Value": 18048, "Offset": 12}, "ForwarderChain": {"FileOffset": 10140, "Value": 0, "Offset": 8}, "OriginalFirstThunk": {"FileOffset": 10132, "Value": 16996, "Offset": 0}, "FirstThunk": {"FileOffset": 10148, "Value": 16552, "Offset": 16}, "Characteristics": {"FileOffset": 10132, "Value": 16996, "Offset": 0}, "Structure": "IMAGE_IMPORT_DESCRIPTOR"}, {"Hint": 696, "Name": "strcmp", "DLL": "MSVCRT.dll"}, {"Hint": 606, "Name": "free", "DLL": "MSVCRT.dll"}, {"Hint": 588, "Name": "fclose", "DLL": "MSVCRT.dll"}, {"Hint": 614, "Name": "fwrite", "DLL": "MSVCRT.dll"}, {"Hint": 605, "Name": "fread", "DLL": "MSVCRT.dll"}, {"Hint": 657, "Name": "malloc", "DLL": "MSVCRT.dll"}, {"Hint": 599, "Name": "fopen", "DLL": "MSVCRT.dll"}, {"Hint": 663, "Name": "memcpy", "DLL": "MSVCRT.dll"}, {"Hint": 702, "Name": "strlen", "DLL": "MSVCRT.dll"}, {"Hint": 166, "Name": "_beginthreadex", "DLL": "MSVCRT.dll"}, {"Hint": 698, "Name": "strcpy", "DLL": "MSVCRT.dll"}, {"Hint": 709, "Name": "strstr", "DLL": "MSVCRT.dll"}, {"Hint": 665, "Name": "memset", "DLL": "MSVCRT.dll"}, {"Hint": 612, "Name": "ftell", "DLL": "MSVCRT.dll"}, {"Hint": 610, "Name": "fseek", "DLL": "MSVCRT.dll"}, {"Hint": 694, "Name": "strcat", "DLL": "MSVCRT.dll"}, {"Hint": 690, "Name": "sprintf", "DLL": "MSVCRT.dll"}, {"Hint": 670, "Name": "printf", "DLL": "MSVCRT.dll"}, {"Hint": 704, "Name": "strncmp", "DLL": "MSVCRT.dll"}, {"Hint": 664, "Name": "memmove", "DLL": "MSVCRT.dll"}, {"Hint": 211, "Name": "_exit", "DLL": "MSVCRT.dll"}, {"Hint": 72, "Name": "_XcptFilter", "DLL": "MSVCRT.dll"}, {"Hint": 585, "Name": "exit", "DLL": "MSVCRT.dll"}, {"Hint": 143, "Name": "_acmdln", "DLL": "MSVCRT.dll"}, {"Hint": 88, "Name": "__getmainargs", "DLL": "MSVCRT.dll"}, {"Hint": 271, "Name": "_initterm", "DLL": "MSVCRT.dll"}, {"Hint": 131, "Name": "__setusermatherr", "DLL": "MSVCRT.dll"}, {"Hint": 157, "Name": "_adjust_fdiv", "DLL": "MSVCRT.dll"}, {"Hint": 106, "Name": "__p__commode", "DLL": "MSVCRT.dll"}, {"Hint": 111, "Name": "__p__fmode", "DLL": "MSVCRT.dll"}, {"Hint": 129, "Name": "__set_app_type", "DLL": "MSVCRT.dll"}, {"Hint": 202, "Name": "_except_handler3", "DLL": "MSVCRT.dll"}, {"Hint": 183, "Name": "_controlfp", "DLL": "MSVCRT.dll"}]], "PE Sections": [{"PointerToRawData": {"FileOffset": 492, "Value": 1024, "Offset": 20}, "SHA1": "08aca962a14a84bb0f6df4ca68613c4b969c308b", "SHA256": "55281175576823ba0aa1f42865f09f408390f7d1e6fc6cf40653059a42dbf3d4", "Name": {"FileOffset": 472, "Value": ".text", "Offset": 0}, "NumberOfRelocations": {"FileOffset": 504, "Value": 0, "Offset": 32}, "Misc_VirtualSize": {"FileOffset": 480, "Value": 8524, "Offset": 8}, "Characteristics": {"FileOffset": 508, "Value": 1610612768, "Offset": 36}, "Misc": {"FileOffset": 480, "Value": 8524, "Offset": 8}, "PointerToLinenumbers": {"FileOffset": 500, "Value": 0, "Offset": 28}, "SizeOfRawData": {"FileOffset": 488, "Value": 8704, "Offset": 16}, "Misc_PhysicalAddress": {"FileOffset": 480, "Value": 8524, "Offset": 8}, "PointerToRelocations": {"FileOffset": 496, "Value": 0, "Offset": 24}, "Flags": ["IMAGE_SCN_MEM_EXECUTE", "IMAGE_SCN_CNT_CODE", "IMAGE_SCN_MEM_READ"], "SHA512": "e74e90441d24c5d8bcfe3af831533c450579cc7e157380ec5b4c66629e0ad8efa5f607ff43d80481d8743158656d55649419c935bc69a56e8d5805845f5a2ef5", "MD5": "f17f29d6bfcafa7d75da296c8dc8935c", "Entropy": 6.234852969824119, "VirtualAddress": {"FileOffset": 484, "Value": 4096, "Offset": 12}, "Structure": "IMAGE_SECTION_HEADER", "NumberOfLinenumbers": {"FileOffset": 506, "Value": 0, "Offset": 34}}, {"PointerToRawData": {"FileOffset": 532, "Value": 9728, "Offset": 20}, "SHA1": "680486145e3474f84985599368ca7474b962ab0d", "SHA256": "c41e26a7cde74106a3d0103a6866c9cfae0dd07f6a08c614f9bb386a1a1dd717", "Name": {"FileOffset": 512, "Value": ".rdata", "Offset": 0}, "NumberOfRelocations": {"FileOffset": 544, "Value": 0, "Offset": 32}, "Misc_VirtualSize": {"FileOffset": 520, "Value": 1862, "Offset": 8}, "Characteristics": {"FileOffset": 548, "Value": 1073741888, "Offset": 36}, "Misc": {"FileOffset": 520, "Value": 1862, "Offset": 8}, "PointerToLinenumbers": {"FileOffset": 540, "Value": 0, "Offset": 28}, "SizeOfRawData": {"FileOffset": 528, "Value": 2048, "Offset": 16}, "Misc_PhysicalAddress": {"FileOffset": 520, "Value": 1862, "Offset": 8}, "PointerToRelocations": {"FileOffset": 536, "Value": 0, "Offset": 24}, "Flags": ["IMAGE_SCN_CNT_INITIALIZED_DATA", "IMAGE_SCN_MEM_READ"], "SHA512": "b605323cefa7438aee7e3d71d576e88ee505aa9e364d7f659dd801ed200ebb925b16a7525de3e71fe9616285528c9cbd0571573c280f4b79e033eb53aee58671", "MD5": "42a122cb25387e091583322acab15244", "Entropy": 4.655609418687728, "VirtualAddress": {"FileOffset": 524, "Value": 16384, "Offset": 12}, "Structure": "IMAGE_SECTION_HEADER", "NumberOfLinenumbers": {"FileOffset": 546, "Value": 0, "Offset": 34}}, {"PointerToRawData": {"FileOffset": 572, "Value": 11776, "Offset": 20}, "SHA1": "0a77966e7dc9fa829cac51212547d06dd2979aad", "SHA256": "5b92327770fb5f5ea86d1ac517405c10ebf4add53bd6187603b81e74bcbc7444", "Name": {"FileOffset": 552, "Value": ".data", "Offset": 0}, "NumberOfRelocations": {"FileOffset": 584, "Value": 0, "Offset": 32}, "Misc_VirtualSize": {"FileOffset": 560, "Value": 2560, "Offset": 8}, "Characteristics": {"FileOffset": 588, "Value": 3221225536, "Offset": 36}, "Misc": {"FileOffset": 560, "Value": 2560, "Offset": 8}, "PointerToLinenumbers": {"FileOffset": 580, "Value": 0, "Offset": 28}, "SizeOfRawData": {"FileOffset": 568, "Value": 2048, "Offset": 16}, "Misc_PhysicalAddress": {"FileOffset": 560, "Value": 2560, "Offset": 8}, "PointerToRelocations": {"FileOffset": 576, "Value": 0, "Offset": 24}, "Flags": ["IMAGE_SCN_CNT_INITIALIZED_DATA", "IMAGE_SCN_MEM_WRITE", "IMAGE_SCN_MEM_READ"], "SHA512": "79bf4f114d668334e82c60caad89b8e6246dc2fefd531ad7b28c75042bdfed167c0a8e5773b68e0d3d9bbce57373ce1c43408b9c8a3d03f13b3780df67b98099", "MD5": "2059b63324f0cfd648249d426268630c", "Entropy": 4.1090694753152, "VirtualAddress": {"FileOffset": 564, "Value": 20480, "Offset": 12}, "Structure": "IMAGE_SECTION_HEADER", "NumberOfLinenumbers": {"FileOffset": 586, "Value": 0, "Offset": 34}}, {"PointerToRawData": {"FileOffset": 612, "Value": 13824, "Offset": 20}, "SHA1": "822b95bf2489e10e48e9a404effdda4342874ac3", "SHA256": "394d6604afa73e65620479d96adfa98681a4cad1317a0472aadc8ede361346ee", "Name": {"FileOffset": 592, "Value": ".rsrc", "Offset": 0}, "NumberOfRelocations": {"FileOffset": 624, "Value": 0, "Offset": 32}, "Misc_VirtualSize": {"FileOffset": 600, "Value": 282528, "Offset": 8}, "Characteristics": {"FileOffset": 628, "Value": 1073741888, "Offset": 36}, "Misc": {"FileOffset": 600, "Value": 282528, "Offset": 8}, "PointerToLinenumbers": {"FileOffset": 620, "Value": 0, "Offset": 28}, "SizeOfRawData": {"FileOffset": 608, "Value": 282624, "Offset": 16}, "Misc_PhysicalAddress": {"FileOffset": 600, "Value": 282528, "Offset": 8}, "PointerToRelocations": {"FileOffset": 616, "Value": 0, "Offset": 24}, "Flags": ["IMAGE_SCN_CNT_INITIALIZED_DATA", "IMAGE_SCN_MEM_READ"], "SHA512": "cb594de092181e0706acdf42335c8be77e17699c9ccd67bb9bd2a0e22d4597361cd4b3887d7a9c22510f8af429688f3e2dcffd61ff6997e9380240837946a475", "MD5": "23c132ed16e582df53f00be99b186966", "Entropy": 7.30439064723581, "VirtualAddress": {"FileOffset": 604, "Value": 24576, "Offset": 12}, "Structure": "IMAGE_SECTION_HEADER", "NumberOfLinenumbers": {"FileOffset": 626, "Value": 0, "Offset": 34}}], "Resource directory": [{"MajorVersion": {"FileOffset": 13832, "Value": 0, "Offset": 8}, "NumberOfIdEntries": {"FileOffset": 13838, "Value": 2, "Offset": 14}, "MinorVersion": {"FileOffset": 13834, "Value": 0, "Offset": 10}, "TimeDateStamp": {"FileOffset": 13828, "Value": "0x0        [Thu Jan  1 00:00:00 1970 UTC]", "Offset": 4}, "Characteristics": {"FileOffset": 13824, "Value": 0, "Offset": 0}, "NumberOfNamedEntries": {"FileOffset": 13836, "Value": 1, "Offset": 12}, "Structure": "IMAGE_RESOURCE_DIRECTORY"}, {"Name": {"FileOffset": 13840, "Value": 2147483880, "Offset": 0}, "OffsetToData": {"FileOffset": 13844, "Value": 2147483688, "Offset": 4}, "Structure": "IMAGE_RESOURCE_DIRECTORY_ENTRY"}, [{"MajorVersion": {"FileOffset": 13872, "Value": 0, "Offset": 8}, "NumberOfIdEntries": {"FileOffset": 13878, "Value": 1, "Offset": 14}, "MinorVersion": {"FileOffset": 13874, "Value": 0, "Offset": 10}, "TimeDateStamp": {"FileOffset": 13868, "Value": "0x0        [Thu Jan  1 00:00:00 1970 UTC]", "Offset": 4}, "Characteristics": {"FileOffset": 13864, "Value": 0, "Offset": 0}, "NumberOfNamedEntries": {"FileOffset": 13876, "Value": 0, "Offset": 12}, "Structure": "IMAGE_RESOURCE_DIRECTORY"}, {"Structure": "IMAGE_RESOURCE_DIRECTORY_ENTRY", "Id": 102, "OffsetToData": {"FileOffset": 13884, "Value": 2147483760, "Offset": 4}, "Name": {"FileOffset": 13880, "Value": 102, "Offset": 0}}, [{"MajorVersion": {"FileOffset": 13944, "Value": 0, "Offset": 8}, "NumberOfIdEntries": {"FileOffset": 13950, "Value": 1, "Offset": 14}, "MinorVersion": {"FileOffset": 13946, "Value": 0, "Offset": 10}, "TimeDateStamp": {"FileOffset": 13940, "Value": "0x0        [Thu Jan  1 00:00:00 1970 UTC]", "Offset": 4}, "Characteristics": {"FileOffset": 13936, "Value": 0, "Offset": 0}, "NumberOfNamedEntries": {"FileOffset": 13948, "Value": 0, "Offset": 12}, "Structure": "IMAGE_RESOURCE_DIRECTORY"}, {"LANG": 4, "SUBLANG_NAME": "SUBLANG_CHINESE_SIMPLIFIED", "Name": {"FileOffset": 13952, "Value": 2052, "Offset": 0}, "CodePage": {"FileOffset": 14016, "Value": 0, "Offset": 8}, "LANG_NAME": "LANG_CHINESE", "OffsetToData": {"FileOffset": 14008, "Value": 32192, "Offset": 0}, "Reserved": {"FileOffset": 14020, "Value": 0, "Offset": 12}, "SUBLANG": 2, "Structure": "IMAGE_RESOURCE_DATA_ENTRY", "Size": {"FileOffset": 14012, "Value": 274905, "Offset": 4}}]], {"Structure": "IMAGE_RESOURCE_DIRECTORY_ENTRY", "Id": [3, "RT_ICON"], "OffsetToData": {"FileOffset": 13852, "Value": 2147483712, "Offset": 4}, "Name": {"FileOffset": 13848, "Value": 3, "Offset": 0}}, [{"MajorVersion": {"FileOffset": 13896, "Value": 0, "Offset": 8}, "NumberOfIdEntries": {"FileOffset": 13902, "Value": 1, "Offset": 14}, "MinorVersion": {"FileOffset": 13898, "Value": 0, "Offset": 10}, "TimeDateStamp": {"FileOffset": 13892, "Value": "0x0        [Thu Jan  1 00:00:00 1970 UTC]", "Offset": 4}, "Characteristics": {"FileOffset": 13888, "Value": 0, "Offset": 0}, "NumberOfNamedEntries": {"FileOffset": 13900, "Value": 0, "Offset": 12}, "Structure": "IMAGE_RESOURCE_DIRECTORY"}, {"Structure": "IMAGE_RESOURCE_DIRECTORY_ENTRY", "Id": 1, "OffsetToData": {"FileOffset": 13908, "Value": 2147483784, "Offset": 4}, "Name": {"FileOffset": 13904, "Value": 1, "Offset": 0}}, [{"MajorVersion": {"FileOffset": 13968, "Value": 0, "Offset": 8}, "NumberOfIdEntries": {"FileOffset": 13974, "Value": 1, "Offset": 14}, "MinorVersion": {"FileOffset": 13970, "Value": 0, "Offset": 10}, "TimeDateStamp": {"FileOffset": 13964, "Value": "0x0        [Thu Jan  1 00:00:00 1970 UTC]", "Offset": 4}, "Characteristics": {"FileOffset": 13960, "Value": 0, "Offset": 0}, "NumberOfNamedEntries": {"FileOffset": 13972, "Value": 0, "Offset": 12}, "Structure": "IMAGE_RESOURCE_DIRECTORY"}, {"LANG": 4, "SUBLANG_NAME": "SUBLANG_CHINESE_SIMPLIFIED", "Name": {"FileOffset": 13976, "Value": 2052, "Offset": 0}, "CodePage": {"FileOffset": 14032, "Value": 0, "Offset": 8}, "LANG_NAME": "LANG_CHINESE", "OffsetToData": {"FileOffset": 14024, "Value": 24832, "Offset": 0}, "Reserved": {"FileOffset": 14036, "Value": 0, "Offset": 12}, "SUBLANG": 2, "Structure": "IMAGE_RESOURCE_DATA_ENTRY", "Size": {"FileOffset": 14028, "Value": 7336, "Offset": 4}}]], {"Structure": "IMAGE_RESOURCE_DIRECTORY_ENTRY", "Id": [14, "RT_GROUP_ICON"], "OffsetToData": {"FileOffset": 13860, "Value": 2147483736, "Offset": 4}, "Name": {"FileOffset": 13856, "Value": 14, "Offset": 0}}, [{"MajorVersion": {"FileOffset": 13920, "Value": 0, "Offset": 8}, "NumberOfIdEntries": {"FileOffset": 13926, "Value": 1, "Offset": 14}, "MinorVersion": {"FileOffset": 13922, "Value": 0, "Offset": 10}, "TimeDateStamp": {"FileOffset": 13916, "Value": "0x0        [Thu Jan  1 00:00:00 1970 UTC]", "Offset": 4}, "Characteristics": {"FileOffset": 13912, "Value": 0, "Offset": 0}, "NumberOfNamedEntries": {"FileOffset": 13924, "Value": 0, "Offset": 12}, "Structure": "IMAGE_RESOURCE_DIRECTORY"}, {"Structure": "IMAGE_RESOURCE_DIRECTORY_ENTRY", "Id": 101, "OffsetToData": {"FileOffset": 13932, "Value": 2147483808, "Offset": 4}, "Name": {"FileOffset": 13928, "Value": 101, "Offset": 0}}, [{"MajorVersion": {"FileOffset": 13992, "Value": 0, "Offset": 8}, "NumberOfIdEntries": {"FileOffset": 13998, "Value": 1, "Offset": 14}, "MinorVersion": {"FileOffset": 13994, "Value": 0, "Offset": 10}, "TimeDateStamp": {"FileOffset": 13988, "Value": "0x0        [Thu Jan  1 00:00:00 1970 UTC]", "Offset": 4}, "Characteristics": {"FileOffset": 13984, "Value": 0, "Offset": 0}, "NumberOfNamedEntries": {"FileOffset": 13996, "Value": 0, "Offset": 12}, "Structure": "IMAGE_RESOURCE_DIRECTORY"}, {"LANG": 4, "SUBLANG_NAME": "SUBLANG_CHINESE_SIMPLIFIED", "Name": {"FileOffset": 14000, "Value": 2052, "Offset": 0}, "CodePage": {"FileOffset": 14048, "Value": 0, "Offset": 8}, "LANG_NAME": "LANG_CHINESE", "OffsetToData": {"FileOffset": 14040, "Value": 32168, "Offset": 0}, "Reserved": {"FileOffset": 14052, "Value": 0, "Offset": 12}, "SUBLANG": 2, "Structure": "IMAGE_RESOURCE_DATA_ENTRY", "Size": {"FileOffset": 14044, "Value": 20, "Offset": 4}}]]]}
