{"DllCharacteristics": [], "FILE_HEADER": {"NumberOfSections": {"FileOffset": 262, "Value": 4, "Offset": 2}, "TimeDateStamp": {"FileOffset": 264, "Value": "0x4F45E8BF [Thu Feb 23 07:20:31 2012 UTC]", "Offset": 4}, "PointerToSymbolTable": {"FileOffset": 268, "Value": 0, "Offset": 8}, "NumberOfSymbols": {"FileOffset": 272, "Value": 0, "Offset": 12}, "Machine": {"FileOffset": 260, "Value": 332, "Offset": 0}, "Characteristics": {"FileOffset": 278, "Value": 271, "Offset": 18}, "SizeOfOptionalHeader": {"FileOffset": 276, "Value": 224, "Offset": 16}, "Structure": "IMAGE_FILE_HEADER"}, "Directories": [{"VirtualAddress": {"FileOffset": 376, "Value": 0, "Offset": 0}, "Structure": "IMAGE_DIRECTORY_ENTRY_EXPORT", "Size": {"FileOffset": 380, "Value": 0, "Offset": 4}}, {"VirtualAddress": {"FileOffset": 384, "Value": 8524, "Offset": 0}, "Structure": "IMAGE_DIRECTORY_ENTRY_IMPORT", "Size": {"FileOffset": 388, "Value": 180, "Offset": 4}}, {"VirtualAddress": {"FileOffset": 392, "Value": 16384, "Offset": 0}, "Structure": "IMAGE_DIRECTORY_ENTRY_RESOURCE", "Size": {"FileOffset": 396, "Value": 1168, "Offset": 4}}, {"VirtualAddress": {"FileOffset": 400, "Value": 0, "Offset": 0}, "Structure": "IMAGE_DIRECTORY_ENTRY_EXCEPTION", "Size": {"FileOffset": 404, "Value": 0, "Offset": 4}}, {"VirtualAddress": {"FileOffset": 408, "Value": 0, "Offset": 0}, "Structure": "IMAGE_DIRECTORY_ENTRY_SECURITY", "Size": {"FileOffset": 412, "Value": 0, "Offset": 4}}, {"VirtualAddress": {"FileOffset": 416, "Value": 0, "Offset": 0}, "Structure": "IMAGE_DIRECTORY_ENTRY_BASERELOC", "Size": {"FileOffset": 420, "Value": 0, "Offset": 4}}, {"VirtualAddress": {"FileOffset": 424, "Value": 8480, "Offset": 0}, "Structure": "IMAGE_DIRECTORY_ENTRY_DEBUG", "Size": {"FileOffset": 428, "Value": 28, "Offset": 4}}, {"VirtualAddress": {"FileOffset": 432, "Value": 0, "Offset": 0}, "Structure": "IMAGE_DIRECTORY_ENTRY_COPYRIGHT", "Size": {"FileOffset": 436, "Value": 0, "Offset": 4}}, {"VirtualAddress": {"FileOffset": 440, "Value": 0, "Offset": 0}, "Structure": "IMAGE_DIRECTORY_ENTRY_GLOBALPTR", "Size": {"FileOffset": 444, "Value": 0, "Offset": 4}}, {"VirtualAddress": {"FileOffset": 448, "Value": 0, "Offset": 0}, "Structure": "IMAGE_DIRECTORY_ENTRY_TLS", "Size": {"FileOffset": 452, "Value": 0, "Offset": 4}}, {"VirtualAddress": {"FileOffset": 456, "Value": 0, "Offset": 0}, "Structure": "IMAGE_DIRECTORY_ENTRY_LOAD_CONFIG", "Size": {"FileOffset": 460, "Value": 0, "Offset": 4}}, {"VirtualAddress": {"FileOffset": 464, "Value": 0, "Offset": 0}, "Structure": "IMAGE_DIRECTORY_ENTRY_BOUND_IMPORT", "Size": {"FileOffset": 468, "Value": 0, "Offset": 4}}, {"VirtualAddress": {"FileOffset": 472, "Value": 8192, "Offset": 0}, "Structure": "IMAGE_DIRECTORY_ENTRY_IAT", "Size": {"FileOffset": 476, "Value": 284, "Offset": 4}}, {"VirtualAddress": {"FileOffset": 480, "Value": 0, "Offset": 0}, "Structure": "IMAGE_DIRECTORY_ENTRY_DELAY_IMPORT", "Size": {"FileOffset": 484, "Value": 0, "Offset": 4}}, {"VirtualAddress": {"FileOffset": 488, "Value": 0, "Offset": 0}, "Structure": "IMAGE_DIRECTORY_ENTRY_COM_DESCRIPTOR", "Size": {"FileOffset": 492, "Value": 0, "Offset": 4}}, {"VirtualAddress": {"FileOffset": 496, "Value": 0, "Offset": 0}, "Structure": "IMAGE_DIRECTORY_ENTRY_RESERVED", "Size": {"FileOffset": 500, "Value": 0, "Offset": 4}}], "OPTIONAL_HEADER": {"DllCharacteristics": {"FileOffset": 350, "Value": 0, "Offset": 70}, "BaseOfCode": {"FileOffset": 300, "Value": 4096, "Offset": 20}, "MajorLinkerVersion": {"FileOffset": 282, "Value": 6, "Offset": 2}, "MinorOperatingSystemVersion": {"FileOffset": 322, "Value": 0, "Offset": 42}, "MinorLinkerVersion": {"FileOffset": 283, "Value": 0, "Offset": 3}, "MajorSubsystemVersion": {"FileOffset": 328, "Value": 4, "Offset": 48}, "MajorOperatingSystemVersion": {"FileOffset": 320, "Value": 4, "Offset": 40}, "SizeOfStackCommit": {"FileOffset": 356, "Value": 4096, "Offset": 76}, "SizeOfUninitializedData": {"FileOffset": 292, "Value": 0, "Offset": 12}, "NumberOfRvaAndSizes": {"FileOffset": 372, "Value": 16, "Offset": 92}, "SizeOfHeapReserve": {"FileOffset": 360, "Value": 1048576, "Offset": 80}, "LoaderFlags": {"FileOffset": 368, "Value": 0, "Offset": 88}, "SizeOfHeapCommit": {"FileOffset": 364, "Value": 4096, "Offset": 84}, "SizeOfStackReserve": {"FileOffset": 352, "Value": 1048576, "Offset": 72}, "Structure": "IMAGE_OPTIONAL_HEADER", "SizeOfHeaders": {"FileOffset": 340, "Value": 1024, "Offset": 60}, "Subsystem": {"FileOffset": 348, "Value": 2, "Offset": 68}, "Magic": {"FileOffset": 280, "Value": 267, "Offset": 0}, "MinorImageVersion": {"FileOffset": 326, "Value": 0, "Offset": 46}, "MajorImageVersion": {"FileOffset": 324, "Value": 0, "Offset": 44}, "FileAlignment": {"FileOffset": 316, "Value": 512, "Offset": 36}, "BaseOfData": {"FileOffset": 304, "Value": 8192, "Offset": 24}, "AddressOfEntryPoint": {"FileOffset": 296, "Value": 7592, "Offset": 16}, "SectionAlignment": {"FileOffset": 312, "Value": 4096, "Offset": 32}, "SizeOfCode": {"FileOffset": 284, "Value": 4096, "Offset": 4}, "ImageBase": {"FileOffset": 308, "Value": 4194304, "Offset": 28}, "SizeOfInitializedData": {"FileOffset": 288, "Value": 6656, "Offset": 8}, "SizeOfImage": {"FileOffset": 336, "Value": 20480, "Offset": 56}, "MinorSubsystemVersion": {"FileOffset": 330, "Value": 0, "Offset": 50}, "CheckSum": {"FileOffset": 344, "Value": 0, "Offset": 64}, "Reserved1": {"FileOffset": 332, "Value": 0, "Offset": 52}}, "DOS_HEADER": {"e_cblp": {"FileOffset": 2, "Value": 144, "Offset": 2}, "e_crlc": {"FileOffset": 6, "Value": 0, "Offset": 6}, "e_ovno": {"FileOffset": 26, "Value": 0, "Offset": 26}, "e_minalloc": {"FileOffset": 10, "Value": 0, "Offset": 10}, "e_csum": {"FileOffset": 18, "Value": 0, "Offset": 18}, "e_cparhdr": {"FileOffset": 8, "Value": 4, "Offset": 8}, "e_cp": {"FileOffset": 4, "Value": 3, "Offset": 4}, "e_cs": {"FileOffset": 22, "Value": 0, "Offset": 22}, "e_maxalloc": {"FileOffset": 12, "Value": 65535, "Offset": 12}, "e_lfarlc": {"FileOffset": 24, "Value": 64, "Offset": 24}, "e_oemid": {"FileOffset": 36, "Value": 0, "Offset": 36}, "e_lfanew": {"FileOffset": 60, "Value": 256, "Offset": 60}, "e_ss": {"FileOffset": 14, "Value": 0, "Offset": 14}, "e_magic": {"FileOffset": 0, "Value": 23117, "Offset": 0}, "e_oeminfo": {"FileOffset": 38, "Value": 0, "Offset": 38}, "e_res2": {"FileOffset": 40, "Value": "", "Offset": 40}, "e_res": {"FileOffset": 28, "Value": "", "Offset": 28}, "e_sp": {"FileOffset": 16, "Value": 184, "Offset": 16}, "Structure": "IMAGE_DOS_HEADER", "e_ip": {"FileOffset": 20, "Value": 0, "Offset": 20}}, "NT_HEADERS": {"Structure": "IMAGE_NT_HEADERS", "Signature": {"FileOffset": 256, "Value": 17744, "Offset": 0}}, "Flags": ["IMAGE_FILE_LOCAL_SYMS_STRIPPED", "IMAGE_FILE_32BIT_MACHINE", "IMAGE_FILE_EXECUTABLE_IMAGE", "IMAGE_FILE_LINE_NUMS_STRIPPED", "IMAGE_FILE_RELOCS_STRIPPED"], "Version Information": [{"ValueLength": {"FileOffset": 8290, "Value": 52, "Offset": 2}, "Length": {"FileOffset": 8288, "Value": 1072, "Offset": 0}, "Type": {"FileOffset": 8292, "Value": 0, "Offset": 4}, "Structure": "VS_VERSIONINFO"}, {"FileFlagsMask": {"FileOffset": 8352, "Value": 63, "Offset": 24}, "FileType": {"FileOffset": 8364, "Value": 1, "Offset": 36}, "FileVersionMS": {"FileOffset": 8336, "Value": 327681, "Offset": 8}, "FileVersionLS": {"FileOffset": 8340, "Value": 170395780, "Offset": 12}, "Signature": {"FileOffset": 8328, "Value": 4277077181, "Offset": 0}, "FileSubtype": {"FileOffset": 8368, "Value": 0, "Offset": 40}, "FileFlags": {"FileOffset": 8356, "Value": 0, "Offset": 28}, "FileDateLS": {"FileOffset": 8376, "Value": 0, "Offset": 48}, "ProductVersionLS": {"FileOffset": 8348, "Value": 170395780, "Offset": 20}, "FileOS": {"FileOffset": 8360, "Value": 262148, "Offset": 32}, "ProductVersionMS": {"FileOffset": 8344, "Value": 327681, "Offset": 16}, "FileDateMS": {"FileOffset": 8372, "Value": 0, "Offset": 44}, "Structure": "VS_FIXEDFILEINFO", "StrucVersion": {"FileOffset": 8332, "Value": 65536, "Offset": 4}}], "Debug information": [{"MajorVersion": {"FileOffset": 5416, "Value": 0, "Offset": 8}, "PointerToRawData": {"FileOffset": 5432, "Value": 9728, "Offset": 24}, "MinorVersion": {"FileOffset": 5418, "Value": 0, "Offset": 10}, "TimeDateStamp": {"FileOffset": 5412, "Value": "0x4F45E8BF [Thu Feb 23 07:20:31 2012 UTC]", "Offset": 4}, "Characteristics": {"FileOffset": 5408, "Value": 0, "Offset": 0}, "Structure": "IMAGE_DEBUG_DIRECTORY", "Type": "IMAGE_DEBUG_TYPE_CODEVIEW", "SizeOfData": {"FileOffset": 5424, "Value": 124, "Offset": 16}, "AddressOfRawData": {"FileOffset": 5428, "Value": 0, "Offset": 20}}], "Imported symbols": [[{"TimeDateStamp": {"FileOffset": 5456, "Value": "0x0        [Thu Jan  1 00:00:00 1970 UTC]", "Offset": 4}, "Name": {"FileOffset": 5464, "Value": 9066, "Offset": 12}, "ForwarderChain": {"FileOffset": 5460, "Value": 0, "Offset": 8}, "OriginalFirstThunk": {"FileOffset": 5452, "Value": 8960, "Offset": 0}, "FirstThunk": {"FileOffset": 5468, "Value": 8448, "Offset": 16}, "Characteristics": {"FileOffset": 5452, "Value": 8960, "Offset": 0}, "Structure": "IMAGE_IMPORT_DESCRIPTOR"}, {"Hint": 119, "Name": "InternetReadFile", "DLL": "WININET.dll"}, {"Hint": 86, "Name": "InternetCloseHandle", "DLL": "WININET.dll"}, {"Hint": 111, "Name": "InternetOpenA", "DLL": "WININET.dll"}, {"Hint": 113, "Name": "InternetOpenUrlA", "DLL": "WININET.dll"}], [{"TimeDateStamp": {"FileOffset": 5476, "Value": "0x0        [Thu Jan  1 00:00:00 1970 UTC]", "Offset": 4}, "Name": {"FileOffset": 5484, "Value": 9360, "Offset": 12}, "ForwarderChain": {"FileOffset": 5480, "Value": 0, "Offset": 8}, "OriginalFirstThunk": {"FileOffset": 5472, "Value": 8712, "Offset": 0}, "FirstThunk": {"FileOffset": 5488, "Value": 8200, "Offset": 16}, "Characteristics": {"FileOffset": 5472, "Value": 8712, "Offset": 0}, "Structure": "IMAGE_IMPORT_DESCRIPTOR"}, {"Hint": 87, "Name": "DeleteFileA", "DLL": "KERNEL32.dll"}, {"Hint": 609, "Name": "SetEndOfFile", "DLL": "KERNEL32.dll"}, {"Hint": 27, "Name": "CloseHandle", "DLL": "KERNEL32.dll"}, {"Hint": 282, "Name": "GetLastError", "DLL": "KERNEL32.dll"}, {"Hint": 68, "Name": "CreateProcessA", "DLL": "KERNEL32.dll"}, {"Hint": 381, "Name": "GetWindowsDirectoryA", "DLL": "KERNEL32.dll"}, {"Hint": 40, "Name": "CopyFileA", "DLL": "KERNEL32.dll"}, {"Hint": 616, "Name": "SetFileAttributesA", "DLL": "KERNEL32.dll"}, {"Hint": 45, "Name": "CreateDirectoryA", "DLL": "KERNEL32.dll"}, {"Hint": 247, "Name": "GetCurrentProcess", "DLL": "KERNEL32.dll"}, {"Hint": 292, "Name": "GetModuleFileNameA", "DLL": "KERNEL32.dll"}, {"Hint": 206, "Name": "GetComputerNameA", "DLL": "KERNEL32.dll"}, {"Hint": 703, "Name": "VirtualFree", "DLL": "KERNEL32.dll"}, {"Hint": 283, "Name": "GetLocalTime", "DLL": "KERNEL32.dll"}, {"Hint": 662, "Name": "Sleep", "DLL": "KERNEL32.dll"}, {"Hint": 699, "Name": "VirtualAlloc", "DLL": "KERNEL32.dll"}, {"Hint": 723, "Name": "WinExec", "DLL": "KERNEL32.dll"}], [{"TimeDateStamp": {"FileOffset": 5496, "Value": "0x0        [Thu Jan  1 00:00:00 1970 UTC]", "Offset": 4}, "Name": {"FileOffset": 5504, "Value": 9396, "Offset": 12}, "ForwarderChain": {"FileOffset": 5500, "Value": 0, "Offset": 8}, "OriginalFirstThunk": {"FileOffset": 5492, "Value": 8980, "Offset": 0}, "FirstThunk": {"FileOffset": 5508, "Value": 8468, "Offset": 16}, "Characteristics": {"FileOffset": 5492, "Value": 8980, "Offset": 0}, "Structure": "IMAGE_IMPORT_DESCRIPTOR"}, {"Hint": 62, "Name": "URLDownloadToFileA", "DLL": "urlmon.dll"}], [{"TimeDateStamp": {"FileOffset": 5516, "Value": "0x0        [Thu Jan  1 00:00:00 1970 UTC]", "Offset": 4}, "Name": {"FileOffset": 5524, "Value": 9428, "Offset": 12}, "ForwarderChain": {"FileOffset": 5520, "Value": 0, "Offset": 8}, "OriginalFirstThunk": {"FileOffset": 5512, "Value": 8944, "Offset": 0}, "FirstThunk": {"FileOffset": 5528, "Value": 8432, "Offset": 16}, "Characteristics": {"FileOffset": 5512, "Value": 8944, "Offset": 0}, "Structure": "IMAGE_IMPORT_DESCRIPTOR"}, {"Hint": 45, "Name": "PathIsDirectoryA", "DLL": "SHLWAPI.dll"}], [{"TimeDateStamp": {"FileOffset": 5536, "Value": "0x0        [Thu Jan  1 00:00:00 1970 UTC]", "Offset": 4}, "Name": {"FileOffset": 5544, "Value": 9468, "Offset": 12}, "ForwarderChain": {"FileOffset": 5540, "Value": 0, "Offset": 8}, "OriginalFirstThunk": {"FileOffset": 5532, "Value": 8952, "Offset": 0}, "FirstThunk": {"FileOffset": 5548, "Value": 8440, "Offset": 16}, "Characteristics": {"FileOffset": 5532, "Value": 8952, "Offset": 0}, "Structure": "IMAGE_IMPORT_DESCRIPTOR"}, {"Hint": 29, "Name": "GetUserProfileDirectoryA", "DLL": "USERENV.dll"}], [{"TimeDateStamp": {"FileOffset": 5556, "Value": "0x0        [Thu Jan  1 00:00:00 1970 UTC]", "Offset": 4}, "Name": {"FileOffset": 5564, "Value": 9500, "Offset": 12}, "ForwarderChain": {"FileOffset": 5560, "Value": 0, "Offset": 8}, "OriginalFirstThunk": {"FileOffset": 5552, "Value": 8704, "Offset": 0}, "FirstThunk": {"FileOffset": 5568, "Value": 8192, "Offset": 16}, "Characteristics": {"FileOffset": 5552, "Value": 8704, "Offset": 0}, "Structure": "IMAGE_IMPORT_DESCRIPTOR"}, {"Hint": 322, "Name": "OpenProcessToken", "DLL": "ADVAPI32.dll"}], [{"TimeDateStamp": {"FileOffset": 5576, "Value": "0x0        [Thu Jan  1 00:00:00 1970 UTC]", "Offset": 4}, "Name": {"FileOffset": 5584, "Value": 9540, "Offset": 12}, "ForwarderChain": {"FileOffset": 5580, "Value": 0, "Offset": 8}, "OriginalFirstThunk": {"FileOffset": 5572, "Value": 8936, "Offset": 0}, "FirstThunk": {"FileOffset": 5588, "Value": 8424, "Offset": 16}, "Characteristics": {"FileOffset": 5572, "Value": 8936, "Offset": 0}, "Structure": "IMAGE_IMPORT_DESCRIPTOR"}, {"Hint": 84, "Name": "SHGetSpecialFolderPathA", "DLL": "SHELL32.dll"}], [{"TimeDateStamp": {"FileOffset": 5596, "Value": "0x0        [Thu Jan  1 00:00:00 1970 UTC]", "Offset": 4}, "Name": {"FileOffset": 5604, "Value": 9760, "Offset": 12}, "ForwarderChain": {"FileOffset": 5600, "Value": 0, "Offset": 8}, "OriginalFirstThunk": {"FileOffset": 5592, "Value": 8784, "Offset": 0}, "FirstThunk": {"FileOffset": 5608, "Value": 8272, "Offset": 16}, "Characteristics": {"FileOffset": 5592, "Value": 8784, "Offset": 0}, "Structure": "IMAGE_IMPORT_DESCRIPTOR"}, {"Hint": 183, "Name": "_controlfp", "DLL": "MSVCRT.dll"}, {"Hint": 85, "Name": "__dllonexit", "DLL": "MSVCRT.dll"}, {"Hint": 202, "Name": "_except_handler3", "DLL": "MSVCRT.dll"}, {"Hint": 129, "Name": "__set_app_type", "DLL": "MSVCRT.dll"}, {"Hint": 111, "Name": "__p__fmode", "DLL": "MSVCRT.dll"}, {"Hint": 106, "Name": "__p__commode", "DLL": "MSVCRT.dll"}, {"Hint": 157, "Name": "_adjust_fdiv", "DLL": "MSVCRT.dll"}, {"Hint": 131, "Name": "__setusermatherr", "DLL": "MSVCRT.dll"}, {"Hint": 390, "Name": "_onexit", "DLL": "MSVCRT.dll"}, {"Hint": 694, "Name": "strcat", "DLL": "MSVCRT.dll"}, {"Hint": 271, "Name": "_initterm", "DLL": "MSVCRT.dll"}, {"Hint": 88, "Name": "__getmainargs", "DLL": "MSVCRT.dll"}, {"Hint": 690, "Name": "sprintf", "DLL": "MSVCRT.dll"}, {"Hint": 665, "Name": "memset", "DLL": "MSVCRT.dll"}, {"Hint": 449, "Name": "_stricmp", "DLL": "MSVCRT.dll"}, {"Hint": 698, "Name": "strcpy", "DLL": "MSVCRT.dll"}, {"Hint": 606, "Name": "free", "DLL": "MSVCRT.dll"}, {"Hint": 702, "Name": "strlen", "DLL": "MSVCRT.dll"}, {"Hint": 696, "Name": "strcmp", "DLL": "MSVCRT.dll"}, {"Hint": 693, "Name": "sscanf", "DLL": "MSVCRT.dll"}, {"Hint": 711, "Name": "strtok", "DLL": "MSVCRT.dll"}, {"Hint": 705, "Name": "strncpy", "DLL": "MSVCRT.dll"}, {"Hint": 657, "Name": "malloc", "DLL": "MSVCRT.dll"}, {"Hint": 709, "Name": "strstr", "DLL": "MSVCRT.dll"}, {"Hint": 707, "Name": "strrchr", "DLL": "MSVCRT.dll"}, {"Hint": 573, "Name": "atoi", "DLL": "MSVCRT.dll"}, {"Hint": 245, "Name": "_get_osfhandle", "DLL": "MSVCRT.dll"}, {"Hint": 588, "Name": "fclose", "DLL": "MSVCRT.dll"}, {"Hint": 614, "Name": "fwrite", "DLL": "MSVCRT.dll"}, {"Hint": 610, "Name": "fseek", "DLL": "MSVCRT.dll"}, {"Hint": 605, "Name": "fread", "DLL": "MSVCRT.dll"}, {"Hint": 599, "Name": "fopen", "DLL": "MSVCRT.dll"}, {"Hint": 663, "Name": "memcpy", "DLL": "MSVCRT.dll"}, {"Hint": 211, "Name": "_exit", "DLL": "MSVCRT.dll"}, {"Hint": 72, "Name": "_XcptFilter", "DLL": "MSVCRT.dll"}, {"Hint": 585, "Name": "exit", "DLL": "MSVCRT.dll"}, {"Hint": 100, "Name": "__p___initenv", "DLL": "MSVCRT.dll"}]], "PE Sections": [{"PointerToRawData": {"FileOffset": 524, "Value": 1024, "Offset": 20}, "SHA1": "2b95bc4e0cacba786034bc74d9d7b91441709417", "SHA256": "2997c0202dbd34ea96ce87daccd4349b9868bbdc03a26913119ec222c7b32d41", "Name": {"FileOffset": 504, "Value": ".text", "Offset": 0}, "NumberOfRelocations": {"FileOffset": 536, "Value": 0, "Offset": 32}, "Misc_VirtualSize": {"FileOffset": 512, "Value": 3958, "Offset": 8}, "Characteristics": {"FileOffset": 540, "Value": 1610612768, "Offset": 36}, "Misc": {"FileOffset": 512, "Value": 3958, "Offset": 8}, "PointerToLinenumbers": {"FileOffset": 532, "Value": 0, "Offset": 28}, "SizeOfRawData": {"FileOffset": 520, "Value": 4096, "Offset": 16}, "Misc_PhysicalAddress": {"FileOffset": 512, "Value": 3958, "Offset": 8}, "PointerToRelocations": {"FileOffset": 528, "Value": 0, "Offset": 24}, "Flags": ["IMAGE_SCN_MEM_EXECUTE", "IMAGE_SCN_CNT_CODE", "IMAGE_SCN_MEM_READ"], "SHA512": "960a3202ff087d91180753dc11208e313c2f40038fbcfcf41a84840e17a44620ee83ac25ce175635a7595eb0713c3f1e6262da932b747eb8be5c49abdd44a658", "MD5": "66cff1583555f92c6b2c0ce7e645259a", "Entropy": 5.8537550372243015, "VirtualAddress": {"FileOffset": 516, "Value": 4096, "Offset": 12}, "Structure": "IMAGE_SECTION_HEADER", "NumberOfLinenumbers": {"FileOffset": 538, "Value": 0, "Offset": 34}}, {"PointerToRawData": {"FileOffset": 564, "Value": 5120, "Offset": 20}, "SHA1": "691f83332e1be06d06e72a4b3666708d05ad8985", "SHA256": "48184e0aa856e5cb27921a462cbf2b7288c62d1c3ae1c7f23577082935c43e5f", "Name": {"FileOffset": 544, "Value": ".rdata", "Offset": 0}, "NumberOfRelocations": {"FileOffset": 576, "Value": 0, "Offset": 32}, "Misc_VirtualSize": {"FileOffset": 552, "Value": 1808, "Offset": 8}, "Characteristics": {"FileOffset": 580, "Value": 1073741888, "Offset": 36}, "Misc": {"FileOffset": 552, "Value": 1808, "Offset": 8}, "PointerToLinenumbers": {"FileOffset": 572, "Value": 0, "Offset": 28}, "SizeOfRawData": {"FileOffset": 560, "Value": 2048, "Offset": 16}, "Misc_PhysicalAddress": {"FileOffset": 552, "Value": 1808, "Offset": 8}, "PointerToRelocations": {"FileOffset": 568, "Value": 0, "Offset": 24}, "Flags": ["IMAGE_SCN_CNT_INITIALIZED_DATA", "IMAGE_SCN_MEM_READ"], "SHA512": "91eadda6a49d620102bef4382ba6aff5b5caeb83b75a0f4a0e7bca1fdde773f98a7e00b1400b06dc71ee4efbc845204b237c0a2586279b2068b8feb8501a971e", "MD5": "409e0eb12f5f59cb0f192b216a38e0c7", "Entropy": 4.4284690080007065, "VirtualAddress": {"FileOffset": 556, "Value": 8192, "Offset": 12}, "Structure": "IMAGE_SECTION_HEADER", "NumberOfLinenumbers": {"FileOffset": 578, "Value": 0, "Offset": 34}}, {"PointerToRawData": {"FileOffset": 604, "Value": 7168, "Offset": 20}, "SHA1": "1dde75ccd5643663bc00f5da6eaeb48feb9371d5", "SHA256": "86e90591401ac900471c1fd20cefa06ba7e8132bbf22372536106a452cbef7dc", "Name": {"FileOffset": 584, "Value": ".data", "Offset": 0}, "NumberOfRelocations": {"FileOffset": 616, "Value": 0, "Offset": 32}, "Misc_VirtualSize": {"FileOffset": 592, "Value": 2940, "Offset": 8}, "Characteristics": {"FileOffset": 620, "Value": 3221225536, "Offset": 36}, "Misc": {"FileOffset": 592, "Value": 2940, "Offset": 8}, "PointerToLinenumbers": {"FileOffset": 612, "Value": 0, "Offset": 28}, "SizeOfRawData": {"FileOffset": 600, "Value": 1024, "Offset": 16}, "Misc_PhysicalAddress": {"FileOffset": 592, "Value": 2940, "Offset": 8}, "PointerToRelocations": {"FileOffset": 608, "Value": 0, "Offset": 24}, "Flags": ["IMAGE_SCN_CNT_INITIALIZED_DATA", "IMAGE_SCN_MEM_WRITE", "IMAGE_SCN_MEM_READ"], "SHA512": "b2b7e740666bdf12159346a45a2ac9e1859c5e3b47259e3a0c62a3e13833fcee2956187b1abdfc0a7ef52d0bd9130d6a68024e5a1adbd954f7b244106acffe0c", "MD5": "d308e4daa87d8b330b224b1b45cefa9d", "Entropy": 3.3512814689089048, "VirtualAddress": {"FileOffset": 596, "Value": 12288, "Offset": 12}, "Structure": "IMAGE_SECTION_HEADER", "NumberOfLinenumbers": {"FileOffset": 618, "Value": 0, "Offset": 34}}, {"PointerToRawData": {"FileOffset": 644, "Value": 8192, "Offset": 20}, "SHA1": "13f698531bbbcfda156b278dd0534699a30ad3bf", "SHA256": "5925871684bacf2e2abc90ed8208fef44ded9f06e696014729455b7526fab6ad", "Name": {"FileOffset": 624, "Value": ".rsrc", "Offset": 0}, "NumberOfRelocations": {"FileOffset": 656, "Value": 0, "Offset": 32}, "Misc_VirtualSize": {"FileOffset": 632, "Value": 1168, "Offset": 8}, "Characteristics": {"FileOffset": 660, "Value": 1073741888, "Offset": 36}, "Misc": {"FileOffset": 632, "Value": 1168, "Offset": 8}, "PointerToLinenumbers": {"FileOffset": 652, "Value": 0, "Offset": 28}, "SizeOfRawData": {"FileOffset": 640, "Value": 1536, "Offset": 16}, "Misc_PhysicalAddress": {"FileOffset": 632, "Value": 1168, "Offset": 8}, "PointerToRelocations": {"FileOffset": 648, "Value": 0, "Offset": 24}, "Flags": ["IMAGE_SCN_CNT_INITIALIZED_DATA", "IMAGE_SCN_MEM_READ"], "SHA512": "bbbaa693b1c994203ffe080b76c95d54b918451b747213c35e86dbd62398bda45c3f53bb85a91bae6125380b4a14f63ffbafe255726d2115e1e79cc7a3cfa949", "MD5": "06a8c0e5006e447b3077cce58409c362", "Entropy": 2.746824505788439, "VirtualAddress": {"FileOffset": 636, "Value": 16384, "Offset": 12}, "Structure": "IMAGE_SECTION_HEADER", "NumberOfLinenumbers": {"FileOffset": 658, "Value": 0, "Offset": 34}}], "Resource directory": [{"MajorVersion": {"FileOffset": 8200, "Value": 0, "Offset": 8}, "NumberOfIdEntries": {"FileOffset": 8206, "Value": 1, "Offset": 14}, "MinorVersion": {"FileOffset": 8202, "Value": 0, "Offset": 10}, "TimeDateStamp": {"FileOffset": 8196, "Value": "0x0        [Thu Jan  1 00:00:00 1970 UTC]", "Offset": 4}, "Characteristics": {"FileOffset": 8192, "Value": 0, "Offset": 0}, "NumberOfNamedEntries": {"FileOffset": 8204, "Value": 0, "Offset": 12}, "Structure": "IMAGE_RESOURCE_DIRECTORY"}, {"Structure": "IMAGE_RESOURCE_DIRECTORY_ENTRY", "Id": [16, "RT_VERSION"], "OffsetToData": {"FileOffset": 8212, "Value": 2147483672, "Offset": 4}, "Name": {"FileOffset": 8208, "Value": 16, "Offset": 0}}, [{"MajorVersion": {"FileOffset": 8224, "Value": 0, "Offset": 8}, "NumberOfIdEntries": {"FileOffset": 8230, "Value": 1, "Offset": 14}, "MinorVersion": {"FileOffset": 8226, "Value": 0, "Offset": 10}, "TimeDateStamp": {"FileOffset": 8220, "Value": "0x0        [Thu Jan  1 00:00:00 1970 UTC]", "Offset": 4}, "Characteristics": {"FileOffset": 8216, "Value": 0, "Offset": 0}, "NumberOfNamedEntries": {"FileOffset": 8228, "Value": 0, "Offset": 12}, "Structure": "IMAGE_RESOURCE_DIRECTORY"}, {"Structure": "IMAGE_RESOURCE_DIRECTORY_ENTRY", "Id": 1, "OffsetToData": {"FileOffset": 8236, "Value": 2147483696, "Offset": 4}, "Name": {"FileOffset": 8232, "Value": 1, "Offset": 0}}, [{"MajorVersion": {"FileOffset": 8248, "Value": 0, "Offset": 8}, "NumberOfIdEntries": {"FileOffset": 8254, "Value": 1, "Offset": 14}, "MinorVersion": {"FileOffset": 8250, "Value": 0, "Offset": 10}, "TimeDateStamp": {"FileOffset": 8244, "Value": "0x0        [Thu Jan  1 00:00:00 1970 UTC]", "Offset": 4}, "Characteristics": {"FileOffset": 8240, "Value": 0, "Offset": 0}, "NumberOfNamedEntries": {"FileOffset": 8252, "Value": 0, "Offset": 12}, "Structure": "IMAGE_RESOURCE_DIRECTORY"}, {"LANG": 9, "SUBLANG_NAME": "SUBLANG_ENGLISH_US", "Name": {"FileOffset": 8256, "Value": 1033, "Offset": 0}, "CodePage": {"FileOffset": 8272, "Value": 0, "Offset": 8}, "LANG_NAME": "LANG_ENGLISH", "OffsetToData": {"FileOffset": 8264, "Value": 16480, "Offset": 0}, "Reserved": {"FileOffset": 8276, "Value": 0, "Offset": 12}, "SUBLANG": 1, "Structure": "IMAGE_RESOURCE_DATA_ENTRY", "Size": {"FileOffset": 8268, "Value": 1072, "Offset": 4}}]]]}
