{"DllCharacteristics": [], "FILE_HEADER": {"NumberOfSections": {"FileOffset": 246, "Value": 4, "Offset": 2}, "TimeDateStamp": {"FileOffset": 248, "Value": "0x4AFA5A9E [Wed Nov 11 06:33:02 2009 UTC]", "Offset": 4}, "PointerToSymbolTable": {"FileOffset": 252, "Value": 0, "Offset": 8}, "NumberOfSymbols": {"FileOffset": 256, "Value": 0, "Offset": 12}, "Machine": {"FileOffset": 244, "Value": 332, "Offset": 0}, "Characteristics": {"FileOffset": 262, "Value": 271, "Offset": 18}, "SizeOfOptionalHeader": {"FileOffset": 260, "Value": 224, "Offset": 16}, "Structure": "IMAGE_FILE_HEADER"}, "Directories": [{"VirtualAddress": {"FileOffset": 360, "Value": 0, "Offset": 0}, "Structure": "IMAGE_DIRECTORY_ENTRY_EXPORT", "Size": {"FileOffset": 364, "Value": 0, "Offset": 4}}, {"VirtualAddress": {"FileOffset": 368, "Value": 16788, "Offset": 0}, "Structure": "IMAGE_DIRECTORY_ENTRY_IMPORT", "Size": {"FileOffset": 372, "Value": 140, "Offset": 4}}, {"VirtualAddress": {"FileOffset": 376, "Value": 24576, "Offset": 0}, "Structure": "IMAGE_DIRECTORY_ENTRY_RESOURCE", "Size": {"FileOffset": 380, "Value": 160, "Offset": 4}}, {"VirtualAddress": {"FileOffset": 384, "Value": 0, "Offset": 0}, "Structure": "IMAGE_DIRECTORY_ENTRY_EXCEPTION", "Size": {"FileOffset": 388, "Value": 0, "Offset": 4}}, {"VirtualAddress": {"FileOffset": 392, "Value": 0, "Offset": 0}, "Structure": "IMAGE_DIRECTORY_ENTRY_SECURITY", "Size": {"FileOffset": 396, "Value": 0, "Offset": 4}}, {"VirtualAddress": {"FileOffset": 400, "Value": 0, "Offset": 0}, "Structure": "IMAGE_DIRECTORY_ENTRY_BASERELOC", "Size": {"FileOffset": 404, "Value": 0, "Offset": 4}}, {"VirtualAddress": {"FileOffset": 408, "Value": 0, "Offset": 0}, "Structure": "IMAGE_DIRECTORY_ENTRY_DEBUG", "Size": {"FileOffset": 412, "Value": 0, "Offset": 4}}, {"VirtualAddress": {"FileOffset": 416, "Value": 0, "Offset": 0}, "Structure": "IMAGE_DIRECTORY_ENTRY_COPYRIGHT", "Size": {"FileOffset": 420, "Value": 0, "Offset": 4}}, {"VirtualAddress": {"FileOffset": 424, "Value": 0, "Offset": 0}, "Structure": "IMAGE_DIRECTORY_ENTRY_GLOBALPTR", "Size": {"FileOffset": 428, "Value": 0, "Offset": 4}}, {"VirtualAddress": {"FileOffset": 432, "Value": 0, "Offset": 0}, "Structure": "IMAGE_DIRECTORY_ENTRY_TLS", "Size": {"FileOffset": 436, "Value": 0, "Offset": 4}}, {"VirtualAddress": {"FileOffset": 440, "Value": 0, "Offset": 0}, "Structure": "IMAGE_DIRECTORY_ENTRY_LOAD_CONFIG", "Size": {"FileOffset": 444, "Value": 0, "Offset": 4}}, {"VirtualAddress": {"FileOffset": 448, "Value": 0, "Offset": 0}, "Structure": "IMAGE_DIRECTORY_ENTRY_BOUND_IMPORT", "Size": {"FileOffset": 452, "Value": 0, "Offset": 4}}, {"VirtualAddress": {"FileOffset": 456, "Value": 16384, "Offset": 0}, "Structure": "IMAGE_DIRECTORY_ENTRY_IAT", "Size": {"FileOffset": 460, "Value": 324, "Offset": 4}}, {"VirtualAddress": {"FileOffset": 464, "Value": 0, "Offset": 0}, "Structure": "IMAGE_DIRECTORY_ENTRY_DELAY_IMPORT", "Size": {"FileOffset": 468, "Value": 0, "Offset": 4}}, {"VirtualAddress": {"FileOffset": 472, "Value": 0, "Offset": 0}, "Structure": "IMAGE_DIRECTORY_ENTRY_COM_DESCRIPTOR", "Size": {"FileOffset": 476, "Value": 0, "Offset": 4}}, {"VirtualAddress": {"FileOffset": 480, "Value": 0, "Offset": 0}, "Structure": "IMAGE_DIRECTORY_ENTRY_RESERVED", "Size": {"FileOffset": 484, "Value": 0, "Offset": 4}}], "OPTIONAL_HEADER": {"DllCharacteristics": {"FileOffset": 334, "Value": 0, "Offset": 70}, "BaseOfCode": {"FileOffset": 284, "Value": 4096, "Offset": 20}, "MajorLinkerVersion": {"FileOffset": 266, "Value": 6, "Offset": 2}, "MinorOperatingSystemVersion": {"FileOffset": 306, "Value": 0, "Offset": 42}, "MinorLinkerVersion": {"FileOffset": 267, "Value": 0, "Offset": 3}, "MajorSubsystemVersion": {"FileOffset": 312, "Value": 4, "Offset": 48}, "MajorOperatingSystemVersion": {"FileOffset": 304, "Value": 4, "Offset": 40}, "SizeOfStackCommit": {"FileOffset": 340, "Value": 4096, "Offset": 76}, "SizeOfUninitializedData": {"FileOffset": 276, "Value": 0, "Offset": 12}, "NumberOfRvaAndSizes": {"FileOffset": 356, "Value": 16, "Offset": 92}, "SizeOfHeapReserve": {"FileOffset": 344, "Value": 1048576, "Offset": 80}, "LoaderFlags": {"FileOffset": 352, "Value": 0, "Offset": 88}, "SizeOfHeapCommit": {"FileOffset": 348, "Value": 4096, "Offset": 84}, "SizeOfStackReserve": {"FileOffset": 336, "Value": 1048576, "Offset": 72}, "Structure": "IMAGE_OPTIONAL_HEADER", "SizeOfHeaders": {"FileOffset": 324, "Value": 1024, "Offset": 60}, "Subsystem": {"FileOffset": 332, "Value": 2, "Offset": 68}, "Magic": {"FileOffset": 264, "Value": 267, "Offset": 0}, "MinorImageVersion": {"FileOffset": 310, "Value": 0, "Offset": 46}, "MajorImageVersion": {"FileOffset": 308, "Value": 0, "Offset": 44}, "FileAlignment": {"FileOffset": 300, "Value": 512, "Offset": 36}, "BaseOfData": {"FileOffset": 288, "Value": 16384, "Offset": 24}, "AddressOfEntryPoint": {"FileOffset": 280, "Value": 15183, "Offset": 16}, "SectionAlignment": {"FileOffset": 296, "Value": 4096, "Offset": 32}, "SizeOfCode": {"FileOffset": 268, "Value": 11776, "Offset": 4}, "ImageBase": {"FileOffset": 292, "Value": 4194304, "Offset": 28}, "SizeOfInitializedData": {"FileOffset": 272, "Value": 6144, "Offset": 8}, "SizeOfImage": {"FileOffset": 320, "Value": 28672, "Offset": 56}, "MinorSubsystemVersion": {"FileOffset": 314, "Value": 0, "Offset": 50}, "CheckSum": {"FileOffset": 328, "Value": 0, "Offset": 64}, "Reserved1": {"FileOffset": 316, "Value": 0, "Offset": 52}}, "DOS_HEADER": {"e_cblp": {"FileOffset": 2, "Value": 144, "Offset": 2}, "e_crlc": {"FileOffset": 6, "Value": 0, "Offset": 6}, "e_ovno": {"FileOffset": 26, "Value": 0, "Offset": 26}, "e_minalloc": {"FileOffset": 10, "Value": 0, "Offset": 10}, "e_csum": {"FileOffset": 18, "Value": 0, "Offset": 18}, "e_cparhdr": {"FileOffset": 8, "Value": 4, "Offset": 8}, "e_cp": {"FileOffset": 4, "Value": 3, "Offset": 4}, "e_cs": {"FileOffset": 22, "Value": 0, "Offset": 22}, "e_maxalloc": {"FileOffset": 12, "Value": 65535, "Offset": 12}, "e_lfarlc": {"FileOffset": 24, "Value": 64, "Offset": 24}, "e_oemid": {"FileOffset": 36, "Value": 0, "Offset": 36}, "e_lfanew": {"FileOffset": 60, "Value": 240, "Offset": 60}, "e_ss": {"FileOffset": 14, "Value": 0, "Offset": 14}, "e_magic": {"FileOffset": 0, "Value": 23117, "Offset": 0}, "e_oeminfo": {"FileOffset": 38, "Value": 0, "Offset": 38}, "e_res2": {"FileOffset": 40, "Value": "", "Offset": 40}, "e_res": {"FileOffset": 28, "Value": "", "Offset": 28}, "e_sp": {"FileOffset": 16, "Value": 184, "Offset": 16}, "Structure": "IMAGE_DOS_HEADER", "e_ip": {"FileOffset": 20, "Value": 0, "Offset": 20}}, "NT_HEADERS": {"Structure": "IMAGE_NT_HEADERS", "Signature": {"FileOffset": 240, "Value": 17744, "Offset": 0}}, "Flags": ["IMAGE_FILE_LOCAL_SYMS_STRIPPED", "IMAGE_FILE_32BIT_MACHINE", "IMAGE_FILE_EXECUTABLE_IMAGE", "IMAGE_FILE_LINE_NUMS_STRIPPED", "IMAGE_FILE_RELOCS_STRIPPED"], "Imported symbols": [[{"TimeDateStamp": {"FileOffset": 13208, "Value": "0x0        [Thu Jan  1 00:00:00 1970 UTC]", "Offset": 4}, "Name": {"FileOffset": 13216, "Value": 17670, "Offset": 12}, "ForwarderChain": {"FileOffset": 13212, "Value": 0, "Offset": 8}, "OriginalFirstThunk": {"FileOffset": 13204, "Value": 16976, "Offset": 0}, "FirstThunk": {"FileOffset": 13220, "Value": 16432, "Offset": 16}, "Characteristics": {"FileOffset": 13204, "Value": 16976, "Offset": 0}, "Structure": "IMAGE_IMPORT_DESCRIPTOR"}, {"Hint": 138, "Name": "DisconnectNamedPipe", "DLL": "KERNEL32.dll"}, {"Hint": 129, "Name": "DeleteFileA", "DLL": "KERNEL32.dll"}, {"Hint": 838, "Name": "TerminateProcess", "DLL": "KERNEL32.dll"}, {"Hint": 839, "Name": "TerminateThread", "DLL": "KERNEL32.dll"}, {"Hint": 888, "Name": "WaitForMultipleObjects", "DLL": "KERNEL32.dll"}, {"Hint": 108, "Name": "CreateThread", "DLL": "KERNEL32.dll"}, {"Hint": 98, "Name": "CreateProcessA", "DLL": "KERNEL32.dll"}, {"Hint": 63, "Name": "CopyFileA", "DLL": "KERNEL32.dll"}, {"Hint": 830, "Name": "Sleep", "DLL": "KERNEL32.dll"}, {"Hint": 438, "Name": "GetSystemDirectoryA", "DLL": "KERNEL32.dll"}, {"Hint": 145, "Name": "DuplicateHandle", "DLL": "KERNEL32.dll"}, {"Hint": 315, "Name": "GetCurrentProcess", "DLL": "KERNEL32.dll"}, {"Hint": 428, "Name": "GetStartupInfoA", "DLL": "KERNEL32.dll"}, {"Hint": 97, "Name": "CreatePipe", "DLL": "KERNEL32.dll"}, {"Hint": 639, "Name": "PeekNamedPipe", "DLL": "KERNEL32.dll"}, {"Hint": 774, "Name": "SetFilePointer", "DLL": "KERNEL32.dll"}, {"Hint": 577, "Name": "LoadLibraryA", "DLL": "KERNEL32.dll"}, {"Hint": 407, "Name": "GetProcAddress", "DLL": "KERNEL32.dll"}, {"Hint": 240, "Name": "FreeLibrary", "DLL": "KERNEL32.dll"}, {"Hint": 79, "Name": "CreateFileA", "DLL": "KERNEL32.dll"}, {"Hint": 675, "Name": "ReadFile", "DLL": "KERNEL32.dll"}, {"Hint": 907, "Name": "WriteFile", "DLL": "KERNEL32.dll"}, {"Hint": 49, "Name": "CloseHandle", "DLL": "KERNEL32.dll"}, {"Hint": 371, "Name": "GetModuleFileNameA", "DLL": "KERNEL32.dll"}, {"Hint": 456, "Name": "GetTempPathA", "DLL": "KERNEL32.dll"}, {"Hint": 373, "Name": "GetModuleHandleA", "DLL": "KERNEL32.dll"}], [{"TimeDateStamp": {"FileOffset": 13228, "Value": "0x0        [Thu Jan  1 00:00:00 1970 UTC]", "Offset": 4}, "Name": {"FileOffset": 13236, "Value": 17902, "Offset": 12}, "ForwarderChain": {"FileOffset": 13232, "Value": 0, "Offset": 8}, "OriginalFirstThunk": {"FileOffset": 13224, "Value": 16928, "Offset": 0}, "FirstThunk": {"FileOffset": 13240, "Value": 16384, "Offset": 16}, "Characteristics": {"FileOffset": 13224, "Value": 16928, "Offset": 0}, "Structure": "IMAGE_IMPORT_DESCRIPTOR"}, {"Hint": 514, "Name": "RegisterServiceCtrlHandlerA", "DLL": "ADVAPI32.dll"}, {"Hint": 570, "Name": "SetServiceStatus", "DLL": "ADVAPI32.dll"}, {"Hint": 100, "Name": "CreateServiceA", "DLL": "ADVAPI32.dll"}, {"Hint": 483, "Name": "RegOpenKeyExA", "DLL": "ADVAPI32.dll"}, {"Hint": 506, "Name": "RegSetValueExA", "DLL": "ADVAPI32.dll"}, {"Hint": 575, "Name": "StartServiceA", "DLL": "ADVAPI32.dll"}, {"Hint": 458, "Name": "RegCloseKey", "DLL": "ADVAPI32.dll"}, {"Hint": 427, "Name": "OpenSCManagerA", "DLL": "ADVAPI32.dll"}, {"Hint": 429, "Name": "OpenServiceA", "DLL": "ADVAPI32.dll"}, {"Hint": 62, "Name": "CloseServiceHandle", "DLL": "ADVAPI32.dll"}, {"Hint": 576, "Name": "StartServiceCtrlDispatcherA", "DLL": "ADVAPI32.dll"}], [{"TimeDateStamp": {"FileOffset": 13248, "Value": "0x0        [Thu Jan  1 00:00:00 1970 UTC]", "Offset": 4}, "Name": {"FileOffset": 13256, "Value": 17930, "Offset": 12}, "ForwarderChain": {"FileOffset": 13252, "Value": 0, "Offset": 8}, "OriginalFirstThunk": {"FileOffset": 13244, "Value": 17200, "Offset": 0}, "FirstThunk": {"FileOffset": 13260, "Value": 16656, "Offset": 16}, "Characteristics": {"FileOffset": 13244, "Value": 17200, "Offset": 0}, "Structure": "IMAGE_IMPORT_DESCRIPTOR"}, {"Ordinal": 16, "DLL": "WS2_32.dll"}, {"Ordinal": 19, "DLL": "WS2_32.dll"}, {"Ordinal": 18, "DLL": "WS2_32.dll"}, {"Ordinal": 151, "DLL": "WS2_32.dll"}, {"Ordinal": 115, "DLL": "WS2_32.dll"}, {"Hint": 65, "Name": "WSASocketA", "DLL": "WS2_32.dll"}, {"Ordinal": 21, "DLL": "WS2_32.dll"}, {"Ordinal": 9, "DLL": "WS2_32.dll"}, {"Ordinal": 11, "DLL": "WS2_32.dll"}, {"Ordinal": 116, "DLL": "WS2_32.dll"}, {"Ordinal": 3, "DLL": "WS2_32.dll"}, {"Ordinal": 4, "DLL": "WS2_32.dll"}], [{"TimeDateStamp": {"FileOffset": 13268, "Value": "0x0        [Thu Jan  1 00:00:00 1970 UTC]", "Offset": 4}, "Name": {"FileOffset": 13276, "Value": 17942, "Offset": 12}, "ForwarderChain": {"FileOffset": 13272, "Value": 0, "Offset": 8}, "OriginalFirstThunk": {"FileOffset": 13264, "Value": 17084, "Offset": 0}, "FirstThunk": {"FileOffset": 13280, "Value": 16540, "Offset": 16}, "Characteristics": {"FileOffset": 13264, "Value": 17084, "Offset": 0}, "Structure": "IMAGE_IMPORT_DESCRIPTOR"}, {"Ordinal": 823, "DLL": "MFC42.DLL"}, {"Ordinal": 825, "DLL": "MFC42.DLL"}], [{"TimeDateStamp": {"FileOffset": 13288, "Value": "0x0        [Thu Jan  1 00:00:00 1970 UTC]", "Offset": 4}, "Name": {"FileOffset": 13296, "Value": 18014, "Offset": 12}, "ForwarderChain": {"FileOffset": 13292, "Value": 0, "Offset": 8}, "OriginalFirstThunk": {"FileOffset": 13284, "Value": 17116, "Offset": 0}, "FirstThunk": {"FileOffset": 13300, "Value": 16572, "Offset": 16}, "Characteristics": {"FileOffset": 13284, "Value": 17116, "Offset": 0}, "Structure": "IMAGE_IMPORT_DESCRIPTOR"}, {"Hint": 129, "Name": "__set_app_type", "DLL": "MSVCRT.dll"}, {"Hint": 111, "Name": "__p__fmode", "DLL": "MSVCRT.dll"}, {"Hint": 106, "Name": "__p__commode", "DLL": "MSVCRT.dll"}, {"Hint": 183, "Name": "_controlfp", "DLL": "MSVCRT.dll"}, {"Hint": 445, "Name": "_strcmpi", "DLL": "MSVCRT.dll"}, {"Hint": 202, "Name": "_except_handler3", "DLL": "MSVCRT.dll"}, {"Hint": 705, "Name": "strncpy", "DLL": "MSVCRT.dll"}, {"Hint": 573, "Name": "atoi", "DLL": "MSVCRT.dll"}, {"Hint": 695, "Name": "strchr", "DLL": "MSVCRT.dll"}, {"Hint": 690, "Name": "sprintf", "DLL": "MSVCRT.dll"}, {"Hint": 85, "Name": "__dllonexit", "DLL": "MSVCRT.dll"}, {"Hint": 390, "Name": "_onexit", "DLL": "MSVCRT.dll"}, {"Hint": 211, "Name": "_exit", "DLL": "MSVCRT.dll"}, {"Hint": 72, "Name": "_XcptFilter", "DLL": "MSVCRT.dll"}, {"Hint": 585, "Name": "exit", "DLL": "MSVCRT.dll"}, {"Hint": 143, "Name": "_acmdln", "DLL": "MSVCRT.dll"}, {"Hint": 88, "Name": "__getmainargs", "DLL": "MSVCRT.dll"}, {"Hint": 271, "Name": "_initterm", "DLL": "MSVCRT.dll"}, {"Hint": 131, "Name": "__setusermatherr", "DLL": "MSVCRT.dll"}, {"Hint": 157, "Name": "_adjust_fdiv", "DLL": "MSVCRT.dll"}], [{"TimeDateStamp": {"FileOffset": 13308, "Value": "0x0        [Thu Jan  1 00:00:00 1970 UTC]", "Offset": 4}, "Name": {"FileOffset": 13316, "Value": 18324, "Offset": 12}, "ForwarderChain": {"FileOffset": 13312, "Value": 0, "Offset": 8}, "OriginalFirstThunk": {"FileOffset": 13304, "Value": 17096, "Offset": 0}, "FirstThunk": {"FileOffset": 13320, "Value": 16552, "Offset": 16}, "Characteristics": {"FileOffset": 13304, "Value": 17096, "Offset": 0}, "Structure": "IMAGE_IMPORT_DESCRIPTOR"}, {"Hint": 265, "Name": "??1Init@ios_base@std@@QAE@XZ", "DLL": "MSVCP60.dll"}, {"Hint": 158, "Name": "??0Init@ios_base@std@@QAE@XZ", "DLL": "MSVCP60.dll"}, {"Hint": 165, "Name": "??0_Winit@std@@QAE@XZ", "DLL": "MSVCP60.dll"}, {"Hint": 269, "Name": "??1_Winit@std@@QAE@XZ", "DLL": "MSVCP60.dll"}]], "PE Sections": [{"PointerToRawData": {"FileOffset": 508, "Value": 1024, "Offset": 20}, "SHA1": "e7df27456c6e2f7a698e932149d00f79353375d8", "SHA256": "808ba5f801028cf3af722a177d53643da787660aaf11203a90e19d1cb9634002", "Name": {"FileOffset": 488, "Value": ".text", "Offset": 0}, "NumberOfRelocations": {"FileOffset": 520, "Value": 0, "Offset": 32}, "Misc_VirtualSize": {"FileOffset": 496, "Value": 11504, "Offset": 8}, "Characteristics": {"FileOffset": 524, "Value": 1610612768, "Offset": 36}, "Misc": {"FileOffset": 496, "Value": 11504, "Offset": 8}, "PointerToLinenumbers": {"FileOffset": 516, "Value": 0, "Offset": 28}, "SizeOfRawData": {"FileOffset": 504, "Value": 11776, "Offset": 16}, "Misc_PhysicalAddress": {"FileOffset": 496, "Value": 11504, "Offset": 8}, "PointerToRelocations": {"FileOffset": 512, "Value": 0, "Offset": 24}, "Flags": ["IMAGE_SCN_MEM_EXECUTE", "IMAGE_SCN_CNT_CODE", "IMAGE_SCN_MEM_READ"], "SHA512": "b0daa76e5515a3e998fd58f163a80c4f47b76bc6534844fe8ad47c2bcb1320d4d05f5f612bb6474cbe3704c7192b7f87abd04f07e4c1314ab16f4b411cb61eca", "MD5": "7ff188f9b5aea61d1c76148357bd7e3e", "Entropy": 6.457957255493389, "VirtualAddress": {"FileOffset": 500, "Value": 4096, "Offset": 12}, "Structure": "IMAGE_SECTION_HEADER", "NumberOfLinenumbers": {"FileOffset": 522, "Value": 0, "Offset": 34}}, {"PointerToRawData": {"FileOffset": 548, "Value": 12800, "Offset": 20}, "SHA1": "71003e8c720387bdcd27065239d0edbfa6bccc43", "SHA256": "d5fcc95ce68c73cec96cd39732c3f8bea60de1284c982673dd6dda2e77443da4", "Name": {"FileOffset": 528, "Value": ".rdata", "Offset": 0}, "NumberOfRelocations": {"FileOffset": 560, "Value": 0, "Offset": 32}, "Misc_VirtualSize": {"FileOffset": 536, "Value": 1984, "Offset": 8}, "Characteristics": {"FileOffset": 564, "Value": 1073741888, "Offset": 36}, "Misc": {"FileOffset": 536, "Value": 1984, "Offset": 8}, "PointerToLinenumbers": {"FileOffset": 556, "Value": 0, "Offset": 28}, "SizeOfRawData": {"FileOffset": 544, "Value": 2048, "Offset": 16}, "Misc_PhysicalAddress": {"FileOffset": 536, "Value": 1984, "Offset": 8}, "PointerToRelocations": {"FileOffset": 552, "Value": 0, "Offset": 24}, "Flags": ["IMAGE_SCN_CNT_INITIALIZED_DATA", "IMAGE_SCN_MEM_READ"], "SHA512": "71b7603ccc5cc0c42b8a7d4c21e2358d9b2a479ce582b50684e556434837265119624a7178dd847bf77db6686b58a90dc505a1f097b525fbe5a37e26e85825c0", "MD5": "051ecda73070d6be8f96ba79e6a788af", "Entropy": 5.0065597827267325, "VirtualAddress": {"FileOffset": 540, "Value": 16384, "Offset": 12}, "Structure": "IMAGE_SECTION_HEADER", "NumberOfLinenumbers": {"FileOffset": 562, "Value": 0, "Offset": 34}}, {"PointerToRawData": {"FileOffset": 588, "Value": 14848, "Offset": 20}, "SHA1": "de877d251989cb8f201c6aa0379954184bb522f0", "SHA256": "03a07f47ecdfdf4bbf4223d09a363d87ed3dd3ac01fd4628f2a8c2dcb09a1549", "Name": {"FileOffset": 568, "Value": ".data", "Offset": 0}, "NumberOfRelocations": {"FileOffset": 600, "Value": 0, "Offset": 32}, "Misc_VirtualSize": {"FileOffset": 576, "Value": 3452, "Offset": 8}, "Characteristics": {"FileOffset": 604, "Value": 3221225536, "Offset": 36}, "Misc": {"FileOffset": 576, "Value": 3452, "Offset": 8}, "PointerToLinenumbers": {"FileOffset": 596, "Value": 0, "Offset": 28}, "SizeOfRawData": {"FileOffset": 584, "Value": 1024, "Offset": 16}, "Misc_PhysicalAddress": {"FileOffset": 576, "Value": 3452, "Offset": 8}, "PointerToRelocations": {"FileOffset": 592, "Value": 0, "Offset": 24}, "Flags": ["IMAGE_SCN_CNT_INITIALIZED_DATA", "IMAGE_SCN_MEM_WRITE", "IMAGE_SCN_MEM_READ"], "SHA512": "88eb8a5bb6efb043fb5ea71176503cb5b3a37557859c074581aebf0a18a1d7d970f72432e2c3d6595e6d2295f01b585e6864119ed12e0e0254a59fd8c8def012", "MD5": "272a56ff1f5b0eb66946c5c5287271ce", "Entropy": 3.6379809086287676, "VirtualAddress": {"FileOffset": 580, "Value": 20480, "Offset": 12}, "Structure": "IMAGE_SECTION_HEADER", "NumberOfLinenumbers": {"FileOffset": 602, "Value": 0, "Offset": 34}}, {"PointerToRawData": {"FileOffset": 628, "Value": 15872, "Offset": 20}, "SHA1": "0ba8682ba8fb8b2baf5b276ed39cc588d13b1130", "SHA256": "7757940f3da8828ae58e4843372162184d78addcaa4e20c1c013b5a8677693e3", "Name": {"FileOffset": 608, "Value": ".rsrc", "Offset": 0}, "NumberOfRelocations": {"FileOffset": 640, "Value": 0, "Offset": 32}, "Misc_VirtualSize": {"FileOffset": 616, "Value": 160, "Offset": 8}, "Characteristics": {"FileOffset": 644, "Value": 1073741888, "Offset": 36}, "Misc": {"FileOffset": 616, "Value": 160, "Offset": 8}, "PointerToLinenumbers": {"FileOffset": 636, "Value": 0, "Offset": 28}, "SizeOfRawData": {"FileOffset": 624, "Value": 512, "Offset": 16}, "Misc_PhysicalAddress": {"FileOffset": 616, "Value": 160, "Offset": 8}, "PointerToRelocations": {"FileOffset": 632, "Value": 0, "Offset": 24}, "Flags": ["IMAGE_SCN_CNT_INITIALIZED_DATA", "IMAGE_SCN_MEM_READ"], "SHA512": "8a7975c56b60f9ea2f7018ff62f1caa33940b4b30dcbbfb0cf69c91b47ba300e5323e6da2406297378f52bafd839ba394cc5ffd404a05a7116b6b9bcd6381cc8", "MD5": "19c9e330b0e6565f982fb1234d8a0b74", "Entropy": 1.5384557578580627, "VirtualAddress": {"FileOffset": 620, "Value": 24576, "Offset": 12}, "Structure": "IMAGE_SECTION_HEADER", "NumberOfLinenumbers": {"FileOffset": 642, "Value": 0, "Offset": 34}}], "Resource directory": [{"MajorVersion": {"FileOffset": 15880, "Value": 0, "Offset": 8}, "NumberOfIdEntries": {"FileOffset": 15886, "Value": 1, "Offset": 14}, "MinorVersion": {"FileOffset": 15882, "Value": 0, "Offset": 10}, "TimeDateStamp": {"FileOffset": 15876, "Value": "0x0        [Thu Jan  1 00:00:00 1970 UTC]", "Offset": 4}, "Characteristics": {"FileOffset": 15872, "Value": 0, "Offset": 0}, "NumberOfNamedEntries": {"FileOffset": 15884, "Value": 0, "Offset": 12}, "Structure": "IMAGE_RESOURCE_DIRECTORY"}, {"Structure": "IMAGE_RESOURCE_DIRECTORY_ENTRY", "Id": [6, "RT_STRING"], "OffsetToData": {"FileOffset": 15892, "Value": 2147483672, "Offset": 4}, "Name": {"FileOffset": 15888, "Value": 6, "Offset": 0}}, [{"MajorVersion": {"FileOffset": 15904, "Value": 0, "Offset": 8}, "NumberOfIdEntries": {"FileOffset": 15910, "Value": 1, "Offset": 14}, "MinorVersion": {"FileOffset": 15906, "Value": 0, "Offset": 10}, "TimeDateStamp": {"FileOffset": 15900, "Value": "0x0        [Thu Jan  1 00:00:00 1970 UTC]", "Offset": 4}, "Characteristics": {"FileOffset": 15896, "Value": 0, "Offset": 0}, "NumberOfNamedEntries": {"FileOffset": 15908, "Value": 0, "Offset": 12}, "Structure": "IMAGE_RESOURCE_DIRECTORY"}, {"Structure": "IMAGE_RESOURCE_DIRECTORY_ENTRY", "Id": 1, "OffsetToData": {"FileOffset": 15916, "Value": 2147483696, "Offset": 4}, "Name": {"FileOffset": 15912, "Value": 1, "Offset": 0}}, [{"MajorVersion": {"FileOffset": 15928, "Value": 0, "Offset": 8}, "NumberOfIdEntries": {"FileOffset": 15934, "Value": 1, "Offset": 14}, "MinorVersion": {"FileOffset": 15930, "Value": 0, "Offset": 10}, "TimeDateStamp": {"FileOffset": 15924, "Value": "0x0        [Thu Jan  1 00:00:00 1970 UTC]", "Offset": 4}, "Characteristics": {"FileOffset": 15920, "Value": 0, "Offset": 0}, "NumberOfNamedEntries": {"FileOffset": 15932, "Value": 0, "Offset": 12}, "Structure": "IMAGE_RESOURCE_DIRECTORY"}, {"LANG": 4, "SUBLANG_NAME": "SUBLANG_CHINESE_SIMPLIFIED", "Name": {"FileOffset": 15936, "Value": 2052, "Offset": 0}, "CodePage": {"FileOffset": 15952, "Value": 0, "Offset": 8}, "LANG_NAME": "LANG_CHINESE", "OffsetToData": {"FileOffset": 15944, "Value": 24672, "Offset": 0}, "Reserved": {"FileOffset": 15956, "Value": 0, "Offset": 12}, "SUBLANG": 2, "Structure": "IMAGE_RESOURCE_DATA_ENTRY", "Size": {"FileOffset": 15948, "Value": 62, "Offset": 4}}, "Hello from MFC!"]]]}
