{"DllCharacteristics": [], "FILE_HEADER": {"NumberOfSections": {"FileOffset": 214, "Value": 3, "Offset": 2}, "TimeDateStamp": {"FileOffset": 216, "Value": "0x4E780B43 [Tue Sep 20 03:40:51 2011 UTC]", "Offset": 4}, "PointerToSymbolTable": {"FileOffset": 220, "Value": 0, "Offset": 8}, "NumberOfSymbols": {"FileOffset": 224, "Value": 0, "Offset": 12}, "Machine": {"FileOffset": 212, "Value": 332, "Offset": 0}, "Characteristics": {"FileOffset": 230, "Value": 271, "Offset": 18}, "SizeOfOptionalHeader": {"FileOffset": 228, "Value": 224, "Offset": 16}, "Structure": "IMAGE_FILE_HEADER"}, "Directories": [{"VirtualAddress": {"FileOffset": 328, "Value": 0, "Offset": 0}, "Structure": "IMAGE_DIRECTORY_ENTRY_EXPORT", "Size": {"FileOffset": 332, "Value": 0, "Offset": 4}}, {"VirtualAddress": {"FileOffset": 336, "Value": 54996, "Offset": 0}, "Structure": "IMAGE_DIRECTORY_ENTRY_IMPORT", "Size": {"FileOffset": 340, "Value": 100, "Offset": 4}}, {"VirtualAddress": {"FileOffset": 344, "Value": 0, "Offset": 0}, "Structure": "IMAGE_DIRECTORY_ENTRY_RESOURCE", "Size": {"FileOffset": 348, "Value": 0, "Offset": 4}}, {"VirtualAddress": {"FileOffset": 352, "Value": 0, "Offset": 0}, "Structure": "IMAGE_DIRECTORY_ENTRY_EXCEPTION", "Size": {"FileOffset": 356, "Value": 0, "Offset": 4}}, {"VirtualAddress": {"FileOffset": 360, "Value": 0, "Offset": 0}, "Structure": "IMAGE_DIRECTORY_ENTRY_SECURITY", "Size": {"FileOffset": 364, "Value": 0, "Offset": 4}}, {"VirtualAddress": {"FileOffset": 368, "Value": 0, "Offset": 0}, "Structure": "IMAGE_DIRECTORY_ENTRY_BASERELOC", "Size": {"FileOffset": 372, "Value": 0, "Offset": 4}}, {"VirtualAddress": {"FileOffset": 376, "Value": 0, "Offset": 0}, "Structure": "IMAGE_DIRECTORY_ENTRY_DEBUG", "Size": {"FileOffset": 380, "Value": 0, "Offset": 4}}, {"VirtualAddress": {"FileOffset": 384, "Value": 0, "Offset": 0}, "Structure": "IMAGE_DIRECTORY_ENTRY_COPYRIGHT", "Size": {"FileOffset": 388, "Value": 0, "Offset": 4}}, {"VirtualAddress": {"FileOffset": 392, "Value": 0, "Offset": 0}, "Structure": "IMAGE_DIRECTORY_ENTRY_GLOBALPTR", "Size": {"FileOffset": 396, "Value": 0, "Offset": 4}}, {"VirtualAddress": {"FileOffset": 400, "Value": 0, "Offset": 0}, "Structure": "IMAGE_DIRECTORY_ENTRY_TLS", "Size": {"FileOffset": 404, "Value": 0, "Offset": 4}}, {"VirtualAddress": {"FileOffset": 408, "Value": 0, "Offset": 0}, "Structure": "IMAGE_DIRECTORY_ENTRY_LOAD_CONFIG", "Size": {"FileOffset": 412, "Value": 0, "Offset": 4}}, {"VirtualAddress": {"FileOffset": 416, "Value": 0, "Offset": 0}, "Structure": "IMAGE_DIRECTORY_ENTRY_BOUND_IMPORT", "Size": {"FileOffset": 420, "Value": 0, "Offset": 4}}, {"VirtualAddress": {"FileOffset": 424, "Value": 53248, "Offset": 0}, "Structure": "IMAGE_DIRECTORY_ENTRY_IAT", "Size": {"FileOffset": 428, "Value": 348, "Offset": 4}}, {"VirtualAddress": {"FileOffset": 432, "Value": 0, "Offset": 0}, "Structure": "IMAGE_DIRECTORY_ENTRY_DELAY_IMPORT", "Size": {"FileOffset": 436, "Value": 0, "Offset": 4}}, {"VirtualAddress": {"FileOffset": 440, "Value": 0, "Offset": 0}, "Structure": "IMAGE_DIRECTORY_ENTRY_COM_DESCRIPTOR", "Size": {"FileOffset": 444, "Value": 0, "Offset": 4}}, {"VirtualAddress": {"FileOffset": 448, "Value": 0, "Offset": 0}, "Structure": "IMAGE_DIRECTORY_ENTRY_RESERVED", "Size": {"FileOffset": 452, "Value": 0, "Offset": 4}}], "OPTIONAL_HEADER": {"DllCharacteristics": {"FileOffset": 302, "Value": 0, "Offset": 70}, "BaseOfCode": {"FileOffset": 252, "Value": 4096, "Offset": 20}, "MajorLinkerVersion": {"FileOffset": 234, "Value": 6, "Offset": 2}, "MinorOperatingSystemVersion": {"FileOffset": 274, "Value": 0, "Offset": 42}, "MinorLinkerVersion": {"FileOffset": 235, "Value": 0, "Offset": 3}, "MajorSubsystemVersion": {"FileOffset": 280, "Value": 4, "Offset": 48}, "MajorOperatingSystemVersion": {"FileOffset": 272, "Value": 4, "Offset": 40}, "SizeOfStackCommit": {"FileOffset": 308, "Value": 4096, "Offset": 76}, "SizeOfUninitializedData": {"FileOffset": 244, "Value": 0, "Offset": 12}, "NumberOfRvaAndSizes": {"FileOffset": 324, "Value": 16, "Offset": 92}, "SizeOfHeapReserve": {"FileOffset": 312, "Value": 1048576, "Offset": 80}, "LoaderFlags": {"FileOffset": 320, "Value": 0, "Offset": 88}, "SizeOfHeapCommit": {"FileOffset": 316, "Value": 4096, "Offset": 84}, "SizeOfStackReserve": {"FileOffset": 304, "Value": 1048576, "Offset": 72}, "Structure": "IMAGE_OPTIONAL_HEADER", "SizeOfHeaders": {"FileOffset": 292, "Value": 1024, "Offset": 60}, "Subsystem": {"FileOffset": 300, "Value": 2, "Offset": 68}, "Magic": {"FileOffset": 232, "Value": 267, "Offset": 0}, "MinorImageVersion": {"FileOffset": 278, "Value": 0, "Offset": 46}, "MajorImageVersion": {"FileOffset": 276, "Value": 0, "Offset": 44}, "FileAlignment": {"FileOffset": 268, "Value": 512, "Offset": 36}, "BaseOfData": {"FileOffset": 256, "Value": 53248, "Offset": 24}, "AddressOfEntryPoint": {"FileOffset": 248, "Value": 25058, "Offset": 16}, "SectionAlignment": {"FileOffset": 264, "Value": 4096, "Offset": 32}, "SizeOfCode": {"FileOffset": 236, "Value": 46080, "Offset": 4}, "ImageBase": {"FileOffset": 260, "Value": 4194304, "Offset": 28}, "SizeOfInitializedData": {"FileOffset": 240, "Value": 60928, "Offset": 8}, "SizeOfImage": {"FileOffset": 288, "Value": 114688, "Offset": 56}, "MinorSubsystemVersion": {"FileOffset": 282, "Value": 0, "Offset": 50}, "CheckSum": {"FileOffset": 296, "Value": 0, "Offset": 64}, "Reserved1": {"FileOffset": 284, "Value": 0, "Offset": 52}}, "DOS_HEADER": {"e_cblp": {"FileOffset": 2, "Value": 144, "Offset": 2}, "e_crlc": {"FileOffset": 6, "Value": 0, "Offset": 6}, "e_ovno": {"FileOffset": 26, "Value": 0, "Offset": 26}, "e_minalloc": {"FileOffset": 10, "Value": 0, "Offset": 10}, "e_csum": {"FileOffset": 18, "Value": 0, "Offset": 18}, "e_cparhdr": {"FileOffset": 8, "Value": 4, "Offset": 8}, "e_cp": {"FileOffset": 4, "Value": 3, "Offset": 4}, "e_cs": {"FileOffset": 22, "Value": 0, "Offset": 22}, "e_maxalloc": {"FileOffset": 12, "Value": 65535, "Offset": 12}, "e_lfarlc": {"FileOffset": 24, "Value": 64, "Offset": 24}, "e_oemid": {"FileOffset": 36, "Value": 0, "Offset": 36}, "e_lfanew": {"FileOffset": 60, "Value": 208, "Offset": 60}, "e_ss": {"FileOffset": 14, "Value": 0, "Offset": 14}, "e_magic": {"FileOffset": 0, "Value": 23117, "Offset": 0}, "e_oeminfo": {"FileOffset": 38, "Value": 0, "Offset": 38}, "e_res2": {"FileOffset": 40, "Value": "", "Offset": 40}, "e_res": {"FileOffset": 28, "Value": "", "Offset": 28}, "e_sp": {"FileOffset": 16, "Value": 184, "Offset": 16}, "Structure": "IMAGE_DOS_HEADER", "e_ip": {"FileOffset": 20, "Value": 0, "Offset": 20}}, "NT_HEADERS": {"Structure": "IMAGE_NT_HEADERS", "Signature": {"FileOffset": 208, "Value": 17744, "Offset": 0}}, "Flags": ["IMAGE_FILE_LOCAL_SYMS_STRIPPED", "IMAGE_FILE_32BIT_MACHINE", "IMAGE_FILE_EXECUTABLE_IMAGE", "IMAGE_FILE_LINE_NUMS_STRIPPED", "IMAGE_FILE_RELOCS_STRIPPED"], "Imported symbols": [[{"TimeDateStamp": {"FileOffset": 48856, "Value": "0x0        [Thu Jan  1 00:00:00 1970 UTC]", "Offset": 4}, "Name": {"FileOffset": 48864, "Value": 55760, "Offset": 12}, "ForwarderChain": {"FileOffset": 48860, "Value": 0, "Offset": 8}, "OriginalFirstThunk": {"FileOffset": 48852, "Value": 55096, "Offset": 0}, "FirstThunk": {"FileOffset": 48868, "Value": 53248, "Offset": 16}, "Characteristics": {"FileOffset": 48852, "Value": 55096, "Offset": 0}, "Structure": "IMAGE_IMPORT_DESCRIPTOR"}, {"Hint": 854, "Name": "Sleep", "DLL": "KERNEL32.dll"}, {"Hint": 52, "Name": "CloseHandle", "DLL": "KERNEL32.dll"}, {"Hint": 932, "Name": "WriteFile", "DLL": "KERNEL32.dll"}, {"Hint": 83, "Name": "CreateFileA", "DLL": "KERNEL32.dll"}, {"Hint": 378, "Name": "GetLongPathNameA", "DLL": "KERNEL32.dll"}, {"Hint": 469, "Name": "GetTempPathA", "DLL": "KERNEL32.dll"}, {"Hint": 819, "Name": "SetProcessPriorityBoost", "DLL": "KERNEL32.dll"}, {"Hint": 836, "Name": "SetThreadPriority", "DLL": "KERNEL32.dll"}, {"Hint": 325, "Name": "GetCurrentThread", "DLL": "KERNEL32.dll"}, {"Hint": 817, "Name": "SetPriorityClass", "DLL": "KERNEL32.dll"}, {"Hint": 322, "Name": "GetCurrentProcess", "DLL": "KERNEL32.dll"}, {"Hint": 957, "Name": "lstrcatA", "DLL": "KERNEL32.dll"}, {"Hint": 966, "Name": "lstrcpyA", "DLL": "KERNEL32.dll"}, {"Hint": 344, "Name": "GetEnvironmentVariableA", "DLL": "KERNEL32.dll"}, {"Hint": 437, "Name": "GetShortPathNameA", "DLL": "KERNEL32.dll"}, {"Hint": 381, "Name": "GetModuleFileNameA", "DLL": "KERNEL32.dll"}, {"Hint": 416, "Name": "GetProcAddress", "DLL": "KERNEL32.dll"}, {"Hint": 594, "Name": "LoadLibraryA", "DLL": "KERNEL32.dll"}, {"Hint": 787, "Name": "SetEnvironmentVariableA", "DLL": "KERNEL32.dll"}, {"Hint": 59, "Name": "CompareStringW", "DLL": "KERNEL32.dll"}, {"Hint": 58, "Name": "CompareStringA", "DLL": "KERNEL32.dll"}, {"Hint": 823, "Name": "SetStdHandle", "DLL": "KERNEL32.dll"}, {"Hint": 581, "Name": "LCMapStringW", "DLL": "KERNEL32.dll"}, {"Hint": 580, "Name": "LCMapStringA", "DLL": "KERNEL32.dll"}, {"Hint": 693, "Name": "ReadFile", "DLL": "KERNEL32.dll"}, {"Hint": 795, "Name": "SetFilePointer", "DLL": "KERNEL32.dll"}, {"Hint": 238, "Name": "FlushFileBuffers", "DLL": "KERNEL32.dll"}, {"Hint": 482, "Name": "GetTimeZoneInformation", "DLL": "KERNEL32.dll"}, {"Hint": 456, "Name": "GetSystemTime", "DLL": "KERNEL32.dll"}, {"Hint": 371, "Name": "GetLocalTime", "DLL": "KERNEL32.dll"}, {"Hint": 383, "Name": "GetModuleHandleA", "DLL": "KERNEL32.dll"}, {"Hint": 439, "Name": "GetStartupInfoA", "DLL": "KERNEL32.dll"}, {"Hint": 272, "Name": "GetCommandLineA", "DLL": "KERNEL32.dll"}, {"Hint": 488, "Name": "GetVersion", "DLL": "KERNEL32.dll"}, {"Hint": 185, "Name": "ExitProcess", "DLL": "KERNEL32.dll"}, {"Hint": 326, "Name": "GetCurrentThreadId", "DLL": "KERNEL32.dll"}, {"Hint": 870, "Name": "TlsSetValue", "DLL": "KERNEL32.dll"}, {"Hint": 867, "Name": "TlsAlloc", "DLL": "KERNEL32.dll"}, {"Hint": 808, "Name": "SetLastError", "DLL": "KERNEL32.dll"}, {"Hint": 869, "Name": "TlsGetValue", "DLL": "KERNEL32.dll"}, {"Hint": 369, "Name": "GetLastError", "DLL": "KERNEL32.dll"}, {"Hint": 152, "Name": "EnterCriticalSection", "DLL": "KERNEL32.dll"}, {"Hint": 593, "Name": "LeaveCriticalSection", "DLL": "KERNEL32.dll"}, {"Hint": 534, "Name": "HeapFree", "DLL": "KERNEL32.dll"}, {"Hint": 528, "Name": "HeapAlloc", "DLL": "KERNEL32.dll"}, {"Hint": 862, "Name": "TerminateProcess", "DLL": "KERNEL32.dll"}, {"Hint": 878, "Name": "UnhandledExceptionFilter", "DLL": "KERNEL32.dll"}, {"Hint": 246, "Name": "FreeEnvironmentStringsA", "DLL": "KERNEL32.dll"}, {"Hint": 247, "Name": "FreeEnvironmentStringsW", "DLL": "KERNEL32.dll"}, {"Hint": 916, "Name": "WideCharToMultiByte", "DLL": "KERNEL32.dll"}, {"Hint": 341, "Name": "GetEnvironmentStrings", "DLL": "KERNEL32.dll"}, {"Hint": 343, "Name": "GetEnvironmentStringsW", "DLL": "KERNEL32.dll"}, {"Hint": 804, "Name": "SetHandleCount", "DLL": "KERNEL32.dll"}, {"Hint": 441, "Name": "GetStdHandle", "DLL": "KERNEL32.dll"}, {"Hint": 358, "Name": "GetFileType", "DLL": "KERNEL32.dll"}, {"Hint": 129, "Name": "DeleteCriticalSection", "DLL": "KERNEL32.dll"}, {"Hint": 532, "Name": "HeapDestroy", "DLL": "KERNEL32.dll"}, {"Hint": 530, "Name": "HeapCreate", "DLL": "KERNEL32.dll"}, {"Hint": 899, "Name": "VirtualFree", "DLL": "KERNEL32.dll"}, {"Hint": 727, "Name": "RtlUnwind", "DLL": "KERNEL32.dll"}, {"Hint": 629, "Name": "MultiByteToWideChar", "DLL": "KERNEL32.dll"}, {"Hint": 442, "Name": "GetStringTypeA", "DLL": "KERNEL32.dll"}, {"Hint": 445, "Name": "GetStringTypeW", "DLL": "KERNEL32.dll"}, {"Hint": 547, "Name": "InitializeCriticalSection", "DLL": "KERNEL32.dll"}, {"Hint": 552, "Name": "InterlockedDecrement", "DLL": "KERNEL32.dll"}, {"Hint": 556, "Name": "InterlockedIncrement", "DLL": "KERNEL32.dll"}, {"Hint": 897, "Name": "VirtualAlloc", "DLL": "KERNEL32.dll"}, {"Hint": 538, "Name": "HeapReAlloc", "DLL": "KERNEL32.dll"}, {"Hint": 260, "Name": "GetCPInfo", "DLL": "KERNEL32.dll"}, {"Hint": 253, "Name": "GetACP", "DLL": "KERNEL32.dll"}, {"Hint": 403, "Name": "GetOEMCP", "DLL": "KERNEL32.dll"}], [{"TimeDateStamp": {"FileOffset": 48876, "Value": "0x0        [Thu Jan  1 00:00:00 1970 UTC]", "Offset": 4}, "Name": {"FileOffset": 48884, "Value": 55774, "Offset": 12}, "ForwarderChain": {"FileOffset": 48880, "Value": 0, "Offset": 8}, "OriginalFirstThunk": {"FileOffset": 48872, "Value": 55428, "Offset": 0}, "FirstThunk": {"FileOffset": 48888, "Value": 53580, "Offset": 16}, "Characteristics": {"FileOffset": 48872, "Value": 55428, "Offset": 0}, "Structure": "IMAGE_IMPORT_DESCRIPTOR"}, {"Ordinal": 57, "DLL": "WS2_32.dll"}, {"Ordinal": 116, "DLL": "WS2_32.dll"}, {"Ordinal": 115, "DLL": "WS2_32.dll"}], [{"TimeDateStamp": {"FileOffset": 48896, "Value": "0x0        [Thu Jan  1 00:00:00 1970 UTC]", "Offset": 4}, "Name": {"FileOffset": 48904, "Value": 55948, "Offset": 12}, "ForwarderChain": {"FileOffset": 48900, "Value": 0, "Offset": 8}, "OriginalFirstThunk": {"FileOffset": 48892, "Value": 55392, "Offset": 0}, "FirstThunk": {"FileOffset": 48908, "Value": 53544, "Offset": 16}, "Characteristics": {"FileOffset": 48892, "Value": 55392, "Offset": 0}, "Structure": "IMAGE_IMPORT_DESCRIPTOR"}, {"Hint": 87, "Name": "HttpQueryInfoA", "DLL": "WININET.dll"}, {"Hint": 80, "Name": "HttpAddRequestHeadersA", "DLL": "WININET.dll"}, {"Hint": 146, "Name": "InternetOpenA", "DLL": "WININET.dll"}, {"Hint": 111, "Name": "InternetConnectA", "DLL": "WININET.dll"}, {"Hint": 105, "Name": "InternetCloseHandle", "DLL": "WININET.dll"}, {"Hint": 89, "Name": "HttpSendRequestA", "DLL": "WININET.dll"}, {"Hint": 154, "Name": "InternetReadFile", "DLL": "WININET.dll"}, {"Hint": 85, "Name": "HttpOpenRequestA", "DLL": "WININET.dll"}], [{"TimeDateStamp": {"FileOffset": 48916, "Value": "0x0        [Thu Jan  1 00:00:00 1970 UTC]", "Offset": 4}, "Name": {"FileOffset": 48924, "Value": 55978, "Offset": 12}, "ForwarderChain": {"FileOffset": 48920, "Value": 0, "Offset": 8}, "OriginalFirstThunk": {"FileOffset": 48912, "Value": 55384, "Offset": 0}, "FirstThunk": {"FileOffset": 48928, "Value": 53536, "Offset": 16}, "Characteristics": {"FileOffset": 48912, "Value": 55384, "Offset": 0}, "Structure": "IMAGE_IMPORT_DESCRIPTOR"}, {"Hint": 265, "Name": "ShellExecuteExA", "DLL": "SHELL32.dll"}]], "PE Sections": [{"PointerToRawData": {"FileOffset": 476, "Value": 1024, "Offset": 20}, "SHA1": "830c70ea51e1cfb4c3486d199809cf6893640120", "SHA256": "0917aa70d4c4e92539a201bf6581d54a64e1f2c1a25b76b196dc6c62f2d3e9c5", "Name": {"FileOffset": 456, "Value": ".text", "Offset": 0}, "NumberOfRelocations": {"FileOffset": 488, "Value": 0, "Offset": 32}, "Misc_VirtualSize": {"FileOffset": 464, "Value": 45766, "Offset": 8}, "Characteristics": {"FileOffset": 492, "Value": 1610612768, "Offset": 36}, "Misc": {"FileOffset": 464, "Value": 45766, "Offset": 8}, "PointerToLinenumbers": {"FileOffset": 484, "Value": 0, "Offset": 28}, "SizeOfRawData": {"FileOffset": 472, "Value": 46080, "Offset": 16}, "Misc_PhysicalAddress": {"FileOffset": 464, "Value": 45766, "Offset": 8}, "PointerToRelocations": {"FileOffset": 480, "Value": 0, "Offset": 24}, "Flags": ["IMAGE_SCN_MEM_EXECUTE", "IMAGE_SCN_CNT_CODE", "IMAGE_SCN_MEM_READ"], "SHA512": "bd73e011d7d78f169341bbfc91917a7ea6abc1bda3d5ebfc8ed3c253cf9797c96908bce2dd5f46ff1d5681beb5190a5ec82ae508d593323b9128cf4520ce3cd1", "MD5": "deb663abb7e5ff126af13685b68a9b89", "Entropy": 6.437797589788161, "VirtualAddress": {"FileOffset": 468, "Value": 4096, "Offset": 12}, "Structure": "IMAGE_SECTION_HEADER", "NumberOfLinenumbers": {"FileOffset": 490, "Value": 0, "Offset": 34}}, {"PointerToRawData": {"FileOffset": 516, "Value": 47104, "Offset": 20}, "SHA1": "e97534d5d781a7398f7a09f0e065462769800232", "SHA256": "0ace44bf60b46496152e9a4e94a18ab505533be87c3cb0e43dde3b92d3bee9d0", "Name": {"FileOffset": 496, "Value": ".rdata", "Offset": 0}, "NumberOfRelocations": {"FileOffset": 528, "Value": 0, "Offset": 32}, "Misc_VirtualSize": {"FileOffset": 504, "Value": 3706, "Offset": 8}, "Characteristics": {"FileOffset": 532, "Value": 1073741888, "Offset": 36}, "Misc": {"FileOffset": 504, "Value": 3706, "Offset": 8}, "PointerToLinenumbers": {"FileOffset": 524, "Value": 0, "Offset": 28}, "SizeOfRawData": {"FileOffset": 512, "Value": 4096, "Offset": 16}, "Misc_PhysicalAddress": {"FileOffset": 504, "Value": 3706, "Offset": 8}, "PointerToRelocations": {"FileOffset": 520, "Value": 0, "Offset": 24}, "Flags": ["IMAGE_SCN_CNT_INITIALIZED_DATA", "IMAGE_SCN_MEM_READ"], "SHA512": "8e1a4c020be69ab8f48ca4a9348ccc38084f0d5affc7740e5b81acc78c4464fd17f662296c253ac126b639291329898e9f7fdf69cea79e9362fe6c2ebccdc940", "MD5": "1f636139dcdb989b349acd326e06843b", "Entropy": 5.069667332737535, "VirtualAddress": {"FileOffset": 508, "Value": 53248, "Offset": 12}, "Structure": "IMAGE_SECTION_HEADER", "NumberOfLinenumbers": {"FileOffset": 530, "Value": 0, "Offset": 34}}, {"PointerToRawData": {"FileOffset": 556, "Value": 51200, "Offset": 20}, "SHA1": "42fbb6d88cdd07cc3142789525667e64ceac3682", "SHA256": "405fa79e036a4e80874d6ef5e39f1e51d96a05cad97fae62e22b8cfcfeb9cba2", "Name": {"FileOffset": 536, "Value": ".data", "Offset": 0}, "NumberOfRelocations": {"FileOffset": 568, "Value": 0, "Offset": 32}, "Misc_VirtualSize": {"FileOffset": 544, "Value": 56680, "Offset": 8}, "Characteristics": {"FileOffset": 572, "Value": 3221225536, "Offset": 36}, "Misc": {"FileOffset": 544, "Value": 56680, "Offset": 8}, "PointerToLinenumbers": {"FileOffset": 564, "Value": 0, "Offset": 28}, "SizeOfRawData": {"FileOffset": 552, "Value": 4608, "Offset": 16}, "Misc_PhysicalAddress": {"FileOffset": 544, "Value": 56680, "Offset": 8}, "PointerToRelocations": {"FileOffset": 560, "Value": 0, "Offset": 24}, "Flags": ["IMAGE_SCN_CNT_INITIALIZED_DATA", "IMAGE_SCN_MEM_WRITE", "IMAGE_SCN_MEM_READ"], "SHA512": "737622a39c5f76354a72281db7dc072698267770ed7561e2ed8d8aee347ae2adc9281d1086447b36e3f2a03a60ddc4bfcdb8de01ecaf96bb32581e7050bea6e2", "MD5": "19da31c1ca8801b1f62c8a013fa54bba", "Entropy": 2.7847835524501083, "VirtualAddress": {"FileOffset": 548, "Value": 57344, "Offset": 12}, "Structure": "IMAGE_SECTION_HEADER", "NumberOfLinenumbers": {"FileOffset": 570, "Value": 0, "Offset": 34}}]}
