{"DllCharacteristics": [], "FILE_HEADER": {"NumberOfSections": {"FileOffset": 238, "Value": 3, "Offset": 2}, "TimeDateStamp": {"FileOffset": 240, "Value": "0x4B737908 [Thu Feb 11 03:27:04 2010 UTC]", "Offset": 4}, "PointerToSymbolTable": {"FileOffset": 244, "Value": 0, "Offset": 8}, "NumberOfSymbols": {"FileOffset": 248, "Value": 0, "Offset": 12}, "Machine": {"FileOffset": 236, "Value": 332, "Offset": 0}, "Characteristics": {"FileOffset": 254, "Value": 271, "Offset": 18}, "SizeOfOptionalHeader": {"FileOffset": 252, "Value": 224, "Offset": 16}, "Structure": "IMAGE_FILE_HEADER"}, "Directories": [{"VirtualAddress": {"FileOffset": 352, "Value": 0, "Offset": 0}, "Structure": "IMAGE_DIRECTORY_ENTRY_EXPORT", "Size": {"FileOffset": 356, "Value": 0, "Offset": 4}}, {"VirtualAddress": {"FileOffset": 360, "Value": 42520, "Offset": 0}, "Structure": "IMAGE_DIRECTORY_ENTRY_IMPORT", "Size": {"FileOffset": 364, "Value": 100, "Offset": 4}}, {"VirtualAddress": {"FileOffset": 368, "Value": 0, "Offset": 0}, "Structure": "IMAGE_DIRECTORY_ENTRY_RESOURCE", "Size": {"FileOffset": 372, "Value": 0, "Offset": 4}}, {"VirtualAddress": {"FileOffset": 376, "Value": 0, "Offset": 0}, "Structure": "IMAGE_DIRECTORY_ENTRY_EXCEPTION", "Size": {"FileOffset": 380, "Value": 0, "Offset": 4}}, {"VirtualAddress": {"FileOffset": 384, "Value": 0, "Offset": 0}, "Structure": "IMAGE_DIRECTORY_ENTRY_SECURITY", "Size": {"FileOffset": 388, "Value": 0, "Offset": 4}}, {"VirtualAddress": {"FileOffset": 392, "Value": 0, "Offset": 0}, "Structure": "IMAGE_DIRECTORY_ENTRY_BASERELOC", "Size": {"FileOffset": 396, "Value": 0, "Offset": 4}}, {"VirtualAddress": {"FileOffset": 400, "Value": 0, "Offset": 0}, "Structure": "IMAGE_DIRECTORY_ENTRY_DEBUG", "Size": {"FileOffset": 404, "Value": 0, "Offset": 4}}, {"VirtualAddress": {"FileOffset": 408, "Value": 0, "Offset": 0}, "Structure": "IMAGE_DIRECTORY_ENTRY_COPYRIGHT", "Size": {"FileOffset": 412, "Value": 0, "Offset": 4}}, {"VirtualAddress": {"FileOffset": 416, "Value": 0, "Offset": 0}, "Structure": "IMAGE_DIRECTORY_ENTRY_GLOBALPTR", "Size": {"FileOffset": 420, "Value": 0, "Offset": 4}}, {"VirtualAddress": {"FileOffset": 424, "Value": 0, "Offset": 0}, "Structure": "IMAGE_DIRECTORY_ENTRY_TLS", "Size": {"FileOffset": 428, "Value": 0, "Offset": 4}}, {"VirtualAddress": {"FileOffset": 432, "Value": 0, "Offset": 0}, "Structure": "IMAGE_DIRECTORY_ENTRY_LOAD_CONFIG", "Size": {"FileOffset": 436, "Value": 0, "Offset": 4}}, {"VirtualAddress": {"FileOffset": 440, "Value": 0, "Offset": 0}, "Structure": "IMAGE_DIRECTORY_ENTRY_BOUND_IMPORT", "Size": {"FileOffset": 444, "Value": 0, "Offset": 4}}, {"VirtualAddress": {"FileOffset": 448, "Value": 40960, "Offset": 0}, "Structure": "IMAGE_DIRECTORY_ENTRY_IAT", "Size": {"FileOffset": 452, "Value": 316, "Offset": 4}}, {"VirtualAddress": {"FileOffset": 456, "Value": 0, "Offset": 0}, "Structure": "IMAGE_DIRECTORY_ENTRY_DELAY_IMPORT", "Size": {"FileOffset": 460, "Value": 0, "Offset": 4}}, {"VirtualAddress": {"FileOffset": 464, "Value": 0, "Offset": 0}, "Structure": "IMAGE_DIRECTORY_ENTRY_COM_DESCRIPTOR", "Size": {"FileOffset": 468, "Value": 0, "Offset": 4}}, {"VirtualAddress": {"FileOffset": 472, "Value": 0, "Offset": 0}, "Structure": "IMAGE_DIRECTORY_ENTRY_RESERVED", "Size": {"FileOffset": 476, "Value": 0, "Offset": 4}}], "OPTIONAL_HEADER": {"DllCharacteristics": {"FileOffset": 326, "Value": 0, "Offset": 70}, "BaseOfCode": {"FileOffset": 276, "Value": 4096, "Offset": 20}, "MajorLinkerVersion": {"FileOffset": 258, "Value": 6, "Offset": 2}, "MinorOperatingSystemVersion": {"FileOffset": 298, "Value": 0, "Offset": 42}, "MinorLinkerVersion": {"FileOffset": 259, "Value": 0, "Offset": 3}, "MajorSubsystemVersion": {"FileOffset": 304, "Value": 4, "Offset": 48}, "MajorOperatingSystemVersion": {"FileOffset": 296, "Value": 4, "Offset": 40}, "SizeOfStackCommit": {"FileOffset": 332, "Value": 4096, "Offset": 76}, "SizeOfUninitializedData": {"FileOffset": 268, "Value": 0, "Offset": 12}, "NumberOfRvaAndSizes": {"FileOffset": 348, "Value": 16, "Offset": 92}, "SizeOfHeapReserve": {"FileOffset": 336, "Value": 1048576, "Offset": 80}, "LoaderFlags": {"FileOffset": 344, "Value": 0, "Offset": 88}, "SizeOfHeapCommit": {"FileOffset": 340, "Value": 4096, "Offset": 84}, "SizeOfStackReserve": {"FileOffset": 328, "Value": 1048576, "Offset": 72}, "Structure": "IMAGE_OPTIONAL_HEADER", "SizeOfHeaders": {"FileOffset": 316, "Value": 1024, "Offset": 60}, "Subsystem": {"FileOffset": 324, "Value": 2, "Offset": 68}, "Magic": {"FileOffset": 256, "Value": 267, "Offset": 0}, "MinorImageVersion": {"FileOffset": 302, "Value": 0, "Offset": 46}, "MajorImageVersion": {"FileOffset": 300, "Value": 0, "Offset": 44}, "FileAlignment": {"FileOffset": 292, "Value": 512, "Offset": 36}, "BaseOfData": {"FileOffset": 280, "Value": 40960, "Offset": 24}, "AddressOfEntryPoint": {"FileOffset": 272, "Value": 14526, "Offset": 16}, "SectionAlignment": {"FileOffset": 288, "Value": 4096, "Offset": 32}, "SizeOfCode": {"FileOffset": 260, "Value": 34816, "Offset": 4}, "ImageBase": {"FileOffset": 284, "Value": 4194304, "Offset": 28}, "SizeOfInitializedData": {"FileOffset": 264, "Value": 27648, "Offset": 8}, "SizeOfImage": {"FileOffset": 312, "Value": 69632, "Offset": 56}, "MinorSubsystemVersion": {"FileOffset": 306, "Value": 0, "Offset": 50}, "CheckSum": {"FileOffset": 320, "Value": 0, "Offset": 64}, "Reserved1": {"FileOffset": 308, "Value": 0, "Offset": 52}}, "DOS_HEADER": {"e_cblp": {"FileOffset": 2, "Value": 144, "Offset": 2}, "e_crlc": {"FileOffset": 6, "Value": 0, "Offset": 6}, "e_ovno": {"FileOffset": 26, "Value": 0, "Offset": 26}, "e_minalloc": {"FileOffset": 10, "Value": 0, "Offset": 10}, "e_csum": {"FileOffset": 18, "Value": 0, "Offset": 18}, "e_cparhdr": {"FileOffset": 8, "Value": 4, "Offset": 8}, "e_cp": {"FileOffset": 4, "Value": 3, "Offset": 4}, "e_cs": {"FileOffset": 22, "Value": 0, "Offset": 22}, "e_maxalloc": {"FileOffset": 12, "Value": 65535, "Offset": 12}, "e_lfarlc": {"FileOffset": 24, "Value": 64, "Offset": 24}, "e_oemid": {"FileOffset": 36, "Value": 0, "Offset": 36}, "e_lfanew": {"FileOffset": 60, "Value": 232, "Offset": 60}, "e_ss": {"FileOffset": 14, "Value": 0, "Offset": 14}, "e_magic": {"FileOffset": 0, "Value": 23117, "Offset": 0}, "e_oeminfo": {"FileOffset": 38, "Value": 0, "Offset": 38}, "e_res2": {"FileOffset": 40, "Value": "", "Offset": 40}, "e_res": {"FileOffset": 28, "Value": "", "Offset": 28}, "e_sp": {"FileOffset": 16, "Value": 184, "Offset": 16}, "Structure": "IMAGE_DOS_HEADER", "e_ip": {"FileOffset": 20, "Value": 0, "Offset": 20}}, "NT_HEADERS": {"Structure": "IMAGE_NT_HEADERS", "Signature": {"FileOffset": 232, "Value": 17744, "Offset": 0}}, "Flags": ["IMAGE_FILE_LOCAL_SYMS_STRIPPED", "IMAGE_FILE_32BIT_MACHINE", "IMAGE_FILE_EXECUTABLE_IMAGE", "IMAGE_FILE_LINE_NUMS_STRIPPED", "IMAGE_FILE_RELOCS_STRIPPED"], "Imported symbols": [[{"TimeDateStamp": {"FileOffset": 37404, "Value": "0x0        [Thu Jan  1 00:00:00 1970 UTC]", "Offset": 4}, "Name": {"FileOffset": 37412, "Value": 43240, "Offset": 12}, "ForwarderChain": {"FileOffset": 37408, "Value": 0, "Offset": 8}, "OriginalFirstThunk": {"FileOffset": 37400, "Value": 42636, "Offset": 0}, "FirstThunk": {"FileOffset": 37416, "Value": 40976, "Offset": 16}, "Characteristics": {"FileOffset": 37400, "Value": 42636, "Offset": 0}, "Structure": "IMAGE_IMPORT_DESCRIPTOR"}, {"Hint": 629, "Name": "MultiByteToWideChar", "DLL": "KERNEL32.dll"}, {"Hint": 854, "Name": "Sleep", "DLL": "KERNEL32.dll"}, {"Hint": 52, "Name": "CloseHandle", "DLL": "KERNEL32.dll"}, {"Hint": 862, "Name": "TerminateProcess", "DLL": "KERNEL32.dll"}, {"Hint": 932, "Name": "WriteFile", "DLL": "KERNEL32.dll"}, {"Hint": 693, "Name": "ReadFile", "DLL": "KERNEL32.dll"}, {"Hint": 657, "Name": "PeekNamedPipe", "DLL": "KERNEL32.dll"}, {"Hint": 102, "Name": "CreateProcessA", "DLL": "KERNEL32.dll"}, {"Hint": 449, "Name": "GetSystemDirectoryA", "DLL": "KERNEL32.dll"}, {"Hint": 101, "Name": "CreatePipe", "DLL": "KERNEL32.dll"}, {"Hint": 276, "Name": "GetComputerNameA", "DLL": "KERNEL32.dll"}, {"Hint": 511, "Name": "GlobalFree", "DLL": "KERNEL32.dll"}, {"Hint": 322, "Name": "GetCurrentProcess", "DLL": "KERNEL32.dll"}, {"Hint": 344, "Name": "GetEnvironmentVariableA", "DLL": "KERNEL32.dll"}, {"Hint": 381, "Name": "GetModuleFileNameA", "DLL": "KERNEL32.dll"}, {"Hint": 67, "Name": "CopyFileA", "DLL": "KERNEL32.dll"}, {"Hint": 369, "Name": "GetLastError", "DLL": "KERNEL32.dll"}, {"Hint": 371, "Name": "GetLocalTime", "DLL": "KERNEL32.dll"}, {"Hint": 580, "Name": "LCMapStringA", "DLL": "KERNEL32.dll"}, {"Hint": 784, "Name": "SetEndOfFile", "DLL": "KERNEL32.dll"}, {"Hint": 594, "Name": "LoadLibraryA", "DLL": "KERNEL32.dll"}, {"Hint": 416, "Name": "GetProcAddress", "DLL": "KERNEL32.dll"}, {"Hint": 403, "Name": "GetOEMCP", "DLL": "KERNEL32.dll"}, {"Hint": 253, "Name": "GetACP", "DLL": "KERNEL32.dll"}, {"Hint": 260, "Name": "GetCPInfo", "DLL": "KERNEL32.dll"}, {"Hint": 445, "Name": "GetStringTypeW", "DLL": "KERNEL32.dll"}, {"Hint": 442, "Name": "GetStringTypeA", "DLL": "KERNEL32.dll"}, {"Hint": 83, "Name": "CreateFileA", "DLL": "KERNEL32.dll"}, {"Hint": 238, "Name": "FlushFileBuffers", "DLL": "KERNEL32.dll"}, {"Hint": 823, "Name": "SetStdHandle", "DLL": "KERNEL32.dll"}, {"Hint": 538, "Name": "HeapReAlloc", "DLL": "KERNEL32.dll"}, {"Hint": 581, "Name": "LCMapStringW", "DLL": "KERNEL32.dll"}, {"Hint": 897, "Name": "VirtualAlloc", "DLL": "KERNEL32.dll"}, {"Hint": 727, "Name": "RtlUnwind", "DLL": "KERNEL32.dll"}, {"Hint": 383, "Name": "GetModuleHandleA", "DLL": "KERNEL32.dll"}, {"Hint": 439, "Name": "GetStartupInfoA", "DLL": "KERNEL32.dll"}, {"Hint": 272, "Name": "GetCommandLineA", "DLL": "KERNEL32.dll"}, {"Hint": 488, "Name": "GetVersion", "DLL": "KERNEL32.dll"}, {"Hint": 185, "Name": "ExitProcess", "DLL": "KERNEL32.dll"}, {"Hint": 534, "Name": "HeapFree", "DLL": "KERNEL32.dll"}, {"Hint": 528, "Name": "HeapAlloc", "DLL": "KERNEL32.dll"}, {"Hint": 804, "Name": "SetHandleCount", "DLL": "KERNEL32.dll"}, {"Hint": 441, "Name": "GetStdHandle", "DLL": "KERNEL32.dll"}, {"Hint": 358, "Name": "GetFileType", "DLL": "KERNEL32.dll"}, {"Hint": 795, "Name": "SetFilePointer", "DLL": "KERNEL32.dll"}, {"Hint": 878, "Name": "UnhandledExceptionFilter", "DLL": "KERNEL32.dll"}, {"Hint": 246, "Name": "FreeEnvironmentStringsA", "DLL": "KERNEL32.dll"}, {"Hint": 247, "Name": "FreeEnvironmentStringsW", "DLL": "KERNEL32.dll"}, {"Hint": 916, "Name": "WideCharToMultiByte", "DLL": "KERNEL32.dll"}, {"Hint": 341, "Name": "GetEnvironmentStrings", "DLL": "KERNEL32.dll"}, {"Hint": 343, "Name": "GetEnvironmentStringsW", "DLL": "KERNEL32.dll"}, {"Hint": 489, "Name": "GetVersionExA", "DLL": "KERNEL32.dll"}, {"Hint": 532, "Name": "HeapDestroy", "DLL": "KERNEL32.dll"}, {"Hint": 530, "Name": "HeapCreate", "DLL": "KERNEL32.dll"}, {"Hint": 899, "Name": "VirtualFree", "DLL": "KERNEL32.dll"}, {"Hint": 842, "Name": "SetUnhandledExceptionFilter", "DLL": "KERNEL32.dll"}, {"Hint": 563, "Name": "IsBadReadPtr", "DLL": "KERNEL32.dll"}, {"Hint": 566, "Name": "IsBadWritePtr", "DLL": "KERNEL32.dll"}, {"Hint": 560, "Name": "IsBadCodePtr", "DLL": "KERNEL32.dll"}], [{"TimeDateStamp": {"FileOffset": 37424, "Value": "0x0        [Thu Jan  1 00:00:00 1970 UTC]", "Offset": 4}, "Name": {"FileOffset": 37432, "Value": 43302, "Offset": 12}, "ForwarderChain": {"FileOffset": 37428, "Value": 0, "Offset": 8}, "OriginalFirstThunk": {"FileOffset": 37420, "Value": 42620, "Offset": 0}, "FirstThunk": {"FileOffset": 37436, "Value": 40960, "Offset": 16}, "Characteristics": {"FileOffset": 37420, "Value": 42620, "Offset": 0}, "Structure": "IMAGE_IMPORT_DESCRIPTOR"}, {"Hint": 516, "Name": "RegSetValueExA", "DLL": "ADVAPI32.dll"}, {"Hint": 459, "Name": "RegCloseKey", "DLL": "ADVAPI32.dll"}, {"Hint": 492, "Name": "RegOpenKeyExA", "DLL": "ADVAPI32.dll"}], [{"TimeDateStamp": {"FileOffset": 37444, "Value": "0x0        [Thu Jan  1 00:00:00 1970 UTC]", "Offset": 4}, "Name": {"FileOffset": 37452, "Value": 43342, "Offset": 12}, "ForwarderChain": {"FileOffset": 37448, "Value": 0, "Offset": 8}, "OriginalFirstThunk": {"FileOffset": 37440, "Value": 42876, "Offset": 0}, "FirstThunk": {"FileOffset": 37456, "Value": 41216, "Offset": 16}, "Characteristics": {"FileOffset": 37440, "Value": 42876, "Offset": 0}, "Structure": "IMAGE_IMPORT_DESCRIPTOR"}, {"Hint": 196, "Name": "SHGetSpecialFolderPathA", "DLL": "SHELL32.dll"}], [{"TimeDateStamp": {"FileOffset": 37464, "Value": "0x0        [Thu Jan  1 00:00:00 1970 UTC]", "Offset": 4}, "Name": {"FileOffset": 37472, "Value": 43622, "Offset": 12}, "ForwarderChain": {"FileOffset": 37468, "Value": 0, "Offset": 8}, "OriginalFirstThunk": {"FileOffset": 37460, "Value": 42884, "Offset": 0}, "FirstThunk": {"FileOffset": 37476, "Value": 41224, "Offset": 16}, "Characteristics": {"FileOffset": 37460, "Value": 42884, "Offset": 0}, "Structure": "IMAGE_IMPORT_DESCRIPTOR"}, {"Hint": 26, "Name": "WinHttpSetOption", "DLL": "WINHTTP.dll"}, {"Hint": 15, "Name": "WinHttpOpen", "DLL": "WINHTTP.dll"}, {"Hint": 8, "Name": "WinHttpConnect", "DLL": "WINHTTP.dll"}, {"Hint": 16, "Name": "WinHttpOpenRequest", "DLL": "WINHTTP.dll"}, {"Hint": 31, "Name": "WinHttpWriteData", "DLL": "WINHTTP.dll"}, {"Hint": 23, "Name": "WinHttpSendRequest", "DLL": "WINHTTP.dll"}, {"Hint": 22, "Name": "WinHttpReceiveResponse", "DLL": "WINHTTP.dll"}, {"Hint": 21, "Name": "WinHttpReadData", "DLL": "WINHTTP.dll"}, {"Hint": 7, "Name": "WinHttpCloseHandle", "DLL": "WINHTTP.dll"}, {"Hint": 14, "Name": "WinHttpGetProxyForUrl", "DLL": "WINHTTP.dll"}, {"Hint": 20, "Name": "WinHttpQueryOption", "DLL": "WINHTTP.dll"}, {"Hint": 13, "Name": "WinHttpGetIEProxyConfigForCurrentUser", "DLL": "WINHTTP.dll"}]], "PE Sections": [{"PointerToRawData": {"FileOffset": 500, "Value": 1024, "Offset": 20}, "SHA1": "f1704262b2a5d5ffa6570a7aa85c6d2abc380417", "SHA256": "d030eda88f3e71e86b55fb4ae864177f980303d1a403e616fb03a30c8fc550c2", "Name": {"FileOffset": 480, "Value": ".text", "Offset": 0}, "NumberOfRelocations": {"FileOffset": 512, "Value": 0, "Offset": 32}, "Misc_VirtualSize": {"FileOffset": 488, "Value": 34474, "Offset": 8}, "Characteristics": {"FileOffset": 516, "Value": 1610612768, "Offset": 36}, "Misc": {"FileOffset": 488, "Value": 34474, "Offset": 8}, "PointerToLinenumbers": {"FileOffset": 508, "Value": 0, "Offset": 28}, "SizeOfRawData": {"FileOffset": 496, "Value": 34816, "Offset": 16}, "Misc_PhysicalAddress": {"FileOffset": 488, "Value": 34474, "Offset": 8}, "PointerToRelocations": {"FileOffset": 504, "Value": 0, "Offset": 24}, "Flags": ["IMAGE_SCN_MEM_EXECUTE", "IMAGE_SCN_CNT_CODE", "IMAGE_SCN_MEM_READ"], "SHA512": "4437e92f094217edf54534a3d8ca14b7b6a0b35adfb830cedd3f1f42bf8cf202dfb417297434a2835cedfd80a3e86bfced0761537d5a2b5caf35e10bfec649b4", "MD5": "7a5e7b6cdd5e85db3325d9606ccf495b", "Entropy": 6.646724164244461, "VirtualAddress": {"FileOffset": 492, "Value": 4096, "Offset": 12}, "Structure": "IMAGE_SECTION_HEADER", "NumberOfLinenumbers": {"FileOffset": 514, "Value": 0, "Offset": 34}}, {"PointerToRawData": {"FileOffset": 540, "Value": 35840, "Offset": 20}, "SHA1": "85719c03923474570ca900a6591df5d12813b222", "SHA256": "1f05cec892994ee542dbba0227a7036fe7870f613049edf755701b3597893c57", "Name": {"FileOffset": 520, "Value": ".rdata", "Offset": 0}, "NumberOfRelocations": {"FileOffset": 552, "Value": 0, "Offset": 32}, "Misc_VirtualSize": {"FileOffset": 528, "Value": 3380, "Offset": 8}, "Characteristics": {"FileOffset": 556, "Value": 1073741888, "Offset": 36}, "Misc": {"FileOffset": 528, "Value": 3380, "Offset": 8}, "PointerToLinenumbers": {"FileOffset": 548, "Value": 0, "Offset": 28}, "SizeOfRawData": {"FileOffset": 536, "Value": 3584, "Offset": 16}, "Misc_PhysicalAddress": {"FileOffset": 528, "Value": 3380, "Offset": 8}, "PointerToRelocations": {"FileOffset": 544, "Value": 0, "Offset": 24}, "Flags": ["IMAGE_SCN_CNT_INITIALIZED_DATA", "IMAGE_SCN_MEM_READ"], "SHA512": "5ccd129cd73804fd0c3b8f3f1d74e3c8120d12c3134337077031d6380047ed011e99d77bd59888417606ef1c29cfb98004ef04e400c7e1a3d0ca2d2c2e4b71e7", "MD5": "05941c3f837e7b0bbc9fb0c9bff8caee", "Entropy": 5.220210664082884, "VirtualAddress": {"FileOffset": 532, "Value": 40960, "Offset": 12}, "Structure": "IMAGE_SECTION_HEADER", "NumberOfLinenumbers": {"FileOffset": 554, "Value": 0, "Offset": 34}}, {"PointerToRawData": {"FileOffset": 580, "Value": 39424, "Offset": 20}, "SHA1": "3576edd31e78faa8e65c8dbd94716fce390384c2", "SHA256": "5051f8811dac4c505ffcf5a4b0738a02a0b020e55fd8a633735a76faa2ed21c4", "Name": {"FileOffset": 560, "Value": ".data", "Offset": 0}, "NumberOfRelocations": {"FileOffset": 592, "Value": 0, "Offset": 32}, "Misc_VirtualSize": {"FileOffset": 568, "Value": 23868, "Offset": 8}, "Characteristics": {"FileOffset": 596, "Value": 3221225536, "Offset": 36}, "Misc": {"FileOffset": 568, "Value": 23868, "Offset": 8}, "PointerToLinenumbers": {"FileOffset": 588, "Value": 0, "Offset": 28}, "SizeOfRawData": {"FileOffset": 576, "Value": 11264, "Offset": 16}, "Misc_PhysicalAddress": {"FileOffset": 568, "Value": 23868, "Offset": 8}, "PointerToRelocations": {"FileOffset": 584, "Value": 0, "Offset": 24}, "Flags": ["IMAGE_SCN_CNT_INITIALIZED_DATA", "IMAGE_SCN_MEM_WRITE", "IMAGE_SCN_MEM_READ"], "SHA512": "d165d99af42c16a4cb15dd39c8954f9ce0bffb040252a2a76962d980d4eeef378acfd57eae77867b7a6334ddc352dcc803c54f04a49c3d96b7326312525f712d", "MD5": "a92e0f082bb50663ab5932e1d2d4bf92", "Entropy": 0.8510214741447397, "VirtualAddress": {"FileOffset": 572, "Value": 45056, "Offset": 12}, "Structure": "IMAGE_SECTION_HEADER", "NumberOfLinenumbers": {"FileOffset": 594, "Value": 0, "Offset": 34}}]}
