{"DllCharacteristics": [], "FILE_HEADER": {"NumberOfSections": {"FileOffset": 222, "Value": 4, "Offset": 2}, "TimeDateStamp": {"FileOffset": 224, "Value": "0x4F506849 [Fri Mar  2 06:27:21 2012 UTC]", "Offset": 4}, "PointerToSymbolTable": {"FileOffset": 228, "Value": 0, "Offset": 8}, "NumberOfSymbols": {"FileOffset": 232, "Value": 0, "Offset": 12}, "Machine": {"FileOffset": 220, "Value": 332, "Offset": 0}, "Characteristics": {"FileOffset": 238, "Value": 271, "Offset": 18}, "SizeOfOptionalHeader": {"FileOffset": 236, "Value": 224, "Offset": 16}, "Structure": "IMAGE_FILE_HEADER"}, "Directories": [{"VirtualAddress": {"FileOffset": 336, "Value": 0, "Offset": 0}, "Structure": "IMAGE_DIRECTORY_ENTRY_EXPORT", "Size": {"FileOffset": 340, "Value": 0, "Offset": 4}}, {"VirtualAddress": {"FileOffset": 344, "Value": 16792, "Offset": 0}, "Structure": "IMAGE_DIRECTORY_ENTRY_IMPORT", "Size": {"FileOffset": 348, "Value": 120, "Offset": 4}}, {"VirtualAddress": {"FileOffset": 352, "Value": 28672, "Offset": 0}, "Structure": "IMAGE_DIRECTORY_ENTRY_RESOURCE", "Size": {"FileOffset": 356, "Value": 1088, "Offset": 4}}, {"VirtualAddress": {"FileOffset": 360, "Value": 0, "Offset": 0}, "Structure": "IMAGE_DIRECTORY_ENTRY_EXCEPTION", "Size": {"FileOffset": 364, "Value": 0, "Offset": 4}}, {"VirtualAddress": {"FileOffset": 368, "Value": 0, "Offset": 0}, "Structure": "IMAGE_DIRECTORY_ENTRY_SECURITY", "Size": {"FileOffset": 372, "Value": 0, "Offset": 4}}, {"VirtualAddress": {"FileOffset": 376, "Value": 0, "Offset": 0}, "Structure": "IMAGE_DIRECTORY_ENTRY_BASERELOC", "Size": {"FileOffset": 380, "Value": 0, "Offset": 4}}, {"VirtualAddress": {"FileOffset": 384, "Value": 0, "Offset": 0}, "Structure": "IMAGE_DIRECTORY_ENTRY_DEBUG", "Size": {"FileOffset": 388, "Value": 0, "Offset": 4}}, {"VirtualAddress": {"FileOffset": 392, "Value": 0, "Offset": 0}, "Structure": "IMAGE_DIRECTORY_ENTRY_COPYRIGHT", "Size": {"FileOffset": 396, "Value": 0, "Offset": 4}}, {"VirtualAddress": {"FileOffset": 400, "Value": 0, "Offset": 0}, "Structure": "IMAGE_DIRECTORY_ENTRY_GLOBALPTR", "Size": {"FileOffset": 404, "Value": 0, "Offset": 4}}, {"VirtualAddress": {"FileOffset": 408, "Value": 0, "Offset": 0}, "Structure": "IMAGE_DIRECTORY_ENTRY_TLS", "Size": {"FileOffset": 412, "Value": 0, "Offset": 4}}, {"VirtualAddress": {"FileOffset": 416, "Value": 0, "Offset": 0}, "Structure": "IMAGE_DIRECTORY_ENTRY_LOAD_CONFIG", "Size": {"FileOffset": 420, "Value": 0, "Offset": 4}}, {"VirtualAddress": {"FileOffset": 424, "Value": 0, "Offset": 0}, "Structure": "IMAGE_DIRECTORY_ENTRY_BOUND_IMPORT", "Size": {"FileOffset": 428, "Value": 0, "Offset": 4}}, {"VirtualAddress": {"FileOffset": 432, "Value": 16384, "Offset": 0}, "Structure": "IMAGE_DIRECTORY_ENTRY_IAT", "Size": {"FileOffset": 436, "Value": 344, "Offset": 4}}, {"VirtualAddress": {"FileOffset": 440, "Value": 0, "Offset": 0}, "Structure": "IMAGE_DIRECTORY_ENTRY_DELAY_IMPORT", "Size": {"FileOffset": 444, "Value": 0, "Offset": 4}}, {"VirtualAddress": {"FileOffset": 448, "Value": 0, "Offset": 0}, "Structure": "IMAGE_DIRECTORY_ENTRY_COM_DESCRIPTOR", "Size": {"FileOffset": 452, "Value": 0, "Offset": 4}}, {"VirtualAddress": {"FileOffset": 456, "Value": 0, "Offset": 0}, "Structure": "IMAGE_DIRECTORY_ENTRY_RESERVED", "Size": {"FileOffset": 460, "Value": 0, "Offset": 4}}], "OPTIONAL_HEADER": {"DllCharacteristics": {"FileOffset": 310, "Value": 0, "Offset": 70}, "BaseOfCode": {"FileOffset": 260, "Value": 4096, "Offset": 20}, "MajorLinkerVersion": {"FileOffset": 242, "Value": 6, "Offset": 2}, "MinorOperatingSystemVersion": {"FileOffset": 282, "Value": 0, "Offset": 42}, "MinorLinkerVersion": {"FileOffset": 243, "Value": 0, "Offset": 3}, "MajorSubsystemVersion": {"FileOffset": 288, "Value": 4, "Offset": 48}, "MajorOperatingSystemVersion": {"FileOffset": 280, "Value": 4, "Offset": 40}, "SizeOfStackCommit": {"FileOffset": 316, "Value": 4096, "Offset": 76}, "SizeOfUninitializedData": {"FileOffset": 252, "Value": 0, "Offset": 12}, "NumberOfRvaAndSizes": {"FileOffset": 332, "Value": 16, "Offset": 92}, "SizeOfHeapReserve": {"FileOffset": 320, "Value": 1048576, "Offset": 80}, "LoaderFlags": {"FileOffset": 328, "Value": 0, "Offset": 88}, "SizeOfHeapCommit": {"FileOffset": 324, "Value": 4096, "Offset": 84}, "SizeOfStackReserve": {"FileOffset": 312, "Value": 1048576, "Offset": 72}, "Structure": "IMAGE_OPTIONAL_HEADER", "SizeOfHeaders": {"FileOffset": 300, "Value": 1024, "Offset": 60}, "Subsystem": {"FileOffset": 308, "Value": 2, "Offset": 68}, "Magic": {"FileOffset": 240, "Value": 267, "Offset": 0}, "MinorImageVersion": {"FileOffset": 286, "Value": 0, "Offset": 46}, "MajorImageVersion": {"FileOffset": 284, "Value": 0, "Offset": 44}, "FileAlignment": {"FileOffset": 276, "Value": 512, "Offset": 36}, "BaseOfData": {"FileOffset": 264, "Value": 16384, "Offset": 24}, "AddressOfEntryPoint": {"FileOffset": 256, "Value": 15644, "Offset": 16}, "SectionAlignment": {"FileOffset": 272, "Value": 4096, "Offset": 32}, "SizeOfCode": {"FileOffset": 244, "Value": 12288, "Offset": 4}, "ImageBase": {"FileOffset": 268, "Value": 4194304, "Offset": 28}, "SizeOfInitializedData": {"FileOffset": 248, "Value": 9728, "Offset": 8}, "SizeOfImage": {"FileOffset": 296, "Value": 32768, "Offset": 56}, "MinorSubsystemVersion": {"FileOffset": 290, "Value": 0, "Offset": 50}, "CheckSum": {"FileOffset": 304, "Value": 0, "Offset": 64}, "Reserved1": {"FileOffset": 292, "Value": 0, "Offset": 52}}, "DOS_HEADER": {"e_cblp": {"FileOffset": 2, "Value": 144, "Offset": 2}, "e_crlc": {"FileOffset": 6, "Value": 0, "Offset": 6}, "e_ovno": {"FileOffset": 26, "Value": 0, "Offset": 26}, "e_minalloc": {"FileOffset": 10, "Value": 0, "Offset": 10}, "e_csum": {"FileOffset": 18, "Value": 0, "Offset": 18}, "e_cparhdr": {"FileOffset": 8, "Value": 4, "Offset": 8}, "e_cp": {"FileOffset": 4, "Value": 3, "Offset": 4}, "e_cs": {"FileOffset": 22, "Value": 0, "Offset": 22}, "e_maxalloc": {"FileOffset": 12, "Value": 65535, "Offset": 12}, "e_lfarlc": {"FileOffset": 24, "Value": 64, "Offset": 24}, "e_oemid": {"FileOffset": 36, "Value": 0, "Offset": 36}, "e_lfanew": {"FileOffset": 60, "Value": 216, "Offset": 60}, "e_ss": {"FileOffset": 14, "Value": 0, "Offset": 14}, "e_magic": {"FileOffset": 0, "Value": 23117, "Offset": 0}, "e_oeminfo": {"FileOffset": 38, "Value": 0, "Offset": 38}, "e_res2": {"FileOffset": 40, "Value": "", "Offset": 40}, "e_res": {"FileOffset": 28, "Value": "", "Offset": 28}, "e_sp": {"FileOffset": 16, "Value": 184, "Offset": 16}, "Structure": "IMAGE_DOS_HEADER", "e_ip": {"FileOffset": 20, "Value": 0, "Offset": 20}}, "NT_HEADERS": {"Structure": "IMAGE_NT_HEADERS", "Signature": {"FileOffset": 216, "Value": 17744, "Offset": 0}}, "Flags": ["IMAGE_FILE_LOCAL_SYMS_STRIPPED", "IMAGE_FILE_32BIT_MACHINE", "IMAGE_FILE_EXECUTABLE_IMAGE", "IMAGE_FILE_LINE_NUMS_STRIPPED", "IMAGE_FILE_RELOCS_STRIPPED"], "Version Information": [{"ValueLength": {"FileOffset": 20130, "Value": 52, "Offset": 2}, "Length": {"FileOffset": 20128, "Value": 792, "Offset": 0}, "Type": {"FileOffset": 20132, "Value": 0, "Offset": 4}, "Structure": "VS_VERSIONINFO"}, {"FileFlagsMask": {"FileOffset": 20192, "Value": 63, "Offset": 24}, "FileType": {"FileOffset": 20204, "Value": 1, "Offset": 36}, "FileVersionMS": {"FileOffset": 20176, "Value": 65536, "Offset": 8}, "FileVersionLS": {"FileOffset": 20180, "Value": 1, "Offset": 12}, "Signature": {"FileOffset": 20168, "Value": 4277077181, "Offset": 0}, "FileSubtype": {"FileOffset": 20208, "Value": 0, "Offset": 40}, "FileFlags": {"FileOffset": 20196, "Value": 0, "Offset": 28}, "FileDateLS": {"FileOffset": 20216, "Value": 0, "Offset": 48}, "ProductVersionLS": {"FileOffset": 20188, "Value": 1, "Offset": 20}, "FileOS": {"FileOffset": 20200, "Value": 262148, "Offset": 32}, "ProductVersionMS": {"FileOffset": 20184, "Value": 65536, "Offset": 16}, "FileDateMS": {"FileOffset": 20212, "Value": 0, "Offset": 44}, "Structure": "VS_FIXEDFILEINFO", "StrucVersion": {"FileOffset": 20172, "Value": 65536, "Offset": 4}}], "Imported symbols": [[{"TimeDateStamp": {"FileOffset": 13724, "Value": "0x0        [Thu Jan  1 00:00:00 1970 UTC]", "Offset": 4}, "Name": {"FileOffset": 13732, "Value": 17506, "Offset": 12}, "ForwarderChain": {"FileOffset": 13728, "Value": 0, "Offset": 8}, "OriginalFirstThunk": {"FileOffset": 13720, "Value": 17056, "Offset": 0}, "FirstThunk": {"FileOffset": 13736, "Value": 16528, "Offset": 16}, "Characteristics": {"FileOffset": 13720, "Value": 17056, "Offset": 0}, "Structure": "IMAGE_IMPORT_DESCRIPTOR"}, {"Hint": 183, "Name": "_controlfp", "DLL": "MSVCRT.dll"}, {"Hint": 202, "Name": "_except_handler3", "DLL": "MSVCRT.dll"}, {"Hint": 129, "Name": "__set_app_type", "DLL": "MSVCRT.dll"}, {"Hint": 111, "Name": "__p__fmode", "DLL": "MSVCRT.dll"}, {"Hint": 106, "Name": "__p__commode", "DLL": "MSVCRT.dll"}, {"Hint": 157, "Name": "_adjust_fdiv", "DLL": "MSVCRT.dll"}, {"Hint": 16, "Name": "??3@YAXPAX@Z", "DLL": "MSVCRT.dll"}, {"Hint": 131, "Name": "__setusermatherr", "DLL": "MSVCRT.dll"}, {"Hint": 271, "Name": "_initterm", "DLL": "MSVCRT.dll"}, {"Hint": 88, "Name": "__getmainargs", "DLL": "MSVCRT.dll"}, {"Hint": 143, "Name": "_acmdln", "DLL": "MSVCRT.dll"}, {"Hint": 585, "Name": "exit", "DLL": "MSVCRT.dll"}, {"Hint": 72, "Name": "_XcptFilter", "DLL": "MSVCRT.dll"}, {"Hint": 211, "Name": "_exit", "DLL": "MSVCRT.dll"}, {"Hint": 703, "Name": "strncat", "DLL": "MSVCRT.dll"}, {"Hint": 678, "Name": "rand", "DLL": "MSVCRT.dll"}, {"Hint": 690, "Name": "sprintf", "DLL": "MSVCRT.dll"}, {"Hint": 610, "Name": "fseek", "DLL": "MSVCRT.dll"}, {"Hint": 605, "Name": "fread", "DLL": "MSVCRT.dll"}, {"Hint": 612, "Name": "ftell", "DLL": "MSVCRT.dll"}, {"Hint": 599, "Name": "fopen", "DLL": "MSVCRT.dll"}, {"Hint": 614, "Name": "fwrite", "DLL": "MSVCRT.dll"}, {"Hint": 591, "Name": "fflush", "DLL": "MSVCRT.dll"}, {"Hint": 588, "Name": "fclose", "DLL": "MSVCRT.dll"}, {"Hint": 73, "Name": "__CxxFrameHandler", "DLL": "MSVCRT.dll"}, {"Hint": 693, "Name": "sscanf", "DLL": "MSVCRT.dll"}, {"Hint": 453, "Name": "_strnicmp", "DLL": "MSVCRT.dll"}, {"Hint": 707, "Name": "strrchr", "DLL": "MSVCRT.dll"}, {"Hint": 720, "Name": "time", "DLL": "MSVCRT.dll"}, {"Hint": 692, "Name": "srand", "DLL": "MSVCRT.dll"}, {"Hint": 430, "Name": "_snprintf", "DLL": "MSVCRT.dll"}, {"Hint": 704, "Name": "strncmp", "DLL": "MSVCRT.dll"}, {"Hint": 657, "Name": "malloc", "DLL": "MSVCRT.dll"}, {"Hint": 606, "Name": "free", "DLL": "MSVCRT.dll"}, {"Hint": 709, "Name": "strstr", "DLL": "MSVCRT.dll"}, {"Hint": 695, "Name": "strchr", "DLL": "MSVCRT.dll"}, {"Hint": 15, "Name": "??2@YAPAXI@Z", "DLL": "MSVCRT.dll"}], [{"TimeDateStamp": {"FileOffset": 13744, "Value": "0x0        [Thu Jan  1 00:00:00 1970 UTC]", "Offset": 4}, "Name": {"FileOffset": 13752, "Value": 18328, "Offset": 12}, "ForwarderChain": {"FileOffset": 13748, "Value": 0, "Offset": 8}, "OriginalFirstThunk": {"FileOffset": 13740, "Value": 16912, "Offset": 0}, "FirstThunk": {"FileOffset": 13756, "Value": 16384, "Offset": 16}, "Characteristics": {"FileOffset": 13740, "Value": 16912, "Offset": 0}, "Structure": "IMAGE_IMPORT_DESCRIPTOR"}, {"Hint": 339, "Name": "GetExitCodeThread", "DLL": "KERNEL32.dll"}, {"Hint": 375, "Name": "GetModuleHandleA", "DLL": "KERNEL32.dll"}, {"Hint": 429, "Name": "GetShortPathNameA", "DLL": "KERNEL32.dll"}, {"Hint": 336, "Name": "GetEnvironmentVariableA", "DLL": "KERNEL32.dll"}, {"Hint": 953, "Name": "lstrcpyA", "DLL": "KERNEL32.dll"}, {"Hint": 944, "Name": "lstrcatA", "DLL": "KERNEL32.dll"}, {"Hint": 314, "Name": "GetCurrentProcess", "DLL": "KERNEL32.dll"}, {"Hint": 806, "Name": "SetPriorityClass", "DLL": "KERNEL32.dll"}, {"Hint": 317, "Name": "GetCurrentThread", "DLL": "KERNEL32.dll"}, {"Hint": 824, "Name": "SetThreadPriority", "DLL": "KERNEL32.dll"}, {"Hint": 808, "Name": "SetProcessPriorityBoost", "DLL": "KERNEL32.dll"}, {"Hint": 312, "Name": "GetCurrentDirectoryA", "DLL": "KERNEL32.dll"}, {"Hint": 61, "Name": "CopyFileA", "DLL": "KERNEL32.dll"}, {"Hint": 124, "Name": "DeleteFileA", "DLL": "KERNEL32.dll"}, {"Hint": 373, "Name": "GetModuleFileNameA", "DLL": "KERNEL32.dll"}, {"Hint": 239, "Name": "FreeLibrary", "DLL": "KERNEL32.dll"}, {"Hint": 919, "Name": "WriteFile", "DLL": "KERNEL32.dll"}, {"Hint": 229, "Name": "FlushFileBuffers", "DLL": "KERNEL32.dll"}, {"Hint": 459, "Name": "GetTempPathA", "DLL": "KERNEL32.dll"}, {"Hint": 647, "Name": "PeekNamedPipe", "DLL": "KERNEL32.dll"}, {"Hint": 683, "Name": "ReadFile", "DLL": "KERNEL32.dll"}, {"Hint": 584, "Name": "LoadLibraryA", "DLL": "KERNEL32.dll"}, {"Hint": 408, "Name": "GetProcAddress", "DLL": "KERNEL32.dll"}, {"Hint": 441, "Name": "GetSystemDirectoryA", "DLL": "KERNEL32.dll"}, {"Hint": 841, "Name": "Sleep", "DLL": "KERNEL32.dll"}, {"Hint": 95, "Name": "CreatePipe", "DLL": "KERNEL32.dll"}, {"Hint": 431, "Name": "GetStartupInfoA", "DLL": "KERNEL32.dll"}, {"Hint": 96, "Name": "CreateProcessA", "DLL": "KERNEL32.dll"}, {"Hint": 361, "Name": "GetLastError", "DLL": "KERNEL32.dll"}, {"Hint": 105, "Name": "CreateThread", "DLL": "KERNEL32.dll"}, {"Hint": 899, "Name": "WaitForMultipleObjects", "DLL": "KERNEL32.dll"}, {"Hint": 850, "Name": "TerminateThread", "DLL": "KERNEL32.dll"}, {"Hint": 338, "Name": "GetExitCodeProcess", "DLL": "KERNEL32.dll"}, {"Hint": 849, "Name": "TerminateProcess", "DLL": "KERNEL32.dll"}, {"Hint": 46, "Name": "CloseHandle", "DLL": "KERNEL32.dll"}], [{"TimeDateStamp": {"FileOffset": 13764, "Value": "0x0        [Thu Jan  1 00:00:00 1970 UTC]", "Offset": 4}, "Name": {"FileOffset": 13772, "Value": 18356, "Offset": 12}, "ForwarderChain": {"FileOffset": 13768, "Value": 0, "Offset": 8}, "OriginalFirstThunk": {"FileOffset": 13760, "Value": 17220, "Offset": 0}, "FirstThunk": {"FileOffset": 13776, "Value": 16692, "Offset": 16}, "Characteristics": {"FileOffset": 13760, "Value": 17220, "Offset": 0}, "Structure": "IMAGE_IMPORT_DESCRIPTOR"}, {"Hint": 458, "Name": "LoadStringA", "DLL": "USER32.dll"}], [{"TimeDateStamp": {"FileOffset": 13784, "Value": "0x0        [Thu Jan  1 00:00:00 1970 UTC]", "Offset": 4}, "Name": {"FileOffset": 13792, "Value": 18404, "Offset": 12}, "ForwarderChain": {"FileOffset": 13788, "Value": 0, "Offset": 8}, "OriginalFirstThunk": {"FileOffset": 13780, "Value": 17208, "Offset": 0}, "FirstThunk": {"FileOffset": 13796, "Value": 16680, "Offset": 16}, "Characteristics": {"FileOffset": 13780, "Value": 17208, "Offset": 0}, "Structure": "IMAGE_IMPORT_DESCRIPTOR"}, {"Hint": 265, "Name": "ShellExecuteExA", "DLL": "SHELL32.dll"}, {"Hint": 126, "Name": "SHChangeNotify", "DLL": "SHELL32.dll"}], [{"TimeDateStamp": {"FileOffset": 13804, "Value": "0x0        [Thu Jan  1 00:00:00 1970 UTC]", "Offset": 4}, "Name": {"FileOffset": 13812, "Value": 18534, "Offset": 12}, "ForwarderChain": {"FileOffset": 13808, "Value": 0, "Offset": 8}, "OriginalFirstThunk": {"FileOffset": 13800, "Value": 17228, "Offset": 0}, "FirstThunk": {"FileOffset": 13816, "Value": 16700, "Offset": 16}, "Characteristics": {"FileOffset": 13800, "Value": 17228, "Offset": 0}, "Structure": "IMAGE_IMPORT_DESCRIPTOR"}, {"Hint": 89, "Name": "HttpSendRequestA", "DLL": "WININET.dll"}, {"Hint": 85, "Name": "HttpOpenRequestA", "DLL": "WININET.dll"}, {"Hint": 105, "Name": "InternetCloseHandle", "DLL": "WININET.dll"}, {"Hint": 111, "Name": "InternetConnectA", "DLL": "WININET.dll"}, {"Hint": 146, "Name": "InternetOpenA", "DLL": "WININET.dll"}, {"Hint": 147, "Name": "InternetOpenUrlA", "DLL": "WININET.dll"}]], "PE Sections": [{"PointerToRawData": {"FileOffset": 484, "Value": 1024, "Offset": 20}, "SHA1": "59d3540b49706e42306703028fcb306ccf4d481c", "SHA256": "2114a63b36e8043a6719fdaee0b4abc7ac0022d90b7ac6d8740e5f358372f0f0", "Name": {"FileOffset": 464, "Value": ".text", "Offset": 0}, "NumberOfRelocations": {"FileOffset": 496, "Value": 0, "Offset": 32}, "Misc_VirtualSize": {"FileOffset": 472, "Value": 11973, "Offset": 8}, "Characteristics": {"FileOffset": 500, "Value": 1610612768, "Offset": 36}, "Misc": {"FileOffset": 472, "Value": 11973, "Offset": 8}, "PointerToLinenumbers": {"FileOffset": 492, "Value": 0, "Offset": 28}, "SizeOfRawData": {"FileOffset": 480, "Value": 12288, "Offset": 16}, "Misc_PhysicalAddress": {"FileOffset": 472, "Value": 11973, "Offset": 8}, "PointerToRelocations": {"FileOffset": 488, "Value": 0, "Offset": 24}, "Flags": ["IMAGE_SCN_MEM_EXECUTE", "IMAGE_SCN_CNT_CODE", "IMAGE_SCN_MEM_READ"], "SHA512": "126823b424e2bba5f226b3699649cbbda6e6c4821286c4f0ba7ce32017af800a062c4112121858a9fb292f5fae1b96d51f539165a046a3268369f4ea8ed5c37b", "MD5": "6a4ac69ef6240915c5b685dd860a4b2f", "Entropy": 6.360410954970709, "VirtualAddress": {"FileOffset": 476, "Value": 4096, "Offset": 12}, "Structure": "IMAGE_SECTION_HEADER", "NumberOfLinenumbers": {"FileOffset": 498, "Value": 0, "Offset": 34}}, {"PointerToRawData": {"FileOffset": 524, "Value": 13312, "Offset": 20}, "SHA1": "733700f679dae15aedf197de6f2c0fc013bca0b2", "SHA256": "c0d5182b3d4f59cc0767b401bf6bbd73ea63b1208d22dea8ea5ece9a09b9dec6", "Name": {"FileOffset": 504, "Value": ".rdata", "Offset": 0}, "NumberOfRelocations": {"FileOffset": 536, "Value": 0, "Offset": 32}, "Misc_VirtualSize": {"FileOffset": 512, "Value": 2162, "Offset": 8}, "Characteristics": {"FileOffset": 540, "Value": 1073741888, "Offset": 36}, "Misc": {"FileOffset": 512, "Value": 2162, "Offset": 8}, "PointerToLinenumbers": {"FileOffset": 532, "Value": 0, "Offset": 28}, "SizeOfRawData": {"FileOffset": 520, "Value": 2560, "Offset": 16}, "Misc_PhysicalAddress": {"FileOffset": 512, "Value": 2162, "Offset": 8}, "PointerToRelocations": {"FileOffset": 528, "Value": 0, "Offset": 24}, "Flags": ["IMAGE_SCN_CNT_INITIALIZED_DATA", "IMAGE_SCN_MEM_READ"], "SHA512": "4df56c40024237762ab8abc92a5bf4e14d84d3ff7d7a245d22cc98d3771ac83a49fd0a4f8260367d3caeb35ef1d262abd3aad7c08190b704c268951260082af1", "MD5": "69e5acad29b6db45718a7e5fa10fcf30", "Entropy": 4.457528285879118, "VirtualAddress": {"FileOffset": 516, "Value": 16384, "Offset": 12}, "Structure": "IMAGE_SECTION_HEADER", "NumberOfLinenumbers": {"FileOffset": 538, "Value": 0, "Offset": 34}}, {"PointerToRawData": {"FileOffset": 564, "Value": 15872, "Offset": 20}, "SHA1": "ea267927343e14b9dd905b23c7ff17d78da8ede6", "SHA256": "1cef84a3af806ff6f1555edb8ca40f56de00b9fe0cc8fd43b85050bba25ec7f9", "Name": {"FileOffset": 544, "Value": ".data", "Offset": 0}, "NumberOfRelocations": {"FileOffset": 576, "Value": 0, "Offset": 32}, "Misc_VirtualSize": {"FileOffset": 552, "Value": 5176, "Offset": 8}, "Characteristics": {"FileOffset": 580, "Value": 3221225536, "Offset": 36}, "Misc": {"FileOffset": 552, "Value": 5176, "Offset": 8}, "PointerToLinenumbers": {"FileOffset": 572, "Value": 0, "Offset": 28}, "SizeOfRawData": {"FileOffset": 560, "Value": 4096, "Offset": 16}, "Misc_PhysicalAddress": {"FileOffset": 552, "Value": 5176, "Offset": 8}, "PointerToRelocations": {"FileOffset": 568, "Value": 0, "Offset": 24}, "Flags": ["IMAGE_SCN_CNT_INITIALIZED_DATA", "IMAGE_SCN_MEM_WRITE", "IMAGE_SCN_MEM_READ"], "SHA512": "649d75994b1c534e55bb718f5f8bc9320d29c681db2d5e5cf595270309c74189519a1cd905c893ece9631f85ac7cc82e7f96175c6f52da8c777b4ad37ab0a3e7", "MD5": "a5c71680e424a586a0d2e543b3c958d5", "Entropy": 3.0037202494956428, "VirtualAddress": {"FileOffset": 556, "Value": 20480, "Offset": 12}, "Structure": "IMAGE_SECTION_HEADER", "NumberOfLinenumbers": {"FileOffset": 578, "Value": 0, "Offset": 34}}, {"PointerToRawData": {"FileOffset": 604, "Value": 19968, "Offset": 20}, "SHA1": "4aff18dd430cd3c79d129d9b54a71fa395d469e6", "SHA256": "f9cebffff0e19d98998d8bec9d0ca148318068ee17535a992467cda135057942", "Name": {"FileOffset": 584, "Value": ".rsrc", "Offset": 0}, "NumberOfRelocations": {"FileOffset": 616, "Value": 0, "Offset": 32}, "Misc_VirtualSize": {"FileOffset": 592, "Value": 1088, "Offset": 8}, "Characteristics": {"FileOffset": 620, "Value": 1073741888, "Offset": 36}, "Misc": {"FileOffset": 592, "Value": 1088, "Offset": 8}, "PointerToLinenumbers": {"FileOffset": 612, "Value": 0, "Offset": 28}, "SizeOfRawData": {"FileOffset": 600, "Value": 1536, "Offset": 16}, "Misc_PhysicalAddress": {"FileOffset": 592, "Value": 1088, "Offset": 8}, "PointerToRelocations": {"FileOffset": 608, "Value": 0, "Offset": 24}, "Flags": ["IMAGE_SCN_CNT_INITIALIZED_DATA", "IMAGE_SCN_MEM_READ"], "SHA512": "03d3131899d7bcc7e8ad9a307d0e906ab19075ef5d0e808c6c415b73f6be120b8671b86d4f6aa4b504637552f33c8cedfdfd3d78937ae6f6b7636428050456b7", "MD5": "23d2fcd5be3815266a6dcc634915ed39", "Entropy": 2.434346454157744, "VirtualAddress": {"FileOffset": 596, "Value": 28672, "Offset": 12}, "Structure": "IMAGE_SECTION_HEADER", "NumberOfLinenumbers": {"FileOffset": 618, "Value": 0, "Offset": 34}}], "Resource directory": [{"MajorVersion": {"FileOffset": 19976, "Value": 0, "Offset": 8}, "NumberOfIdEntries": {"FileOffset": 19982, "Value": 2, "Offset": 14}, "MinorVersion": {"FileOffset": 19978, "Value": 0, "Offset": 10}, "TimeDateStamp": {"FileOffset": 19972, "Value": "0x0        [Thu Jan  1 00:00:00 1970 UTC]", "Offset": 4}, "Characteristics": {"FileOffset": 19968, "Value": 0, "Offset": 0}, "NumberOfNamedEntries": {"FileOffset": 19980, "Value": 0, "Offset": 12}, "Structure": "IMAGE_RESOURCE_DIRECTORY"}, {"Structure": "IMAGE_RESOURCE_DIRECTORY_ENTRY", "Id": [6, "RT_STRING"], "OffsetToData": {"FileOffset": 19988, "Value": 2147483680, "Offset": 4}, "Name": {"FileOffset": 19984, "Value": 6, "Offset": 0}}, [{"MajorVersion": {"FileOffset": 20008, "Value": 0, "Offset": 8}, "NumberOfIdEntries": {"FileOffset": 20014, "Value": 1, "Offset": 14}, "MinorVersion": {"FileOffset": 20010, "Value": 0, "Offset": 10}, "TimeDateStamp": {"FileOffset": 20004, "Value": "0x0        [Thu Jan  1 00:00:00 1970 UTC]", "Offset": 4}, "Characteristics": {"FileOffset": 20000, "Value": 0, "Offset": 0}, "NumberOfNamedEntries": {"FileOffset": 20012, "Value": 0, "Offset": 12}, "Structure": "IMAGE_RESOURCE_DIRECTORY"}, {"Structure": "IMAGE_RESOURCE_DIRECTORY_ENTRY", "Id": 1, "OffsetToData": {"FileOffset": 20020, "Value": 2147483728, "Offset": 4}, "Name": {"FileOffset": 20016, "Value": 1, "Offset": 0}}, [{"MajorVersion": {"FileOffset": 20056, "Value": 0, "Offset": 8}, "NumberOfIdEntries": {"FileOffset": 20062, "Value": 1, "Offset": 14}, "MinorVersion": {"FileOffset": 20058, "Value": 0, "Offset": 10}, "TimeDateStamp": {"FileOffset": 20052, "Value": "0x0        [Thu Jan  1 00:00:00 1970 UTC]", "Offset": 4}, "Characteristics": {"FileOffset": 20048, "Value": 0, "Offset": 0}, "NumberOfNamedEntries": {"FileOffset": 20060, "Value": 0, "Offset": 12}, "Structure": "IMAGE_RESOURCE_DIRECTORY"}, {"LANG": 4, "SUBLANG_NAME": "SUBLANG_CHINESE_SIMPLIFIED", "Name": {"FileOffset": 20064, "Value": 2052, "Offset": 0}, "CodePage": {"FileOffset": 20104, "Value": 0, "Offset": 8}, "LANG_NAME": "LANG_CHINESE", "OffsetToData": {"FileOffset": 20096, "Value": 29624, "Offset": 0}, "Reserved": {"FileOffset": 20108, "Value": 0, "Offset": 12}, "SUBLANG": 2, "Structure": "IMAGE_RESOURCE_DATA_ENTRY", "Size": {"FileOffset": 20100, "Value": 136, "Offset": 4}}, "GovdJlDSmgQYB1pDC#Iaz3rU4VgP4=iC1ZwdzlwTNq3XGQSOO45f"]], {"Structure": "IMAGE_RESOURCE_DIRECTORY_ENTRY", "Id": [16, "RT_VERSION"], "OffsetToData": {"FileOffset": 19996, "Value": 2147483704, "Offset": 4}, "Name": {"FileOffset": 19992, "Value": 16, "Offset": 0}}, [{"MajorVersion": {"FileOffset": 20032, "Value": 0, "Offset": 8}, "NumberOfIdEntries": {"FileOffset": 20038, "Value": 1, "Offset": 14}, "MinorVersion": {"FileOffset": 20034, "Value": 0, "Offset": 10}, "TimeDateStamp": {"FileOffset": 20028, "Value": "0x0        [Thu Jan  1 00:00:00 1970 UTC]", "Offset": 4}, "Characteristics": {"FileOffset": 20024, "Value": 0, "Offset": 0}, "NumberOfNamedEntries": {"FileOffset": 20036, "Value": 0, "Offset": 12}, "Structure": "IMAGE_RESOURCE_DIRECTORY"}, {"Structure": "IMAGE_RESOURCE_DIRECTORY_ENTRY", "Id": 1, "OffsetToData": {"FileOffset": 20044, "Value": 2147483752, "Offset": 4}, "Name": {"FileOffset": 20040, "Value": 1, "Offset": 0}}, [{"MajorVersion": {"FileOffset": 20080, "Value": 0, "Offset": 8}, "NumberOfIdEntries": {"FileOffset": 20086, "Value": 1, "Offset": 14}, "MinorVersion": {"FileOffset": 20082, "Value": 0, "Offset": 10}, "TimeDateStamp": {"FileOffset": 20076, "Value": "0x0        [Thu Jan  1 00:00:00 1970 UTC]", "Offset": 4}, "Characteristics": {"FileOffset": 20072, "Value": 0, "Offset": 0}, "NumberOfNamedEntries": {"FileOffset": 20084, "Value": 0, "Offset": 12}, "Structure": "IMAGE_RESOURCE_DIRECTORY"}, {"LANG": 4, "SUBLANG_NAME": "SUBLANG_CHINESE_SIMPLIFIED", "Name": {"FileOffset": 20088, "Value": 2052, "Offset": 0}, "CodePage": {"FileOffset": 20120, "Value": 0, "Offset": 8}, "LANG_NAME": "LANG_CHINESE", "OffsetToData": {"FileOffset": 20112, "Value": 28832, "Offset": 0}, "Reserved": {"FileOffset": 20124, "Value": 0, "Offset": 12}, "SUBLANG": 2, "Structure": "IMAGE_RESOURCE_DATA_ENTRY", "Size": {"FileOffset": 20116, "Value": 792, "Offset": 4}}]]]}
