{"DllCharacteristics": [], "FILE_HEADER": {"NumberOfSections": {"FileOffset": 214, "Value": 3, "Offset": 2}, "TimeDateStamp": {"FileOffset": 216, "Value": "0x4FA73F35 [Mon May  7 03:19:17 2012 UTC]", "Offset": 4}, "PointerToSymbolTable": {"FileOffset": 220, "Value": 0, "Offset": 8}, "NumberOfSymbols": {"FileOffset": 224, "Value": 0, "Offset": 12}, "Machine": {"FileOffset": 212, "Value": 332, "Offset": 0}, "Characteristics": {"FileOffset": 230, "Value": 271, "Offset": 18}, "SizeOfOptionalHeader": {"FileOffset": 228, "Value": 224, "Offset": 16}, "Structure": "IMAGE_FILE_HEADER"}, "Directories": [{"VirtualAddress": {"FileOffset": 328, "Value": 0, "Offset": 0}, "Structure": "IMAGE_DIRECTORY_ENTRY_EXPORT", "Size": {"FileOffset": 332, "Value": 0, "Offset": 4}}, {"VirtualAddress": {"FileOffset": 336, "Value": 65640, "Offset": 0}, "Structure": "IMAGE_DIRECTORY_ENTRY_IMPORT", "Size": {"FileOffset": 340, "Value": 80, "Offset": 4}}, {"VirtualAddress": {"FileOffset": 344, "Value": 0, "Offset": 0}, "Structure": "IMAGE_DIRECTORY_ENTRY_RESOURCE", "Size": {"FileOffset": 348, "Value": 0, "Offset": 4}}, {"VirtualAddress": {"FileOffset": 352, "Value": 0, "Offset": 0}, "Structure": "IMAGE_DIRECTORY_ENTRY_EXCEPTION", "Size": {"FileOffset": 356, "Value": 0, "Offset": 4}}, {"VirtualAddress": {"FileOffset": 360, "Value": 0, "Offset": 0}, "Structure": "IMAGE_DIRECTORY_ENTRY_SECURITY", "Size": {"FileOffset": 364, "Value": 0, "Offset": 4}}, {"VirtualAddress": {"FileOffset": 368, "Value": 0, "Offset": 0}, "Structure": "IMAGE_DIRECTORY_ENTRY_BASERELOC", "Size": {"FileOffset": 372, "Value": 0, "Offset": 4}}, {"VirtualAddress": {"FileOffset": 376, "Value": 0, "Offset": 0}, "Structure": "IMAGE_DIRECTORY_ENTRY_DEBUG", "Size": {"FileOffset": 380, "Value": 0, "Offset": 4}}, {"VirtualAddress": {"FileOffset": 384, "Value": 0, "Offset": 0}, "Structure": "IMAGE_DIRECTORY_ENTRY_COPYRIGHT", "Size": {"FileOffset": 388, "Value": 0, "Offset": 4}}, {"VirtualAddress": {"FileOffset": 392, "Value": 0, "Offset": 0}, "Structure": "IMAGE_DIRECTORY_ENTRY_GLOBALPTR", "Size": {"FileOffset": 396, "Value": 0, "Offset": 4}}, {"VirtualAddress": {"FileOffset": 400, "Value": 0, "Offset": 0}, "Structure": "IMAGE_DIRECTORY_ENTRY_TLS", "Size": {"FileOffset": 404, "Value": 0, "Offset": 4}}, {"VirtualAddress": {"FileOffset": 408, "Value": 0, "Offset": 0}, "Structure": "IMAGE_DIRECTORY_ENTRY_LOAD_CONFIG", "Size": {"FileOffset": 412, "Value": 0, "Offset": 4}}, {"VirtualAddress": {"FileOffset": 416, "Value": 0, "Offset": 0}, "Structure": "IMAGE_DIRECTORY_ENTRY_BOUND_IMPORT", "Size": {"FileOffset": 420, "Value": 0, "Offset": 4}}, {"VirtualAddress": {"FileOffset": 424, "Value": 61440, "Offset": 0}, "Structure": "IMAGE_DIRECTORY_ENTRY_IAT", "Size": {"FileOffset": 428, "Value": 324, "Offset": 4}}, {"VirtualAddress": {"FileOffset": 432, "Value": 0, "Offset": 0}, "Structure": "IMAGE_DIRECTORY_ENTRY_DELAY_IMPORT", "Size": {"FileOffset": 436, "Value": 0, "Offset": 4}}, {"VirtualAddress": {"FileOffset": 440, "Value": 0, "Offset": 0}, "Structure": "IMAGE_DIRECTORY_ENTRY_COM_DESCRIPTOR", "Size": {"FileOffset": 444, "Value": 0, "Offset": 4}}, {"VirtualAddress": {"FileOffset": 448, "Value": 0, "Offset": 0}, "Structure": "IMAGE_DIRECTORY_ENTRY_RESERVED", "Size": {"FileOffset": 452, "Value": 0, "Offset": 4}}], "OPTIONAL_HEADER": {"DllCharacteristics": {"FileOffset": 302, "Value": 0, "Offset": 70}, "BaseOfCode": {"FileOffset": 252, "Value": 4096, "Offset": 20}, "MajorLinkerVersion": {"FileOffset": 234, "Value": 6, "Offset": 2}, "MinorOperatingSystemVersion": {"FileOffset": 274, "Value": 0, "Offset": 42}, "MinorLinkerVersion": {"FileOffset": 235, "Value": 0, "Offset": 3}, "MajorSubsystemVersion": {"FileOffset": 280, "Value": 4, "Offset": 48}, "MajorOperatingSystemVersion": {"FileOffset": 272, "Value": 4, "Offset": 40}, "SizeOfStackCommit": {"FileOffset": 308, "Value": 4096, "Offset": 76}, "SizeOfUninitializedData": {"FileOffset": 244, "Value": 0, "Offset": 12}, "NumberOfRvaAndSizes": {"FileOffset": 324, "Value": 16, "Offset": 92}, "SizeOfHeapReserve": {"FileOffset": 312, "Value": 1048576, "Offset": 80}, "LoaderFlags": {"FileOffset": 320, "Value": 0, "Offset": 88}, "SizeOfHeapCommit": {"FileOffset": 316, "Value": 4096, "Offset": 84}, "SizeOfStackReserve": {"FileOffset": 304, "Value": 1048576, "Offset": 72}, "Structure": "IMAGE_OPTIONAL_HEADER", "SizeOfHeaders": {"FileOffset": 292, "Value": 4096, "Offset": 60}, "Subsystem": {"FileOffset": 300, "Value": 2, "Offset": 68}, "Magic": {"FileOffset": 232, "Value": 267, "Offset": 0}, "MinorImageVersion": {"FileOffset": 278, "Value": 0, "Offset": 46}, "MajorImageVersion": {"FileOffset": 276, "Value": 0, "Offset": 44}, "FileAlignment": {"FileOffset": 268, "Value": 4096, "Offset": 36}, "BaseOfData": {"FileOffset": 256, "Value": 61440, "Offset": 24}, "AddressOfEntryPoint": {"FileOffset": 248, "Value": 31814, "Offset": 16}, "SectionAlignment": {"FileOffset": 264, "Value": 4096, "Offset": 32}, "SizeOfCode": {"FileOffset": 236, "Value": 57344, "Offset": 4}, "ImageBase": {"FileOffset": 260, "Value": 4194304, "Offset": 28}, "SizeOfInitializedData": {"FileOffset": 240, "Value": 20480, "Offset": 8}, "SizeOfImage": {"FileOffset": 288, "Value": 81920, "Offset": 56}, "MinorSubsystemVersion": {"FileOffset": 282, "Value": 0, "Offset": 50}, "CheckSum": {"FileOffset": 296, "Value": 0, "Offset": 64}, "Reserved1": {"FileOffset": 284, "Value": 0, "Offset": 52}}, "DOS_HEADER": {"e_cblp": {"FileOffset": 2, "Value": 144, "Offset": 2}, "e_crlc": {"FileOffset": 6, "Value": 0, "Offset": 6}, "e_ovno": {"FileOffset": 26, "Value": 0, "Offset": 26}, "e_minalloc": {"FileOffset": 10, "Value": 0, "Offset": 10}, "e_csum": {"FileOffset": 18, "Value": 0, "Offset": 18}, "e_cparhdr": {"FileOffset": 8, "Value": 4, "Offset": 8}, "e_cp": {"FileOffset": 4, "Value": 3, "Offset": 4}, "e_cs": {"FileOffset": 22, "Value": 0, "Offset": 22}, "e_maxalloc": {"FileOffset": 12, "Value": 65535, "Offset": 12}, "e_lfarlc": {"FileOffset": 24, "Value": 64, "Offset": 24}, "e_oemid": {"FileOffset": 36, "Value": 0, "Offset": 36}, "e_lfanew": {"FileOffset": 60, "Value": 208, "Offset": 60}, "e_ss": {"FileOffset": 14, "Value": 0, "Offset": 14}, "e_magic": {"FileOffset": 0, "Value": 23117, "Offset": 0}, "e_oeminfo": {"FileOffset": 38, "Value": 0, "Offset": 38}, "e_res2": {"FileOffset": 40, "Value": "", "Offset": 40}, "e_res": {"FileOffset": 28, "Value": "", "Offset": 28}, "e_sp": {"FileOffset": 16, "Value": 184, "Offset": 16}, "Structure": "IMAGE_DOS_HEADER", "e_ip": {"FileOffset": 20, "Value": 0, "Offset": 20}}, "NT_HEADERS": {"Structure": "IMAGE_NT_HEADERS", "Signature": {"FileOffset": 208, "Value": 17744, "Offset": 0}}, "Flags": ["IMAGE_FILE_LOCAL_SYMS_STRIPPED", "IMAGE_FILE_32BIT_MACHINE", "IMAGE_FILE_EXECUTABLE_IMAGE", "IMAGE_FILE_LINE_NUMS_STRIPPED", "IMAGE_FILE_RELOCS_STRIPPED"], "Imported symbols": [[{"TimeDateStamp": {"FileOffset": 65644, "Value": "0x0        [Thu Jan  1 00:00:00 1970 UTC]", "Offset": 4}, "Name": {"FileOffset": 65652, "Value": 66216, "Offset": 12}, "ForwarderChain": {"FileOffset": 65648, "Value": 0, "Offset": 8}, "OriginalFirstThunk": {"FileOffset": 65640, "Value": 65736, "Offset": 0}, "FirstThunk": {"FileOffset": 65656, "Value": 61456, "Offset": 16}, "Characteristics": {"FileOffset": 65640, "Value": 65736, "Offset": 0}, "Structure": "IMAGE_IMPORT_DESCRIPTOR"}, {"Hint": 69, "Name": "CreateDirectoryA", "DLL": "KERNEL32.dll"}, {"Hint": 408, "Name": "GetProcAddress", "DLL": "KERNEL32.dll"}, {"Hint": 584, "Name": "LoadLibraryA", "DLL": "KERNEL32.dll"}, {"Hint": 61, "Name": "CopyFileA", "DLL": "KERNEL32.dll"}, {"Hint": 373, "Name": "GetModuleFileNameA", "DLL": "KERNEL32.dll"}, {"Hint": 429, "Name": "GetShortPathNameA", "DLL": "KERNEL32.dll"}, {"Hint": 841, "Name": "Sleep", "DLL": "KERNEL32.dll"}, {"Hint": 361, "Name": "GetLastError", "DLL": "KERNEL32.dll"}, {"Hint": 431, "Name": "GetStartupInfoA", "DLL": "KERNEL32.dll"}, {"Hint": 619, "Name": "MultiByteToWideChar", "DLL": "KERNEL32.dll"}, {"Hint": 53, "Name": "CompareStringW", "DLL": "KERNEL32.dll"}, {"Hint": 52, "Name": "CompareStringA", "DLL": "KERNEL32.dll"}, {"Hint": 683, "Name": "ReadFile", "DLL": "KERNEL32.dll"}, {"Hint": 773, "Name": "SetEndOfFile", "DLL": "KERNEL32.dll"}, {"Hint": 571, "Name": "LCMapStringW", "DLL": "KERNEL32.dll"}, {"Hint": 570, "Name": "LCMapStringA", "DLL": "KERNEL32.dll"}, {"Hint": 437, "Name": "GetStringTypeW", "DLL": "KERNEL32.dll"}, {"Hint": 434, "Name": "GetStringTypeA", "DLL": "KERNEL32.dll"}, {"Hint": 77, "Name": "CreateFileA", "DLL": "KERNEL32.dll"}, {"Hint": 784, "Name": "SetFilePointer", "DLL": "KERNEL32.dll"}, {"Hint": 229, "Name": "FlushFileBuffers", "DLL": "KERNEL32.dll"}, {"Hint": 812, "Name": "SetStdHandle", "DLL": "KERNEL32.dll"}, {"Hint": 550, "Name": "IsBadCodePtr", "DLL": "KERNEL32.dll"}, {"Hint": 553, "Name": "IsBadReadPtr", "DLL": "KERNEL32.dll"}, {"Hint": 829, "Name": "SetUnhandledExceptionFilter", "DLL": "KERNEL32.dll"}, {"Hint": 716, "Name": "RtlUnwind", "DLL": "KERNEL32.dll"}, {"Hint": 342, "Name": "GetFileAttributesA", "DLL": "KERNEL32.dll"}, {"Hint": 472, "Name": "GetTimeZoneInformation", "DLL": "KERNEL32.dll"}, {"Hint": 446, "Name": "GetSystemTime", "DLL": "KERNEL32.dll"}, {"Hint": 363, "Name": "GetLocalTime", "DLL": "KERNEL32.dll"}, {"Hint": 264, "Name": "GetCommandLineA", "DLL": "KERNEL32.dll"}, {"Hint": 478, "Name": "GetVersion", "DLL": "KERNEL32.dll"}, {"Hint": 175, "Name": "ExitProcess", "DLL": "KERNEL32.dll"}, {"Hint": 524, "Name": "HeapFree", "DLL": "KERNEL32.dll"}, {"Hint": 669, "Name": "RaiseException", "DLL": "KERNEL32.dll"}, {"Hint": 518, "Name": "HeapAlloc", "DLL": "KERNEL32.dll"}, {"Hint": 528, "Name": "HeapReAlloc", "DLL": "KERNEL32.dll"}, {"Hint": 849, "Name": "TerminateProcess", "DLL": "KERNEL32.dll"}, {"Hint": 314, "Name": "GetCurrentProcess", "DLL": "KERNEL32.dll"}, {"Hint": 530, "Name": "HeapSize", "DLL": "KERNEL32.dll"}, {"Hint": 46, "Name": "CloseHandle", "DLL": "KERNEL32.dll"}, {"Hint": 919, "Name": "WriteFile", "DLL": "KERNEL32.dll"}, {"Hint": 252, "Name": "GetCPInfo", "DLL": "KERNEL32.dll"}, {"Hint": 245, "Name": "GetACP", "DLL": "KERNEL32.dll"}, {"Hint": 395, "Name": "GetOEMCP", "DLL": "KERNEL32.dll"}, {"Hint": 866, "Name": "UnhandledExceptionFilter", "DLL": "KERNEL32.dll"}, {"Hint": 237, "Name": "FreeEnvironmentStringsA", "DLL": "KERNEL32.dll"}, {"Hint": 238, "Name": "FreeEnvironmentStringsW", "DLL": "KERNEL32.dll"}, {"Hint": 905, "Name": "WideCharToMultiByte", "DLL": "KERNEL32.dll"}, {"Hint": 333, "Name": "GetEnvironmentStrings", "DLL": "KERNEL32.dll"}, {"Hint": 335, "Name": "GetEnvironmentStringsW", "DLL": "KERNEL32.dll"}, {"Hint": 793, "Name": "SetHandleCount", "DLL": "KERNEL32.dll"}, {"Hint": 433, "Name": "GetStdHandle", "DLL": "KERNEL32.dll"}, {"Hint": 350, "Name": "GetFileType", "DLL": "KERNEL32.dll"}, {"Hint": 522, "Name": "HeapDestroy", "DLL": "KERNEL32.dll"}, {"Hint": 520, "Name": "HeapCreate", "DLL": "KERNEL32.dll"}, {"Hint": 888, "Name": "VirtualFree", "DLL": "KERNEL32.dll"}, {"Hint": 885, "Name": "VirtualAlloc", "DLL": "KERNEL32.dll"}, {"Hint": 556, "Name": "IsBadWritePtr", "DLL": "KERNEL32.dll"}, {"Hint": 776, "Name": "SetEnvironmentVariableA", "DLL": "KERNEL32.dll"}], [{"TimeDateStamp": {"FileOffset": 65664, "Value": "0x0        [Thu Jan  1 00:00:00 1970 UTC]", "Offset": 4}, "Name": {"FileOffset": 65672, "Value": 66280, "Offset": 12}, "ForwarderChain": {"FileOffset": 65668, "Value": 0, "Offset": 8}, "OriginalFirstThunk": {"FileOffset": 65660, "Value": 65720, "Offset": 0}, "FirstThunk": {"FileOffset": 65676, "Value": 61440, "Offset": 16}, "Characteristics": {"FileOffset": 65660, "Value": 65720, "Offset": 0}, "Structure": "IMAGE_IMPORT_DESCRIPTOR"}, {"Hint": 457, "Name": "RegCloseKey", "DLL": "ADVAPI32.dll"}, {"Hint": 505, "Name": "RegSetValueExA", "DLL": "ADVAPI32.dll"}, {"Hint": 461, "Name": "RegCreateKeyExA", "DLL": "ADVAPI32.dll"}], [{"TimeDateStamp": {"FileOffset": 65684, "Value": "0x0        [Thu Jan  1 00:00:00 1970 UTC]", "Offset": 4}, "Name": {"FileOffset": 65692, "Value": 66612, "Offset": 12}, "ForwarderChain": {"FileOffset": 65688, "Value": 0, "Offset": 8}, "OriginalFirstThunk": {"FileOffset": 65680, "Value": 65980, "Offset": 0}, "FirstThunk": {"FileOffset": 65696, "Value": 61700, "Offset": 16}, "Characteristics": {"FileOffset": 65680, "Value": 65980, "Offset": 0}, "Structure": "IMAGE_IMPORT_DESCRIPTOR"}, {"Hint": 105, "Name": "InternetCloseHandle", "DLL": "WININET.dll"}, {"Hint": 154, "Name": "InternetReadFile", "DLL": "WININET.dll"}, {"Hint": 150, "Name": "InternetQueryDataAvailable", "DLL": "WININET.dll"}, {"Hint": 87, "Name": "HttpQueryInfoA", "DLL": "WININET.dll"}, {"Hint": 83, "Name": "HttpEndRequestA", "DLL": "WININET.dll"}, {"Hint": 186, "Name": "InternetWriteFile", "DLL": "WININET.dll"}, {"Hint": 90, "Name": "HttpSendRequestExA", "DLL": "WININET.dll"}, {"Hint": 159, "Name": "InternetSetCookieA", "DLL": "WININET.dll"}, {"Hint": 80, "Name": "HttpAddRequestHeadersA", "DLL": "WININET.dll"}, {"Hint": 167, "Name": "InternetSetOptionA", "DLL": "WININET.dll"}, {"Hint": 85, "Name": "HttpOpenRequestA", "DLL": "WININET.dll"}, {"Hint": 111, "Name": "InternetConnectA", "DLL": "WININET.dll"}, {"Hint": 170, "Name": "InternetSetOptionW", "DLL": "WININET.dll"}, {"Hint": 146, "Name": "InternetOpenA", "DLL": "WININET.dll"}, {"Hint": 113, "Name": "InternetCrackUrlA", "DLL": "WININET.dll"}]], "PE Sections": [{"PointerToRawData": {"FileOffset": 476, "Value": 4096, "Offset": 20}, "SHA1": "47496141a4fb7c90ebfa17391c24597f926aaf4b", "SHA256": "e23a310e10de51e390cfa39bf9a7ce7f94e1bfada3d2715ad5c6d6a3d6b3aed3", "Name": {"FileOffset": 456, "Value": ".text", "Offset": 0}, "NumberOfRelocations": {"FileOffset": 488, "Value": 0, "Offset": 32}, "Misc_VirtualSize": {"FileOffset": 464, "Value": 54226, "Offset": 8}, "Characteristics": {"FileOffset": 492, "Value": 1610612768, "Offset": 36}, "Misc": {"FileOffset": 464, "Value": 54226, "Offset": 8}, "PointerToLinenumbers": {"FileOffset": 484, "Value": 0, "Offset": 28}, "SizeOfRawData": {"FileOffset": 472, "Value": 57344, "Offset": 16}, "Misc_PhysicalAddress": {"FileOffset": 464, "Value": 54226, "Offset": 8}, "PointerToRelocations": {"FileOffset": 480, "Value": 0, "Offset": 24}, "Flags": ["IMAGE_SCN_MEM_EXECUTE", "IMAGE_SCN_CNT_CODE", "IMAGE_SCN_MEM_READ"], "SHA512": "f256ccc227517d1a50be607146200806aed2e6d9c84b6744a2a2cd6406f185df81565cb7162ba6644c9590dd7e38996b96d264fcd280786cc59959f7e1ae804e", "MD5": "2cdd5a7a668a5798295d6b618abb49bf", "Entropy": 6.46783485136144, "VirtualAddress": {"FileOffset": 468, "Value": 4096, "Offset": 12}, "Structure": "IMAGE_SECTION_HEADER", "NumberOfLinenumbers": {"FileOffset": 490, "Value": 0, "Offset": 34}}, {"PointerToRawData": {"FileOffset": 516, "Value": 61440, "Offset": 20}, "SHA1": "89f47d66c8be34967d37e4449fb7eb5f2dd22115", "SHA256": "b1041e832eec1b55bc008f5ace0f92c24639c18f81b6888260fd7568fa12bed5", "Name": {"FileOffset": 496, "Value": ".rdata", "Offset": 0}, "NumberOfRelocations": {"FileOffset": 528, "Value": 0, "Offset": 32}, "Misc_VirtualSize": {"FileOffset": 504, "Value": 6052, "Offset": 8}, "Characteristics": {"FileOffset": 532, "Value": 1073741888, "Offset": 36}, "Misc": {"FileOffset": 504, "Value": 6052, "Offset": 8}, "PointerToLinenumbers": {"FileOffset": 524, "Value": 0, "Offset": 28}, "SizeOfRawData": {"FileOffset": 512, "Value": 8192, "Offset": 16}, "Misc_PhysicalAddress": {"FileOffset": 504, "Value": 6052, "Offset": 8}, "PointerToRelocations": {"FileOffset": 520, "Value": 0, "Offset": 24}, "Flags": ["IMAGE_SCN_CNT_INITIALIZED_DATA", "IMAGE_SCN_MEM_READ"], "SHA512": "ef48a5fa878fef4e39191571085c216c1056e489036ecfbc54c999ebe143ddc8e324a6ef6bf611e6e7f582909e8cafabad036dea4cf7320091dfa16cc0e04893", "MD5": "db87ef3df4e55bf9abb0ffb4b57a3175", "Entropy": 3.9290913603651574, "VirtualAddress": {"FileOffset": 508, "Value": 61440, "Offset": 12}, "Structure": "IMAGE_SECTION_HEADER", "NumberOfLinenumbers": {"FileOffset": 530, "Value": 0, "Offset": 34}}, {"PointerToRawData": {"FileOffset": 556, "Value": 69632, "Offset": 20}, "SHA1": "b579a8a3bc22f7e5e50b257a0c1ef63deebbda45", "SHA256": "7e60ff228b6906239906c0ca59298cbb9d1f7eafddaba974d46198dbdfed37f7", "Name": {"FileOffset": 536, "Value": ".data", "Offset": 0}, "NumberOfRelocations": {"FileOffset": 568, "Value": 0, "Offset": 32}, "Misc_VirtualSize": {"FileOffset": 544, "Value": 8992, "Offset": 8}, "Characteristics": {"FileOffset": 572, "Value": 3221225536, "Offset": 36}, "Misc": {"FileOffset": 544, "Value": 8992, "Offset": 8}, "PointerToLinenumbers": {"FileOffset": 564, "Value": 0, "Offset": 28}, "SizeOfRawData": {"FileOffset": 552, "Value": 4096, "Offset": 16}, "Misc_PhysicalAddress": {"FileOffset": 544, "Value": 8992, "Offset": 8}, "PointerToRelocations": {"FileOffset": 560, "Value": 0, "Offset": 24}, "Flags": ["IMAGE_SCN_CNT_INITIALIZED_DATA", "IMAGE_SCN_MEM_WRITE", "IMAGE_SCN_MEM_READ"], "SHA512": "40d557a9bb123431232f3f6c9c9bd0b042eed5139de1963a355fc92d287e800e2b64d0392c9b0f1ad518deeed9abda513e0683bfedccc74cecffefee9a6fd476", "MD5": "c964b01ab262b33772c4470974f8ff25", "Entropy": 2.7175782430287505, "VirtualAddress": {"FileOffset": 548, "Value": 69632, "Offset": 12}, "Structure": "IMAGE_SECTION_HEADER", "NumberOfLinenumbers": {"FileOffset": 570, "Value": 0, "Offset": 34}}]}
