{"DllCharacteristics": [], "FILE_HEADER": {"NumberOfSections": {"FileOffset": 230, "Value": 4, "Offset": 2}, "TimeDateStamp": {"FileOffset": 232, "Value": "0x4A0C5108 [Thu May 14 17:12:40 2009 UTC]", "Offset": 4}, "PointerToSymbolTable": {"FileOffset": 236, "Value": 0, "Offset": 8}, "NumberOfSymbols": {"FileOffset": 240, "Value": 0, "Offset": 12}, "Machine": {"FileOffset": 228, "Value": 332, "Offset": 0}, "Characteristics": {"FileOffset": 246, "Value": 271, "Offset": 18}, "SizeOfOptionalHeader": {"FileOffset": 244, "Value": 224, "Offset": 16}, "Structure": "IMAGE_FILE_HEADER"}, "Directories": [{"VirtualAddress": {"FileOffset": 344, "Value": 0, "Offset": 0}, "Structure": "IMAGE_DIRECTORY_ENTRY_EXPORT", "Size": {"FileOffset": 348, "Value": 0, "Offset": 4}}, {"VirtualAddress": {"FileOffset": 352, "Value": 8540, "Offset": 0}, "Structure": "IMAGE_DIRECTORY_ENTRY_IMPORT", "Size": {"FileOffset": 356, "Value": 120, "Offset": 4}}, {"VirtualAddress": {"FileOffset": 360, "Value": 16384, "Offset": 0}, "Structure": "IMAGE_DIRECTORY_ENTRY_RESOURCE", "Size": {"FileOffset": 364, "Value": 124, "Offset": 4}}, {"VirtualAddress": {"FileOffset": 368, "Value": 0, "Offset": 0}, "Structure": "IMAGE_DIRECTORY_ENTRY_EXCEPTION", "Size": {"FileOffset": 372, "Value": 0, "Offset": 4}}, {"VirtualAddress": {"FileOffset": 376, "Value": 0, "Offset": 0}, "Structure": "IMAGE_DIRECTORY_ENTRY_SECURITY", "Size": {"FileOffset": 380, "Value": 0, "Offset": 4}}, {"VirtualAddress": {"FileOffset": 384, "Value": 0, "Offset": 0}, "Structure": "IMAGE_DIRECTORY_ENTRY_BASERELOC", "Size": {"FileOffset": 388, "Value": 0, "Offset": 4}}, {"VirtualAddress": {"FileOffset": 392, "Value": 0, "Offset": 0}, "Structure": "IMAGE_DIRECTORY_ENTRY_DEBUG", "Size": {"FileOffset": 396, "Value": 0, "Offset": 4}}, {"VirtualAddress": {"FileOffset": 400, "Value": 0, "Offset": 0}, "Structure": "IMAGE_DIRECTORY_ENTRY_COPYRIGHT", "Size": {"FileOffset": 404, "Value": 0, "Offset": 4}}, {"VirtualAddress": {"FileOffset": 408, "Value": 0, "Offset": 0}, "Structure": "IMAGE_DIRECTORY_ENTRY_GLOBALPTR", "Size": {"FileOffset": 412, "Value": 0, "Offset": 4}}, {"VirtualAddress": {"FileOffset": 416, "Value": 0, "Offset": 0}, "Structure": "IMAGE_DIRECTORY_ENTRY_TLS", "Size": {"FileOffset": 420, "Value": 0, "Offset": 4}}, {"VirtualAddress": {"FileOffset": 424, "Value": 0, "Offset": 0}, "Structure": "IMAGE_DIRECTORY_ENTRY_LOAD_CONFIG", "Size": {"FileOffset": 428, "Value": 0, "Offset": 4}}, {"VirtualAddress": {"FileOffset": 432, "Value": 0, "Offset": 0}, "Structure": "IMAGE_DIRECTORY_ENTRY_BOUND_IMPORT", "Size": {"FileOffset": 436, "Value": 0, "Offset": 4}}, {"VirtualAddress": {"FileOffset": 440, "Value": 8192, "Offset": 0}, "Structure": "IMAGE_DIRECTORY_ENTRY_IAT", "Size": {"FileOffset": 444, "Value": 268, "Offset": 4}}, {"VirtualAddress": {"FileOffset": 448, "Value": 0, "Offset": 0}, "Structure": "IMAGE_DIRECTORY_ENTRY_DELAY_IMPORT", "Size": {"FileOffset": 452, "Value": 0, "Offset": 4}}, {"VirtualAddress": {"FileOffset": 456, "Value": 0, "Offset": 0}, "Structure": "IMAGE_DIRECTORY_ENTRY_COM_DESCRIPTOR", "Size": {"FileOffset": 460, "Value": 0, "Offset": 4}}, {"VirtualAddress": {"FileOffset": 464, "Value": 0, "Offset": 0}, "Structure": "IMAGE_DIRECTORY_ENTRY_RESERVED", "Size": {"FileOffset": 468, "Value": 0, "Offset": 4}}], "OPTIONAL_HEADER": {"DllCharacteristics": {"FileOffset": 318, "Value": 0, "Offset": 70}, "BaseOfCode": {"FileOffset": 268, "Value": 4096, "Offset": 20}, "MajorLinkerVersion": {"FileOffset": 250, "Value": 6, "Offset": 2}, "MinorOperatingSystemVersion": {"FileOffset": 290, "Value": 0, "Offset": 42}, "MinorLinkerVersion": {"FileOffset": 251, "Value": 0, "Offset": 3}, "MajorSubsystemVersion": {"FileOffset": 296, "Value": 4, "Offset": 48}, "MajorOperatingSystemVersion": {"FileOffset": 288, "Value": 4, "Offset": 40}, "SizeOfStackCommit": {"FileOffset": 324, "Value": 4096, "Offset": 76}, "SizeOfUninitializedData": {"FileOffset": 260, "Value": 0, "Offset": 12}, "NumberOfRvaAndSizes": {"FileOffset": 340, "Value": 16, "Offset": 92}, "SizeOfHeapReserve": {"FileOffset": 328, "Value": 1048576, "Offset": 80}, "LoaderFlags": {"FileOffset": 336, "Value": 0, "Offset": 88}, "SizeOfHeapCommit": {"FileOffset": 332, "Value": 4096, "Offset": 84}, "SizeOfStackReserve": {"FileOffset": 320, "Value": 1048576, "Offset": 72}, "Structure": "IMAGE_OPTIONAL_HEADER", "SizeOfHeaders": {"FileOffset": 308, "Value": 1024, "Offset": 60}, "Subsystem": {"FileOffset": 316, "Value": 2, "Offset": 68}, "Magic": {"FileOffset": 248, "Value": 267, "Offset": 0}, "MinorImageVersion": {"FileOffset": 294, "Value": 0, "Offset": 46}, "MajorImageVersion": {"FileOffset": 292, "Value": 0, "Offset": 44}, "FileAlignment": {"FileOffset": 284, "Value": 512, "Offset": 36}, "BaseOfData": {"FileOffset": 272, "Value": 8192, "Offset": 24}, "AddressOfEntryPoint": {"FileOffset": 264, "Value": 7386, "Offset": 16}, "SectionAlignment": {"FileOffset": 280, "Value": 4096, "Offset": 32}, "SizeOfCode": {"FileOffset": 252, "Value": 4096, "Offset": 4}, "ImageBase": {"FileOffset": 276, "Value": 4194304, "Offset": 28}, "SizeOfInitializedData": {"FileOffset": 256, "Value": 3072, "Offset": 8}, "SizeOfImage": {"FileOffset": 304, "Value": 20480, "Offset": 56}, "MinorSubsystemVersion": {"FileOffset": 298, "Value": 0, "Offset": 50}, "CheckSum": {"FileOffset": 312, "Value": 0, "Offset": 64}, "Reserved1": {"FileOffset": 300, "Value": 0, "Offset": 52}}, "DOS_HEADER": {"e_cblp": {"FileOffset": 2, "Value": 144, "Offset": 2}, "e_crlc": {"FileOffset": 6, "Value": 0, "Offset": 6}, "e_ovno": {"FileOffset": 26, "Value": 0, "Offset": 26}, "e_minalloc": {"FileOffset": 10, "Value": 0, "Offset": 10}, "e_csum": {"FileOffset": 18, "Value": 0, "Offset": 18}, "e_cparhdr": {"FileOffset": 8, "Value": 4, "Offset": 8}, "e_cp": {"FileOffset": 4, "Value": 3, "Offset": 4}, "e_cs": {"FileOffset": 22, "Value": 0, "Offset": 22}, "e_maxalloc": {"FileOffset": 12, "Value": 65535, "Offset": 12}, "e_lfarlc": {"FileOffset": 24, "Value": 64, "Offset": 24}, "e_oemid": {"FileOffset": 36, "Value": 0, "Offset": 36}, "e_lfanew": {"FileOffset": 60, "Value": 224, "Offset": 60}, "e_ss": {"FileOffset": 14, "Value": 0, "Offset": 14}, "e_magic": {"FileOffset": 0, "Value": 23117, "Offset": 0}, "e_oeminfo": {"FileOffset": 38, "Value": 0, "Offset": 38}, "e_res2": {"FileOffset": 40, "Value": "", "Offset": 40}, "e_res": {"FileOffset": 28, "Value": "", "Offset": 28}, "e_sp": {"FileOffset": 16, "Value": 184, "Offset": 16}, "Structure": "IMAGE_DOS_HEADER", "e_ip": {"FileOffset": 20, "Value": 0, "Offset": 20}}, "NT_HEADERS": {"Structure": "IMAGE_NT_HEADERS", "Signature": {"FileOffset": 224, "Value": 17744, "Offset": 0}}, "Flags": ["IMAGE_FILE_LOCAL_SYMS_STRIPPED", "IMAGE_FILE_32BIT_MACHINE", "IMAGE_FILE_EXECUTABLE_IMAGE", "IMAGE_FILE_LINE_NUMS_STRIPPED", "IMAGE_FILE_RELOCS_STRIPPED"], "Imported symbols": [[{"TimeDateStamp": {"FileOffset": 5472, "Value": "0x0        [Thu Jan  1 00:00:00 1970 UTC]", "Offset": 4}, "Name": {"FileOffset": 5480, "Value": 9424, "Offset": 12}, "ForwarderChain": {"FileOffset": 5476, "Value": 0, "Offset": 8}, "OriginalFirstThunk": {"FileOffset": 5468, "Value": 8660, "Offset": 0}, "FirstThunk": {"FileOffset": 5484, "Value": 8192, "Offset": 16}, "Characteristics": {"FileOffset": 5468, "Value": 8660, "Offset": 0}, "Structure": "IMAGE_IMPORT_DESCRIPTOR"}, {"Hint": 46, "Name": "CloseHandle", "DLL": "KERNEL32.dll"}, {"Hint": 901, "Name": "WaitForSingleObject", "DLL": "KERNEL32.dll"}, {"Hint": 73, "Name": "CreateEventA", "DLL": "KERNEL32.dll"}, {"Hint": 176, "Name": "ExitThread", "DLL": "KERNEL32.dll"}, {"Hint": 841, "Name": "Sleep", "DLL": "KERNEL32.dll"}, {"Hint": 268, "Name": "GetComputerNameA", "DLL": "KERNEL32.dll"}, {"Hint": 95, "Name": "CreatePipe", "DLL": "KERNEL32.dll"}, {"Hint": 133, "Name": "DisconnectNamedPipe", "DLL": "KERNEL32.dll"}, {"Hint": 849, "Name": "TerminateProcess", "DLL": "KERNEL32.dll"}, {"Hint": 899, "Name": "WaitForMultipleObjects", "DLL": "KERNEL32.dll"}, {"Hint": 850, "Name": "TerminateThread", "DLL": "KERNEL32.dll"}, {"Hint": 105, "Name": "CreateThread", "DLL": "KERNEL32.dll"}, {"Hint": 96, "Name": "CreateProcessA", "DLL": "KERNEL32.dll"}, {"Hint": 140, "Name": "DuplicateHandle", "DLL": "KERNEL32.dll"}, {"Hint": 314, "Name": "GetCurrentProcess", "DLL": "KERNEL32.dll"}, {"Hint": 683, "Name": "ReadFile", "DLL": "KERNEL32.dll"}, {"Hint": 647, "Name": "PeekNamedPipe", "DLL": "KERNEL32.dll"}, {"Hint": 779, "Name": "SetEvent", "DLL": "KERNEL32.dll"}, {"Hint": 919, "Name": "WriteFile", "DLL": "KERNEL32.dll"}, {"Hint": 808, "Name": "SetProcessPriorityBoost", "DLL": "KERNEL32.dll"}, {"Hint": 824, "Name": "SetThreadPriority", "DLL": "KERNEL32.dll"}, {"Hint": 317, "Name": "GetCurrentThread", "DLL": "KERNEL32.dll"}, {"Hint": 806, "Name": "SetPriorityClass", "DLL": "KERNEL32.dll"}, {"Hint": 944, "Name": "lstrcatA", "DLL": "KERNEL32.dll"}, {"Hint": 953, "Name": "lstrcpyA", "DLL": "KERNEL32.dll"}, {"Hint": 336, "Name": "GetEnvironmentVariableA", "DLL": "KERNEL32.dll"}, {"Hint": 429, "Name": "GetShortPathNameA", "DLL": "KERNEL32.dll"}, {"Hint": 373, "Name": "GetModuleFileNameA", "DLL": "KERNEL32.dll"}, {"Hint": 431, "Name": "GetStartupInfoA", "DLL": "KERNEL32.dll"}, {"Hint": 375, "Name": "GetModuleHandleA", "DLL": "KERNEL32.dll"}], [{"TimeDateStamp": {"FileOffset": 5492, "Value": "0x0        [Thu Jan  1 00:00:00 1970 UTC]", "Offset": 4}, "Name": {"FileOffset": 5500, "Value": 9452, "Offset": 12}, "ForwarderChain": {"FileOffset": 5496, "Value": 0, "Offset": 8}, "OriginalFirstThunk": {"FileOffset": 5488, "Value": 8884, "Offset": 0}, "FirstThunk": {"FileOffset": 5504, "Value": 8416, "Offset": 16}, "Characteristics": {"FileOffset": 5488, "Value": 8884, "Offset": 0}, "Structure": "IMAGE_IMPORT_DESCRIPTOR"}, {"Hint": 458, "Name": "LoadStringA", "DLL": "USER32.dll"}], [{"TimeDateStamp": {"FileOffset": 5512, "Value": "0x0        [Thu Jan  1 00:00:00 1970 UTC]", "Offset": 4}, "Name": {"FileOffset": 5520, "Value": 9500, "Offset": 12}, "ForwarderChain": {"FileOffset": 5516, "Value": 0, "Offset": 8}, "OriginalFirstThunk": {"FileOffset": 5508, "Value": 8872, "Offset": 0}, "FirstThunk": {"FileOffset": 5524, "Value": 8404, "Offset": 16}, "Characteristics": {"FileOffset": 5508, "Value": 8872, "Offset": 0}, "Structure": "IMAGE_IMPORT_DESCRIPTOR"}, {"Hint": 265, "Name": "ShellExecuteExA", "DLL": "SHELL32.dll"}, {"Hint": 126, "Name": "SHChangeNotify", "DLL": "SHELL32.dll"}], [{"TimeDateStamp": {"FileOffset": 5532, "Value": "0x0        [Thu Jan  1 00:00:00 1970 UTC]", "Offset": 4}, "Name": {"FileOffset": 5540, "Value": 9586, "Offset": 12}, "ForwarderChain": {"FileOffset": 5536, "Value": 0, "Offset": 8}, "OriginalFirstThunk": {"FileOffset": 5528, "Value": 8784, "Offset": 0}, "FirstThunk": {"FileOffset": 5544, "Value": 8316, "Offset": 16}, "Characteristics": {"FileOffset": 5528, "Value": 8784, "Offset": 0}, "Structure": "IMAGE_IMPORT_DESCRIPTOR"}, {"Hint": 183, "Name": "_controlfp", "DLL": "MSVCRT.dll"}, {"Hint": 165, "Name": "_beginthread", "DLL": "MSVCRT.dll"}, {"Hint": 453, "Name": "_strnicmp", "DLL": "MSVCRT.dll"}, {"Hint": 690, "Name": "sprintf", "DLL": "MSVCRT.dll"}, {"Hint": 574, "Name": "atol", "DLL": "MSVCRT.dll"}, {"Hint": 695, "Name": "strchr", "DLL": "MSVCRT.dll"}, {"Hint": 606, "Name": "free", "DLL": "MSVCRT.dll"}, {"Hint": 657, "Name": "malloc", "DLL": "MSVCRT.dll"}, {"Hint": 211, "Name": "_exit", "DLL": "MSVCRT.dll"}, {"Hint": 72, "Name": "_XcptFilter", "DLL": "MSVCRT.dll"}, {"Hint": 585, "Name": "exit", "DLL": "MSVCRT.dll"}, {"Hint": 143, "Name": "_acmdln", "DLL": "MSVCRT.dll"}, {"Hint": 88, "Name": "__getmainargs", "DLL": "MSVCRT.dll"}, {"Hint": 271, "Name": "_initterm", "DLL": "MSVCRT.dll"}, {"Hint": 131, "Name": "__setusermatherr", "DLL": "MSVCRT.dll"}, {"Hint": 157, "Name": "_adjust_fdiv", "DLL": "MSVCRT.dll"}, {"Hint": 106, "Name": "__p__commode", "DLL": "MSVCRT.dll"}, {"Hint": 111, "Name": "__p__fmode", "DLL": "MSVCRT.dll"}, {"Hint": 129, "Name": "__set_app_type", "DLL": "MSVCRT.dll"}, {"Hint": 202, "Name": "_except_handler3", "DLL": "MSVCRT.dll"}, {"Hint": 308, "Name": "_itoa", "DLL": "MSVCRT.dll"}], [{"TimeDateStamp": {"FileOffset": 5552, "Value": "0x0        [Thu Jan  1 00:00:00 1970 UTC]", "Offset": 4}, "Name": {"FileOffset": 5560, "Value": 9784, "Offset": 12}, "ForwarderChain": {"FileOffset": 5556, "Value": 0, "Offset": 8}, "OriginalFirstThunk": {"FileOffset": 5548, "Value": 8892, "Offset": 0}, "FirstThunk": {"FileOffset": 5564, "Value": 8424, "Offset": 16}, "Characteristics": {"FileOffset": 5548, "Value": 8892, "Offset": 0}, "Structure": "IMAGE_IMPORT_DESCRIPTOR"}, {"Ordinal": 9, "DLL": "WS2_32.dll"}, {"Ordinal": 4, "DLL": "WS2_32.dll"}, {"Ordinal": 23, "DLL": "WS2_32.dll"}, {"Ordinal": 115, "DLL": "WS2_32.dll"}, {"Ordinal": 19, "DLL": "WS2_32.dll"}, {"Ordinal": 11, "DLL": "WS2_32.dll"}, {"Ordinal": 16, "DLL": "WS2_32.dll"}, {"Ordinal": 3, "DLL": "WS2_32.dll"}]], "PE Sections": [{"PointerToRawData": {"FileOffset": 492, "Value": 1024, "Offset": 20}, "SHA1": "7d92846f02ac1766d04ee49c13760222c6540121", "SHA256": "a34d790bfd08a83e378c53ce2b9d1b2267fc8a9b78065980ffc3e5bb421305e7", "Name": {"FileOffset": 472, "Value": ".text", "Offset": 0}, "NumberOfRelocations": {"FileOffset": 504, "Value": 0, "Offset": 32}, "Misc_VirtualSize": {"FileOffset": 480, "Value": 3750, "Offset": 8}, "Characteristics": {"FileOffset": 508, "Value": 1610612768, "Offset": 36}, "Misc": {"FileOffset": 480, "Value": 3750, "Offset": 8}, "PointerToLinenumbers": {"FileOffset": 500, "Value": 0, "Offset": 28}, "SizeOfRawData": {"FileOffset": 488, "Value": 4096, "Offset": 16}, "Misc_PhysicalAddress": {"FileOffset": 480, "Value": 3750, "Offset": 8}, "PointerToRelocations": {"FileOffset": 496, "Value": 0, "Offset": 24}, "Flags": ["IMAGE_SCN_MEM_EXECUTE", "IMAGE_SCN_CNT_CODE", "IMAGE_SCN_MEM_READ"], "SHA512": "6b496474bb1ffc826a7278d29bf844134752c8abd86ed297f3ac5302454eccb193e2afa317431991c68c6e39bbdac591fdc8141ad1f08d0e318d288bc7c1b285", "MD5": "562b990796940dcf43cddc00f435334b", "Entropy": 5.9258693280329195, "VirtualAddress": {"FileOffset": 484, "Value": 4096, "Offset": 12}, "Structure": "IMAGE_SECTION_HEADER", "NumberOfLinenumbers": {"FileOffset": 506, "Value": 0, "Offset": 34}}, {"PointerToRawData": {"FileOffset": 532, "Value": 5120, "Offset": 20}, "SHA1": "2fc720a5b8ed5c4f872ab7409df79513b8b2422b", "SHA256": "b95d23e00208320a5eee33aa14c4ff38f70a450d2467c6b024d874a35190f521", "Name": {"FileOffset": 512, "Value": ".rdata", "Offset": 0}, "NumberOfRelocations": {"FileOffset": 544, "Value": 0, "Offset": 32}, "Misc_VirtualSize": {"FileOffset": 520, "Value": 1662, "Offset": 8}, "Characteristics": {"FileOffset": 548, "Value": 1073741888, "Offset": 36}, "Misc": {"FileOffset": 520, "Value": 1662, "Offset": 8}, "PointerToLinenumbers": {"FileOffset": 540, "Value": 0, "Offset": 28}, "SizeOfRawData": {"FileOffset": 528, "Value": 2048, "Offset": 16}, "Misc_PhysicalAddress": {"FileOffset": 520, "Value": 1662, "Offset": 8}, "PointerToRelocations": {"FileOffset": 536, "Value": 0, "Offset": 24}, "Flags": ["IMAGE_SCN_CNT_INITIALIZED_DATA", "IMAGE_SCN_MEM_READ"], "SHA512": "223a02f3144aa02bd9d25328c937150140a72db60d0d64f18f24d5bd7af711ed92fc4bc00e2c084a5e64ef2aba32e087c5bf7f4d6541c3baa1025342dba8d8bd", "MD5": "e676d73aa315b095f47a0183feb9b7d9", "Entropy": 4.423916465881512, "VirtualAddress": {"FileOffset": 524, "Value": 8192, "Offset": 12}, "Structure": "IMAGE_SECTION_HEADER", "NumberOfLinenumbers": {"FileOffset": 546, "Value": 0, "Offset": 34}}, {"PointerToRawData": {"FileOffset": 572, "Value": 7168, "Offset": 20}, "SHA1": "54dd817affc18570b51c1a8c9157dafa5532e22b", "SHA256": "bc7be3d89a2ce73e468127eafca394663e25204e13000beb1975a0984bac7c27", "Name": {"FileOffset": 552, "Value": ".data", "Offset": 0}, "NumberOfRelocations": {"FileOffset": 584, "Value": 0, "Offset": 32}, "Misc_VirtualSize": {"FileOffset": 560, "Value": 1576, "Offset": 8}, "Characteristics": {"FileOffset": 588, "Value": 3221225536, "Offset": 36}, "Misc": {"FileOffset": 560, "Value": 1576, "Offset": 8}, "PointerToLinenumbers": {"FileOffset": 580, "Value": 0, "Offset": 28}, "SizeOfRawData": {"FileOffset": 568, "Value": 512, "Offset": 16}, "Misc_PhysicalAddress": {"FileOffset": 560, "Value": 1576, "Offset": 8}, "PointerToRelocations": {"FileOffset": 576, "Value": 0, "Offset": 24}, "Flags": ["IMAGE_SCN_CNT_INITIALIZED_DATA", "IMAGE_SCN_MEM_WRITE", "IMAGE_SCN_MEM_READ"], "SHA512": "78c6bf88d1e87b271e57d0f338d8feb1124a714cd6a8c66d123a8c5eb43d3be67585924300923aa93d50d800a1b11d83a4705707c7630e501e7672d0f2aa6a12", "MD5": "74c99e468eb65e0c50c6f13833b3eec2", "Entropy": 1.8850782091926195, "VirtualAddress": {"FileOffset": 564, "Value": 12288, "Offset": 12}, "Structure": "IMAGE_SECTION_HEADER", "NumberOfLinenumbers": {"FileOffset": 586, "Value": 0, "Offset": 34}}, {"PointerToRawData": {"FileOffset": 612, "Value": 7680, "Offset": 20}, "SHA1": "81b3809b3e3ef32f8322716e430483afa4a3392c", "SHA256": "d8d7c444925f7a415fc7eeadcdcc669f862333acce1f52b8b4caffb3dba20cdb", "Name": {"FileOffset": 592, "Value": ".rsrc", "Offset": 0}, "NumberOfRelocations": {"FileOffset": 624, "Value": 0, "Offset": 32}, "Misc_VirtualSize": {"FileOffset": 600, "Value": 124, "Offset": 8}, "Characteristics": {"FileOffset": 628, "Value": 1073741888, "Offset": 36}, "Misc": {"FileOffset": 600, "Value": 124, "Offset": 8}, "PointerToLinenumbers": {"FileOffset": 620, "Value": 0, "Offset": 28}, "SizeOfRawData": {"FileOffset": 608, "Value": 512, "Offset": 16}, "Misc_PhysicalAddress": {"FileOffset": 600, "Value": 124, "Offset": 8}, "PointerToRelocations": {"FileOffset": 616, "Value": 0, "Offset": 24}, "Flags": ["IMAGE_SCN_CNT_INITIALIZED_DATA", "IMAGE_SCN_MEM_READ"], "SHA512": "4bd42a093def1e0d2762f113793a0e4d740242f646f74a2c501ce7f0a00365a5a0cd288e4c58dcdbea300c8a3390919db9ca858a5f180156bc0c021644692a4d", "MD5": "0ad7ae3e094df861aba892531bf832f4", "Entropy": 3.3852751483837658, "VirtualAddress": {"FileOffset": 604, "Value": 16384, "Offset": 12}, "Structure": "IMAGE_SECTION_HEADER", "NumberOfLinenumbers": {"FileOffset": 626, "Value": 0, "Offset": 34}}], "Resource directory": [{"MajorVersion": {"FileOffset": 7688, "Value": 4, "Offset": 8}, "NumberOfIdEntries": {"FileOffset": 7694, "Value": 1, "Offset": 14}, "MinorVersion": {"FileOffset": 7690, "Value": 0, "Offset": 10}, "TimeDateStamp": {"FileOffset": 7684, "Value": "0x0        [Thu Jan  1 00:00:00 1970 UTC]", "Offset": 4}, "Characteristics": {"FileOffset": 7680, "Value": 0, "Offset": 0}, "NumberOfNamedEntries": {"FileOffset": 7692, "Value": 0, "Offset": 12}, "Structure": "IMAGE_RESOURCE_DIRECTORY"}, {"Structure": "IMAGE_RESOURCE_DIRECTORY_ENTRY", "Id": [6, "RT_STRING"], "OffsetToData": {"FileOffset": 7700, "Value": 2147483672, "Offset": 4}, "Name": {"FileOffset": 7696, "Value": 6, "Offset": 0}}, [{"MajorVersion": {"FileOffset": 7712, "Value": 4, "Offset": 8}, "NumberOfIdEntries": {"FileOffset": 7718, "Value": 1, "Offset": 14}, "MinorVersion": {"FileOffset": 7714, "Value": 0, "Offset": 10}, "TimeDateStamp": {"FileOffset": 7708, "Value": "0x0        [Thu Jan  1 00:00:00 1970 UTC]", "Offset": 4}, "Characteristics": {"FileOffset": 7704, "Value": 0, "Offset": 0}, "NumberOfNamedEntries": {"FileOffset": 7716, "Value": 0, "Offset": 12}, "Structure": "IMAGE_RESOURCE_DIRECTORY"}, {"Structure": "IMAGE_RESOURCE_DIRECTORY_ENTRY", "Id": 1, "OffsetToData": {"FileOffset": 7724, "Value": 2147483696, "Offset": 4}, "Name": {"FileOffset": 7720, "Value": 1, "Offset": 0}}, [{"MajorVersion": {"FileOffset": 7736, "Value": 4, "Offset": 8}, "NumberOfIdEntries": {"FileOffset": 7742, "Value": 1, "Offset": 14}, "MinorVersion": {"FileOffset": 7738, "Value": 0, "Offset": 10}, "TimeDateStamp": {"FileOffset": 7732, "Value": "0x0        [Thu Jan  1 00:00:00 1970 UTC]", "Offset": 4}, "Characteristics": {"FileOffset": 7728, "Value": 0, "Offset": 0}, "NumberOfNamedEntries": {"FileOffset": 7740, "Value": 0, "Offset": 12}, "Structure": "IMAGE_RESOURCE_DIRECTORY"}, {"LANG": 9, "SUBLANG_NAME": "SUBLANG_ENGLISH_US", "Name": {"FileOffset": 7744, "Value": 1033, "Offset": 0}, "CodePage": {"FileOffset": 7760, "Value": 1252, "Offset": 8}, "LANG_NAME": "LANG_ENGLISH", "OffsetToData": {"FileOffset": 7752, "Value": 16472, "Offset": 0}, "Reserved": {"FileOffset": 7764, "Value": 0, "Offset": 12}, "SUBLANG": 1, "Structure": "IMAGE_RESOURCE_DATA_ENTRY", "Size": {"FileOffset": 7756, "Value": 36, "Offset": 4}}, "69.28.168.10:443"]]]}
