{"DllCharacteristics": [], "Exported symbols": [{"MajorVersion": {"FileOffset": 19720, "Value": 0, "Offset": 8}, "AddressOfFunctions": {"FileOffset": 19740, "Value": 22824, "Offset": 28}, "Name": {"FileOffset": 19724, "Value": 22874, "Offset": 12}, "TimeDateStamp": {"FileOffset": 19716, "Value": "0x4CA13E29 [Tue Sep 28 01:00:25 2010 UTC]", "Offset": 4}, "Characteristics": {"FileOffset": 19712, "Value": 0, "Offset": 0}, "AddressOfNames": {"FileOffset": 19744, "Value": 22844, "Offset": 32}, "AddressOfNameOrdinals": {"FileOffset": 19748, "Value": 22864, "Offset": 36}, "Base": {"FileOffset": 19728, "Value": 1, "Offset": 16}, "NumberOfFunctions": {"FileOffset": 19732, "Value": 5, "Offset": 20}, "NumberOfNames": {"FileOffset": 19736, "Value": 5, "Offset": 24}, "Structure": "IMAGE_EXPORT_DIRECTORY", "MinorVersion": {"FileOffset": 19722, "Value": 0, "Offset": 10}}, {"Ordinal": 1, "RVA": 18182, "Name": "InstallService"}, {"Ordinal": 2, "RVA": 12694, "Name": "ServiceMain"}, {"Ordinal": 3, "RVA": 19224, "Name": "UninstallService"}, {"Ordinal": 4, "RVA": 19211, "Name": "installA"}, {"Ordinal": 5, "RVA": 19499, "Name": "uninstallA"}], "FILE_HEADER": {"NumberOfSections": {"FileOffset": 238, "Value": 4, "Offset": 2}, "TimeDateStamp": {"FileOffset": 240, "Value": "0x4CA13E29 [Tue Sep 28 01:00:25 2010 UTC]", "Offset": 4}, "PointerToSymbolTable": {"FileOffset": 244, "Value": 0, "Offset": 8}, "NumberOfSymbols": {"FileOffset": 248, "Value": 0, "Offset": 12}, "Machine": {"FileOffset": 236, "Value": 332, "Offset": 0}, "Characteristics": {"FileOffset": 254, "Value": 8462, "Offset": 18}, "SizeOfOptionalHeader": {"FileOffset": 252, "Value": 224, "Offset": 16}, "Structure": "IMAGE_FILE_HEADER"}, "Directories": [{"VirtualAddress": {"FileOffset": 352, "Value": 22784, "Offset": 0}, "Structure": "IMAGE_DIRECTORY_ENTRY_EXPORT", "Size": {"FileOffset": 356, "Value": 169, "Offset": 4}}, {"VirtualAddress": {"FileOffset": 360, "Value": 21136, "Offset": 0}, "Structure": "IMAGE_DIRECTORY_ENTRY_IMPORT", "Size": {"FileOffset": 364, "Value": 120, "Offset": 4}}, {"VirtualAddress": {"FileOffset": 368, "Value": 0, "Offset": 0}, "Structure": "IMAGE_DIRECTORY_ENTRY_RESOURCE", "Size": {"FileOffset": 372, "Value": 0, "Offset": 4}}, {"VirtualAddress": {"FileOffset": 376, "Value": 0, "Offset": 0}, "Structure": "IMAGE_DIRECTORY_ENTRY_EXCEPTION", "Size": {"FileOffset": 380, "Value": 0, "Offset": 4}}, {"VirtualAddress": {"FileOffset": 384, "Value": 0, "Offset": 0}, "Structure": "IMAGE_DIRECTORY_ENTRY_SECURITY", "Size": {"FileOffset": 388, "Value": 0, "Offset": 4}}, {"VirtualAddress": {"FileOffset": 392, "Value": 73728, "Offset": 0}, "Structure": "IMAGE_DIRECTORY_ENTRY_BASERELOC", "Size": {"FileOffset": 396, "Value": 1828, "Offset": 4}}, {"VirtualAddress": {"FileOffset": 400, "Value": 0, "Offset": 0}, "Structure": "IMAGE_DIRECTORY_ENTRY_DEBUG", "Size": {"FileOffset": 404, "Value": 0, "Offset": 4}}, {"VirtualAddress": {"FileOffset": 408, "Value": 0, "Offset": 0}, "Structure": "IMAGE_DIRECTORY_ENTRY_COPYRIGHT", "Size": {"FileOffset": 412, "Value": 0, "Offset": 4}}, {"VirtualAddress": {"FileOffset": 416, "Value": 0, "Offset": 0}, "Structure": "IMAGE_DIRECTORY_ENTRY_GLOBALPTR", "Size": {"FileOffset": 420, "Value": 0, "Offset": 4}}, {"VirtualAddress": {"FileOffset": 424, "Value": 0, "Offset": 0}, "Structure": "IMAGE_DIRECTORY_ENTRY_TLS", "Size": {"FileOffset": 428, "Value": 0, "Offset": 4}}, {"VirtualAddress": {"FileOffset": 432, "Value": 0, "Offset": 0}, "Structure": "IMAGE_DIRECTORY_ENTRY_LOAD_CONFIG", "Size": {"FileOffset": 436, "Value": 0, "Offset": 4}}, {"VirtualAddress": {"FileOffset": 440, "Value": 0, "Offset": 0}, "Structure": "IMAGE_DIRECTORY_ENTRY_BOUND_IMPORT", "Size": {"FileOffset": 444, "Value": 0, "Offset": 4}}, {"VirtualAddress": {"FileOffset": 448, "Value": 20480, "Offset": 0}, "Structure": "IMAGE_DIRECTORY_ENTRY_IAT", "Size": {"FileOffset": 452, "Value": 360, "Offset": 4}}, {"VirtualAddress": {"FileOffset": 456, "Value": 0, "Offset": 0}, "Structure": "IMAGE_DIRECTORY_ENTRY_DELAY_IMPORT", "Size": {"FileOffset": 460, "Value": 0, "Offset": 4}}, {"VirtualAddress": {"FileOffset": 464, "Value": 0, "Offset": 0}, "Structure": "IMAGE_DIRECTORY_ENTRY_COM_DESCRIPTOR", "Size": {"FileOffset": 468, "Value": 0, "Offset": 4}}, {"VirtualAddress": {"FileOffset": 472, "Value": 0, "Offset": 0}, "Structure": "IMAGE_DIRECTORY_ENTRY_RESERVED", "Size": {"FileOffset": 476, "Value": 0, "Offset": 4}}], "OPTIONAL_HEADER": {"DllCharacteristics": {"FileOffset": 326, "Value": 0, "Offset": 70}, "BaseOfCode": {"FileOffset": 276, "Value": 4096, "Offset": 20}, "MajorLinkerVersion": {"FileOffset": 258, "Value": 6, "Offset": 2}, "MinorOperatingSystemVersion": {"FileOffset": 298, "Value": 0, "Offset": 42}, "MinorLinkerVersion": {"FileOffset": 259, "Value": 0, "Offset": 3}, "MajorSubsystemVersion": {"FileOffset": 304, "Value": 4, "Offset": 48}, "MajorOperatingSystemVersion": {"FileOffset": 296, "Value": 4, "Offset": 40}, "SizeOfStackCommit": {"FileOffset": 332, "Value": 4096, "Offset": 76}, "SizeOfUninitializedData": {"FileOffset": 268, "Value": 0, "Offset": 12}, "NumberOfRvaAndSizes": {"FileOffset": 348, "Value": 16, "Offset": 92}, "SizeOfHeapReserve": {"FileOffset": 336, "Value": 1048576, "Offset": 80}, "LoaderFlags": {"FileOffset": 344, "Value": 0, "Offset": 88}, "SizeOfHeapCommit": {"FileOffset": 340, "Value": 4096, "Offset": 84}, "SizeOfStackReserve": {"FileOffset": 328, "Value": 1048576, "Offset": 72}, "Structure": "IMAGE_OPTIONAL_HEADER", "SizeOfHeaders": {"FileOffset": 316, "Value": 1024, "Offset": 60}, "Subsystem": {"FileOffset": 324, "Value": 2, "Offset": 68}, "Magic": {"FileOffset": 256, "Value": 267, "Offset": 0}, "MinorImageVersion": {"FileOffset": 302, "Value": 0, "Offset": 46}, "MajorImageVersion": {"FileOffset": 300, "Value": 0, "Offset": 44}, "FileAlignment": {"FileOffset": 292, "Value": 512, "Offset": 36}, "BaseOfData": {"FileOffset": 280, "Value": 20480, "Offset": 24}, "AddressOfEntryPoint": {"FileOffset": 272, "Value": 20045, "Offset": 16}, "SectionAlignment": {"FileOffset": 288, "Value": 4096, "Offset": 32}, "SizeOfCode": {"FileOffset": 260, "Value": 16384, "Offset": 4}, "ImageBase": {"FileOffset": 284, "Value": 268435456, "Offset": 28}, "SizeOfInitializedData": {"FileOffset": 264, "Value": 51712, "Offset": 8}, "SizeOfImage": {"FileOffset": 312, "Value": 77824, "Offset": 56}, "MinorSubsystemVersion": {"FileOffset": 306, "Value": 0, "Offset": 50}, "CheckSum": {"FileOffset": 320, "Value": 0, "Offset": 64}, "Reserved1": {"FileOffset": 308, "Value": 0, "Offset": 52}}, "DOS_HEADER": {"e_cblp": {"FileOffset": 2, "Value": 144, "Offset": 2}, "e_crlc": {"FileOffset": 6, "Value": 0, "Offset": 6}, "e_ovno": {"FileOffset": 26, "Value": 0, "Offset": 26}, "e_minalloc": {"FileOffset": 10, "Value": 0, "Offset": 10}, "e_csum": {"FileOffset": 18, "Value": 0, "Offset": 18}, "e_cparhdr": {"FileOffset": 8, "Value": 4, "Offset": 8}, "e_cp": {"FileOffset": 4, "Value": 3, "Offset": 4}, "e_cs": {"FileOffset": 22, "Value": 0, "Offset": 22}, "e_maxalloc": {"FileOffset": 12, "Value": 65535, "Offset": 12}, "e_lfarlc": {"FileOffset": 24, "Value": 64, "Offset": 24}, "e_oemid": {"FileOffset": 36, "Value": 0, "Offset": 36}, "e_lfanew": {"FileOffset": 60, "Value": 232, "Offset": 60}, "e_ss": {"FileOffset": 14, "Value": 0, "Offset": 14}, "e_magic": {"FileOffset": 0, "Value": 23117, "Offset": 0}, "e_oeminfo": {"FileOffset": 38, "Value": 0, "Offset": 38}, "e_res2": {"FileOffset": 40, "Value": "", "Offset": 40}, "e_res": {"FileOffset": 28, "Value": "", "Offset": 28}, "e_sp": {"FileOffset": 16, "Value": 184, "Offset": 16}, "Structure": "IMAGE_DOS_HEADER", "e_ip": {"FileOffset": 20, "Value": 0, "Offset": 20}}, "Base relocations": [[{"SizeOfBlock": {"FileOffset": 21508, "Value": 492, "Offset": 4}, "VirtualAddress": {"FileOffset": 21504, "Value": 4096, "Offset": 0}, "Structure": "IMAGE_BASE_RELOCATION"}, {"RVA": 4113, "Type": "HIGHLOW"}, {"RVA": 4119, "Type": "HIGHLOW"}, {"RVA": 4152, "Type": "HIGHLOW"}, {"RVA": 4160, "Type": "HIGHLOW"}, {"RVA": 4190, "Type": "HIGHLOW"}, {"RVA": 4205, "Type": "HIGHLOW"}, {"RVA": 4210, "Type": "HIGHLOW"}, {"RVA": 4276, "Type": "HIGHLOW"}, {"RVA": 4282, "Type": "HIGHLOW"}, {"RVA": 4299, "Type": "HIGHLOW"}, {"RVA": 4318, "Type": "HIGHLOW"}, {"RVA": 4324, "Type": "HIGHLOW"}, {"RVA": 4335, "Type": "HIGHLOW"}, {"RVA": 4348, "Type": "HIGHLOW"}, {"RVA": 4357, "Type": "HIGHLOW"}, {"RVA": 4364, "Type": "HIGHLOW"}, {"RVA": 4381, "Type": "HIGHLOW"}, {"RVA": 4396, "Type": "HIGHLOW"}, {"RVA": 4403, "Type": "HIGHLOW"}, {"RVA": 4420, "Type": "HIGHLOW"}, {"RVA": 4435, "Type": "HIGHLOW"}, {"RVA": 4453, "Type": "HIGHLOW"}, {"RVA": 4462, "Type": "HIGHLOW"}, {"RVA": 4479, "Type": "HIGHLOW"}, {"RVA": 4485, "Type": "HIGHLOW"}, {"RVA": 4493, "Type": "HIGHLOW"}, {"RVA": 4502, "Type": "HIGHLOW"}, {"RVA": 4513, "Type": "HIGHLOW"}, {"RVA": 4526, "Type": "HIGHLOW"}, {"RVA": 4535, "Type": "HIGHLOW"}, {"RVA": 4542, "Type": "HIGHLOW"}, {"RVA": 4559, "Type": "HIGHLOW"}, {"RVA": 4581, "Type": "HIGHLOW"}, {"RVA": 4588, "Type": "HIGHLOW"}, {"RVA": 4605, "Type": "HIGHLOW"}, {"RVA": 4627, "Type": "HIGHLOW"}, {"RVA": 4634, "Type": "HIGHLOW"}, {"RVA": 4651, "Type": "HIGHLOW"}, {"RVA": 4666, "Type": "HIGHLOW"}, {"RVA": 4673, "Type": "HIGHLOW"}, {"RVA": 4690, "Type": "HIGHLOW"}, {"RVA": 4722, "Type": "HIGHLOW"}, {"RVA": 4731, "Type": "HIGHLOW"}, {"RVA": 4745, "Type": "HIGHLOW"}, {"RVA": 4757, "Type": "HIGHLOW"}, {"RVA": 4772, "Type": "HIGHLOW"}, {"RVA": 4790, "Type": "HIGHLOW"}, {"RVA": 4874, "Type": "HIGHLOW"}, {"RVA": 4923, "Type": "HIGHLOW"}, {"RVA": 4930, "Type": "HIGHLOW"}, {"RVA": 4948, "Type": "HIGHLOW"}, {"RVA": 4955, "Type": "HIGHLOW"}, {"RVA": 5003, "Type": "HIGHLOW"}, {"RVA": 5010, "Type": "HIGHLOW"}, {"RVA": 5028, "Type": "HIGHLOW"}, {"RVA": 5038, "Type": "HIGHLOW"}, {"RVA": 5067, "Type": "HIGHLOW"}, {"RVA": 5089, "Type": "HIGHLOW"}, {"RVA": 5124, "Type": "HIGHLOW"}, {"RVA": 5131, "Type": "HIGHLOW"}, {"RVA": 5149, "Type": "HIGHLOW"}, {"RVA": 5156, "Type": "HIGHLOW"}, {"RVA": 5207, "Type": "HIGHLOW"}, {"RVA": 5218, "Type": "HIGHLOW"}, {"RVA": 5244, "Type": "HIGHLOW"}, {"RVA": 5251, "Type": "HIGHLOW"}, {"RVA": 5269, "Type": "HIGHLOW"}, {"RVA": 5276, "Type": "HIGHLOW"}, {"RVA": 5315, "Type": "HIGHLOW"}, {"RVA": 5626, "Type": "HIGHLOW"}, {"RVA": 5636, "Type": "HIGHLOW"}, {"RVA": 5651, "Type": "HIGHLOW"}, {"RVA": 5661, "Type": "HIGHLOW"}, {"RVA": 5687, "Type": "HIGHLOW"}, {"RVA": 5700, "Type": "HIGHLOW"}, {"RVA": 5712, "Type": "HIGHLOW"}, {"RVA": 5725, "Type": "HIGHLOW"}, {"RVA": 5746, "Type": "HIGHLOW"}, {"RVA": 5756, "Type": "HIGHLOW"}, {"RVA": 5774, "Type": "HIGHLOW"}, {"RVA": 5785, "Type": "HIGHLOW"}, {"RVA": 5792, "Type": "HIGHLOW"}, {"RVA": 5811, "Type": "HIGHLOW"}, {"RVA": 5826, "Type": "HIGHLOW"}, {"RVA": 5840, "Type": "HIGHLOW"}, {"RVA": 5861, "Type": "HIGHLOW"}, {"RVA": 5868, "Type": "HIGHLOW"}, {"RVA": 5884, "Type": "HIGHLOW"}, {"RVA": 5895, "Type": "HIGHLOW"}, {"RVA": 5922, "Type": "HIGHLOW"}, {"RVA": 5932, "Type": "HIGHLOW"}, {"RVA": 5945, "Type": "HIGHLOW"}, {"RVA": 5956, "Type": "HIGHLOW"}, {"RVA": 5981, "Type": "HIGHLOW"}, {"RVA": 6000, "Type": "HIGHLOW"}, {"RVA": 6007, "Type": "HIGHLOW"}, {"RVA": 6020, "Type": "HIGHLOW"}, {"RVA": 6042, "Type": "HIGHLOW"}, {"RVA": 6049, "Type": "HIGHLOW"}, {"RVA": 6068, "Type": "HIGHLOW"}, {"RVA": 6079, "Type": "HIGHLOW"}, {"RVA": 6124, "Type": "HIGHLOW"}, {"RVA": 6134, "Type": "HIGHLOW"}, {"RVA": 6149, "Type": "HIGHLOW"}, {"RVA": 6159, "Type": "HIGHLOW"}, {"RVA": 6185, "Type": "HIGHLOW"}, {"RVA": 6198, "Type": "HIGHLOW"}, {"RVA": 6210, "Type": "HIGHLOW"}, {"RVA": 6223, "Type": "HIGHLOW"}, {"RVA": 6244, "Type": "HIGHLOW"}, {"RVA": 6254, "Type": "HIGHLOW"}, {"RVA": 6272, "Type": "HIGHLOW"}, {"RVA": 6283, "Type": "HIGHLOW"}, {"RVA": 6290, "Type": "HIGHLOW"}, {"RVA": 6309, "Type": "HIGHLOW"}, {"RVA": 6324, "Type": "HIGHLOW"}, {"RVA": 6338, "Type": "HIGHLOW"}, {"RVA": 6359, "Type": "HIGHLOW"}, {"RVA": 6366, "Type": "HIGHLOW"}, {"RVA": 6382, "Type": "HIGHLOW"}, {"RVA": 6393, "Type": "HIGHLOW"}, {"RVA": 6420, "Type": "HIGHLOW"}, {"RVA": 6430, "Type": "HIGHLOW"}, {"RVA": 6443, "Type": "HIGHLOW"}, {"RVA": 6454, "Type": "HIGHLOW"}, {"RVA": 6479, "Type": "HIGHLOW"}, {"RVA": 6498, "Type": "HIGHLOW"}, {"RVA": 6505, "Type": "HIGHLOW"}, {"RVA": 6518, "Type": "HIGHLOW"}, {"RVA": 6540, "Type": "HIGHLOW"}, {"RVA": 6547, "Type": "HIGHLOW"}, {"RVA": 6566, "Type": "HIGHLOW"}, {"RVA": 6577, "Type": "HIGHLOW"}, {"RVA": 6607, "Type": "HIGHLOW"}, {"RVA": 6614, "Type": "HIGHLOW"}, {"RVA": 6627, "Type": "HIGHLOW"}, {"RVA": 6637, "Type": "HIGHLOW"}, {"RVA": 6658, "Type": "HIGHLOW"}, {"RVA": 6677, "Type": "HIGHLOW"}, {"RVA": 6692, "Type": "HIGHLOW"}, {"RVA": 6706, "Type": "HIGHLOW"}, {"RVA": 6731, "Type": "HIGHLOW"}, {"RVA": 6741, "Type": "HIGHLOW"}, {"RVA": 6748, "Type": "HIGHLOW"}, {"RVA": 6764, "Type": "HIGHLOW"}, {"RVA": 6783, "Type": "HIGHLOW"}, {"RVA": 6796, "Type": "HIGHLOW"}, {"RVA": 6812, "Type": "HIGHLOW"}, {"RVA": 6823, "Type": "HIGHLOW"}, {"RVA": 6849, "Type": "HIGHLOW"}, {"RVA": 6856, "Type": "HIGHLOW"}, {"RVA": 6872, "Type": "HIGHLOW"}, {"RVA": 6882, "Type": "HIGHLOW"}, {"RVA": 6904, "Type": "HIGHLOW"}, {"RVA": 6917, "Type": "HIGHLOW"}, {"RVA": 6932, "Type": "HIGHLOW"}, {"RVA": 6946, "Type": "HIGHLOW"}, {"RVA": 6967, "Type": "HIGHLOW"}, {"RVA": 6977, "Type": "HIGHLOW"}, {"RVA": 6993, "Type": "HIGHLOW"}, {"RVA": 7006, "Type": "HIGHLOW"}, {"RVA": 7013, "Type": "HIGHLOW"}, {"RVA": 7032, "Type": "HIGHLOW"}, {"RVA": 7047, "Type": "HIGHLOW"}, {"RVA": 7061, "Type": "HIGHLOW"}, {"RVA": 7082, "Type": "HIGHLOW"}, {"RVA": 7092, "Type": "HIGHLOW"}, {"RVA": 7110, "Type": "HIGHLOW"}, {"RVA": 7124, "Type": "HIGHLOW"}, {"RVA": 7144, "Type": "HIGHLOW"}, {"RVA": 7154, "Type": "HIGHLOW"}, {"RVA": 7164, "Type": "HIGHLOW"}, {"RVA": 7175, "Type": "HIGHLOW"}, {"RVA": 7199, "Type": "HIGHLOW"}, {"RVA": 7209, "Type": "HIGHLOW"}, {"RVA": 7225, "Type": "HIGHLOW"}, {"RVA": 7235, "Type": "HIGHLOW"}, {"RVA": 7251, "Type": "HIGHLOW"}, {"RVA": 7269, "Type": "HIGHLOW"}, {"RVA": 7288, "Type": "HIGHLOW"}, {"RVA": 7302, "Type": "HIGHLOW"}, {"RVA": 7320, "Type": "HIGHLOW"}, {"RVA": 7330, "Type": "HIGHLOW"}, {"RVA": 7348, "Type": "HIGHLOW"}, {"RVA": 7362, "Type": "HIGHLOW"}, {"RVA": 7385, "Type": "HIGHLOW"}, {"RVA": 7395, "Type": "HIGHLOW"}, {"RVA": 7411, "Type": "HIGHLOW"}, {"RVA": 7422, "Type": "HIGHLOW"}, {"RVA": 7440, "Type": "HIGHLOW"}, {"RVA": 7447, "Type": "HIGHLOW"}, {"RVA": 7466, "Type": "HIGHLOW"}, {"RVA": 7479, "Type": "HIGHLOW"}, {"RVA": 7489, "Type": "HIGHLOW"}, {"RVA": 7505, "Type": "HIGHLOW"}, {"RVA": 7523, "Type": "HIGHLOW"}, {"RVA": 7537, "Type": "HIGHLOW"}, {"RVA": 7558, "Type": "HIGHLOW"}, {"RVA": 7568, "Type": "HIGHLOW"}, {"RVA": 7583, "Type": "HIGHLOW"}, {"RVA": 7597, "Type": "HIGHLOW"}, {"RVA": 7623, "Type": "HIGHLOW"}, {"RVA": 7633, "Type": "HIGHLOW"}, {"RVA": 7646, "Type": "HIGHLOW"}, {"RVA": 7660, "Type": "HIGHLOW"}, {"RVA": 7681, "Type": "HIGHLOW"}, {"RVA": 7691, "Type": "HIGHLOW"}, {"RVA": 7707, "Type": "HIGHLOW"}, {"RVA": 7720, "Type": "HIGHLOW"}, {"RVA": 7727, "Type": "HIGHLOW"}, {"RVA": 7746, "Type": "HIGHLOW"}, {"RVA": 7761, "Type": "HIGHLOW"}, {"RVA": 7775, "Type": "HIGHLOW"}, {"RVA": 7796, "Type": "HIGHLOW"}, {"RVA": 7806, "Type": "HIGHLOW"}, {"RVA": 7824, "Type": "HIGHLOW"}, {"RVA": 7838, "Type": "HIGHLOW"}, {"RVA": 7858, "Type": "HIGHLOW"}, {"RVA": 7868, "Type": "HIGHLOW"}, {"RVA": 7878, "Type": "HIGHLOW"}, {"RVA": 7889, "Type": "HIGHLOW"}, {"RVA": 7916, "Type": "HIGHLOW"}, {"RVA": 7926, "Type": "HIGHLOW"}, {"RVA": 7942, "Type": "HIGHLOW"}, {"RVA": 7955, "Type": "HIGHLOW"}, {"RVA": 7965, "Type": "HIGHLOW"}, {"RVA": 7981, "Type": "HIGHLOW"}, {"RVA": 7999, "Type": "HIGHLOW"}, {"RVA": 8013, "Type": "HIGHLOW"}, {"RVA": 8034, "Type": "HIGHLOW"}, {"RVA": 8044, "Type": "HIGHLOW"}, {"RVA": 8062, "Type": "HIGHLOW"}, {"RVA": 8076, "Type": "HIGHLOW"}, {"RVA": 8096, "Type": "HIGHLOW"}, {"RVA": 8106, "Type": "HIGHLOW"}, {"RVA": 8122, "Type": "HIGHLOW"}, {"RVA": 8133, "Type": "HIGHLOW"}, {"RVA": 8151, "Type": "HIGHLOW"}, {"RVA": 8158, "Type": "HIGHLOW"}, {"RVA": 8177, "Type": "HIGHLOW"}, {"RVA": 8190, "Type": "HIGHLOW"}, {"RVA": 4096, "Type": "ABSOLUTE"}], [{"SizeOfBlock": {"FileOffset": 22000, "Value": 520, "Offset": 4}, "VirtualAddress": {"FileOffset": 21996, "Value": 8192, "Offset": 0}, "Structure": "IMAGE_BASE_RELOCATION"}, {"RVA": 8200, "Type": "HIGHLOW"}, {"RVA": 8216, "Type": "HIGHLOW"}, {"RVA": 8237, "Type": "HIGHLOW"}, {"RVA": 8251, "Type": "HIGHLOW"}, {"RVA": 8272, "Type": "HIGHLOW"}, {"RVA": 8282, "Type": "HIGHLOW"}, {"RVA": 8300, "Type": "HIGHLOW"}, {"RVA": 8314, "Type": "HIGHLOW"}, {"RVA": 8337, "Type": "HIGHLOW"}, {"RVA": 8347, "Type": "HIGHLOW"}, {"RVA": 8363, "Type": "HIGHLOW"}, {"RVA": 8374, "Type": "HIGHLOW"}, {"RVA": 8395, "Type": "HIGHLOW"}, {"RVA": 8405, "Type": "HIGHLOW"}, {"RVA": 8421, "Type": "HIGHLOW"}, {"RVA": 8434, "Type": "HIGHLOW"}, {"RVA": 8441, "Type": "HIGHLOW"}, {"RVA": 8460, "Type": "HIGHLOW"}, {"RVA": 8475, "Type": "HIGHLOW"}, {"RVA": 8489, "Type": "HIGHLOW"}, {"RVA": 8510, "Type": "HIGHLOW"}, {"RVA": 8520, "Type": "HIGHLOW"}, {"RVA": 8533, "Type": "HIGHLOW"}, {"RVA": 8544, "Type": "HIGHLOW"}, {"RVA": 8569, "Type": "HIGHLOW"}, {"RVA": 8585, "Type": "HIGHLOW"}, {"RVA": 8595, "Type": "HIGHLOW"}, {"RVA": 8606, "Type": "HIGHLOW"}, {"RVA": 8630, "Type": "HIGHLOW"}, {"RVA": 8640, "Type": "HIGHLOW"}, {"RVA": 8656, "Type": "HIGHLOW"}, {"RVA": 8669, "Type": "HIGHLOW"}, {"RVA": 8679, "Type": "HIGHLOW"}, {"RVA": 8695, "Type": "HIGHLOW"}, {"RVA": 8711, "Type": "HIGHLOW"}, {"RVA": 8722, "Type": "HIGHLOW"}, {"RVA": 8745, "Type": "HIGHLOW"}, {"RVA": 8752, "Type": "HIGHLOW"}, {"RVA": 8767, "Type": "HIGHLOW"}, {"RVA": 8778, "Type": "HIGHLOW"}, {"RVA": 8797, "Type": "HIGHLOW"}, {"RVA": 8810, "Type": "HIGHLOW"}, {"RVA": 8823, "Type": "HIGHLOW"}, {"RVA": 8834, "Type": "HIGHLOW"}, {"RVA": 8858, "Type": "HIGHLOW"}, {"RVA": 8868, "Type": "HIGHLOW"}, {"RVA": 8884, "Type": "HIGHLOW"}, {"RVA": 8897, "Type": "HIGHLOW"}, {"RVA": 8907, "Type": "HIGHLOW"}, {"RVA": 8923, "Type": "HIGHLOW"}, {"RVA": 8939, "Type": "HIGHLOW"}, {"RVA": 8949, "Type": "HIGHLOW"}, {"RVA": 9081, "Type": "HIGHLOW"}, {"RVA": 9090, "Type": "HIGHLOW"}, {"RVA": 9106, "Type": "HIGHLOW"}, {"RVA": 9119, "Type": "HIGHLOW"}, {"RVA": 9137, "Type": "HIGHLOW"}, {"RVA": 9147, "Type": "HIGHLOW"}, {"RVA": 9165, "Type": "HIGHLOW"}, {"RVA": 9178, "Type": "HIGHLOW"}, {"RVA": 9209, "Type": "HIGHLOW"}, {"RVA": 9216, "Type": "HIGHLOW"}, {"RVA": 9236, "Type": "HIGHLOW"}, {"RVA": 9249, "Type": "HIGHLOW"}, {"RVA": 9274, "Type": "HIGHLOW"}, {"RVA": 9281, "Type": "HIGHLOW"}, {"RVA": 9297, "Type": "HIGHLOW"}, {"RVA": 9311, "Type": "HIGHLOW"}, {"RVA": 9332, "Type": "HIGHLOW"}, {"RVA": 9339, "Type": "HIGHLOW"}, {"RVA": 9352, "Type": "HIGHLOW"}, {"RVA": 9362, "Type": "HIGHLOW"}, {"RVA": 9385, "Type": "HIGHLOW"}, {"RVA": 9397, "Type": "HIGHLOW"}, {"RVA": 9413, "Type": "HIGHLOW"}, {"RVA": 9427, "Type": "HIGHLOW"}, {"RVA": 9440, "Type": "HIGHLOW"}, {"RVA": 9449, "Type": "HIGHLOW"}, {"RVA": 9468, "Type": "HIGHLOW"}, {"RVA": 9482, "Type": "HIGHLOW"}, {"RVA": 9504, "Type": "HIGHLOW"}, {"RVA": 9520, "Type": "HIGHLOW"}, {"RVA": 9530, "Type": "HIGHLOW"}, {"RVA": 9541, "Type": "HIGHLOW"}, {"RVA": 9583, "Type": "HIGHLOW"}, {"RVA": 9592, "Type": "HIGHLOW"}, {"RVA": 9608, "Type": "HIGHLOW"}, {"RVA": 9621, "Type": "HIGHLOW"}, {"RVA": 9639, "Type": "HIGHLOW"}, {"RVA": 9649, "Type": "HIGHLOW"}, {"RVA": 9667, "Type": "HIGHLOW"}, {"RVA": 9680, "Type": "HIGHLOW"}, {"RVA": 9711, "Type": "HIGHLOW"}, {"RVA": 9718, "Type": "HIGHLOW"}, {"RVA": 9738, "Type": "HIGHLOW"}, {"RVA": 9751, "Type": "HIGHLOW"}, {"RVA": 9776, "Type": "HIGHLOW"}, {"RVA": 9783, "Type": "HIGHLOW"}, {"RVA": 9799, "Type": "HIGHLOW"}, {"RVA": 9813, "Type": "HIGHLOW"}, {"RVA": 9834, "Type": "HIGHLOW"}, {"RVA": 9841, "Type": "HIGHLOW"}, {"RVA": 9854, "Type": "HIGHLOW"}, {"RVA": 9864, "Type": "HIGHLOW"}, {"RVA": 9887, "Type": "HIGHLOW"}, {"RVA": 9899, "Type": "HIGHLOW"}, {"RVA": 9915, "Type": "HIGHLOW"}, {"RVA": 9929, "Type": "HIGHLOW"}, {"RVA": 9942, "Type": "HIGHLOW"}, {"RVA": 9951, "Type": "HIGHLOW"}, {"RVA": 9970, "Type": "HIGHLOW"}, {"RVA": 9984, "Type": "HIGHLOW"}, {"RVA": 10006, "Type": "HIGHLOW"}, {"RVA": 10022, "Type": "HIGHLOW"}, {"RVA": 10032, "Type": "HIGHLOW"}, {"RVA": 10043, "Type": "HIGHLOW"}, {"RVA": 10077, "Type": "HIGHLOW"}, {"RVA": 10086, "Type": "HIGHLOW"}, {"RVA": 10102, "Type": "HIGHLOW"}, {"RVA": 10115, "Type": "HIGHLOW"}, {"RVA": 10133, "Type": "HIGHLOW"}, {"RVA": 10140, "Type": "HIGHLOW"}, {"RVA": 10155, "Type": "HIGHLOW"}, {"RVA": 10168, "Type": "HIGHLOW"}, {"RVA": 10199, "Type": "HIGHLOW"}, {"RVA": 10206, "Type": "HIGHLOW"}, {"RVA": 10219, "Type": "HIGHLOW"}, {"RVA": 10232, "Type": "HIGHLOW"}, {"RVA": 10255, "Type": "HIGHLOW"}, {"RVA": 10262, "Type": "HIGHLOW"}, {"RVA": 10278, "Type": "HIGHLOW"}, {"RVA": 10292, "Type": "HIGHLOW"}, {"RVA": 10318, "Type": "HIGHLOW"}, {"RVA": 10328, "Type": "HIGHLOW"}, {"RVA": 10344, "Type": "HIGHLOW"}, {"RVA": 10354, "Type": "HIGHLOW"}, {"RVA": 10372, "Type": "HIGHLOW"}, {"RVA": 10379, "Type": "HIGHLOW"}, {"RVA": 10401, "Type": "HIGHLOW"}, {"RVA": 10414, "Type": "HIGHLOW"}, {"RVA": 10442, "Type": "HIGHLOW"}, {"RVA": 10449, "Type": "HIGHLOW"}, {"RVA": 10471, "Type": "HIGHLOW"}, {"RVA": 10484, "Type": "HIGHLOW"}, {"RVA": 10512, "Type": "HIGHLOW"}, {"RVA": 10525, "Type": "HIGHLOW"}, {"RVA": 10538, "Type": "HIGHLOW"}, {"RVA": 10549, "Type": "HIGHLOW"}, {"RVA": 10575, "Type": "HIGHLOW"}, {"RVA": 10585, "Type": "HIGHLOW"}, {"RVA": 10601, "Type": "HIGHLOW"}, {"RVA": 10611, "Type": "HIGHLOW"}, {"RVA": 10626, "Type": "HIGHLOW"}, {"RVA": 10636, "Type": "HIGHLOW"}, {"RVA": 10658, "Type": "HIGHLOW"}, {"RVA": 10671, "Type": "HIGHLOW"}, {"RVA": 10693, "Type": "HIGHLOW"}, {"RVA": 10706, "Type": "HIGHLOW"}, {"RVA": 10728, "Type": "HIGHLOW"}, {"RVA": 10741, "Type": "HIGHLOW"}, {"RVA": 10769, "Type": "HIGHLOW"}, {"RVA": 10782, "Type": "HIGHLOW"}, {"RVA": 10795, "Type": "HIGHLOW"}, {"RVA": 10806, "Type": "HIGHLOW"}, {"RVA": 10832, "Type": "HIGHLOW"}, {"RVA": 10842, "Type": "HIGHLOW"}, {"RVA": 10858, "Type": "HIGHLOW"}, {"RVA": 10868, "Type": "HIGHLOW"}, {"RVA": 10883, "Type": "HIGHLOW"}, {"RVA": 10893, "Type": "HIGHLOW"}, {"RVA": 10915, "Type": "HIGHLOW"}, {"RVA": 10928, "Type": "HIGHLOW"}, {"RVA": 10956, "Type": "HIGHLOW"}, {"RVA": 10963, "Type": "HIGHLOW"}, {"RVA": 10985, "Type": "HIGHLOW"}, {"RVA": 10998, "Type": "HIGHLOW"}, {"RVA": 11023, "Type": "HIGHLOW"}, {"RVA": 11039, "Type": "HIGHLOW"}, {"RVA": 11052, "Type": "HIGHLOW"}, {"RVA": 11063, "Type": "HIGHLOW"}, {"RVA": 11089, "Type": "HIGHLOW"}, {"RVA": 11099, "Type": "HIGHLOW"}, {"RVA": 11115, "Type": "HIGHLOW"}, {"RVA": 11125, "Type": "HIGHLOW"}, {"RVA": 11140, "Type": "HIGHLOW"}, {"RVA": 11150, "Type": "HIGHLOW"}, {"RVA": 11172, "Type": "HIGHLOW"}, {"RVA": 11185, "Type": "HIGHLOW"}, {"RVA": 11213, "Type": "HIGHLOW"}, {"RVA": 11220, "Type": "HIGHLOW"}, {"RVA": 11242, "Type": "HIGHLOW"}, {"RVA": 11255, "Type": "HIGHLOW"}, {"RVA": 11283, "Type": "HIGHLOW"}, {"RVA": 11296, "Type": "HIGHLOW"}, {"RVA": 11303, "Type": "HIGHLOW"}, {"RVA": 11314, "Type": "HIGHLOW"}, {"RVA": 11343, "Type": "HIGHLOW"}, {"RVA": 11356, "Type": "HIGHLOW"}, {"RVA": 11372, "Type": "HIGHLOW"}, {"RVA": 11382, "Type": "HIGHLOW"}, {"RVA": 11397, "Type": "HIGHLOW"}, {"RVA": 11407, "Type": "HIGHLOW"}, {"RVA": 11429, "Type": "HIGHLOW"}, {"RVA": 11442, "Type": "HIGHLOW"}, {"RVA": 11470, "Type": "HIGHLOW"}, {"RVA": 11477, "Type": "HIGHLOW"}, {"RVA": 11499, "Type": "HIGHLOW"}, {"RVA": 11512, "Type": "HIGHLOW"}, {"RVA": 11540, "Type": "HIGHLOW"}, {"RVA": 11553, "Type": "HIGHLOW"}, {"RVA": 11566, "Type": "HIGHLOW"}, {"RVA": 11577, "Type": "HIGHLOW"}, {"RVA": 11603, "Type": "HIGHLOW"}, {"RVA": 11613, "Type": "HIGHLOW"}, {"RVA": 11626, "Type": "HIGHLOW"}, {"RVA": 11636, "Type": "HIGHLOW"}, {"RVA": 11654, "Type": "HIGHLOW"}, {"RVA": 11664, "Type": "HIGHLOW"}, {"RVA": 11686, "Type": "HIGHLOW"}, {"RVA": 11699, "Type": "HIGHLOW"}, {"RVA": 11727, "Type": "HIGHLOW"}, {"RVA": 11734, "Type": "HIGHLOW"}, {"RVA": 11756, "Type": "HIGHLOW"}, {"RVA": 11769, "Type": "HIGHLOW"}, {"RVA": 11797, "Type": "HIGHLOW"}, {"RVA": 11810, "Type": "HIGHLOW"}, {"RVA": 11823, "Type": "HIGHLOW"}, {"RVA": 11834, "Type": "HIGHLOW"}, {"RVA": 11860, "Type": "HIGHLOW"}, {"RVA": 11870, "Type": "HIGHLOW"}, {"RVA": 11886, "Type": "HIGHLOW"}, {"RVA": 11896, "Type": "HIGHLOW"}, {"RVA": 11911, "Type": "HIGHLOW"}, {"RVA": 11921, "Type": "HIGHLOW"}, {"RVA": 11943, "Type": "HIGHLOW"}, {"RVA": 11956, "Type": "HIGHLOW"}, {"RVA": 11978, "Type": "HIGHLOW"}, {"RVA": 11991, "Type": "HIGHLOW"}, {"RVA": 12013, "Type": "HIGHLOW"}, {"RVA": 12026, "Type": "HIGHLOW"}, {"RVA": 12054, "Type": "HIGHLOW"}, {"RVA": 12067, "Type": "HIGHLOW"}, {"RVA": 12080, "Type": "HIGHLOW"}, {"RVA": 12091, "Type": "HIGHLOW"}, {"RVA": 12117, "Type": "HIGHLOW"}, {"RVA": 12127, "Type": "HIGHLOW"}, {"RVA": 12143, "Type": "HIGHLOW"}, {"RVA": 12153, "Type": "HIGHLOW"}, {"RVA": 12168, "Type": "HIGHLOW"}, {"RVA": 12178, "Type": "HIGHLOW"}, {"RVA": 12200, "Type": "HIGHLOW"}, {"RVA": 12213, "Type": "HIGHLOW"}, {"RVA": 12241, "Type": "HIGHLOW"}, {"RVA": 12248, "Type": "HIGHLOW"}, {"RVA": 12270, "Type": "HIGHLOW"}, {"RVA": 12283, "Type": "HIGHLOW"}], [{"SizeOfBlock": {"FileOffset": 22520, "Value": 388, "Offset": 4}, "VirtualAddress": {"FileOffset": 22516, "Value": 12288, "Offset": 0}, "Structure": "IMAGE_BASE_RELOCATION"}, {"RVA": 12317, "Type": "HIGHLOW"}, {"RVA": 12330, "Type": "HIGHLOW"}, {"RVA": 12337, "Type": "HIGHLOW"}, {"RVA": 12348, "Type": "HIGHLOW"}, {"RVA": 12371, "Type": "HIGHLOW"}, {"RVA": 12384, "Type": "HIGHLOW"}, {"RVA": 12397, "Type": "HIGHLOW"}, {"RVA": 12407, "Type": "HIGHLOW"}, {"RVA": 12427, "Type": "HIGHLOW"}, {"RVA": 12437, "Type": "HIGHLOW"}, {"RVA": 12452, "Type": "HIGHLOW"}, {"RVA": 12463, "Type": "HIGHLOW"}, {"RVA": 12490, "Type": "HIGHLOW"}, {"RVA": 12497, "Type": "HIGHLOW"}, {"RVA": 12515, "Type": "HIGHLOW"}, {"RVA": 12526, "Type": "HIGHLOW"}, {"RVA": 12560, "Type": "HIGHLOW"}, {"RVA": 12570, "Type": "HIGHLOW"}, {"RVA": 12577, "Type": "HIGHLOW"}, {"RVA": 12587, "Type": "HIGHLOW"}, {"RVA": 12625, "Type": "HIGHLOW"}, {"RVA": 12649, "Type": "HIGHLOW"}, {"RVA": 12659, "Type": "HIGHLOW"}, {"RVA": 12676, "Type": "HIGHLOW"}, {"RVA": 12683, "Type": "HIGHLOW"}, {"RVA": 12725, "Type": "HIGHLOW"}, {"RVA": 12741, "Type": "HIGHLOW"}, {"RVA": 12755, "Type": "HIGHLOW"}, {"RVA": 12762, "Type": "HIGHLOW"}, {"RVA": 12769, "Type": "HIGHLOW"}, {"RVA": 12806, "Type": "HIGHLOW"}, {"RVA": 12836, "Type": "HIGHLOW"}, {"RVA": 12871, "Type": "HIGHLOW"}, {"RVA": 12891, "Type": "HIGHLOW"}, {"RVA": 12898, "Type": "HIGHLOW"}, {"RVA": 12906, "Type": "HIGHLOW"}, {"RVA": 12918, "Type": "HIGHLOW"}, {"RVA": 12942, "Type": "HIGHLOW"}, {"RVA": 12950, "Type": "HIGHLOW"}, {"RVA": 12962, "Type": "HIGHLOW"}, {"RVA": 12990, "Type": "HIGHLOW"}, {"RVA": 13019, "Type": "HIGHLOW"}, {"RVA": 13025, "Type": "HIGHLOW"}, {"RVA": 13050, "Type": "HIGHLOW"}, {"RVA": 13077, "Type": "HIGHLOW"}, {"RVA": 13088, "Type": "HIGHLOW"}, {"RVA": 13096, "Type": "HIGHLOW"}, {"RVA": 13102, "Type": "HIGHLOW"}, {"RVA": 13107, "Type": "HIGHLOW"}, {"RVA": 13112, "Type": "HIGHLOW"}, {"RVA": 13118, "Type": "HIGHLOW"}, {"RVA": 13124, "Type": "HIGHLOW"}, {"RVA": 13131, "Type": "HIGHLOW"}, {"RVA": 13148, "Type": "HIGHLOW"}, {"RVA": 13155, "Type": "HIGHLOW"}, {"RVA": 13181, "Type": "HIGHLOW"}, {"RVA": 13190, "Type": "HIGHLOW"}, {"RVA": 13200, "Type": "HIGHLOW"}, {"RVA": 13206, "Type": "HIGHLOW"}, {"RVA": 13212, "Type": "HIGHLOW"}, {"RVA": 13218, "Type": "HIGHLOW"}, {"RVA": 13263, "Type": "HIGHLOW"}, {"RVA": 13289, "Type": "HIGHLOW"}, {"RVA": 13296, "Type": "HIGHLOW"}, {"RVA": 13408, "Type": "HIGHLOW"}, {"RVA": 13417, "Type": "HIGHLOW"}, {"RVA": 13436, "Type": "HIGHLOW"}, {"RVA": 13447, "Type": "HIGHLOW"}, {"RVA": 13454, "Type": "HIGHLOW"}, {"RVA": 13463, "Type": "HIGHLOW"}, {"RVA": 13469, "Type": "HIGHLOW"}, {"RVA": 13496, "Type": "HIGHLOW"}, {"RVA": 13517, "Type": "HIGHLOW"}, {"RVA": 13535, "Type": "HIGHLOW"}, {"RVA": 13547, "Type": "HIGHLOW"}, {"RVA": 13553, "Type": "HIGHLOW"}, {"RVA": 13560, "Type": "HIGHLOW"}, {"RVA": 13588, "Type": "HIGHLOW"}, {"RVA": 13642, "Type": "HIGHLOW"}, {"RVA": 13655, "Type": "HIGHLOW"}, {"RVA": 13686, "Type": "HIGHLOW"}, {"RVA": 13700, "Type": "HIGHLOW"}, {"RVA": 13728, "Type": "HIGHLOW"}, {"RVA": 13744, "Type": "HIGHLOW"}, {"RVA": 13752, "Type": "HIGHLOW"}, {"RVA": 13764, "Type": "HIGHLOW"}, {"RVA": 13861, "Type": "HIGHLOW"}, {"RVA": 13875, "Type": "HIGHLOW"}, {"RVA": 13882, "Type": "HIGHLOW"}, {"RVA": 13905, "Type": "HIGHLOW"}, {"RVA": 13916, "Type": "HIGHLOW"}, {"RVA": 13939, "Type": "HIGHLOW"}, {"RVA": 13955, "Type": "HIGHLOW"}, {"RVA": 13970, "Type": "HIGHLOW"}, {"RVA": 13979, "Type": "HIGHLOW"}, {"RVA": 14017, "Type": "HIGHLOW"}, {"RVA": 14023, "Type": "HIGHLOW"}, {"RVA": 14028, "Type": "HIGHLOW"}, {"RVA": 14035, "Type": "HIGHLOW"}, {"RVA": 14108, "Type": "HIGHLOW"}, {"RVA": 14140, "Type": "HIGHLOW"}, {"RVA": 14151, "Type": "HIGHLOW"}, {"RVA": 14192, "Type": "HIGHLOW"}, {"RVA": 14220, "Type": "HIGHLOW"}, {"RVA": 14287, "Type": "HIGHLOW"}, {"RVA": 14299, "Type": "HIGHLOW"}, {"RVA": 14336, "Type": "HIGHLOW"}, {"RVA": 14342, "Type": "HIGHLOW"}, {"RVA": 14392, "Type": "HIGHLOW"}, {"RVA": 14414, "Type": "HIGHLOW"}, {"RVA": 14436, "Type": "HIGHLOW"}, {"RVA": 14452, "Type": "HIGHLOW"}, {"RVA": 14467, "Type": "HIGHLOW"}, {"RVA": 14491, "Type": "HIGHLOW"}, {"RVA": 14502, "Type": "HIGHLOW"}, {"RVA": 14511, "Type": "HIGHLOW"}, {"RVA": 14525, "Type": "HIGHLOW"}, {"RVA": 14538, "Type": "HIGHLOW"}, {"RVA": 14545, "Type": "HIGHLOW"}, {"RVA": 14625, "Type": "HIGHLOW"}, {"RVA": 14671, "Type": "HIGHLOW"}, {"RVA": 14686, "Type": "HIGHLOW"}, {"RVA": 14704, "Type": "HIGHLOW"}, {"RVA": 14711, "Type": "HIGHLOW"}, {"RVA": 14728, "Type": "HIGHLOW"}, {"RVA": 14746, "Type": "HIGHLOW"}, {"RVA": 14753, "Type": "HIGHLOW"}, {"RVA": 14766, "Type": "HIGHLOW"}, {"RVA": 14784, "Type": "HIGHLOW"}, {"RVA": 14791, "Type": "HIGHLOW"}, {"RVA": 14822, "Type": "HIGHLOW"}, {"RVA": 14836, "Type": "HIGHLOW"}, {"RVA": 14843, "Type": "HIGHLOW"}, {"RVA": 14849, "Type": "HIGHLOW"}, {"RVA": 14934, "Type": "HIGHLOW"}, {"RVA": 15002, "Type": "HIGHLOW"}, {"RVA": 15013, "Type": "HIGHLOW"}, {"RVA": 15031, "Type": "HIGHLOW"}, {"RVA": 15053, "Type": "HIGHLOW"}, {"RVA": 15078, "Type": "HIGHLOW"}, {"RVA": 15086, "Type": "HIGHLOW"}, {"RVA": 15130, "Type": "HIGHLOW"}, {"RVA": 15142, "Type": "HIGHLOW"}, {"RVA": 15159, "Type": "HIGHLOW"}, {"RVA": 15206, "Type": "HIGHLOW"}, {"RVA": 15240, "Type": "HIGHLOW"}, {"RVA": 15245, "Type": "HIGHLOW"}, {"RVA": 15272, "Type": "HIGHLOW"}, {"RVA": 15285, "Type": "HIGHLOW"}, {"RVA": 15293, "Type": "HIGHLOW"}, {"RVA": 15338, "Type": "HIGHLOW"}, {"RVA": 15363, "Type": "HIGHLOW"}, {"RVA": 15400, "Type": "HIGHLOW"}, {"RVA": 15406, "Type": "HIGHLOW"}, {"RVA": 15417, "Type": "HIGHLOW"}, {"RVA": 15426, "Type": "HIGHLOW"}, {"RVA": 15432, "Type": "HIGHLOW"}, {"RVA": 15461, "Type": "HIGHLOW"}, {"RVA": 15468, "Type": "HIGHLOW"}, {"RVA": 15480, "Type": "HIGHLOW"}, {"RVA": 15487, "Type": "HIGHLOW"}, {"RVA": 15522, "Type": "HIGHLOW"}, {"RVA": 15529, "Type": "HIGHLOW"}, {"RVA": 15547, "Type": "HIGHLOW"}, {"RVA": 15554, "Type": "HIGHLOW"}, {"RVA": 15572, "Type": "HIGHLOW"}, {"RVA": 15579, "Type": "HIGHLOW"}, {"RVA": 15591, "Type": "HIGHLOW"}, {"RVA": 15598, "Type": "HIGHLOW"}, {"RVA": 15627, "Type": "HIGHLOW"}, {"RVA": 15652, "Type": "HIGHLOW"}, {"RVA": 15663, "Type": "HIGHLOW"}, {"RVA": 15691, "Type": "HIGHLOW"}, {"RVA": 15727, "Type": "HIGHLOW"}, {"RVA": 15765, "Type": "HIGHLOW"}, {"RVA": 15812, "Type": "HIGHLOW"}, {"RVA": 15836, "Type": "HIGHLOW"}, {"RVA": 15848, "Type": "HIGHLOW"}, {"RVA": 15865, "Type": "HIGHLOW"}, {"RVA": 15912, "Type": "HIGHLOW"}, {"RVA": 15946, "Type": "HIGHLOW"}, {"RVA": 15951, "Type": "HIGHLOW"}, {"RVA": 15978, "Type": "HIGHLOW"}, {"RVA": 15991, "Type": "HIGHLOW"}, {"RVA": 16004, "Type": "HIGHLOW"}, {"RVA": 16029, "Type": "HIGHLOW"}, {"RVA": 16043, "Type": "HIGHLOW"}, {"RVA": 16057, "Type": "HIGHLOW"}, {"RVA": 16074, "Type": "HIGHLOW"}, {"RVA": 16137, "Type": "HIGHLOW"}], [{"SizeOfBlock": {"FileOffset": 22908, "Value": 348, "Offset": 4}, "VirtualAddress": {"FileOffset": 22904, "Value": 16384, "Offset": 0}, "Structure": "IMAGE_BASE_RELOCATION"}, {"RVA": 17318, "Type": "HIGHLOW"}, {"RVA": 17327, "Type": "HIGHLOW"}, {"RVA": 17339, "Type": "HIGHLOW"}, {"RVA": 17345, "Type": "HIGHLOW"}, {"RVA": 17369, "Type": "HIGHLOW"}, {"RVA": 17388, "Type": "HIGHLOW"}, {"RVA": 17404, "Type": "HIGHLOW"}, {"RVA": 17420, "Type": "HIGHLOW"}, {"RVA": 17429, "Type": "HIGHLOW"}, {"RVA": 17435, "Type": "HIGHLOW"}, {"RVA": 17442, "Type": "HIGHLOW"}, {"RVA": 17457, "Type": "HIGHLOW"}, {"RVA": 17478, "Type": "HIGHLOW"}, {"RVA": 17492, "Type": "HIGHLOW"}, {"RVA": 17523, "Type": "HIGHLOW"}, {"RVA": 17566, "Type": "HIGHLOW"}, {"RVA": 17595, "Type": "HIGHLOW"}, {"RVA": 17622, "Type": "HIGHLOW"}, {"RVA": 17632, "Type": "HIGHLOW"}, {"RVA": 17637, "Type": "HIGHLOW"}, {"RVA": 17658, "Type": "HIGHLOW"}, {"RVA": 17665, "Type": "HIGHLOW"}, {"RVA": 17689, "Type": "HIGHLOW"}, {"RVA": 17696, "Type": "HIGHLOW"}, {"RVA": 17703, "Type": "HIGHLOW"}, {"RVA": 17720, "Type": "HIGHLOW"}, {"RVA": 17750, "Type": "HIGHLOW"}, {"RVA": 17757, "Type": "HIGHLOW"}, {"RVA": 17773, "Type": "HIGHLOW"}, {"RVA": 17779, "Type": "HIGHLOW"}, {"RVA": 17803, "Type": "HIGHLOW"}, {"RVA": 17814, "Type": "HIGHLOW"}, {"RVA": 17821, "Type": "HIGHLOW"}, {"RVA": 17843, "Type": "HIGHLOW"}, {"RVA": 17850, "Type": "HIGHLOW"}, {"RVA": 17855, "Type": "HIGHLOW"}, {"RVA": 17860, "Type": "HIGHLOW"}, {"RVA": 17867, "Type": "HIGHLOW"}, {"RVA": 17897, "Type": "HIGHLOW"}, {"RVA": 17907, "Type": "HIGHLOW"}, {"RVA": 17921, "Type": "HIGHLOW"}, {"RVA": 17938, "Type": "HIGHLOW"}, {"RVA": 17948, "Type": "HIGHLOW"}, {"RVA": 17992, "Type": "HIGHLOW"}, {"RVA": 18012, "Type": "HIGHLOW"}, {"RVA": 18032, "Type": "HIGHLOW"}, {"RVA": 18037, "Type": "HIGHLOW"}, {"RVA": 18051, "Type": "HIGHLOW"}, {"RVA": 18089, "Type": "HIGHLOW"}, {"RVA": 18146, "Type": "HIGHLOW"}, {"RVA": 18183, "Type": "HIGHLOW"}, {"RVA": 18233, "Type": "HIGHLOW"}, {"RVA": 18254, "Type": "HIGHLOW"}, {"RVA": 18263, "Type": "HIGHLOW"}, {"RVA": 18275, "Type": "HIGHLOW"}, {"RVA": 18281, "Type": "HIGHLOW"}, {"RVA": 18289, "Type": "HIGHLOW"}, {"RVA": 18297, "Type": "HIGHLOW"}, {"RVA": 18307, "Type": "HIGHLOW"}, {"RVA": 18313, "Type": "HIGHLOW"}, {"RVA": 18339, "Type": "HIGHLOW"}, {"RVA": 18351, "Type": "HIGHLOW"}, {"RVA": 18363, "Type": "HIGHLOW"}, {"RVA": 18372, "Type": "HIGHLOW"}, {"RVA": 18385, "Type": "HIGHLOW"}, {"RVA": 18393, "Type": "HIGHLOW"}, {"RVA": 18419, "Type": "HIGHLOW"}, {"RVA": 18433, "Type": "HIGHLOW"}, {"RVA": 18450, "Type": "HIGHLOW"}, {"RVA": 18456, "Type": "HIGHLOW"}, {"RVA": 18473, "Type": "HIGHLOW"}, {"RVA": 18481, "Type": "HIGHLOW"}, {"RVA": 18499, "Type": "HIGHLOW"}, {"RVA": 18516, "Type": "HIGHLOW"}, {"RVA": 18524, "Type": "HIGHLOW"}, {"RVA": 18539, "Type": "HIGHLOW"}, {"RVA": 18555, "Type": "HIGHLOW"}, {"RVA": 18565, "Type": "HIGHLOW"}, {"RVA": 18577, "Type": "HIGHLOW"}, {"RVA": 18583, "Type": "HIGHLOW"}, {"RVA": 18591, "Type": "HIGHLOW"}, {"RVA": 18599, "Type": "HIGHLOW"}, {"RVA": 18610, "Type": "HIGHLOW"}, {"RVA": 18622, "Type": "HIGHLOW"}, {"RVA": 18634, "Type": "HIGHLOW"}, {"RVA": 18643, "Type": "HIGHLOW"}, {"RVA": 18682, "Type": "HIGHLOW"}, {"RVA": 18694, "Type": "HIGHLOW"}, {"RVA": 18710, "Type": "HIGHLOW"}, {"RVA": 18735, "Type": "HIGHLOW"}, {"RVA": 18752, "Type": "HIGHLOW"}, {"RVA": 18769, "Type": "HIGHLOW"}, {"RVA": 18788, "Type": "HIGHLOW"}, {"RVA": 18805, "Type": "HIGHLOW"}, {"RVA": 18822, "Type": "HIGHLOW"}, {"RVA": 18841, "Type": "HIGHLOW"}, {"RVA": 18858, "Type": "HIGHLOW"}, {"RVA": 18878, "Type": "HIGHLOW"}, {"RVA": 18902, "Type": "HIGHLOW"}, {"RVA": 18921, "Type": "HIGHLOW"}, {"RVA": 18938, "Type": "HIGHLOW"}, {"RVA": 18966, "Type": "HIGHLOW"}, {"RVA": 18992, "Type": "HIGHLOW"}, {"RVA": 19006, "Type": "HIGHLOW"}, {"RVA": 19015, "Type": "HIGHLOW"}, {"RVA": 19032, "Type": "HIGHLOW"}, {"RVA": 19038, "Type": "HIGHLOW"}, {"RVA": 19050, "Type": "HIGHLOW"}, {"RVA": 19058, "Type": "HIGHLOW"}, {"RVA": 19081, "Type": "HIGHLOW"}, {"RVA": 19089, "Type": "HIGHLOW"}, {"RVA": 19120, "Type": "HIGHLOW"}, {"RVA": 19130, "Type": "HIGHLOW"}, {"RVA": 19149, "Type": "HIGHLOW"}, {"RVA": 19166, "Type": "HIGHLOW"}, {"RVA": 19182, "Type": "HIGHLOW"}, {"RVA": 19230, "Type": "HIGHLOW"}, {"RVA": 19235, "Type": "HIGHLOW"}, {"RVA": 19274, "Type": "HIGHLOW"}, {"RVA": 19280, "Type": "HIGHLOW"}, {"RVA": 19298, "Type": "HIGHLOW"}, {"RVA": 19319, "Type": "HIGHLOW"}, {"RVA": 19356, "Type": "HIGHLOW"}, {"RVA": 19368, "Type": "HIGHLOW"}, {"RVA": 19377, "Type": "HIGHLOW"}, {"RVA": 19386, "Type": "HIGHLOW"}, {"RVA": 19398, "Type": "HIGHLOW"}, {"RVA": 19411, "Type": "HIGHLOW"}, {"RVA": 19432, "Type": "HIGHLOW"}, {"RVA": 19440, "Type": "HIGHLOW"}, {"RVA": 19470, "Type": "HIGHLOW"}, {"RVA": 19526, "Type": "HIGHLOW"}, {"RVA": 19565, "Type": "HIGHLOW"}, {"RVA": 19578, "Type": "HIGHLOW"}, {"RVA": 19614, "Type": "HIGHLOW"}, {"RVA": 19683, "Type": "HIGHLOW"}, {"RVA": 19706, "Type": "HIGHLOW"}, {"RVA": 19712, "Type": "HIGHLOW"}, {"RVA": 19718, "Type": "HIGHLOW"}, {"RVA": 19724, "Type": "HIGHLOW"}, {"RVA": 19730, "Type": "HIGHLOW"}, {"RVA": 19736, "Type": "HIGHLOW"}, {"RVA": 19742, "Type": "HIGHLOW"}, {"RVA": 19838, "Type": "HIGHLOW"}, {"RVA": 19858, "Type": "HIGHLOW"}, {"RVA": 19864, "Type": "HIGHLOW"}, {"RVA": 19870, "Type": "HIGHLOW"}, {"RVA": 19884, "Type": "HIGHLOW"}, {"RVA": 19892, "Type": "HIGHLOW"}, {"RVA": 19898, "Type": "HIGHLOW"}, {"RVA": 19909, "Type": "HIGHLOW"}, {"RVA": 19922, "Type": "HIGHLOW"}, {"RVA": 19930, "Type": "HIGHLOW"}, {"RVA": 19944, "Type": "HIGHLOW"}, {"RVA": 19949, "Type": "HIGHLOW"}, {"RVA": 19954, "Type": "HIGHLOW"}, {"RVA": 19959, "Type": "HIGHLOW"}, {"RVA": 19970, "Type": "HIGHLOW"}, {"RVA": 19983, "Type": "HIGHLOW"}, {"RVA": 19993, "Type": "HIGHLOW"}, {"RVA": 20014, "Type": "HIGHLOW"}, {"RVA": 20026, "Type": "HIGHLOW"}, {"RVA": 20032, "Type": "HIGHLOW"}, {"RVA": 20066, "Type": "HIGHLOW"}, {"RVA": 20084, "Type": "HIGHLOW"}, {"RVA": 20176, "Type": "HIGHLOW"}, {"RVA": 20204, "Type": "HIGHLOW"}, {"RVA": 20210, "Type": "HIGHLOW"}, {"RVA": 20225, "Type": "HIGHLOW"}, {"RVA": 16384, "Type": "ABSOLUTE"}], [{"SizeOfBlock": {"FileOffset": 23256, "Value": 56, "Offset": 4}, "VirtualAddress": {"FileOffset": 23252, "Value": 20480, "Offset": 0}, "Structure": "IMAGE_BASE_RELOCATION"}, {"RVA": 20840, "Type": "HIGHLOW"}, {"RVA": 20844, "Type": "HIGHLOW"}, {"RVA": 20848, "Type": "HIGHLOW"}, {"RVA": 20852, "Type": "HIGHLOW"}, {"RVA": 20860, "Type": "HIGHLOW"}, {"RVA": 20864, "Type": "HIGHLOW"}, {"RVA": 20868, "Type": "HIGHLOW"}, {"RVA": 20872, "Type": "HIGHLOW"}, {"RVA": 20880, "Type": "HIGHLOW"}, {"RVA": 20904, "Type": "HIGHLOW"}, {"RVA": 20924, "Type": "HIGHLOW"}, {"RVA": 20940, "Type": "HIGHLOW"}, {"RVA": 20944, "Type": "HIGHLOW"}, {"RVA": 20956, "Type": "HIGHLOW"}, {"RVA": 20988, "Type": "HIGHLOW"}, {"RVA": 21020, "Type": "HIGHLOW"}, {"RVA": 21024, "Type": "HIGHLOW"}, {"RVA": 21044, "Type": "HIGHLOW"}, {"RVA": 21056, "Type": "HIGHLOW"}, {"RVA": 21064, "Type": "HIGHLOW"}, {"RVA": 21112, "Type": "HIGHLOW"}, {"RVA": 21124, "Type": "HIGHLOW"}, {"RVA": 21132, "Type": "HIGHLOW"}, {"RVA": 20480, "Type": "ABSOLUTE"}], [{"SizeOfBlock": {"FileOffset": 23312, "Value": 24, "Offset": 4}, "VirtualAddress": {"FileOffset": 23308, "Value": 24576, "Offset": 0}, "Structure": "IMAGE_BASE_RELOCATION"}, {"RVA": 24608, "Type": "HIGHLOW"}, {"RVA": 24744, "Type": "HIGHLOW"}, {"RVA": 24748, "Type": "HIGHLOW"}, {"RVA": 24752, "Type": "HIGHLOW"}, {"RVA": 24756, "Type": "HIGHLOW"}, {"RVA": 25056, "Type": "HIGHLOW"}, {"RVA": 25072, "Type": "HIGHLOW"}, {"RVA": 25984, "Type": "HIGHLOW"}]], "NT_HEADERS": {"Structure": "IMAGE_NT_HEADERS", "Signature": {"FileOffset": 232, "Value": 17744, "Offset": 0}}, "Flags": ["IMAGE_FILE_LOCAL_SYMS_STRIPPED", "IMAGE_FILE_32BIT_MACHINE", "IMAGE_FILE_EXECUTABLE_IMAGE", "IMAGE_FILE_DLL", "IMAGE_FILE_LINE_NUMS_STRIPPED"], "Imported symbols": [[{"TimeDateStamp": {"FileOffset": 18068, "Value": "0x0        [Thu Jan  1 00:00:00 1970 UTC]", "Offset": 4}, "Name": {"FileOffset": 18076, "Value": 21954, "Offset": 12}, "ForwarderChain": {"FileOffset": 18072, "Value": 0, "Offset": 8}, "OriginalFirstThunk": {"FileOffset": 18064, "Value": 21308, "Offset": 0}, "FirstThunk": {"FileOffset": 18080, "Value": 20532, "Offset": 16}, "Characteristics": {"FileOffset": 18064, "Value": 21308, "Offset": 0}, "Structure": "IMAGE_IMPORT_DESCRIPTOR"}, {"Hint": 336, "Name": "GetStartupInfoA", "DLL": "KERNEL32.dll"}, {"Hint": 67, "Name": "CreatePipe", "DLL": "KERNEL32.dll"}, {"Hint": 245, "Name": "GetCurrentDirectoryA", "DLL": "KERNEL32.dll"}, {"Hint": 68, "Name": "CreateProcessA", "DLL": "KERNEL32.dll"}, {"Hint": 776, "Name": "lstrlenA", "DLL": "KERNEL32.dll"}, {"Hint": 625, "Name": "SetLastError", "DLL": "KERNEL32.dll"}, {"Hint": 501, "Name": "OutputDebugStringA", "DLL": "KERNEL32.dll"}, {"Hint": 27, "Name": "CloseHandle", "DLL": "KERNEL32.dll"}, {"Hint": 536, "Name": "ReadFile", "DLL": "KERNEL32.dll"}, {"Hint": 357, "Name": "GetTempPathA", "DLL": "KERNEL32.dll"}, {"Hint": 289, "Name": "GetLongPathNameA", "DLL": "KERNEL32.dll"}, {"Hint": 450, "Name": "LoadLibraryA", "DLL": "KERNEL32.dll"}, {"Hint": 318, "Name": "GetProcAddress", "DLL": "KERNEL32.dll"}, {"Hint": 74, "Name": "CreateThread", "DLL": "KERNEL32.dll"}, {"Hint": 349, "Name": "GetSystemTime", "DLL": "KERNEL32.dll"}, {"Hint": 718, "Name": "WaitForSingleObject", "DLL": "KERNEL32.dll"}, {"Hint": 671, "Name": "TerminateThread", "DLL": "KERNEL32.dll"}, {"Hint": 662, "Name": "Sleep", "DLL": "KERNEL32.dll"}, {"Hint": 282, "Name": "GetLastError", "DLL": "KERNEL32.dll"}, {"Hint": 292, "Name": "GetModuleFileNameA", "DLL": "KERNEL32.dll"}], [{"TimeDateStamp": {"FileOffset": 18088, "Value": "0x0        [Thu Jan  1 00:00:00 1970 UTC]", "Offset": 4}, "Name": {"FileOffset": 18096, "Value": 22192, "Offset": 12}, "ForwarderChain": {"FileOffset": 18092, "Value": 0, "Offset": 8}, "OriginalFirstThunk": {"FileOffset": 18084, "Value": 21256, "Offset": 0}, "FirstThunk": {"FileOffset": 18100, "Value": 20480, "Offset": 16}, "Characteristics": {"FileOffset": 18084, "Value": 21256, "Offset": 0}, "Structure": "IMAGE_IMPORT_DESCRIPTOR"}, {"Hint": 327, "Name": "OpenServiceA", "DLL": "ADVAPI32.dll"}, {"Hint": 120, "Name": "DeleteService", "DLL": "ADVAPI32.dll"}, {"Hint": 370, "Name": "RegOpenKeyExA", "DLL": "ADVAPI32.dll"}, {"Hint": 379, "Name": "RegQueryValueExA", "DLL": "ADVAPI32.dll"}, {"Hint": 347, "Name": "RegCloseKey", "DLL": "ADVAPI32.dll"}, {"Hint": 325, "Name": "OpenSCManagerA", "DLL": "ADVAPI32.dll"}, {"Hint": 76, "Name": "CreateServiceA", "DLL": "ADVAPI32.dll"}, {"Hint": 52, "Name": "CloseServiceHandle", "DLL": "ADVAPI32.dll"}, {"Hint": 350, "Name": "RegCreateKeyA", "DLL": "ADVAPI32.dll"}, {"Hint": 390, "Name": "RegSetValueExA", "DLL": "ADVAPI32.dll"}, {"Hint": 398, "Name": "RegisterServiceCtrlHandlerA", "DLL": "ADVAPI32.dll"}, {"Hint": 430, "Name": "SetServiceStatus", "DLL": "ADVAPI32.dll"}], [{"TimeDateStamp": {"FileOffset": 18108, "Value": "0x0        [Thu Jan  1 00:00:00 1970 UTC]", "Offset": 4}, "Name": {"FileOffset": 18116, "Value": 22220, "Offset": 12}, "ForwarderChain": {"FileOffset": 18112, "Value": 0, "Offset": 8}, "OriginalFirstThunk": {"FileOffset": 18104, "Value": 21556, "Offset": 0}, "FirstThunk": {"FileOffset": 18120, "Value": 20780, "Offset": 16}, "Characteristics": {"FileOffset": 18104, "Value": 21556, "Offset": 0}, "Structure": "IMAGE_IMPORT_DESCRIPTOR"}, {"Ordinal": 11, "DLL": "WS2_32.dll"}, {"Hint": 61, "Name": "WSASocketA", "DLL": "WS2_32.dll"}, {"Ordinal": 3, "DLL": "WS2_32.dll"}, {"Ordinal": 4, "DLL": "WS2_32.dll"}, {"Ordinal": 10, "DLL": "WS2_32.dll"}, {"Ordinal": 19, "DLL": "WS2_32.dll"}, {"Ordinal": 18, "DLL": "WS2_32.dll"}, {"Ordinal": 151, "DLL": "WS2_32.dll"}, {"Ordinal": 16, "DLL": "WS2_32.dll"}, {"Ordinal": 22, "DLL": "WS2_32.dll"}, {"Ordinal": 115, "DLL": "WS2_32.dll"}, {"Ordinal": 57, "DLL": "WS2_32.dll"}, {"Ordinal": 116, "DLL": "WS2_32.dll"}, {"Ordinal": 9, "DLL": "WS2_32.dll"}], [{"TimeDateStamp": {"FileOffset": 18128, "Value": "0x0        [Thu Jan  1 00:00:00 1970 UTC]", "Offset": 4}, "Name": {"FileOffset": 18136, "Value": 22368, "Offset": 12}, "ForwarderChain": {"FileOffset": 18132, "Value": 0, "Offset": 8}, "OriginalFirstThunk": {"FileOffset": 18124, "Value": 21524, "Offset": 0}, "FirstThunk": {"FileOffset": 18140, "Value": 20748, "Offset": 16}, "Characteristics": {"FileOffset": 18124, "Value": 21524, "Offset": 0}, "Structure": "IMAGE_IMPORT_DESCRIPTOR"}, {"Hint": 86, "Name": "InternetCloseHandle", "DLL": "WININET.dll"}, {"Hint": 111, "Name": "InternetOpenA", "DLL": "WININET.dll"}, {"Hint": 90, "Name": "InternetConnectA", "DLL": "WININET.dll"}, {"Hint": 69, "Name": "HttpOpenRequestA", "DLL": "WININET.dll"}, {"Hint": 73, "Name": "HttpSendRequestA", "DLL": "WININET.dll"}, {"Hint": 71, "Name": "HttpQueryInfoA", "DLL": "WININET.dll"}, {"Hint": 119, "Name": "InternetReadFile", "DLL": "WININET.dll"}], [{"TimeDateStamp": {"FileOffset": 18148, "Value": "0x0        [Thu Jan  1 00:00:00 1970 UTC]", "Offset": 4}, "Name": {"FileOffset": 18156, "Value": 22662, "Offset": 12}, "ForwarderChain": {"FileOffset": 18152, "Value": 0, "Offset": 8}, "OriginalFirstThunk": {"FileOffset": 18144, "Value": 21392, "Offset": 0}, "FirstThunk": {"FileOffset": 18160, "Value": 20616, "Offset": 16}, "Characteristics": {"FileOffset": 18144, "Value": 21392, "Offset": 0}, "Structure": "IMAGE_IMPORT_DESCRIPTOR"}, {"Hint": 172, "Name": "_chdir", "DLL": "MSVCRT.dll"}, {"Hint": 453, "Name": "_strnicmp", "DLL": "MSVCRT.dll"}, {"Hint": 157, "Name": "_adjust_fdiv", "DLL": "MSVCRT.dll"}, {"Hint": 657, "Name": "malloc", "DLL": "MSVCRT.dll"}, {"Hint": 271, "Name": "_initterm", "DLL": "MSVCRT.dll"}, {"Hint": 606, "Name": "free", "DLL": "MSVCRT.dll"}, {"Hint": 14, "Name": "??1type_info@@UAE@XZ", "DLL": "MSVCRT.dll"}, {"Hint": 202, "Name": "_except_handler3", "DLL": "MSVCRT.dll"}, {"Hint": 65, "Name": "_CxxThrowException", "DLL": "MSVCRT.dll"}, {"Hint": 449, "Name": "_stricmp", "DLL": "MSVCRT.dll"}, {"Hint": 66, "Name": "_EH_prolog", "DLL": "MSVCRT.dll"}, {"Hint": 73, "Name": "__CxxFrameHandler", "DLL": "MSVCRT.dll"}, {"Hint": 695, "Name": "strchr", "DLL": "MSVCRT.dll"}, {"Hint": 308, "Name": "_itoa", "DLL": "MSVCRT.dll"}, {"Hint": 709, "Name": "strstr", "DLL": "MSVCRT.dll"}, {"Hint": 703, "Name": "strncat", "DLL": "MSVCRT.dll"}, {"Hint": 702, "Name": "strlen", "DLL": "MSVCRT.dll"}, {"Hint": 693, "Name": "sscanf", "DLL": "MSVCRT.dll"}, {"Hint": 574, "Name": "atol", "DLL": "MSVCRT.dll"}, {"Hint": 15, "Name": "??2@YAPAXI@Z", "DLL": "MSVCRT.dll"}, {"Hint": 665, "Name": "memset", "DLL": "MSVCRT.dll"}, {"Hint": 753, "Name": "wcstombs", "DLL": "MSVCRT.dll"}, {"Hint": 705, "Name": "strncpy", "DLL": "MSVCRT.dll"}, {"Hint": 694, "Name": "strcat", "DLL": "MSVCRT.dll"}, {"Hint": 698, "Name": "strcpy", "DLL": "MSVCRT.dll"}, {"Hint": 573, "Name": "atoi", "DLL": "MSVCRT.dll"}, {"Hint": 588, "Name": "fclose", "DLL": "MSVCRT.dll"}, {"Hint": 591, "Name": "fflush", "DLL": "MSVCRT.dll"}, {"Hint": 16, "Name": "??3@YAXPAX@Z", "DLL": "MSVCRT.dll"}, {"Hint": 614, "Name": "fwrite", "DLL": "MSVCRT.dll"}, {"Hint": 599, "Name": "fopen", "DLL": "MSVCRT.dll"}, {"Hint": 707, "Name": "strrchr", "DLL": "MSVCRT.dll"}]], "PE Sections": [{"PointerToRawData": {"FileOffset": 500, "Value": 1024, "Offset": 20}, "SHA1": "43a1ba459135f8051dd552e255b090b2018b440a", "SHA256": "995301cea5be7b49dca32740cf9531d93bcc33e4222e31e47bd3eaaaac608d82", "Name": {"FileOffset": 480, "Value": ".text", "Offset": 0}, "NumberOfRelocations": {"FileOffset": 512, "Value": 0, "Offset": 32}, "Misc_VirtualSize": {"FileOffset": 488, "Value": 16138, "Offset": 8}, "Characteristics": {"FileOffset": 516, "Value": 1610612768, "Offset": 36}, "Misc": {"FileOffset": 488, "Value": 16138, "Offset": 8}, "PointerToLinenumbers": {"FileOffset": 508, "Value": 0, "Offset": 28}, "SizeOfRawData": {"FileOffset": 496, "Value": 16384, "Offset": 16}, "Misc_PhysicalAddress": {"FileOffset": 488, "Value": 16138, "Offset": 8}, "PointerToRelocations": {"FileOffset": 504, "Value": 0, "Offset": 24}, "Flags": ["IMAGE_SCN_MEM_EXECUTE", "IMAGE_SCN_CNT_CODE", "IMAGE_SCN_MEM_READ"], "SHA512": "7417dcfa44b39958906176ab1431a42c1364d726ff671191cbc8691ee28df07f53c0256c038d5581a6c9959a69077575ab550fc83b8e0b04a59d8eb3d76acae0", "MD5": "188fa2537376e3fdf990f1a6efa2da14", "Entropy": 6.337069990848958, "VirtualAddress": {"FileOffset": 492, "Value": 4096, "Offset": 12}, "Structure": "IMAGE_SECTION_HEADER", "NumberOfLinenumbers": {"FileOffset": 514, "Value": 0, "Offset": 34}}, {"PointerToRawData": {"FileOffset": 540, "Value": 17408, "Offset": 20}, "SHA1": "3875cbee524d13847cd39ec80f15843cac847737", "SHA256": "3eea210b88e693d99cd3abab369cb6e5ff2f00482cfa6bb124c688f171af26ca", "Name": {"FileOffset": 520, "Value": ".rdata", "Offset": 0}, "NumberOfRelocations": {"FileOffset": 552, "Value": 0, "Offset": 32}, "Misc_VirtualSize": {"FileOffset": 528, "Value": 2473, "Offset": 8}, "Characteristics": {"FileOffset": 556, "Value": 1073741888, "Offset": 36}, "Misc": {"FileOffset": 528, "Value": 2473, "Offset": 8}, "PointerToLinenumbers": {"FileOffset": 548, "Value": 0, "Offset": 28}, "SizeOfRawData": {"FileOffset": 536, "Value": 2560, "Offset": 16}, "Misc_PhysicalAddress": {"FileOffset": 528, "Value": 2473, "Offset": 8}, "PointerToRelocations": {"FileOffset": 544, "Value": 0, "Offset": 24}, "Flags": ["IMAGE_SCN_CNT_INITIALIZED_DATA", "IMAGE_SCN_MEM_READ"], "SHA512": "2c279023f239111597088072faf2f3a1111a2721b3b1021da1c79ce6967baa0e4e9d1c47226b1975bf9ae9cd4578c77fd0efb2aedc6ac2916ef752231bc4b418", "MD5": "146f95546a2dafc45cb4103c1c01a8e1", "Entropy": 4.792575934182892, "VirtualAddress": {"FileOffset": 532, "Value": 20480, "Offset": 12}, "Structure": "IMAGE_SECTION_HEADER", "NumberOfLinenumbers": {"FileOffset": 554, "Value": 0, "Offset": 34}}, {"PointerToRawData": {"FileOffset": 580, "Value": 19968, "Offset": 20}, "SHA1": "3969079758e26e877f87bffe4f3237c5bddf840c", "SHA256": "28cd9e65471270cb8f9a945bb4914d5cceef8717f8ac8c09835b054b9335e4a1", "Name": {"FileOffset": 560, "Value": ".data", "Offset": 0}, "NumberOfRelocations": {"FileOffset": 592, "Value": 0, "Offset": 32}, "Misc_VirtualSize": {"FileOffset": 568, "Value": 46536, "Offset": 8}, "Characteristics": {"FileOffset": 596, "Value": 3221225536, "Offset": 36}, "Misc": {"FileOffset": 568, "Value": 46536, "Offset": 8}, "PointerToLinenumbers": {"FileOffset": 588, "Value": 0, "Offset": 28}, "SizeOfRawData": {"FileOffset": 576, "Value": 1536, "Offset": 16}, "Misc_PhysicalAddress": {"FileOffset": 568, "Value": 46536, "Offset": 8}, "PointerToRelocations": {"FileOffset": 584, "Value": 0, "Offset": 24}, "Flags": ["IMAGE_SCN_CNT_INITIALIZED_DATA", "IMAGE_SCN_MEM_WRITE", "IMAGE_SCN_MEM_READ"], "SHA512": "8f6530f798fb1cdba21ef36d68ece0b26769b44371444da062f9dffe2fdf1228609575113d1764c4ee365b90df2897eddccedcf0b937f0abd4fe09517426b1ca", "MD5": "ebdfcb2a122a64eb60ce8a71d118d2a8", "Entropy": 4.903541206151971, "VirtualAddress": {"FileOffset": 572, "Value": 24576, "Offset": 12}, "Structure": "IMAGE_SECTION_HEADER", "NumberOfLinenumbers": {"FileOffset": 594, "Value": 0, "Offset": 34}}, {"PointerToRawData": {"FileOffset": 620, "Value": 21504, "Offset": 20}, "SHA1": "fa959884281b4dd9e81d1a6d0c8f185feb8537b5", "SHA256": "432ec450369af7dcde7b3948e926f4962c7bb6770b01cb9208cf475550bb4916", "Name": {"FileOffset": 600, "Value": ".reloc", "Offset": 0}, "NumberOfRelocations": {"FileOffset": 632, "Value": 0, "Offset": 32}, "Misc_VirtualSize": {"FileOffset": 608, "Value": 2108, "Offset": 8}, "Characteristics": {"FileOffset": 636, "Value": 1107296320, "Offset": 36}, "Misc": {"FileOffset": 608, "Value": 2108, "Offset": 8}, "PointerToLinenumbers": {"FileOffset": 628, "Value": 0, "Offset": 28}, "SizeOfRawData": {"FileOffset": 616, "Value": 2560, "Offset": 16}, "Misc_PhysicalAddress": {"FileOffset": 608, "Value": 2108, "Offset": 8}, "PointerToRelocations": {"FileOffset": 624, "Value": 0, "Offset": 24}, "Flags": ["IMAGE_SCN_CNT_INITIALIZED_DATA", "IMAGE_SCN_MEM_DISCARDABLE", "IMAGE_SCN_MEM_READ"], "SHA512": "727370cb2be2032fe3625b6cdfd7f4f956865715f3c2903eb7825fef92cac2b3ef47de6e7b2355bdf689b07f140a1bf625a0d60e8ca628c3eca9a1826ade686e", "MD5": "be394ac1ebb22951e9e07ce1416a1524", "Entropy": 5.5839561446758355, "VirtualAddress": {"FileOffset": 612, "Value": 73728, "Offset": 12}, "Structure": "IMAGE_SECTION_HEADER", "NumberOfLinenumbers": {"FileOffset": 634, "Value": 0, "Offset": 34}}]}
