{"DllCharacteristics": [], "Exported symbols": [{"MajorVersion": {"FileOffset": 4632, "Value": 0, "Offset": 8}, "AddressOfFunctions": {"FileOffset": 4652, "Value": 9272, "Offset": 28}, "Name": {"FileOffset": 4636, "Value": 9302, "Offset": 12}, "TimeDateStamp": {"FileOffset": 4628, "Value": "0x4A642BBA [Mon Jul 20 08:32:58 2009 UTC]", "Offset": 4}, "Characteristics": {"FileOffset": 4624, "Value": 0, "Offset": 0}, "AddressOfNames": {"FileOffset": 4656, "Value": 9284, "Offset": 32}, "AddressOfNameOrdinals": {"FileOffset": 4660, "Value": 9296, "Offset": 36}, "Base": {"FileOffset": 4640, "Value": 1, "Offset": 16}, "NumberOfFunctions": {"FileOffset": 4644, "Value": 3, "Offset": 20}, "NumberOfNames": {"FileOffset": 4648, "Value": 3, "Offset": 24}, "Structure": "IMAGE_EXPORT_DIRECTORY", "MinorVersion": {"FileOffset": 4634, "Value": 0, "Offset": 10}}, {"Ordinal": 1, "RVA": 4154, "Name": "Mcdl"}, {"Ordinal": 2, "RVA": 4154, "Name": "ProceA"}, {"Ordinal": 3, "RVA": 4179, "Name": "ServiceMain"}], "FILE_HEADER": {"NumberOfSections": {"FileOffset": 238, "Value": 5, "Offset": 2}, "TimeDateStamp": {"FileOffset": 240, "Value": "0x4A642BBD [Mon Jul 20 08:33:01 2009 UTC]", "Offset": 4}, "PointerToSymbolTable": {"FileOffset": 244, "Value": 0, "Offset": 8}, "NumberOfSymbols": {"FileOffset": 248, "Value": 0, "Offset": 12}, "Machine": {"FileOffset": 236, "Value": 332, "Offset": 0}, "Characteristics": {"FileOffset": 254, "Value": 8462, "Offset": 18}, "SizeOfOptionalHeader": {"FileOffset": 252, "Value": 224, "Offset": 16}, "Structure": "IMAGE_FILE_HEADER"}, "Directories": [{"VirtualAddress": {"FileOffset": 352, "Value": 9232, "Offset": 0}, "Structure": "IMAGE_DIRECTORY_ENTRY_EXPORT", "Size": {"FileOffset": 356, "Value": 109, "Offset": 4}}, {"VirtualAddress": {"FileOffset": 360, "Value": 8392, "Offset": 0}, "Structure": "IMAGE_DIRECTORY_ENTRY_IMPORT", "Size": {"FileOffset": 364, "Value": 120, "Offset": 4}}, {"VirtualAddress": {"FileOffset": 368, "Value": 16384, "Offset": 0}, "Structure": "IMAGE_DIRECTORY_ENTRY_RESOURCE", "Size": {"FileOffset": 372, "Value": 1016, "Offset": 4}}, {"VirtualAddress": {"FileOffset": 376, "Value": 0, "Offset": 0}, "Structure": "IMAGE_DIRECTORY_ENTRY_EXCEPTION", "Size": {"FileOffset": 380, "Value": 0, "Offset": 4}}, {"VirtualAddress": {"FileOffset": 384, "Value": 0, "Offset": 0}, "Structure": "IMAGE_DIRECTORY_ENTRY_SECURITY", "Size": {"FileOffset": 388, "Value": 0, "Offset": 4}}, {"VirtualAddress": {"FileOffset": 392, "Value": 20480, "Offset": 0}, "Structure": "IMAGE_DIRECTORY_ENTRY_BASERELOC", "Size": {"FileOffset": 396, "Value": 220, "Offset": 4}}, {"VirtualAddress": {"FileOffset": 400, "Value": 0, "Offset": 0}, "Structure": "IMAGE_DIRECTORY_ENTRY_DEBUG", "Size": {"FileOffset": 404, "Value": 0, "Offset": 4}}, {"VirtualAddress": {"FileOffset": 408, "Value": 0, "Offset": 0}, "Structure": "IMAGE_DIRECTORY_ENTRY_COPYRIGHT", "Size": {"FileOffset": 412, "Value": 0, "Offset": 4}}, {"VirtualAddress": {"FileOffset": 416, "Value": 0, "Offset": 0}, "Structure": "IMAGE_DIRECTORY_ENTRY_GLOBALPTR", "Size": {"FileOffset": 420, "Value": 0, "Offset": 4}}, {"VirtualAddress": {"FileOffset": 424, "Value": 0, "Offset": 0}, "Structure": "IMAGE_DIRECTORY_ENTRY_TLS", "Size": {"FileOffset": 428, "Value": 0, "Offset": 4}}, {"VirtualAddress": {"FileOffset": 432, "Value": 0, "Offset": 0}, "Structure": "IMAGE_DIRECTORY_ENTRY_LOAD_CONFIG", "Size": {"FileOffset": 436, "Value": 0, "Offset": 4}}, {"VirtualAddress": {"FileOffset": 440, "Value": 0, "Offset": 0}, "Structure": "IMAGE_DIRECTORY_ENTRY_BOUND_IMPORT", "Size": {"FileOffset": 444, "Value": 0, "Offset": 4}}, {"VirtualAddress": {"FileOffset": 448, "Value": 8192, "Offset": 0}, "Structure": "IMAGE_DIRECTORY_ENTRY_IAT", "Size": {"FileOffset": 452, "Value": 160, "Offset": 4}}, {"VirtualAddress": {"FileOffset": 456, "Value": 0, "Offset": 0}, "Structure": "IMAGE_DIRECTORY_ENTRY_DELAY_IMPORT", "Size": {"FileOffset": 460, "Value": 0, "Offset": 4}}, {"VirtualAddress": {"FileOffset": 464, "Value": 0, "Offset": 0}, "Structure": "IMAGE_DIRECTORY_ENTRY_COM_DESCRIPTOR", "Size": {"FileOffset": 468, "Value": 0, "Offset": 4}}, {"VirtualAddress": {"FileOffset": 472, "Value": 0, "Offset": 0}, "Structure": "IMAGE_DIRECTORY_ENTRY_RESERVED", "Size": {"FileOffset": 476, "Value": 0, "Offset": 4}}], "OPTIONAL_HEADER": {"DllCharacteristics": {"FileOffset": 326, "Value": 0, "Offset": 70}, "BaseOfCode": {"FileOffset": 276, "Value": 4096, "Offset": 20}, "MajorLinkerVersion": {"FileOffset": 258, "Value": 6, "Offset": 2}, "MinorOperatingSystemVersion": {"FileOffset": 298, "Value": 0, "Offset": 42}, "MinorLinkerVersion": {"FileOffset": 259, "Value": 0, "Offset": 3}, "MajorSubsystemVersion": {"FileOffset": 304, "Value": 4, "Offset": 48}, "MajorOperatingSystemVersion": {"FileOffset": 296, "Value": 4, "Offset": 40}, "SizeOfStackCommit": {"FileOffset": 332, "Value": 4096, "Offset": 76}, "SizeOfUninitializedData": {"FileOffset": 268, "Value": 0, "Offset": 12}, "NumberOfRvaAndSizes": {"FileOffset": 348, "Value": 16, "Offset": 92}, "SizeOfHeapReserve": {"FileOffset": 336, "Value": 1048576, "Offset": 80}, "LoaderFlags": {"FileOffset": 344, "Value": 0, "Offset": 88}, "SizeOfHeapCommit": {"FileOffset": 340, "Value": 4096, "Offset": 84}, "SizeOfStackReserve": {"FileOffset": 328, "Value": 1048576, "Offset": 72}, "Structure": "IMAGE_OPTIONAL_HEADER", "SizeOfHeaders": {"FileOffset": 316, "Value": 1024, "Offset": 60}, "Subsystem": {"FileOffset": 324, "Value": 2, "Offset": 68}, "Magic": {"FileOffset": 256, "Value": 267, "Offset": 0}, "MinorImageVersion": {"FileOffset": 302, "Value": 0, "Offset": 46}, "MajorImageVersion": {"FileOffset": 300, "Value": 0, "Offset": 44}, "FileAlignment": {"FileOffset": 292, "Value": 512, "Offset": 36}, "BaseOfData": {"FileOffset": 280, "Value": 8192, "Offset": 24}, "AddressOfEntryPoint": {"FileOffset": 272, "Value": 6213, "Offset": 16}, "SectionAlignment": {"FileOffset": 288, "Value": 4096, "Offset": 32}, "SizeOfCode": {"FileOffset": 260, "Value": 2560, "Offset": 4}, "ImageBase": {"FileOffset": 284, "Value": 268435456, "Offset": 28}, "SizeOfInitializedData": {"FileOffset": 264, "Value": 3584, "Offset": 8}, "SizeOfImage": {"FileOffset": 312, "Value": 24576, "Offset": 56}, "MinorSubsystemVersion": {"FileOffset": 306, "Value": 0, "Offset": 50}, "CheckSum": {"FileOffset": 320, "Value": 0, "Offset": 64}, "Reserved1": {"FileOffset": 308, "Value": 0, "Offset": 52}}, "DOS_HEADER": {"e_cblp": {"FileOffset": 2, "Value": 144, "Offset": 2}, "e_crlc": {"FileOffset": 6, "Value": 0, "Offset": 6}, "e_ovno": {"FileOffset": 26, "Value": 0, "Offset": 26}, "e_minalloc": {"FileOffset": 10, "Value": 0, "Offset": 10}, "e_csum": {"FileOffset": 18, "Value": 0, "Offset": 18}, "e_cparhdr": {"FileOffset": 8, "Value": 4, "Offset": 8}, "e_cp": {"FileOffset": 4, "Value": 3, "Offset": 4}, "e_cs": {"FileOffset": 22, "Value": 0, "Offset": 22}, "e_maxalloc": {"FileOffset": 12, "Value": 65535, "Offset": 12}, "e_lfarlc": {"FileOffset": 24, "Value": 64, "Offset": 24}, "e_oemid": {"FileOffset": 36, "Value": 0, "Offset": 36}, "e_lfanew": {"FileOffset": 60, "Value": 232, "Offset": 60}, "e_ss": {"FileOffset": 14, "Value": 0, "Offset": 14}, "e_magic": {"FileOffset": 0, "Value": 23117, "Offset": 0}, "e_oeminfo": {"FileOffset": 38, "Value": 0, "Offset": 38}, "e_res2": {"FileOffset": 40, "Value": "", "Offset": 40}, "e_res": {"FileOffset": 28, "Value": "", "Offset": 28}, "e_sp": {"FileOffset": 16, "Value": 184, "Offset": 16}, "Structure": "IMAGE_DOS_HEADER", "e_ip": {"FileOffset": 20, "Value": 0, "Offset": 20}}, "Base relocations": [[{"SizeOfBlock": {"FileOffset": 6660, "Value": 208, "Offset": 4}, "VirtualAddress": {"FileOffset": 6656, "Value": 4096, "Offset": 0}, "Structure": "IMAGE_BASE_RELOCATION"}, {"RVA": 4097, "Type": "HIGHLOW"}, {"RVA": 4103, "Type": "HIGHLOW"}, {"RVA": 4110, "Type": "HIGHLOW"}, {"RVA": 4125, "Type": "HIGHLOW"}, {"RVA": 4131, "Type": "HIGHLOW"}, {"RVA": 4138, "Type": "HIGHLOW"}, {"RVA": 4169, "Type": "HIGHLOW"}, {"RVA": 4180, "Type": "HIGHLOW"}, {"RVA": 4199, "Type": "HIGHLOW"}, {"RVA": 4236, "Type": "HIGHLOW"}, {"RVA": 4250, "Type": "HIGHLOW"}, {"RVA": 4257, "Type": "HIGHLOW"}, {"RVA": 4264, "Type": "HIGHLOW"}, {"RVA": 4276, "Type": "HIGHLOW"}, {"RVA": 4337, "Type": "HIGHLOW"}, {"RVA": 4360, "Type": "HIGHLOW"}, {"RVA": 4365, "Type": "HIGHLOW"}, {"RVA": 4376, "Type": "HIGHLOW"}, {"RVA": 4419, "Type": "HIGHLOW"}, {"RVA": 4424, "Type": "HIGHLOW"}, {"RVA": 4481, "Type": "HIGHLOW"}, {"RVA": 4520, "Type": "HIGHLOW"}, {"RVA": 4533, "Type": "HIGHLOW"}, {"RVA": 4569, "Type": "HIGHLOW"}, {"RVA": 4638, "Type": "HIGHLOW"}, {"RVA": 4663, "Type": "HIGHLOW"}, {"RVA": 4669, "Type": "HIGHLOW"}, {"RVA": 4693, "Type": "HIGHLOW"}, {"RVA": 4714, "Type": "HIGHLOW"}, {"RVA": 4746, "Type": "HIGHLOW"}, {"RVA": 4756, "Type": "HIGHLOW"}, {"RVA": 4762, "Type": "HIGHLOW"}, {"RVA": 4772, "Type": "HIGHLOW"}, {"RVA": 4793, "Type": "HIGHLOW"}, {"RVA": 4803, "Type": "HIGHLOW"}, {"RVA": 4813, "Type": "HIGHLOW"}, {"RVA": 4834, "Type": "HIGHLOW"}, {"RVA": 4847, "Type": "HIGHLOW"}, {"RVA": 4885, "Type": "HIGHLOW"}, {"RVA": 4934, "Type": "HIGHLOW"}, {"RVA": 4982, "Type": "HIGHLOW"}, {"RVA": 5032, "Type": "HIGHLOW"}, {"RVA": 5043, "Type": "HIGHLOW"}, {"RVA": 5071, "Type": "HIGHLOW"}, {"RVA": 5082, "Type": "HIGHLOW"}, {"RVA": 5107, "Type": "HIGHLOW"}, {"RVA": 5201, "Type": "HIGHLOW"}, {"RVA": 5222, "Type": "HIGHLOW"}, {"RVA": 5236, "Type": "HIGHLOW"}, {"RVA": 5253, "Type": "HIGHLOW"}, {"RVA": 5260, "Type": "HIGHLOW"}, {"RVA": 5270, "Type": "HIGHLOW"}, {"RVA": 5352, "Type": "HIGHLOW"}, {"RVA": 5397, "Type": "HIGHLOW"}, {"RVA": 5406, "Type": "HIGHLOW"}, {"RVA": 5419, "Type": "HIGHLOW"}, {"RVA": 5484, "Type": "HIGHLOW"}, {"RVA": 5491, "Type": "HIGHLOW"}, {"RVA": 5497, "Type": "HIGHLOW"}, {"RVA": 5528, "Type": "HIGHLOW"}, {"RVA": 5562, "Type": "HIGHLOW"}, {"RVA": 5663, "Type": "HIGHLOW"}, {"RVA": 5690, "Type": "HIGHLOW"}, {"RVA": 5751, "Type": "HIGHLOW"}, {"RVA": 5776, "Type": "HIGHLOW"}, {"RVA": 5784, "Type": "HIGHLOW"}, {"RVA": 5810, "Type": "HIGHLOW"}, {"RVA": 5859, "Type": "HIGHLOW"}, {"RVA": 5875, "Type": "HIGHLOW"}, {"RVA": 5951, "Type": "HIGHLOW"}, {"RVA": 5962, "Type": "HIGHLOW"}, {"RVA": 6002, "Type": "HIGHLOW"}, {"RVA": 6008, "Type": "HIGHLOW"}, {"RVA": 6014, "Type": "HIGHLOW"}, {"RVA": 6020, "Type": "HIGHLOW"}, {"RVA": 6026, "Type": "HIGHLOW"}, {"RVA": 6032, "Type": "HIGHLOW"}, {"RVA": 6038, "Type": "HIGHLOW"}, {"RVA": 6052, "Type": "HIGHLOW"}, {"RVA": 6060, "Type": "HIGHLOW"}, {"RVA": 6066, "Type": "HIGHLOW"}, {"RVA": 6077, "Type": "HIGHLOW"}, {"RVA": 6090, "Type": "HIGHLOW"}, {"RVA": 6098, "Type": "HIGHLOW"}, {"RVA": 6112, "Type": "HIGHLOW"}, {"RVA": 6117, "Type": "HIGHLOW"}, {"RVA": 6122, "Type": "HIGHLOW"}, {"RVA": 6127, "Type": "HIGHLOW"}, {"RVA": 6138, "Type": "HIGHLOW"}, {"RVA": 6151, "Type": "HIGHLOW"}, {"RVA": 6161, "Type": "HIGHLOW"}, {"RVA": 6182, "Type": "HIGHLOW"}, {"RVA": 6194, "Type": "HIGHLOW"}, {"RVA": 6200, "Type": "HIGHLOW"}, {"RVA": 6234, "Type": "HIGHLOW"}, {"RVA": 6252, "Type": "HIGHLOW"}, {"RVA": 6344, "Type": "HIGHLOW"}, {"RVA": 6372, "Type": "HIGHLOW"}, {"RVA": 6385, "Type": "HIGHLOW"}, {"RVA": 4096, "Type": "ABSOLUTE"}], [{"SizeOfBlock": {"FileOffset": 6868, "Value": 12, "Offset": 4}, "VirtualAddress": {"FileOffset": 6864, "Value": 8192, "Offset": 0}, "Structure": "IMAGE_BASE_RELOCATION"}, {"RVA": 8360, "Type": "HIGHLOW"}, {"RVA": 8388, "Type": "HIGHLOW"}]], "NT_HEADERS": {"Structure": "IMAGE_NT_HEADERS", "Signature": {"FileOffset": 232, "Value": 17744, "Offset": 0}}, "Flags": ["IMAGE_FILE_LOCAL_SYMS_STRIPPED", "IMAGE_FILE_32BIT_MACHINE", "IMAGE_FILE_EXECUTABLE_IMAGE", "IMAGE_FILE_DLL", "IMAGE_FILE_LINE_NUMS_STRIPPED"], "Version Information": [{"ValueLength": {"FileOffset": 5722, "Value": 52, "Offset": 2}, "Length": {"FileOffset": 5720, "Value": 928, "Offset": 0}, "Type": {"FileOffset": 5724, "Value": 0, "Offset": 4}, "Structure": "VS_VERSIONINFO"}, {"FileFlagsMask": {"FileOffset": 5784, "Value": 63, "Offset": 24}, "FileType": {"FileOffset": 5796, "Value": 1, "Offset": 36}, "FileVersionMS": {"FileOffset": 5768, "Value": 327681, "Offset": 8}, "FileVersionLS": {"FileOffset": 5772, "Value": 170395780, "Offset": 12}, "Signature": {"FileOffset": 5760, "Value": 4277077181, "Offset": 0}, "FileSubtype": {"FileOffset": 5800, "Value": 0, "Offset": 40}, "FileFlags": {"FileOffset": 5788, "Value": 0, "Offset": 28}, "FileDateLS": {"FileOffset": 5808, "Value": 0, "Offset": 48}, "ProductVersionLS": {"FileOffset": 5780, "Value": 170395780, "Offset": 20}, "FileOS": {"FileOffset": 5792, "Value": 262148, "Offset": 32}, "ProductVersionMS": {"FileOffset": 5776, "Value": 327681, "Offset": 16}, "FileDateMS": {"FileOffset": 5804, "Value": 0, "Offset": 44}, "Structure": "VS_FIXEDFILEINFO", "StrucVersion": {"FileOffset": 5764, "Value": 65536, "Offset": 4}}], "Imported symbols": [[{"TimeDateStamp": {"FileOffset": 3788, "Value": "0x0        [Thu Jan  1 00:00:00 1970 UTC]", "Offset": 4}, "Name": {"FileOffset": 3796, "Value": 8754, "Offset": 12}, "ForwarderChain": {"FileOffset": 3792, "Value": 0, "Offset": 8}, "OriginalFirstThunk": {"FileOffset": 3784, "Value": 8524, "Offset": 0}, "FirstThunk": {"FileOffset": 3800, "Value": 8204, "Offset": 16}, "Characteristics": {"FileOffset": 3784, "Value": 8524, "Offset": 0}, "Structure": "IMAGE_IMPORT_DESCRIPTOR"}, {"Hint": 206, "Name": "GetComputerNameA", "DLL": "KERNEL32.dll"}, {"Hint": 381, "Name": "GetWindowsDirectoryA", "DLL": "KERNEL32.dll"}, {"Hint": 177, "Name": "FreeConsole", "DLL": "KERNEL32.dll"}, {"Hint": 662, "Name": "Sleep", "DLL": "KERNEL32.dll"}, {"Hint": 283, "Name": "GetLocalTime", "DLL": "KERNEL32.dll"}], [{"TimeDateStamp": {"FileOffset": 3808, "Value": "0x0        [Thu Jan  1 00:00:00 1970 UTC]", "Offset": 4}, "Name": {"FileOffset": 3816, "Value": 8818, "Offset": 12}, "ForwarderChain": {"FileOffset": 3812, "Value": 0, "Offset": 8}, "OriginalFirstThunk": {"FileOffset": 3804, "Value": 8512, "Offset": 0}, "FirstThunk": {"FileOffset": 3820, "Value": 8192, "Offset": 16}, "Characteristics": {"FileOffset": 3804, "Value": 8512, "Offset": 0}, "Structure": "IMAGE_IMPORT_DESCRIPTOR"}, {"Hint": 430, "Name": "SetServiceStatus", "DLL": "ADVAPI32.dll"}, {"Hint": 398, "Name": "RegisterServiceCtrlHandlerA", "DLL": "ADVAPI32.dll"}], [{"TimeDateStamp": {"FileOffset": 3828, "Value": "0x0        [Thu Jan  1 00:00:00 1970 UTC]", "Offset": 4}, "Name": {"FileOffset": 3836, "Value": 8848, "Offset": 12}, "ForwarderChain": {"FileOffset": 3832, "Value": 0, "Offset": 8}, "OriginalFirstThunk": {"FileOffset": 3824, "Value": 8640, "Offset": 0}, "FirstThunk": {"FileOffset": 3840, "Value": 8320, "Offset": 16}, "Characteristics": {"FileOffset": 3824, "Value": 8640, "Offset": 0}, "Structure": "IMAGE_IMPORT_DESCRIPTOR"}, {"Hint": 114, "Name": "ShellExecuteA", "DLL": "SHELL32.dll"}], [{"TimeDateStamp": {"FileOffset": 3848, "Value": "0x0        [Thu Jan  1 00:00:00 1970 UTC]", "Offset": 4}, "Name": {"FileOffset": 3856, "Value": 9058, "Offset": 12}, "ForwarderChain": {"FileOffset": 3852, "Value": 0, "Offset": 8}, "OriginalFirstThunk": {"FileOffset": 3844, "Value": 8548, "Offset": 0}, "FirstThunk": {"FileOffset": 3860, "Value": 8228, "Offset": 16}, "Characteristics": {"FileOffset": 3844, "Value": 8548, "Offset": 0}, "Structure": "IMAGE_IMPORT_DESCRIPTOR"}, {"Hint": 573, "Name": "atoi", "DLL": "MSVCRT.dll"}, {"Hint": 753, "Name": "wcstombs", "DLL": "MSVCRT.dll"}, {"Hint": 705, "Name": "strncpy", "DLL": "MSVCRT.dll"}, {"Hint": 73, "Name": "__CxxFrameHandler", "DLL": "MSVCRT.dll"}, {"Hint": 15, "Name": "??2@YAPAXI@Z", "DLL": "MSVCRT.dll"}, {"Hint": 574, "Name": "atol", "DLL": "MSVCRT.dll"}, {"Hint": 709, "Name": "strstr", "DLL": "MSVCRT.dll"}, {"Hint": 702, "Name": "strlen", "DLL": "MSVCRT.dll"}, {"Hint": 588, "Name": "fclose", "DLL": "MSVCRT.dll"}, {"Hint": 16, "Name": "??3@YAXPAX@Z", "DLL": "MSVCRT.dll"}, {"Hint": 614, "Name": "fwrite", "DLL": "MSVCRT.dll"}, {"Hint": 599, "Name": "fopen", "DLL": "MSVCRT.dll"}, {"Hint": 694, "Name": "strcat", "DLL": "MSVCRT.dll"}, {"Hint": 663, "Name": "memcpy", "DLL": "MSVCRT.dll"}, {"Hint": 665, "Name": "memset", "DLL": "MSVCRT.dll"}, {"Hint": 707, "Name": "strrchr", "DLL": "MSVCRT.dll"}, {"Hint": 690, "Name": "sprintf", "DLL": "MSVCRT.dll"}, {"Hint": 696, "Name": "strcmp", "DLL": "MSVCRT.dll"}, {"Hint": 606, "Name": "free", "DLL": "MSVCRT.dll"}, {"Hint": 271, "Name": "_initterm", "DLL": "MSVCRT.dll"}, {"Hint": 657, "Name": "malloc", "DLL": "MSVCRT.dll"}, {"Hint": 157, "Name": "_adjust_fdiv", "DLL": "MSVCRT.dll"}], [{"TimeDateStamp": {"FileOffset": 3868, "Value": "0x0        [Thu Jan  1 00:00:00 1970 UTC]", "Offset": 4}, "Name": {"FileOffset": 3876, "Value": 9212, "Offset": 12}, "ForwarderChain": {"FileOffset": 3872, "Value": 0, "Offset": 8}, "OriginalFirstThunk": {"FileOffset": 3864, "Value": 8648, "Offset": 0}, "FirstThunk": {"FileOffset": 3880, "Value": 8328, "Offset": 16}, "Characteristics": {"FileOffset": 3864, "Value": 8648, "Offset": 0}, "Structure": "IMAGE_IMPORT_DESCRIPTOR"}, {"Hint": 154, "Name": "InternetReadFile", "DLL": "WININET.dll"}, {"Hint": 87, "Name": "HttpQueryInfoA", "DLL": "WININET.dll"}, {"Hint": 147, "Name": "InternetOpenUrlA", "DLL": "WININET.dll"}, {"Hint": 146, "Name": "InternetOpenA", "DLL": "WININET.dll"}, {"Hint": 105, "Name": "InternetCloseHandle", "DLL": "WININET.dll"}]], "PE Sections": [{"PointerToRawData": {"FileOffset": 500, "Value": 1024, "Offset": 20}, "SHA1": "d21688d4a01fbcba62cf6176de1c47e36fda8de8", "SHA256": "4d1d91b5f982476e859d23e8929b973e02187736efa7e703fc059d38847fdf18", "Name": {"FileOffset": 480, "Value": ".text", "Offset": 0}, "NumberOfRelocations": {"FileOffset": 512, "Value": 0, "Offset": 32}, "Misc_VirtualSize": {"FileOffset": 488, "Value": 2298, "Offset": 8}, "Characteristics": {"FileOffset": 516, "Value": 1610612768, "Offset": 36}, "Misc": {"FileOffset": 488, "Value": 2298, "Offset": 8}, "PointerToLinenumbers": {"FileOffset": 508, "Value": 0, "Offset": 28}, "SizeOfRawData": {"FileOffset": 496, "Value": 2560, "Offset": 16}, "Misc_PhysicalAddress": {"FileOffset": 488, "Value": 2298, "Offset": 8}, "PointerToRelocations": {"FileOffset": 504, "Value": 0, "Offset": 24}, "Flags": ["IMAGE_SCN_MEM_EXECUTE", "IMAGE_SCN_CNT_CODE", "IMAGE_SCN_MEM_READ"], "SHA512": "b7f05d699dc3eb76fd52628f41fd384b4686b55e2624f0d238a51ac2ae835da4b3d498b41192cc2e1aff4d9f5fc344a596ba5201143a002b3624614a6bf17a70", "MD5": "a65e39e21fe62704c5b68fa77b2152ba", "Entropy": 5.731917605013239, "VirtualAddress": {"FileOffset": 492, "Value": 4096, "Offset": 12}, "Structure": "IMAGE_SECTION_HEADER", "NumberOfLinenumbers": {"FileOffset": 514, "Value": 0, "Offset": 34}}, {"PointerToRawData": {"FileOffset": 540, "Value": 3584, "Offset": 20}, "SHA1": "cc5b88a7b7a9fa833f2eb04320fbcec94ae91661", "SHA256": "5daaebac20b0ca934b9ad1501162680a8aaa37c379943dbecd8a50016d561bd2", "Name": {"FileOffset": 520, "Value": ".rdata", "Offset": 0}, "NumberOfRelocations": {"FileOffset": 552, "Value": 0, "Offset": 32}, "Misc_VirtualSize": {"FileOffset": 528, "Value": 1149, "Offset": 8}, "Characteristics": {"FileOffset": 556, "Value": 1073741888, "Offset": 36}, "Misc": {"FileOffset": 528, "Value": 1149, "Offset": 8}, "PointerToLinenumbers": {"FileOffset": 548, "Value": 0, "Offset": 28}, "SizeOfRawData": {"FileOffset": 536, "Value": 1536, "Offset": 16}, "Misc_PhysicalAddress": {"FileOffset": 528, "Value": 1149, "Offset": 8}, "PointerToRelocations": {"FileOffset": 544, "Value": 0, "Offset": 24}, "Flags": ["IMAGE_SCN_CNT_INITIALIZED_DATA", "IMAGE_SCN_MEM_READ"], "SHA512": "aadacbe1e1c95ae9a38cbba07522dba8cfba55acc9eb3ff13106721ef7b60fbf0869e02270fb7e08460e8d30fa525e80d33eff1db2e51a914f3adf789c20fc90", "MD5": "b23c02f4ef307569ef24e428a494464b", "Entropy": 3.814106285851424, "VirtualAddress": {"FileOffset": 532, "Value": 8192, "Offset": 12}, "Structure": "IMAGE_SECTION_HEADER", "NumberOfLinenumbers": {"FileOffset": 554, "Value": 0, "Offset": 34}}, {"PointerToRawData": {"FileOffset": 580, "Value": 5120, "Offset": 20}, "SHA1": "3d9c38016fc35fd5d4aa6dce82a55c17d5b5811a", "SHA256": "f7b43d8cf1f0afb54039a4253afec5e6ad5a5e02ad315506068575d15025d6e1", "Name": {"FileOffset": 560, "Value": ".data", "Offset": 0}, "NumberOfRelocations": {"FileOffset": 592, "Value": 0, "Offset": 32}, "Misc_VirtualSize": {"FileOffset": 568, "Value": 584, "Offset": 8}, "Characteristics": {"FileOffset": 596, "Value": 3221225536, "Offset": 36}, "Misc": {"FileOffset": 568, "Value": 584, "Offset": 8}, "PointerToLinenumbers": {"FileOffset": 588, "Value": 0, "Offset": 28}, "SizeOfRawData": {"FileOffset": 576, "Value": 512, "Offset": 16}, "Misc_PhysicalAddress": {"FileOffset": 568, "Value": 584, "Offset": 8}, "PointerToRelocations": {"FileOffset": 584, "Value": 0, "Offset": 24}, "Flags": ["IMAGE_SCN_CNT_INITIALIZED_DATA", "IMAGE_SCN_MEM_WRITE", "IMAGE_SCN_MEM_READ"], "SHA512": "a638d31c2bb063c1b6aa5b5ce1f0bcca7f9048c8f3acf87d73425e51cf1574e09a621ce2325ab66beaa4a1034e65b113d16c4f9a2b8b32d7a0870dc8d0ba6462", "MD5": "6ea304dbe861e68d034e958dc5fc243a", "Entropy": 2.4505132388841604, "VirtualAddress": {"FileOffset": 572, "Value": 12288, "Offset": 12}, "Structure": "IMAGE_SECTION_HEADER", "NumberOfLinenumbers": {"FileOffset": 594, "Value": 0, "Offset": 34}}, {"PointerToRawData": {"FileOffset": 620, "Value": 5632, "Offset": 20}, "SHA1": "eeb37a2922e86e820985b06a5fee135df6f3d091", "SHA256": "dd392dfdecff781edc8727fbb95d469192010996544351469b43d55d9d59cb2b", "Name": {"FileOffset": 600, "Value": ".rsrc", "Offset": 0}, "NumberOfRelocations": {"FileOffset": 632, "Value": 0, "Offset": 32}, "Misc_VirtualSize": {"FileOffset": 608, "Value": 1016, "Offset": 8}, "Characteristics": {"FileOffset": 636, "Value": 1073741888, "Offset": 36}, "Misc": {"FileOffset": 608, "Value": 1016, "Offset": 8}, "PointerToLinenumbers": {"FileOffset": 628, "Value": 0, "Offset": 28}, "SizeOfRawData": {"FileOffset": 616, "Value": 1024, "Offset": 16}, "Misc_PhysicalAddress": {"FileOffset": 608, "Value": 1016, "Offset": 8}, "PointerToRelocations": {"FileOffset": 624, "Value": 0, "Offset": 24}, "Flags": ["IMAGE_SCN_CNT_INITIALIZED_DATA", "IMAGE_SCN_MEM_READ"], "SHA512": "573f1b152f49fe444fdba0061f1afb87d3fef7219710d3c15554ff8addc63b04dc39935a47c42038b6c088e3e1ece4dfadc578db499f530fcce2dc8e84e11eda", "MD5": "387a8e55e75a7ff1775f3d89bfc23c5a", "Entropy": 3.5258478519929244, "VirtualAddress": {"FileOffset": 612, "Value": 16384, "Offset": 12}, "Structure": "IMAGE_SECTION_HEADER", "NumberOfLinenumbers": {"FileOffset": 634, "Value": 0, "Offset": 34}}, {"PointerToRawData": {"FileOffset": 660, "Value": 6656, "Offset": 20}, "SHA1": "2587e1106d3c18cca660ebdf7d9c38cc0dda6aab", "SHA256": "69bb99825493767596e818c9f81c3a9d8d84065bbf33d4be8de96886050d9b20", "Name": {"FileOffset": 640, "Value": ".reloc", "Offset": 0}, "NumberOfRelocations": {"FileOffset": 672, "Value": 0, "Offset": 32}, "Misc_VirtualSize": {"FileOffset": 648, "Value": 304, "Offset": 8}, "Characteristics": {"FileOffset": 676, "Value": 1107296320, "Offset": 36}, "Misc": {"FileOffset": 648, "Value": 304, "Offset": 8}, "PointerToLinenumbers": {"FileOffset": 668, "Value": 0, "Offset": 28}, "SizeOfRawData": {"FileOffset": 656, "Value": 512, "Offset": 16}, "Misc_PhysicalAddress": {"FileOffset": 648, "Value": 304, "Offset": 8}, "PointerToRelocations": {"FileOffset": 664, "Value": 0, "Offset": 24}, "Flags": ["IMAGE_SCN_CNT_INITIALIZED_DATA", "IMAGE_SCN_MEM_DISCARDABLE", "IMAGE_SCN_MEM_READ"], "SHA512": "dfb3e1029aa3164d6f197fc45c616e601f97ff4effdab6359777ee6ceab802ab46f1b3514d9a946025f0f3d0c81b9365ae14b5290c598e1d862509db7976f4fb", "MD5": "587c0e9235091cdb207d02b71379c78e", "Entropy": 3.251320058105306, "VirtualAddress": {"FileOffset": 652, "Value": 20480, "Offset": 12}, "Structure": "IMAGE_SECTION_HEADER", "NumberOfLinenumbers": {"FileOffset": 674, "Value": 0, "Offset": 34}}], "Resource directory": [{"MajorVersion": {"FileOffset": 5640, "Value": 4, "Offset": 8}, "NumberOfIdEntries": {"FileOffset": 5646, "Value": 1, "Offset": 14}, "MinorVersion": {"FileOffset": 5642, "Value": 0, "Offset": 10}, "TimeDateStamp": {"FileOffset": 5636, "Value": "0x0        [Thu Jan  1 00:00:00 1970 UTC]", "Offset": 4}, "Characteristics": {"FileOffset": 5632, "Value": 0, "Offset": 0}, "NumberOfNamedEntries": {"FileOffset": 5644, "Value": 0, "Offset": 12}, "Structure": "IMAGE_RESOURCE_DIRECTORY"}, {"Structure": "IMAGE_RESOURCE_DIRECTORY_ENTRY", "Id": [16, "RT_VERSION"], "OffsetToData": {"FileOffset": 5652, "Value": 2147483672, "Offset": 4}, "Name": {"FileOffset": 5648, "Value": 16, "Offset": 0}}, [{"MajorVersion": {"FileOffset": 5664, "Value": 4, "Offset": 8}, "NumberOfIdEntries": {"FileOffset": 5670, "Value": 1, "Offset": 14}, "MinorVersion": {"FileOffset": 5666, "Value": 0, "Offset": 10}, "TimeDateStamp": {"FileOffset": 5660, "Value": "0x0        [Thu Jan  1 00:00:00 1970 UTC]", "Offset": 4}, "Characteristics": {"FileOffset": 5656, "Value": 0, "Offset": 0}, "NumberOfNamedEntries": {"FileOffset": 5668, "Value": 0, "Offset": 12}, "Structure": "IMAGE_RESOURCE_DIRECTORY"}, {"Structure": "IMAGE_RESOURCE_DIRECTORY_ENTRY", "Id": 1, "OffsetToData": {"FileOffset": 5676, "Value": 2147483696, "Offset": 4}, "Name": {"FileOffset": 5672, "Value": 1, "Offset": 0}}, [{"MajorVersion": {"FileOffset": 5688, "Value": 4, "Offset": 8}, "NumberOfIdEntries": {"FileOffset": 5694, "Value": 1, "Offset": 14}, "MinorVersion": {"FileOffset": 5690, "Value": 0, "Offset": 10}, "TimeDateStamp": {"FileOffset": 5684, "Value": "0x0        [Thu Jan  1 00:00:00 1970 UTC]", "Offset": 4}, "Characteristics": {"FileOffset": 5680, "Value": 0, "Offset": 0}, "NumberOfNamedEntries": {"FileOffset": 5692, "Value": 0, "Offset": 12}, "Structure": "IMAGE_RESOURCE_DIRECTORY"}, {"LANG": 9, "SUBLANG_NAME": "SUBLANG_ENGLISH_US", "Name": {"FileOffset": 5696, "Value": 1033, "Offset": 0}, "CodePage": {"FileOffset": 5712, "Value": 1252, "Offset": 8}, "LANG_NAME": "LANG_ENGLISH", "OffsetToData": {"FileOffset": 5704, "Value": 16472, "Offset": 0}, "Reserved": {"FileOffset": 5716, "Value": 0, "Offset": 12}, "SUBLANG": 1, "Structure": "IMAGE_RESOURCE_DATA_ENTRY", "Size": {"FileOffset": 5708, "Value": 928, "Offset": 4}}]]]}
