{"DllCharacteristics": [], "FILE_HEADER": {"NumberOfSections": {"FileOffset": 214, "Value": 4, "Offset": 2}, "TimeDateStamp": {"FileOffset": 216, "Value": "0x4ED37F47 [Mon Nov 28 12:32:07 2011 UTC]", "Offset": 4}, "PointerToSymbolTable": {"FileOffset": 220, "Value": 0, "Offset": 8}, "NumberOfSymbols": {"FileOffset": 224, "Value": 0, "Offset": 12}, "Machine": {"FileOffset": 212, "Value": 332, "Offset": 0}, "Characteristics": {"FileOffset": 230, "Value": 271, "Offset": 18}, "SizeOfOptionalHeader": {"FileOffset": 228, "Value": 224, "Offset": 16}, "Structure": "IMAGE_FILE_HEADER"}, "Directories": [{"VirtualAddress": {"FileOffset": 328, "Value": 0, "Offset": 0}, "Structure": "IMAGE_DIRECTORY_ENTRY_EXPORT", "Size": {"FileOffset": 332, "Value": 0, "Offset": 4}}, {"VirtualAddress": {"FileOffset": 336, "Value": 21612, "Offset": 0}, "Structure": "IMAGE_DIRECTORY_ENTRY_IMPORT", "Size": {"FileOffset": 340, "Value": 80, "Offset": 4}}, {"VirtualAddress": {"FileOffset": 344, "Value": 32768, "Offset": 0}, "Structure": "IMAGE_DIRECTORY_ENTRY_RESOURCE", "Size": {"FileOffset": 348, "Value": 107400, "Offset": 4}}, {"VirtualAddress": {"FileOffset": 352, "Value": 0, "Offset": 0}, "Structure": "IMAGE_DIRECTORY_ENTRY_EXCEPTION", "Size": {"FileOffset": 356, "Value": 0, "Offset": 4}}, {"VirtualAddress": {"FileOffset": 360, "Value": 0, "Offset": 0}, "Structure": "IMAGE_DIRECTORY_ENTRY_SECURITY", "Size": {"FileOffset": 364, "Value": 0, "Offset": 4}}, {"VirtualAddress": {"FileOffset": 368, "Value": 0, "Offset": 0}, "Structure": "IMAGE_DIRECTORY_ENTRY_BASERELOC", "Size": {"FileOffset": 372, "Value": 0, "Offset": 4}}, {"VirtualAddress": {"FileOffset": 376, "Value": 0, "Offset": 0}, "Structure": "IMAGE_DIRECTORY_ENTRY_DEBUG", "Size": {"FileOffset": 380, "Value": 0, "Offset": 4}}, {"VirtualAddress": {"FileOffset": 384, "Value": 0, "Offset": 0}, "Structure": "IMAGE_DIRECTORY_ENTRY_COPYRIGHT", "Size": {"FileOffset": 388, "Value": 0, "Offset": 4}}, {"VirtualAddress": {"FileOffset": 392, "Value": 0, "Offset": 0}, "Structure": "IMAGE_DIRECTORY_ENTRY_GLOBALPTR", "Size": {"FileOffset": 396, "Value": 0, "Offset": 4}}, {"VirtualAddress": {"FileOffset": 400, "Value": 0, "Offset": 0}, "Structure": "IMAGE_DIRECTORY_ENTRY_TLS", "Size": {"FileOffset": 404, "Value": 0, "Offset": 4}}, {"VirtualAddress": {"FileOffset": 408, "Value": 0, "Offset": 0}, "Structure": "IMAGE_DIRECTORY_ENTRY_LOAD_CONFIG", "Size": {"FileOffset": 412, "Value": 0, "Offset": 4}}, {"VirtualAddress": {"FileOffset": 416, "Value": 0, "Offset": 0}, "Structure": "IMAGE_DIRECTORY_ENTRY_BOUND_IMPORT", "Size": {"FileOffset": 420, "Value": 0, "Offset": 4}}, {"VirtualAddress": {"FileOffset": 424, "Value": 20480, "Offset": 0}, "Structure": "IMAGE_DIRECTORY_ENTRY_IAT", "Size": {"FileOffset": 428, "Value": 260, "Offset": 4}}, {"VirtualAddress": {"FileOffset": 432, "Value": 0, "Offset": 0}, "Structure": "IMAGE_DIRECTORY_ENTRY_DELAY_IMPORT", "Size": {"FileOffset": 436, "Value": 0, "Offset": 4}}, {"VirtualAddress": {"FileOffset": 440, "Value": 0, "Offset": 0}, "Structure": "IMAGE_DIRECTORY_ENTRY_COM_DESCRIPTOR", "Size": {"FileOffset": 444, "Value": 0, "Offset": 4}}, {"VirtualAddress": {"FileOffset": 448, "Value": 0, "Offset": 0}, "Structure": "IMAGE_DIRECTORY_ENTRY_RESERVED", "Size": {"FileOffset": 452, "Value": 0, "Offset": 4}}], "OPTIONAL_HEADER": {"DllCharacteristics": {"FileOffset": 302, "Value": 0, "Offset": 70}, "BaseOfCode": {"FileOffset": 252, "Value": 4096, "Offset": 20}, "MajorLinkerVersion": {"FileOffset": 234, "Value": 6, "Offset": 2}, "MinorOperatingSystemVersion": {"FileOffset": 274, "Value": 0, "Offset": 42}, "MinorLinkerVersion": {"FileOffset": 235, "Value": 0, "Offset": 3}, "MajorSubsystemVersion": {"FileOffset": 280, "Value": 4, "Offset": 48}, "MajorOperatingSystemVersion": {"FileOffset": 272, "Value": 4, "Offset": 40}, "SizeOfStackCommit": {"FileOffset": 308, "Value": 4096, "Offset": 76}, "SizeOfUninitializedData": {"FileOffset": 244, "Value": 0, "Offset": 12}, "NumberOfRvaAndSizes": {"FileOffset": 324, "Value": 16, "Offset": 92}, "SizeOfHeapReserve": {"FileOffset": 312, "Value": 1048576, "Offset": 80}, "LoaderFlags": {"FileOffset": 320, "Value": 0, "Offset": 88}, "SizeOfHeapCommit": {"FileOffset": 316, "Value": 4096, "Offset": 84}, "SizeOfStackReserve": {"FileOffset": 304, "Value": 1048576, "Offset": 72}, "Structure": "IMAGE_OPTIONAL_HEADER", "SizeOfHeaders": {"FileOffset": 292, "Value": 4096, "Offset": 60}, "Subsystem": {"FileOffset": 300, "Value": 2, "Offset": 68}, "Magic": {"FileOffset": 232, "Value": 267, "Offset": 0}, "MinorImageVersion": {"FileOffset": 278, "Value": 0, "Offset": 46}, "MajorImageVersion": {"FileOffset": 276, "Value": 0, "Offset": 44}, "FileAlignment": {"FileOffset": 268, "Value": 4096, "Offset": 36}, "BaseOfData": {"FileOffset": 256, "Value": 20480, "Offset": 24}, "AddressOfEntryPoint": {"FileOffset": 248, "Value": 5315, "Offset": 16}, "SectionAlignment": {"FileOffset": 264, "Value": 4096, "Offset": 32}, "SizeOfCode": {"FileOffset": 236, "Value": 16384, "Offset": 4}, "ImageBase": {"FileOffset": 260, "Value": 4194304, "Offset": 28}, "SizeOfInitializedData": {"FileOffset": 240, "Value": 122880, "Offset": 8}, "SizeOfImage": {"FileOffset": 288, "Value": 143360, "Offset": 56}, "MinorSubsystemVersion": {"FileOffset": 282, "Value": 0, "Offset": 50}, "CheckSum": {"FileOffset": 296, "Value": 0, "Offset": 64}, "Reserved1": {"FileOffset": 284, "Value": 0, "Offset": 52}}, "DOS_HEADER": {"e_cblp": {"FileOffset": 2, "Value": 144, "Offset": 2}, "e_crlc": {"FileOffset": 6, "Value": 0, "Offset": 6}, "e_ovno": {"FileOffset": 26, "Value": 0, "Offset": 26}, "e_minalloc": {"FileOffset": 10, "Value": 0, "Offset": 10}, "e_csum": {"FileOffset": 18, "Value": 0, "Offset": 18}, "e_cparhdr": {"FileOffset": 8, "Value": 4, "Offset": 8}, "e_cp": {"FileOffset": 4, "Value": 3, "Offset": 4}, "e_cs": {"FileOffset": 22, "Value": 0, "Offset": 22}, "e_maxalloc": {"FileOffset": 12, "Value": 65535, "Offset": 12}, "e_lfarlc": {"FileOffset": 24, "Value": 64, "Offset": 24}, "e_oemid": {"FileOffset": 36, "Value": 0, "Offset": 36}, "e_lfanew": {"FileOffset": 60, "Value": 208, "Offset": 60}, "e_ss": {"FileOffset": 14, "Value": 0, "Offset": 14}, "e_magic": {"FileOffset": 0, "Value": 23117, "Offset": 0}, "e_oeminfo": {"FileOffset": 38, "Value": 0, "Offset": 38}, "e_res2": {"FileOffset": 40, "Value": "", "Offset": 40}, "e_res": {"FileOffset": 28, "Value": "", "Offset": 28}, "e_sp": {"FileOffset": 16, "Value": 184, "Offset": 16}, "Structure": "IMAGE_DOS_HEADER", "e_ip": {"FileOffset": 20, "Value": 0, "Offset": 20}}, "NT_HEADERS": {"Structure": "IMAGE_NT_HEADERS", "Signature": {"FileOffset": 208, "Value": 17744, "Offset": 0}}, "Flags": ["IMAGE_FILE_LOCAL_SYMS_STRIPPED", "IMAGE_FILE_32BIT_MACHINE", "IMAGE_FILE_EXECUTABLE_IMAGE", "IMAGE_FILE_LINE_NUMS_STRIPPED", "IMAGE_FILE_RELOCS_STRIPPED"], "Imported symbols": [[{"TimeDateStamp": {"FileOffset": 21616, "Value": "0x0        [Thu Jan  1 00:00:00 1970 UTC]", "Offset": 4}, "Name": {"FileOffset": 21624, "Value": 22282, "Offset": 12}, "ForwarderChain": {"FileOffset": 21620, "Value": 0, "Offset": 8}, "OriginalFirstThunk": {"FileOffset": 21612, "Value": 21692, "Offset": 0}, "FirstThunk": {"FileOffset": 21628, "Value": 20480, "Offset": 16}, "Characteristics": {"FileOffset": 21612, "Value": 21692, "Offset": 0}, "Structure": "IMAGE_IMPORT_DESCRIPTOR"}, {"Hint": 798, "Name": "SetProcessPriorityBoost", "DLL": "KERNEL32.dll"}, {"Hint": 813, "Name": "SetThreadPriority", "DLL": "KERNEL32.dll"}, {"Hint": 317, "Name": "GetCurrentThread", "DLL": "KERNEL32.dll"}, {"Hint": 796, "Name": "SetPriorityClass", "DLL": "KERNEL32.dll"}, {"Hint": 315, "Name": "GetCurrentProcess", "DLL": "KERNEL32.dll"}, {"Hint": 932, "Name": "lstrcatA", "DLL": "KERNEL32.dll"}, {"Hint": 941, "Name": "lstrcpyA", "DLL": "KERNEL32.dll"}, {"Hint": 336, "Name": "GetEnvironmentVariableA", "DLL": "KERNEL32.dll"}, {"Hint": 426, "Name": "GetShortPathNameA", "DLL": "KERNEL32.dll"}, {"Hint": 371, "Name": "GetModuleFileNameA", "DLL": "KERNEL32.dll"}, {"Hint": 313, "Name": "GetCurrentDirectoryA", "DLL": "KERNEL32.dll"}, {"Hint": 895, "Name": "WinExec", "DLL": "KERNEL32.dll"}, {"Hint": 456, "Name": "GetTempPathA", "DLL": "KERNEL32.dll"}, {"Hint": 596, "Name": "LockResource", "DLL": "KERNEL32.dll"}, {"Hint": 582, "Name": "LoadResource", "DLL": "KERNEL32.dll"}, {"Hint": 829, "Name": "SizeofResource", "DLL": "KERNEL32.dll"}, {"Hint": 360, "Name": "GetLastError", "DLL": "KERNEL32.dll"}, {"Hint": 223, "Name": "FindResourceA", "DLL": "KERNEL32.dll"}, {"Hint": 431, "Name": "GetStringTypeA", "DLL": "KERNEL32.dll"}, {"Hint": 564, "Name": "LCMapStringW", "DLL": "KERNEL32.dll"}, {"Hint": 563, "Name": "LCMapStringA", "DLL": "KERNEL32.dll"}, {"Hint": 612, "Name": "MultiByteToWideChar", "DLL": "KERNEL32.dll"}, {"Hint": 675, "Name": "ReadFile", "DLL": "KERNEL32.dll"}, {"Hint": 373, "Name": "GetModuleHandleA", "DLL": "KERNEL32.dll"}, {"Hint": 428, "Name": "GetStartupInfoA", "DLL": "KERNEL32.dll"}, {"Hint": 265, "Name": "GetCommandLineA", "DLL": "KERNEL32.dll"}, {"Hint": 474, "Name": "GetVersion", "DLL": "KERNEL32.dll"}, {"Hint": 182, "Name": "ExitProcess", "DLL": "KERNEL32.dll"}, {"Hint": 520, "Name": "HeapFree", "DLL": "KERNEL32.dll"}, {"Hint": 49, "Name": "CloseHandle", "DLL": "KERNEL32.dll"}, {"Hint": 907, "Name": "WriteFile", "DLL": "KERNEL32.dll"}, {"Hint": 838, "Name": "TerminateProcess", "DLL": "KERNEL32.dll"}, {"Hint": 855, "Name": "UnhandledExceptionFilter", "DLL": "KERNEL32.dll"}, {"Hint": 238, "Name": "FreeEnvironmentStringsA", "DLL": "KERNEL32.dll"}, {"Hint": 239, "Name": "FreeEnvironmentStringsW", "DLL": "KERNEL32.dll"}, {"Hint": 894, "Name": "WideCharToMultiByte", "DLL": "KERNEL32.dll"}, {"Hint": 333, "Name": "GetEnvironmentStrings", "DLL": "KERNEL32.dll"}, {"Hint": 335, "Name": "GetEnvironmentStringsW", "DLL": "KERNEL32.dll"}, {"Hint": 783, "Name": "SetHandleCount", "DLL": "KERNEL32.dll"}, {"Hint": 430, "Name": "GetStdHandle", "DLL": "KERNEL32.dll"}, {"Hint": 350, "Name": "GetFileType", "DLL": "KERNEL32.dll"}, {"Hint": 518, "Name": "HeapDestroy", "DLL": "KERNEL32.dll"}, {"Hint": 516, "Name": "HeapCreate", "DLL": "KERNEL32.dll"}, {"Hint": 877, "Name": "VirtualFree", "DLL": "KERNEL32.dll"}, {"Hint": 708, "Name": "RtlUnwind", "DLL": "KERNEL32.dll"}, {"Hint": 514, "Name": "HeapAlloc", "DLL": "KERNEL32.dll"}, {"Hint": 874, "Name": "VirtualAlloc", "DLL": "KERNEL32.dll"}, {"Hint": 524, "Name": "HeapReAlloc", "DLL": "KERNEL32.dll"}, {"Hint": 801, "Name": "SetStdHandle", "DLL": "KERNEL32.dll"}, {"Hint": 230, "Name": "FlushFileBuffers", "DLL": "KERNEL32.dll"}, {"Hint": 774, "Name": "SetFilePointer", "DLL": "KERNEL32.dll"}, {"Hint": 79, "Name": "CreateFileA", "DLL": "KERNEL32.dll"}, {"Hint": 253, "Name": "GetCPInfo", "DLL": "KERNEL32.dll"}, {"Hint": 246, "Name": "GetACP", "DLL": "KERNEL32.dll"}, {"Hint": 394, "Name": "GetOEMCP", "DLL": "KERNEL32.dll"}, {"Hint": 407, "Name": "GetProcAddress", "DLL": "KERNEL32.dll"}, {"Hint": 577, "Name": "LoadLibraryA", "DLL": "KERNEL32.dll"}, {"Hint": 765, "Name": "SetEndOfFile", "DLL": "KERNEL32.dll"}, {"Hint": 434, "Name": "GetStringTypeW", "DLL": "KERNEL32.dll"}], [{"TimeDateStamp": {"FileOffset": 21636, "Value": "0x0        [Thu Jan  1 00:00:00 1970 UTC]", "Offset": 4}, "Name": {"FileOffset": 21644, "Value": 22310, "Offset": 12}, "ForwarderChain": {"FileOffset": 21640, "Value": 0, "Offset": 8}, "OriginalFirstThunk": {"FileOffset": 21632, "Value": 21944, "Offset": 0}, "FirstThunk": {"FileOffset": 21648, "Value": 20732, "Offset": 16}, "Characteristics": {"FileOffset": 21632, "Value": 21944, "Offset": 0}, "Structure": "IMAGE_IMPORT_DESCRIPTOR"}, {"Hint": 476, "Name": "MessageBoxA", "DLL": "USER32.dll"}], [{"TimeDateStamp": {"FileOffset": 21656, "Value": "0x0        [Thu Jan  1 00:00:00 1970 UTC]", "Offset": 4}, "Name": {"FileOffset": 21664, "Value": 22358, "Offset": 12}, "ForwarderChain": {"FileOffset": 21660, "Value": 0, "Offset": 8}, "OriginalFirstThunk": {"FileOffset": 21652, "Value": 21932, "Offset": 0}, "FirstThunk": {"FileOffset": 21668, "Value": 20720, "Offset": 16}, "Characteristics": {"FileOffset": 21652, "Value": 21932, "Offset": 0}, "Structure": "IMAGE_IMPORT_DESCRIPTOR"}, {"Hint": 126, "Name": "SHChangeNotify", "DLL": "SHELL32.dll"}, {"Hint": 265, "Name": "ShellExecuteExA", "DLL": "SHELL32.dll"}]], "PE Sections": [{"PointerToRawData": {"FileOffset": 476, "Value": 4096, "Offset": 20}, "SHA1": "7a7f2becadcb51583a393b23d00ea33aa53e5168", "SHA256": "2cd1d12377fa6806359e54e57f2654e3457d4c991a326d616da57ed6b42dc0ad", "Name": {"FileOffset": 456, "Value": ".text", "Offset": 0}, "NumberOfRelocations": {"FileOffset": 488, "Value": 0, "Offset": 32}, "Misc_VirtualSize": {"FileOffset": 464, "Value": 16182, "Offset": 8}, "Characteristics": {"FileOffset": 492, "Value": 1610612768, "Offset": 36}, "Misc": {"FileOffset": 464, "Value": 16182, "Offset": 8}, "PointerToLinenumbers": {"FileOffset": 484, "Value": 0, "Offset": 28}, "SizeOfRawData": {"FileOffset": 472, "Value": 16384, "Offset": 16}, "Misc_PhysicalAddress": {"FileOffset": 464, "Value": 16182, "Offset": 8}, "PointerToRelocations": {"FileOffset": 480, "Value": 0, "Offset": 24}, "Flags": ["IMAGE_SCN_MEM_EXECUTE", "IMAGE_SCN_CNT_CODE", "IMAGE_SCN_MEM_READ"], "SHA512": "ad36466411a14586f67de25a3c369e239a063b5593c08661322dfa4e913ab5d7d3748e2952122efa361f908603da71f03940dbe41c6da85b3800113ed3e59e50", "MD5": "ddabf3c48e6647f7687f61676ca017f8", "Entropy": 6.527060300803404, "VirtualAddress": {"FileOffset": 468, "Value": 4096, "Offset": 12}, "Structure": "IMAGE_SECTION_HEADER", "NumberOfLinenumbers": {"FileOffset": 490, "Value": 0, "Offset": 34}}, {"PointerToRawData": {"FileOffset": 516, "Value": 20480, "Offset": 20}, "SHA1": "a7268bfef25053d472bef874b7b2d8a57c2c3812", "SHA256": "e431380afdfb4dd24e87e68f715ed048b0296ecbb4df3a704c5361a2da928566", "Name": {"FileOffset": 496, "Value": ".rdata", "Offset": 0}, "NumberOfRelocations": {"FileOffset": 528, "Value": 0, "Offset": 32}, "Misc_VirtualSize": {"FileOffset": 504, "Value": 2582, "Offset": 8}, "Characteristics": {"FileOffset": 532, "Value": 1073741888, "Offset": 36}, "Misc": {"FileOffset": 504, "Value": 2582, "Offset": 8}, "PointerToLinenumbers": {"FileOffset": 524, "Value": 0, "Offset": 28}, "SizeOfRawData": {"FileOffset": 512, "Value": 4096, "Offset": 16}, "Misc_PhysicalAddress": {"FileOffset": 504, "Value": 2582, "Offset": 8}, "PointerToRelocations": {"FileOffset": 520, "Value": 0, "Offset": 24}, "Flags": ["IMAGE_SCN_CNT_INITIALIZED_DATA", "IMAGE_SCN_MEM_READ"], "SHA512": "2c462dd9e541236cc4789a2b619f2fd5c63b4a9a56a42eb1696c1ec6986adc683d644c9288fcbdc8350d0e5dcfeb183c8c6923a7a39bd0452cd55731f7959dbf", "MD5": "4b1ab2eae84478f03042d8bdfe3ac00b", "Entropy": 3.894377000189835, "VirtualAddress": {"FileOffset": 508, "Value": 20480, "Offset": 12}, "Structure": "IMAGE_SECTION_HEADER", "NumberOfLinenumbers": {"FileOffset": 530, "Value": 0, "Offset": 34}}, {"PointerToRawData": {"FileOffset": 556, "Value": 24576, "Offset": 20}, "SHA1": "737d25beebbd89bd2cb64318b34b3b9ff45d876c", "SHA256": "be4278fb33b9337bdf699cd4f9eaf068dc3d78a6767864fd8a35c91338b628c2", "Name": {"FileOffset": 536, "Value": ".data", "Offset": 0}, "NumberOfRelocations": {"FileOffset": 568, "Value": 0, "Offset": 32}, "Misc_VirtualSize": {"FileOffset": 544, "Value": 7740, "Offset": 8}, "Characteristics": {"FileOffset": 572, "Value": 3221225536, "Offset": 36}, "Misc": {"FileOffset": 544, "Value": 7740, "Offset": 8}, "PointerToLinenumbers": {"FileOffset": 564, "Value": 0, "Offset": 28}, "SizeOfRawData": {"FileOffset": 552, "Value": 4096, "Offset": 16}, "Misc_PhysicalAddress": {"FileOffset": 544, "Value": 7740, "Offset": 8}, "PointerToRelocations": {"FileOffset": 560, "Value": 0, "Offset": 24}, "Flags": ["IMAGE_SCN_CNT_INITIALIZED_DATA", "IMAGE_SCN_MEM_WRITE", "IMAGE_SCN_MEM_READ"], "SHA512": "738539e767a4dfb3814b4bb2da655e925d34aff8b31512294b2d6fd1f846cea65df9f13821da9515d6ebff7d01e613bdc053192ccf2c098395552ed0cbbe55b5", "MD5": "72192afce2e8961e06ae3f881f940bb2", "Entropy": 1.4361561743244478, "VirtualAddress": {"FileOffset": 548, "Value": 24576, "Offset": 12}, "Structure": "IMAGE_SECTION_HEADER", "NumberOfLinenumbers": {"FileOffset": 570, "Value": 0, "Offset": 34}}, {"PointerToRawData": {"FileOffset": 596, "Value": 28672, "Offset": 20}, "SHA1": "897f00222c35af7316dd04120ebf03a7f776adec", "SHA256": "105a0e4cb65abf7dc3024db260997984ba18e7570cab6469ffc91d52ea6c5971", "Name": {"FileOffset": 576, "Value": ".rsrc", "Offset": 0}, "NumberOfRelocations": {"FileOffset": 608, "Value": 0, "Offset": 32}, "Misc_VirtualSize": {"FileOffset": 584, "Value": 107400, "Offset": 8}, "Characteristics": {"FileOffset": 612, "Value": 1073741888, "Offset": 36}, "Misc": {"FileOffset": 584, "Value": 107400, "Offset": 8}, "PointerToLinenumbers": {"FileOffset": 604, "Value": 0, "Offset": 28}, "SizeOfRawData": {"FileOffset": 592, "Value": 110592, "Offset": 16}, "Misc_PhysicalAddress": {"FileOffset": 584, "Value": 107400, "Offset": 8}, "PointerToRelocations": {"FileOffset": 600, "Value": 0, "Offset": 24}, "Flags": ["IMAGE_SCN_CNT_INITIALIZED_DATA", "IMAGE_SCN_MEM_READ"], "SHA512": "3c15b6e9244b2ac8478c66645f29ae4a25b128d1503f5927ff61cf6496865553541c27311e0a46be1e125da2f387a3e71b5e0ac4759a03025fa046db4ab8e088", "MD5": "e0a07f93cef9d730587b41de55e742dd", "Entropy": 5.098809821164331, "VirtualAddress": {"FileOffset": 588, "Value": 32768, "Offset": 12}, "Structure": "IMAGE_SECTION_HEADER", "NumberOfLinenumbers": {"FileOffset": 610, "Value": 0, "Offset": 34}}], "Resource directory": [{"MajorVersion": {"FileOffset": 28680, "Value": 0, "Offset": 8}, "NumberOfIdEntries": {"FileOffset": 28686, "Value": 2, "Offset": 14}, "MinorVersion": {"FileOffset": 28682, "Value": 0, "Offset": 10}, "TimeDateStamp": {"FileOffset": 28676, "Value": "0x0        [Thu Jan  1 00:00:00 1970 UTC]", "Offset": 4}, "Characteristics": {"FileOffset": 28672, "Value": 0, "Offset": 0}, "NumberOfNamedEntries": {"FileOffset": 28684, "Value": 1, "Offset": 12}, "Structure": "IMAGE_RESOURCE_DIRECTORY"}, {"Name": {"FileOffset": 28688, "Value": 2147484456, "Offset": 0}, "OffsetToData": {"FileOffset": 28692, "Value": 2147483688, "Offset": 4}, "Structure": "IMAGE_RESOURCE_DIRECTORY_ENTRY"}, [{"MajorVersion": {"FileOffset": 28720, "Value": 0, "Offset": 8}, "NumberOfIdEntries": {"FileOffset": 28726, "Value": 1, "Offset": 14}, "MinorVersion": {"FileOffset": 28722, "Value": 0, "Offset": 10}, "TimeDateStamp": {"FileOffset": 28716, "Value": "0x0        [Thu Jan  1 00:00:00 1970 UTC]", "Offset": 4}, "Characteristics": {"FileOffset": 28712, "Value": 0, "Offset": 0}, "NumberOfNamedEntries": {"FileOffset": 28724, "Value": 0, "Offset": 12}, "Structure": "IMAGE_RESOURCE_DIRECTORY"}, {"Structure": "IMAGE_RESOURCE_DIRECTORY_ENTRY", "Id": 102, "OffsetToData": {"FileOffset": 28732, "Value": 2147483856, "Offset": 4}, "Name": {"FileOffset": 28728, "Value": 102, "Offset": 0}}, [{"MajorVersion": {"FileOffset": 28888, "Value": 0, "Offset": 8}, "NumberOfIdEntries": {"FileOffset": 28894, "Value": 1, "Offset": 14}, "MinorVersion": {"FileOffset": 28890, "Value": 0, "Offset": 10}, "TimeDateStamp": {"FileOffset": 28884, "Value": "0x0        [Thu Jan  1 00:00:00 1970 UTC]", "Offset": 4}, "Characteristics": {"FileOffset": 28880, "Value": 0, "Offset": 0}, "NumberOfNamedEntries": {"FileOffset": 28892, "Value": 0, "Offset": 12}, "Structure": "IMAGE_RESOURCE_DIRECTORY"}, {"LANG": 9, "SUBLANG_NAME": "SUBLANG_ENGLISH_US", "Name": {"FileOffset": 28896, "Value": 1033, "Offset": 0}, "CodePage": {"FileOffset": 29248, "Value": 0, "Offset": 8}, "LANG_NAME": "LANG_ENGLISH", "OffsetToData": {"FileOffset": 29240, "Value": 33600, "Offset": 0}, "Reserved": {"FileOffset": 29252, "Value": 0, "Offset": 12}, "SUBLANG": 1, "Structure": "IMAGE_RESOURCE_DATA_ENTRY", "Size": {"FileOffset": 29244, "Value": 28672, "Offset": 4}}]], {"Structure": "IMAGE_RESOURCE_DIRECTORY_ENTRY", "Id": [3, "RT_ICON"], "OffsetToData": {"FileOffset": 28700, "Value": 2147483712, "Offset": 4}, "Name": {"FileOffset": 28696, "Value": 3, "Offset": 0}}, [{"MajorVersion": {"FileOffset": 28744, "Value": 0, "Offset": 8}, "NumberOfIdEntries": {"FileOffset": 28750, "Value": 13, "Offset": 14}, "MinorVersion": {"FileOffset": 28746, "Value": 0, "Offset": 10}, "TimeDateStamp": {"FileOffset": 28740, "Value": "0x0        [Thu Jan  1 00:00:00 1970 UTC]", "Offset": 4}, "Characteristics": {"FileOffset": 28736, "Value": 0, "Offset": 0}, "NumberOfNamedEntries": {"FileOffset": 28748, "Value": 0, "Offset": 12}, "Structure": "IMAGE_RESOURCE_DIRECTORY"}, {"Structure": "IMAGE_RESOURCE_DIRECTORY_ENTRY", "Id": 1, "OffsetToData": {"FileOffset": 28756, "Value": 2147483880, "Offset": 4}, "Name": {"FileOffset": 28752, "Value": 1, "Offset": 0}}, [{"MajorVersion": {"FileOffset": 28912, "Value": 0, "Offset": 8}, "NumberOfIdEntries": {"FileOffset": 28918, "Value": 1, "Offset": 14}, "MinorVersion": {"FileOffset": 28914, "Value": 0, "Offset": 10}, "TimeDateStamp": {"FileOffset": 28908, "Value": "0x0        [Thu Jan  1 00:00:00 1970 UTC]", "Offset": 4}, "Characteristics": {"FileOffset": 28904, "Value": 0, "Offset": 0}, "NumberOfNamedEntries": {"FileOffset": 28916, "Value": 0, "Offset": 12}, "Structure": "IMAGE_RESOURCE_DIRECTORY"}, {"LANG": 9, "SUBLANG_NAME": "SUBLANG_ENGLISH_US", "Name": {"FileOffset": 28920, "Value": 1033, "Offset": 0}, "CodePage": {"FileOffset": 29264, "Value": 0, "Offset": 8}, "LANG_NAME": "LANG_ENGLISH", "OffsetToData": {"FileOffset": 29256, "Value": 62272, "Offset": 0}, "Reserved": {"FileOffset": 29268, "Value": 0, "Offset": 12}, "SUBLANG": 1, "Structure": "IMAGE_RESOURCE_DATA_ENTRY", "Size": {"FileOffset": 29260, "Value": 1640, "Offset": 4}}], {"Structure": "IMAGE_RESOURCE_DIRECTORY_ENTRY", "Id": 2, "OffsetToData": {"FileOffset": 28764, "Value": 2147483904, "Offset": 4}, "Name": {"FileOffset": 28760, "Value": 2, "Offset": 0}}, [{"MajorVersion": {"FileOffset": 28936, "Value": 0, "Offset": 8}, "NumberOfIdEntries": {"FileOffset": 28942, "Value": 1, "Offset": 14}, "MinorVersion": {"FileOffset": 28938, "Value": 0, "Offset": 10}, "TimeDateStamp": {"FileOffset": 28932, "Value": "0x0        [Thu Jan  1 00:00:00 1970 UTC]", "Offset": 4}, "Characteristics": {"FileOffset": 28928, "Value": 0, "Offset": 0}, "NumberOfNamedEntries": {"FileOffset": 28940, "Value": 0, "Offset": 12}, "Structure": "IMAGE_RESOURCE_DIRECTORY"}, {"LANG": 9, "SUBLANG_NAME": "SUBLANG_ENGLISH_US", "Name": {"FileOffset": 28944, "Value": 1033, "Offset": 0}, "CodePage": {"FileOffset": 29280, "Value": 0, "Offset": 8}, "LANG_NAME": "LANG_ENGLISH", "OffsetToData": {"FileOffset": 29272, "Value": 63912, "Offset": 0}, "Reserved": {"FileOffset": 29284, "Value": 0, "Offset": 12}, "SUBLANG": 1, "Structure": "IMAGE_RESOURCE_DATA_ENTRY", "Size": {"FileOffset": 29276, "Value": 744, "Offset": 4}}], {"Structure": "IMAGE_RESOURCE_DIRECTORY_ENTRY", "Id": 3, "OffsetToData": {"FileOffset": 28772, "Value": 2147483928, "Offset": 4}, "Name": {"FileOffset": 28768, "Value": 3, "Offset": 0}}, [{"MajorVersion": {"FileOffset": 28960, "Value": 0, "Offset": 8}, "NumberOfIdEntries": {"FileOffset": 28966, "Value": 1, "Offset": 14}, "MinorVersion": {"FileOffset": 28962, "Value": 0, "Offset": 10}, "TimeDateStamp": {"FileOffset": 28956, "Value": "0x0        [Thu Jan  1 00:00:00 1970 UTC]", "Offset": 4}, "Characteristics": {"FileOffset": 28952, "Value": 0, "Offset": 0}, "NumberOfNamedEntries": {"FileOffset": 28964, "Value": 0, "Offset": 12}, "Structure": "IMAGE_RESOURCE_DIRECTORY"}, {"LANG": 9, "SUBLANG_NAME": "SUBLANG_ENGLISH_US", "Name": {"FileOffset": 28968, "Value": 1033, "Offset": 0}, "CodePage": {"FileOffset": 29296, "Value": 0, "Offset": 8}, "LANG_NAME": "LANG_ENGLISH", "OffsetToData": {"FileOffset": 29288, "Value": 64656, "Offset": 0}, "Reserved": {"FileOffset": 29300, "Value": 0, "Offset": 12}, "SUBLANG": 1, "Structure": "IMAGE_RESOURCE_DATA_ENTRY", "Size": {"FileOffset": 29292, "Value": 296, "Offset": 4}}], {"Structure": "IMAGE_RESOURCE_DIRECTORY_ENTRY", "Id": 4, "OffsetToData": {"FileOffset": 28780, "Value": 2147483952, "Offset": 4}, "Name": {"FileOffset": 28776, "Value": 4, "Offset": 0}}, [{"MajorVersion": {"FileOffset": 28984, "Value": 0, "Offset": 8}, "NumberOfIdEntries": {"FileOffset": 28990, "Value": 1, "Offset": 14}, "MinorVersion": {"FileOffset": 28986, "Value": 0, "Offset": 10}, "TimeDateStamp": {"FileOffset": 28980, "Value": "0x0        [Thu Jan  1 00:00:00 1970 UTC]", "Offset": 4}, "Characteristics": {"FileOffset": 28976, "Value": 0, "Offset": 0}, "NumberOfNamedEntries": {"FileOffset": 28988, "Value": 0, "Offset": 12}, "Structure": "IMAGE_RESOURCE_DIRECTORY"}, {"LANG": 9, "SUBLANG_NAME": "SUBLANG_ENGLISH_US", "Name": {"FileOffset": 28992, "Value": 1033, "Offset": 0}, "CodePage": {"FileOffset": 29312, "Value": 0, "Offset": 8}, "LANG_NAME": "LANG_ENGLISH", "OffsetToData": {"FileOffset": 29304, "Value": 64952, "Offset": 0}, "Reserved": {"FileOffset": 29316, "Value": 0, "Offset": 12}, "SUBLANG": 1, "Structure": "IMAGE_RESOURCE_DATA_ENTRY", "Size": {"FileOffset": 29308, "Value": 3752, "Offset": 4}}], {"Structure": "IMAGE_RESOURCE_DIRECTORY_ENTRY", "Id": 5, "OffsetToData": {"FileOffset": 28788, "Value": 2147483976, "Offset": 4}, "Name": {"FileOffset": 28784, "Value": 5, "Offset": 0}}, [{"MajorVersion": {"FileOffset": 29008, "Value": 0, "Offset": 8}, "NumberOfIdEntries": {"FileOffset": 29014, "Value": 1, "Offset": 14}, "MinorVersion": {"FileOffset": 29010, "Value": 0, "Offset": 10}, "TimeDateStamp": {"FileOffset": 29004, "Value": "0x0        [Thu Jan  1 00:00:00 1970 UTC]", "Offset": 4}, "Characteristics": {"FileOffset": 29000, "Value": 0, "Offset": 0}, "NumberOfNamedEntries": {"FileOffset": 29012, "Value": 0, "Offset": 12}, "Structure": "IMAGE_RESOURCE_DIRECTORY"}, {"LANG": 9, "SUBLANG_NAME": "SUBLANG_ENGLISH_US", "Name": {"FileOffset": 29016, "Value": 1033, "Offset": 0}, "CodePage": {"FileOffset": 29328, "Value": 0, "Offset": 8}, "LANG_NAME": "LANG_ENGLISH", "OffsetToData": {"FileOffset": 29320, "Value": 68704, "Offset": 0}, "Reserved": {"FileOffset": 29332, "Value": 0, "Offset": 12}, "SUBLANG": 1, "Structure": "IMAGE_RESOURCE_DATA_ENTRY", "Size": {"FileOffset": 29324, "Value": 2216, "Offset": 4}}], {"Structure": "IMAGE_RESOURCE_DIRECTORY_ENTRY", "Id": 6, "OffsetToData": {"FileOffset": 28796, "Value": 2147484000, "Offset": 4}, "Name": {"FileOffset": 28792, "Value": 6, "Offset": 0}}, [{"MajorVersion": {"FileOffset": 29032, "Value": 0, "Offset": 8}, "NumberOfIdEntries": {"FileOffset": 29038, "Value": 1, "Offset": 14}, "MinorVersion": {"FileOffset": 29034, "Value": 0, "Offset": 10}, "TimeDateStamp": {"FileOffset": 29028, "Value": "0x0        [Thu Jan  1 00:00:00 1970 UTC]", "Offset": 4}, "Characteristics": {"FileOffset": 29024, "Value": 0, "Offset": 0}, "NumberOfNamedEntries": {"FileOffset": 29036, "Value": 0, "Offset": 12}, "Structure": "IMAGE_RESOURCE_DIRECTORY"}, {"LANG": 9, "SUBLANG_NAME": "SUBLANG_ENGLISH_US", "Name": {"FileOffset": 29040, "Value": 1033, "Offset": 0}, "CodePage": {"FileOffset": 29344, "Value": 0, "Offset": 8}, "LANG_NAME": "LANG_ENGLISH", "OffsetToData": {"FileOffset": 29336, "Value": 70920, "Offset": 0}, "Reserved": {"FileOffset": 29348, "Value": 0, "Offset": 12}, "SUBLANG": 1, "Structure": "IMAGE_RESOURCE_DATA_ENTRY", "Size": {"FileOffset": 29340, "Value": 1736, "Offset": 4}}], {"Structure": "IMAGE_RESOURCE_DIRECTORY_ENTRY", "Id": 7, "OffsetToData": {"FileOffset": 28804, "Value": 2147484024, "Offset": 4}, "Name": {"FileOffset": 28800, "Value": 7, "Offset": 0}}, [{"MajorVersion": {"FileOffset": 29056, "Value": 0, "Offset": 8}, "NumberOfIdEntries": {"FileOffset": 29062, "Value": 1, "Offset": 14}, "MinorVersion": {"FileOffset": 29058, "Value": 0, "Offset": 10}, "TimeDateStamp": {"FileOffset": 29052, "Value": "0x0        [Thu Jan  1 00:00:00 1970 UTC]", "Offset": 4}, "Characteristics": {"FileOffset": 29048, "Value": 0, "Offset": 0}, "NumberOfNamedEntries": {"FileOffset": 29060, "Value": 0, "Offset": 12}, "Structure": "IMAGE_RESOURCE_DIRECTORY"}, {"LANG": 9, "SUBLANG_NAME": "SUBLANG_ENGLISH_US", "Name": {"FileOffset": 29064, "Value": 1033, "Offset": 0}, "CodePage": {"FileOffset": 29360, "Value": 0, "Offset": 8}, "LANG_NAME": "LANG_ENGLISH", "OffsetToData": {"FileOffset": 29352, "Value": 72656, "Offset": 0}, "Reserved": {"FileOffset": 29364, "Value": 0, "Offset": 12}, "SUBLANG": 1, "Structure": "IMAGE_RESOURCE_DATA_ENTRY", "Size": {"FileOffset": 29356, "Value": 1384, "Offset": 4}}], {"Structure": "IMAGE_RESOURCE_DIRECTORY_ENTRY", "Id": 8, "OffsetToData": {"FileOffset": 28812, "Value": 2147484048, "Offset": 4}, "Name": {"FileOffset": 28808, "Value": 8, "Offset": 0}}, [{"MajorVersion": {"FileOffset": 29080, "Value": 0, "Offset": 8}, "NumberOfIdEntries": {"FileOffset": 29086, "Value": 1, "Offset": 14}, "MinorVersion": {"FileOffset": 29082, "Value": 0, "Offset": 10}, "TimeDateStamp": {"FileOffset": 29076, "Value": "0x0        [Thu Jan  1 00:00:00 1970 UTC]", "Offset": 4}, "Characteristics": {"FileOffset": 29072, "Value": 0, "Offset": 0}, "NumberOfNamedEntries": {"FileOffset": 29084, "Value": 0, "Offset": 12}, "Structure": "IMAGE_RESOURCE_DIRECTORY"}, {"LANG": 9, "SUBLANG_NAME": "SUBLANG_ENGLISH_US", "Name": {"FileOffset": 29088, "Value": 1033, "Offset": 0}, "CodePage": {"FileOffset": 29376, "Value": 0, "Offset": 8}, "LANG_NAME": "LANG_ENGLISH", "OffsetToData": {"FileOffset": 29368, "Value": 74040, "Offset": 0}, "Reserved": {"FileOffset": 29380, "Value": 0, "Offset": 12}, "SUBLANG": 1, "Structure": "IMAGE_RESOURCE_DATA_ENTRY", "Size": {"FileOffset": 29372, "Value": 9640, "Offset": 4}}], {"Structure": "IMAGE_RESOURCE_DIRECTORY_ENTRY", "Id": 9, "OffsetToData": {"FileOffset": 28820, "Value": 2147484072, "Offset": 4}, "Name": {"FileOffset": 28816, "Value": 9, "Offset": 0}}, [{"MajorVersion": {"FileOffset": 29104, "Value": 0, "Offset": 8}, "NumberOfIdEntries": {"FileOffset": 29110, "Value": 1, "Offset": 14}, "MinorVersion": {"FileOffset": 29106, "Value": 0, "Offset": 10}, "TimeDateStamp": {"FileOffset": 29100, "Value": "0x0        [Thu Jan  1 00:00:00 1970 UTC]", "Offset": 4}, "Characteristics": {"FileOffset": 29096, "Value": 0, "Offset": 0}, "NumberOfNamedEntries": {"FileOffset": 29108, "Value": 0, "Offset": 12}, "Structure": "IMAGE_RESOURCE_DIRECTORY"}, {"LANG": 9, "SUBLANG_NAME": "SUBLANG_ENGLISH_US", "Name": {"FileOffset": 29112, "Value": 1033, "Offset": 0}, "CodePage": {"FileOffset": 29392, "Value": 0, "Offset": 8}, "LANG_NAME": "LANG_ENGLISH", "OffsetToData": {"FileOffset": 29384, "Value": 83680, "Offset": 0}, "Reserved": {"FileOffset": 29396, "Value": 0, "Offset": 12}, "SUBLANG": 1, "Structure": "IMAGE_RESOURCE_DATA_ENTRY", "Size": {"FileOffset": 29388, "Value": 3240, "Offset": 4}}], {"Structure": "IMAGE_RESOURCE_DIRECTORY_ENTRY", "Id": 10, "OffsetToData": {"FileOffset": 28828, "Value": 2147484096, "Offset": 4}, "Name": {"FileOffset": 28824, "Value": 10, "Offset": 0}}, [{"MajorVersion": {"FileOffset": 29128, "Value": 0, "Offset": 8}, "NumberOfIdEntries": {"FileOffset": 29134, "Value": 1, "Offset": 14}, "MinorVersion": {"FileOffset": 29130, "Value": 0, "Offset": 10}, "TimeDateStamp": {"FileOffset": 29124, "Value": "0x0        [Thu Jan  1 00:00:00 1970 UTC]", "Offset": 4}, "Characteristics": {"FileOffset": 29120, "Value": 0, "Offset": 0}, "NumberOfNamedEntries": {"FileOffset": 29132, "Value": 0, "Offset": 12}, "Structure": "IMAGE_RESOURCE_DIRECTORY"}, {"LANG": 9, "SUBLANG_NAME": "SUBLANG_ENGLISH_US", "Name": {"FileOffset": 29136, "Value": 1033, "Offset": 0}, "CodePage": {"FileOffset": 29408, "Value": 0, "Offset": 8}, "LANG_NAME": "LANG_ENGLISH", "OffsetToData": {"FileOffset": 29400, "Value": 86920, "Offset": 0}, "Reserved": {"FileOffset": 29412, "Value": 0, "Offset": 12}, "SUBLANG": 1, "Structure": "IMAGE_RESOURCE_DATA_ENTRY", "Size": {"FileOffset": 29404, "Value": 2440, "Offset": 4}}], {"Structure": "IMAGE_RESOURCE_DIRECTORY_ENTRY", "Id": 11, "OffsetToData": {"FileOffset": 28836, "Value": 2147484120, "Offset": 4}, "Name": {"FileOffset": 28832, "Value": 11, "Offset": 0}}, [{"MajorVersion": {"FileOffset": 29152, "Value": 0, "Offset": 8}, "NumberOfIdEntries": {"FileOffset": 29158, "Value": 1, "Offset": 14}, "MinorVersion": {"FileOffset": 29154, "Value": 0, "Offset": 10}, "TimeDateStamp": {"FileOffset": 29148, "Value": "0x0        [Thu Jan  1 00:00:00 1970 UTC]", "Offset": 4}, "Characteristics": {"FileOffset": 29144, "Value": 0, "Offset": 0}, "NumberOfNamedEntries": {"FileOffset": 29156, "Value": 0, "Offset": 12}, "Structure": "IMAGE_RESOURCE_DIRECTORY"}, {"LANG": 9, "SUBLANG_NAME": "SUBLANG_ENGLISH_US", "Name": {"FileOffset": 29160, "Value": 1033, "Offset": 0}, "CodePage": {"FileOffset": 29424, "Value": 0, "Offset": 8}, "LANG_NAME": "LANG_ENGLISH", "OffsetToData": {"FileOffset": 29416, "Value": 89360, "Offset": 0}, "Reserved": {"FileOffset": 29428, "Value": 0, "Offset": 12}, "SUBLANG": 1, "Structure": "IMAGE_RESOURCE_DATA_ENTRY", "Size": {"FileOffset": 29420, "Value": 1128, "Offset": 4}}], {"Structure": "IMAGE_RESOURCE_DIRECTORY_ENTRY", "Id": 12, "OffsetToData": {"FileOffset": 28844, "Value": 2147484144, "Offset": 4}, "Name": {"FileOffset": 28840, "Value": 12, "Offset": 0}}, [{"MajorVersion": {"FileOffset": 29176, "Value": 0, "Offset": 8}, "NumberOfIdEntries": {"FileOffset": 29182, "Value": 1, "Offset": 14}, "MinorVersion": {"FileOffset": 29178, "Value": 0, "Offset": 10}, "TimeDateStamp": {"FileOffset": 29172, "Value": "0x0        [Thu Jan  1 00:00:00 1970 UTC]", "Offset": 4}, "Characteristics": {"FileOffset": 29168, "Value": 0, "Offset": 0}, "NumberOfNamedEntries": {"FileOffset": 29180, "Value": 0, "Offset": 12}, "Structure": "IMAGE_RESOURCE_DIRECTORY"}, {"LANG": 9, "SUBLANG_NAME": "SUBLANG_ENGLISH_US", "Name": {"FileOffset": 29184, "Value": 1033, "Offset": 0}, "CodePage": {"FileOffset": 29440, "Value": 0, "Offset": 8}, "LANG_NAME": "LANG_ENGLISH", "OffsetToData": {"FileOffset": 29432, "Value": 90488, "Offset": 0}, "Reserved": {"FileOffset": 29444, "Value": 0, "Offset": 12}, "SUBLANG": 1, "Structure": "IMAGE_RESOURCE_DATA_ENTRY", "Size": {"FileOffset": 29436, "Value": 11432, "Offset": 4}}], {"Structure": "IMAGE_RESOURCE_DIRECTORY_ENTRY", "Id": 13, "OffsetToData": {"FileOffset": 28852, "Value": 2147484168, "Offset": 4}, "Name": {"FileOffset": 28848, "Value": 13, "Offset": 0}}, [{"MajorVersion": {"FileOffset": 29200, "Value": 0, "Offset": 8}, "NumberOfIdEntries": {"FileOffset": 29206, "Value": 1, "Offset": 14}, "MinorVersion": {"FileOffset": 29202, "Value": 0, "Offset": 10}, "TimeDateStamp": {"FileOffset": 29196, "Value": "0x0        [Thu Jan  1 00:00:00 1970 UTC]", "Offset": 4}, "Characteristics": {"FileOffset": 29192, "Value": 0, "Offset": 0}, "NumberOfNamedEntries": {"FileOffset": 29204, "Value": 0, "Offset": 12}, "Structure": "IMAGE_RESOURCE_DIRECTORY"}, {"LANG": 9, "SUBLANG_NAME": "SUBLANG_ENGLISH_US", "Name": {"FileOffset": 29208, "Value": 1033, "Offset": 0}, "CodePage": {"FileOffset": 29456, "Value": 0, "Offset": 8}, "LANG_NAME": "LANG_ENGLISH", "OffsetToData": {"FileOffset": 29448, "Value": 101920, "Offset": 0}, "Reserved": {"FileOffset": 29460, "Value": 0, "Offset": 12}, "SUBLANG": 1, "Structure": "IMAGE_RESOURCE_DATA_ENTRY", "Size": {"FileOffset": 29452, "Value": 38056, "Offset": 4}}]], {"Structure": "IMAGE_RESOURCE_DIRECTORY_ENTRY", "Id": [14, "RT_GROUP_ICON"], "OffsetToData": {"FileOffset": 28708, "Value": 2147483832, "Offset": 4}, "Name": {"FileOffset": 28704, "Value": 14, "Offset": 0}}, [{"MajorVersion": {"FileOffset": 28864, "Value": 0, "Offset": 8}, "NumberOfIdEntries": {"FileOffset": 28870, "Value": 1, "Offset": 14}, "MinorVersion": {"FileOffset": 28866, "Value": 0, "Offset": 10}, "TimeDateStamp": {"FileOffset": 28860, "Value": "0x0        [Thu Jan  1 00:00:00 1970 UTC]", "Offset": 4}, "Characteristics": {"FileOffset": 28856, "Value": 0, "Offset": 0}, "NumberOfNamedEntries": {"FileOffset": 28868, "Value": 0, "Offset": 12}, "Structure": "IMAGE_RESOURCE_DIRECTORY"}, {"Structure": "IMAGE_RESOURCE_DIRECTORY_ENTRY", "Id": 116, "OffsetToData": {"FileOffset": 28876, "Value": 2147484192, "Offset": 4}, "Name": {"FileOffset": 28872, "Value": 116, "Offset": 0}}, [{"MajorVersion": {"FileOffset": 29224, "Value": 0, "Offset": 8}, "NumberOfIdEntries": {"FileOffset": 29230, "Value": 1, "Offset": 14}, "MinorVersion": {"FileOffset": 29226, "Value": 0, "Offset": 10}, "TimeDateStamp": {"FileOffset": 29220, "Value": "0x0        [Thu Jan  1 00:00:00 1970 UTC]", "Offset": 4}, "Characteristics": {"FileOffset": 29216, "Value": 0, "Offset": 0}, "NumberOfNamedEntries": {"FileOffset": 29228, "Value": 0, "Offset": 12}, "Structure": "IMAGE_RESOURCE_DIRECTORY"}, {"LANG": 9, "SUBLANG_NAME": "SUBLANG_ENGLISH_US", "Name": {"FileOffset": 29232, "Value": 1033, "Offset": 0}, "CodePage": {"FileOffset": 29472, "Value": 0, "Offset": 8}, "LANG_NAME": "LANG_ENGLISH", "OffsetToData": {"FileOffset": 29464, "Value": 139976, "Offset": 0}, "Reserved": {"FileOffset": 29476, "Value": 0, "Offset": 12}, "SUBLANG": 1, "Structure": "IMAGE_RESOURCE_DATA_ENTRY", "Size": {"FileOffset": 29468, "Value": 188, "Offset": 4}}]]]}
