{"DllCharacteristics": [], "FILE_HEADER": {"NumberOfSections": {"FileOffset": 238, "Value": 4, "Offset": 2}, "TimeDateStamp": {"FileOffset": 240, "Value": "0x496EADC3 [Thu Jan 15 03:30:11 2009 UTC]", "Offset": 4}, "PointerToSymbolTable": {"FileOffset": 244, "Value": 0, "Offset": 8}, "NumberOfSymbols": {"FileOffset": 248, "Value": 0, "Offset": 12}, "Machine": {"FileOffset": 236, "Value": 332, "Offset": 0}, "Characteristics": {"FileOffset": 254, "Value": 271, "Offset": 18}, "SizeOfOptionalHeader": {"FileOffset": 252, "Value": 224, "Offset": 16}, "Structure": "IMAGE_FILE_HEADER"}, "Directories": [{"VirtualAddress": {"FileOffset": 352, "Value": 0, "Offset": 0}, "Structure": "IMAGE_DIRECTORY_ENTRY_EXPORT", "Size": {"FileOffset": 356, "Value": 0, "Offset": 4}}, {"VirtualAddress": {"FileOffset": 360, "Value": 49488, "Offset": 0}, "Structure": "IMAGE_DIRECTORY_ENTRY_IMPORT", "Size": {"FileOffset": 364, "Value": 200, "Offset": 4}}, {"VirtualAddress": {"FileOffset": 368, "Value": 81920, "Offset": 0}, "Structure": "IMAGE_DIRECTORY_ENTRY_RESOURCE", "Size": {"FileOffset": 372, "Value": 192, "Offset": 4}}, {"VirtualAddress": {"FileOffset": 376, "Value": 0, "Offset": 0}, "Structure": "IMAGE_DIRECTORY_ENTRY_EXCEPTION", "Size": {"FileOffset": 380, "Value": 0, "Offset": 4}}, {"VirtualAddress": {"FileOffset": 384, "Value": 0, "Offset": 0}, "Structure": "IMAGE_DIRECTORY_ENTRY_SECURITY", "Size": {"FileOffset": 388, "Value": 0, "Offset": 4}}, {"VirtualAddress": {"FileOffset": 392, "Value": 0, "Offset": 0}, "Structure": "IMAGE_DIRECTORY_ENTRY_BASERELOC", "Size": {"FileOffset": 396, "Value": 0, "Offset": 4}}, {"VirtualAddress": {"FileOffset": 400, "Value": 0, "Offset": 0}, "Structure": "IMAGE_DIRECTORY_ENTRY_DEBUG", "Size": {"FileOffset": 404, "Value": 0, "Offset": 4}}, {"VirtualAddress": {"FileOffset": 408, "Value": 0, "Offset": 0}, "Structure": "IMAGE_DIRECTORY_ENTRY_COPYRIGHT", "Size": {"FileOffset": 412, "Value": 0, "Offset": 4}}, {"VirtualAddress": {"FileOffset": 416, "Value": 0, "Offset": 0}, "Structure": "IMAGE_DIRECTORY_ENTRY_GLOBALPTR", "Size": {"FileOffset": 420, "Value": 0, "Offset": 4}}, {"VirtualAddress": {"FileOffset": 424, "Value": 0, "Offset": 0}, "Structure": "IMAGE_DIRECTORY_ENTRY_TLS", "Size": {"FileOffset": 428, "Value": 0, "Offset": 4}}, {"VirtualAddress": {"FileOffset": 432, "Value": 0, "Offset": 0}, "Structure": "IMAGE_DIRECTORY_ENTRY_LOAD_CONFIG", "Size": {"FileOffset": 436, "Value": 0, "Offset": 4}}, {"VirtualAddress": {"FileOffset": 440, "Value": 0, "Offset": 0}, "Structure": "IMAGE_DIRECTORY_ENTRY_BOUND_IMPORT", "Size": {"FileOffset": 444, "Value": 0, "Offset": 4}}, {"VirtualAddress": {"FileOffset": 448, "Value": 40960, "Offset": 0}, "Structure": "IMAGE_DIRECTORY_ENTRY_IAT", "Size": {"FileOffset": 452, "Value": 608, "Offset": 4}}, {"VirtualAddress": {"FileOffset": 456, "Value": 0, "Offset": 0}, "Structure": "IMAGE_DIRECTORY_ENTRY_DELAY_IMPORT", "Size": {"FileOffset": 460, "Value": 0, "Offset": 4}}, {"VirtualAddress": {"FileOffset": 464, "Value": 0, "Offset": 0}, "Structure": "IMAGE_DIRECTORY_ENTRY_COM_DESCRIPTOR", "Size": {"FileOffset": 468, "Value": 0, "Offset": 4}}, {"VirtualAddress": {"FileOffset": 472, "Value": 0, "Offset": 0}, "Structure": "IMAGE_DIRECTORY_ENTRY_RESERVED", "Size": {"FileOffset": 476, "Value": 0, "Offset": 4}}], "OPTIONAL_HEADER": {"DllCharacteristics": {"FileOffset": 326, "Value": 0, "Offset": 70}, "BaseOfCode": {"FileOffset": 276, "Value": 4096, "Offset": 20}, "MajorLinkerVersion": {"FileOffset": 258, "Value": 6, "Offset": 2}, "MinorOperatingSystemVersion": {"FileOffset": 298, "Value": 0, "Offset": 42}, "MinorLinkerVersion": {"FileOffset": 259, "Value": 0, "Offset": 3}, "MajorSubsystemVersion": {"FileOffset": 304, "Value": 4, "Offset": 48}, "MajorOperatingSystemVersion": {"FileOffset": 296, "Value": 4, "Offset": 40}, "SizeOfStackCommit": {"FileOffset": 332, "Value": 4096, "Offset": 76}, "SizeOfUninitializedData": {"FileOffset": 268, "Value": 0, "Offset": 12}, "NumberOfRvaAndSizes": {"FileOffset": 348, "Value": 16, "Offset": 92}, "SizeOfHeapReserve": {"FileOffset": 336, "Value": 1048576, "Offset": 80}, "LoaderFlags": {"FileOffset": 344, "Value": 0, "Offset": 88}, "SizeOfHeapCommit": {"FileOffset": 340, "Value": 4096, "Offset": 84}, "SizeOfStackReserve": {"FileOffset": 328, "Value": 1048576, "Offset": 72}, "Structure": "IMAGE_OPTIONAL_HEADER", "SizeOfHeaders": {"FileOffset": 316, "Value": 1024, "Offset": 60}, "Subsystem": {"FileOffset": 324, "Value": 2, "Offset": 68}, "Magic": {"FileOffset": 256, "Value": 267, "Offset": 0}, "MinorImageVersion": {"FileOffset": 302, "Value": 0, "Offset": 46}, "MajorImageVersion": {"FileOffset": 300, "Value": 0, "Offset": 44}, "FileAlignment": {"FileOffset": 292, "Value": 512, "Offset": 36}, "BaseOfData": {"FileOffset": 280, "Value": 40960, "Offset": 24}, "AddressOfEntryPoint": {"FileOffset": 272, "Value": 37745, "Offset": 16}, "SectionAlignment": {"FileOffset": 288, "Value": 4096, "Offset": 32}, "SizeOfCode": {"FileOffset": 260, "Value": 34304, "Offset": 4}, "ImageBase": {"FileOffset": 284, "Value": 4194304, "Offset": 28}, "SizeOfInitializedData": {"FileOffset": 264, "Value": 15360, "Offset": 8}, "SizeOfImage": {"FileOffset": 312, "Value": 86016, "Offset": 56}, "MinorSubsystemVersion": {"FileOffset": 306, "Value": 0, "Offset": 50}, "CheckSum": {"FileOffset": 320, "Value": 0, "Offset": 64}, "Reserved1": {"FileOffset": 308, "Value": 0, "Offset": 52}}, "DOS_HEADER": {"e_cblp": {"FileOffset": 2, "Value": 144, "Offset": 2}, "e_crlc": {"FileOffset": 6, "Value": 0, "Offset": 6}, "e_ovno": {"FileOffset": 26, "Value": 0, "Offset": 26}, "e_minalloc": {"FileOffset": 10, "Value": 0, "Offset": 10}, "e_csum": {"FileOffset": 18, "Value": 0, "Offset": 18}, "e_cparhdr": {"FileOffset": 8, "Value": 4, "Offset": 8}, "e_cp": {"FileOffset": 4, "Value": 3, "Offset": 4}, "e_cs": {"FileOffset": 22, "Value": 0, "Offset": 22}, "e_maxalloc": {"FileOffset": 12, "Value": 65535, "Offset": 12}, "e_lfarlc": {"FileOffset": 24, "Value": 64, "Offset": 24}, "e_oemid": {"FileOffset": 36, "Value": 0, "Offset": 36}, "e_lfanew": {"FileOffset": 60, "Value": 232, "Offset": 60}, "e_ss": {"FileOffset": 14, "Value": 0, "Offset": 14}, "e_magic": {"FileOffset": 0, "Value": 23117, "Offset": 0}, "e_oeminfo": {"FileOffset": 38, "Value": 0, "Offset": 38}, "e_res2": {"FileOffset": 40, "Value": "", "Offset": 40}, "e_res": {"FileOffset": 28, "Value": "", "Offset": 28}, "e_sp": {"FileOffset": 16, "Value": 184, "Offset": 16}, "Structure": "IMAGE_DOS_HEADER", "e_ip": {"FileOffset": 20, "Value": 0, "Offset": 20}}, "NT_HEADERS": {"Structure": "IMAGE_NT_HEADERS", "Signature": {"FileOffset": 232, "Value": 17744, "Offset": 0}}, "Flags": ["IMAGE_FILE_LOCAL_SYMS_STRIPPED", "IMAGE_FILE_32BIT_MACHINE", "IMAGE_FILE_EXECUTABLE_IMAGE", "IMAGE_FILE_LINE_NUMS_STRIPPED", "IMAGE_FILE_RELOCS_STRIPPED"], "Imported symbols": [[{"TimeDateStamp": {"FileOffset": 43860, "Value": "0x0        [Thu Jan  1 00:00:00 1970 UTC]", "Offset": 4}, "Name": {"FileOffset": 43868, "Value": 50624, "Offset": 12}, "ForwarderChain": {"FileOffset": 43864, "Value": 0, "Offset": 8}, "OriginalFirstThunk": {"FileOffset": 43856, "Value": 49688, "Offset": 0}, "FirstThunk": {"FileOffset": 43872, "Value": 40960, "Offset": 16}, "Characteristics": {"FileOffset": 43856, "Value": 49688, "Offset": 0}, "Structure": "IMAGE_IMPORT_DESCRIPTOR"}, {"Hint": 239, "Name": "LookupAccountSidA", "DLL": "ADVAPI32.dll"}, {"Hint": 208, "Name": "GetTokenInformation", "DLL": "ADVAPI32.dll"}, {"Hint": 322, "Name": "OpenProcessToken", "DLL": "ADVAPI32.dll"}, {"Hint": 23, "Name": "AdjustTokenPrivileges", "DLL": "ADVAPI32.dll"}, {"Hint": 245, "Name": "LookupPrivilegeValueA", "DLL": "ADVAPI32.dll"}, {"Hint": 413, "Name": "SetKernelObjectSecurity", "DLL": "ADVAPI32.dll"}, {"Hint": 421, "Name": "SetSecurityDescriptorDacl", "DLL": "ADVAPI32.dll"}, {"Hint": 305, "Name": "MakeAbsoluteSD", "DLL": "ADVAPI32.dll"}, {"Hint": 407, "Name": "SetEntriesInAclA", "DLL": "ADVAPI32.dll"}, {"Hint": 30, "Name": "BuildExplicitAccessWithNameA", "DLL": "ADVAPI32.dll"}, {"Hint": 215, "Name": "GetUserNameA", "DLL": "ADVAPI32.dll"}, {"Hint": 187, "Name": "GetSecurityDescriptorDacl", "DLL": "ADVAPI32.dll"}, {"Hint": 172, "Name": "GetKernelObjectSecurity", "DLL": "ADVAPI32.dll"}, {"Hint": 72, "Name": "CreateProcessAsUserA", "DLL": "ADVAPI32.dll"}], [{"TimeDateStamp": {"FileOffset": 43880, "Value": "0x0        [Thu Jan  1 00:00:00 1970 UTC]", "Offset": 4}, "Name": {"FileOffset": 43888, "Value": 50888, "Offset": 12}, "ForwarderChain": {"FileOffset": 43884, "Value": 0, "Offset": 8}, "OriginalFirstThunk": {"FileOffset": 43876, "Value": 50204, "Offset": 0}, "FirstThunk": {"FileOffset": 43892, "Value": 41476, "Offset": 16}, "Characteristics": {"FileOffset": 43876, "Value": 50204, "Offset": 0}, "Structure": "IMAGE_IMPORT_DESCRIPTOR"}, {"Hint": 78, "Name": "InternetAttemptConnect", "DLL": "WININET.dll"}, {"Hint": 73, "Name": "HttpSendRequestA", "DLL": "WININET.dll"}, {"Hint": 65, "Name": "HttpAddRequestHeadersA", "DLL": "WININET.dll"}, {"Hint": 69, "Name": "HttpOpenRequestA", "DLL": "WININET.dll"}, {"Hint": 71, "Name": "HttpQueryInfoA", "DLL": "WININET.dll"}, {"Hint": 86, "Name": "InternetCloseHandle", "DLL": "WININET.dll"}, {"Hint": 90, "Name": "InternetConnectA", "DLL": "WININET.dll"}, {"Hint": 111, "Name": "InternetOpenA", "DLL": "WININET.dll"}, {"Hint": 74, "Name": "HttpSendRequestExA", "DLL": "WININET.dll"}, {"Hint": 123, "Name": "InternetSetCookieA", "DLL": "WININET.dll"}, {"Hint": 67, "Name": "HttpEndRequestA", "DLL": "WININET.dll"}, {"Hint": 136, "Name": "InternetWriteFile", "DLL": "WININET.dll"}], [{"TimeDateStamp": {"FileOffset": 43900, "Value": "0x0        [Thu Jan  1 00:00:00 1970 UTC]", "Offset": 4}, "Name": {"FileOffset": 43908, "Value": 50962, "Offset": 12}, "ForwarderChain": {"FileOffset": 43904, "Value": 0, "Offset": 8}, "OriginalFirstThunk": {"FileOffset": 43896, "Value": 50156, "Offset": 0}, "FirstThunk": {"FileOffset": 43912, "Value": 41428, "Offset": 16}, "Characteristics": {"FileOffset": 43896, "Value": 50156, "Offset": 0}, "Structure": "IMAGE_IMPORT_DESCRIPTOR"}, {"Hint": 3, "Name": "EnumProcesses", "DLL": "PSAPI.DLL"}, {"Hint": 2, "Name": "EnumProcessModules", "DLL": "PSAPI.DLL"}, {"Hint": 12, "Name": "GetModuleFileNameExA", "DLL": "PSAPI.DLL"}], [{"TimeDateStamp": {"FileOffset": 43920, "Value": "0x0        [Thu Jan  1 00:00:00 1970 UTC]", "Offset": 4}, "Name": {"FileOffset": 43928, "Value": 51294, "Offset": 12}, "ForwarderChain": {"FileOffset": 43924, "Value": 0, "Offset": 8}, "OriginalFirstThunk": {"FileOffset": 43916, "Value": 49988, "Offset": 0}, "FirstThunk": {"FileOffset": 43932, "Value": 41260, "Offset": 16}, "Characteristics": {"FileOffset": 43916, "Value": 49988, "Offset": 0}, "Structure": "IMAGE_IMPORT_DESCRIPTOR"}, {"Hint": 316, "Name": "_local_unwind2", "DLL": "MSVCRT.dll"}, {"Hint": 698, "Name": "strcpy", "DLL": "MSVCRT.dll"}, {"Hint": 662, "Name": "memcmp", "DLL": "MSVCRT.dll"}, {"Hint": 705, "Name": "strncpy", "DLL": "MSVCRT.dll"}, {"Hint": 15, "Name": "??2@YAPAXI@Z", "DLL": "MSVCRT.dll"}, {"Hint": 657, "Name": "malloc", "DLL": "MSVCRT.dll"}, {"Hint": 690, "Name": "sprintf", "DLL": "MSVCRT.dll"}, {"Hint": 73, "Name": "__CxxFrameHandler", "DLL": "MSVCRT.dll"}, {"Hint": 572, "Name": "atof", "DLL": "MSVCRT.dll"}, {"Hint": 165, "Name": "_beginthread", "DLL": "MSVCRT.dll"}, {"Hint": 241, "Name": "_ftol", "DLL": "MSVCRT.dll"}, {"Hint": 665, "Name": "memset", "DLL": "MSVCRT.dll"}, {"Hint": 16, "Name": "??3@YAXPAX@Z", "DLL": "MSVCRT.dll"}, {"Hint": 694, "Name": "strcat", "DLL": "MSVCRT.dll"}, {"Hint": 702, "Name": "strlen", "DLL": "MSVCRT.dll"}, {"Hint": 709, "Name": "strstr", "DLL": "MSVCRT.dll"}, {"Hint": 663, "Name": "memcpy", "DLL": "MSVCRT.dll"}, {"Hint": 183, "Name": "_controlfp", "DLL": "MSVCRT.dll"}, {"Hint": 129, "Name": "__set_app_type", "DLL": "MSVCRT.dll"}, {"Hint": 111, "Name": "__p__fmode", "DLL": "MSVCRT.dll"}, {"Hint": 106, "Name": "__p__commode", "DLL": "MSVCRT.dll"}, {"Hint": 157, "Name": "_adjust_fdiv", "DLL": "MSVCRT.dll"}, {"Hint": 131, "Name": "__setusermatherr", "DLL": "MSVCRT.dll"}, {"Hint": 271, "Name": "_initterm", "DLL": "MSVCRT.dll"}, {"Hint": 88, "Name": "__getmainargs", "DLL": "MSVCRT.dll"}, {"Hint": 143, "Name": "_acmdln", "DLL": "MSVCRT.dll"}, {"Hint": 585, "Name": "exit", "DLL": "MSVCRT.dll"}, {"Hint": 72, "Name": "_XcptFilter", "DLL": "MSVCRT.dll"}, {"Hint": 211, "Name": "_exit", "DLL": "MSVCRT.dll"}, {"Hint": 692, "Name": "srand", "DLL": "MSVCRT.dll"}, {"Hint": 678, "Name": "rand", "DLL": "MSVCRT.dll"}, {"Hint": 351, "Name": "_mbsicmp", "DLL": "MSVCRT.dll"}, {"Hint": 308, "Name": "_itoa", "DLL": "MSVCRT.dll"}, {"Hint": 606, "Name": "free", "DLL": "MSVCRT.dll"}, {"Hint": 588, "Name": "fclose", "DLL": "MSVCRT.dll"}, {"Hint": 202, "Name": "_except_handler3", "DLL": "MSVCRT.dll"}, {"Hint": 696, "Name": "strcmp", "DLL": "MSVCRT.dll"}, {"Hint": 695, "Name": "strchr", "DLL": "MSVCRT.dll"}, {"Hint": 599, "Name": "fopen", "DLL": "MSVCRT.dll"}, {"Hint": 614, "Name": "fwrite", "DLL": "MSVCRT.dll"}, {"Hint": 573, "Name": "atoi", "DLL": "MSVCRT.dll"}], [{"TimeDateStamp": {"FileOffset": 43940, "Value": "0x0        [Thu Jan  1 00:00:00 1970 UTC]", "Offset": 4}, "Name": {"FileOffset": 43948, "Value": 51506, "Offset": 12}, "ForwarderChain": {"FileOffset": 43944, "Value": 0, "Offset": 8}, "OriginalFirstThunk": {"FileOffset": 43936, "Value": 50192, "Offset": 0}, "FirstThunk": {"FileOffset": 43952, "Value": 41464, "Offset": 16}, "Characteristics": {"FileOffset": 43936, "Value": 50192, "Offset": 0}, "Structure": "IMAGE_IMPORT_DESCRIPTOR"}, {"Hint": 427, "Name": "LoadStringA", "DLL": "USER32.dll"}, {"Hint": 255, "Name": "GetDesktopWindow", "DLL": "USER32.dll"}], [{"TimeDateStamp": {"FileOffset": 43960, "Value": "0x0        [Thu Jan  1 00:00:00 1970 UTC]", "Offset": 4}, "Name": {"FileOffset": 43968, "Value": 51554, "Offset": 12}, "ForwarderChain": {"FileOffset": 43964, "Value": 0, "Offset": 8}, "OriginalFirstThunk": {"FileOffset": 43956, "Value": 50172, "Offset": 0}, "FirstThunk": {"FileOffset": 43972, "Value": 41444, "Offset": 16}, "Characteristics": {"FileOffset": 43956, "Value": 50172, "Offset": 0}, "Structure": "IMAGE_IMPORT_DESCRIPTOR"}, {"Hint": 59, "Name": "SHChangeNotify", "DLL": "SHELL32.dll"}, {"Hint": 116, "Name": "ShellExecuteExA", "DLL": "SHELL32.dll"}], [{"TimeDateStamp": {"FileOffset": 43980, "Value": "0x0        [Thu Jan  1 00:00:00 1970 UTC]", "Offset": 4}, "Name": {"FileOffset": 43988, "Value": 51578, "Offset": 12}, "ForwarderChain": {"FileOffset": 43984, "Value": 0, "Offset": 8}, "OriginalFirstThunk": {"FileOffset": 43976, "Value": 50184, "Offset": 0}, "FirstThunk": {"FileOffset": 43992, "Value": 41456, "Offset": 16}, "Characteristics": {"FileOffset": 43976, "Value": 50184, "Offset": 0}, "Structure": "IMAGE_IMPORT_DESCRIPTOR"}, {"Hint": 196, "Name": "StrToIntA", "DLL": "SHLWAPI.dll"}], [{"TimeDateStamp": {"FileOffset": 44000, "Value": "0x0        [Thu Jan  1 00:00:00 1970 UTC]", "Offset": 4}, "Name": {"FileOffset": 44008, "Value": 51590, "Offset": 12}, "ForwarderChain": {"FileOffset": 44004, "Value": 0, "Offset": 8}, "OriginalFirstThunk": {"FileOffset": 43996, "Value": 50256, "Offset": 0}, "FirstThunk": {"FileOffset": 44012, "Value": 41528, "Offset": 16}, "Characteristics": {"FileOffset": 43996, "Value": 50256, "Offset": 0}, "Structure": "IMAGE_IMPORT_DESCRIPTOR"}, {"Ordinal": 116, "DLL": "WS2_32.dll"}, {"Ordinal": 3, "DLL": "WS2_32.dll"}, {"Ordinal": 17, "DLL": "WS2_32.dll"}, {"Ordinal": 111, "DLL": "WS2_32.dll"}, {"Ordinal": 20, "DLL": "WS2_32.dll"}, {"Ordinal": 11, "DLL": "WS2_32.dll"}, {"Ordinal": 21, "DLL": "WS2_32.dll"}, {"Ordinal": 23, "DLL": "WS2_32.dll"}, {"Ordinal": 115, "DLL": "WS2_32.dll"}], [{"TimeDateStamp": {"FileOffset": 44020, "Value": "0x0        [Thu Jan  1 00:00:00 1970 UTC]", "Offset": 4}, "Name": {"FileOffset": 44028, "Value": 52670, "Offset": 12}, "ForwarderChain": {"FileOffset": 44024, "Value": 0, "Offset": 8}, "OriginalFirstThunk": {"FileOffset": 44016, "Value": 49748, "Offset": 0}, "FirstThunk": {"FileOffset": 44032, "Value": 41020, "Offset": 16}, "Characteristics": {"FileOffset": 44016, "Value": 49748, "Offset": 0}, "Structure": "IMAGE_IMPORT_DESCRIPTOR"}, {"Hint": 336, "Name": "GetStartupInfoA", "DLL": "KERNEL32.dll"}, {"Hint": 294, "Name": "GetModuleHandleA", "DLL": "KERNEL32.dll"}, {"Hint": 283, "Name": "GetLocalTime", "DLL": "KERNEL32.dll"}, {"Hint": 688, "Name": "UnmapViewOfFile", "DLL": "KERNEL32.dll"}, {"Hint": 53, "Name": "CreateFileMappingA", "DLL": "KERNEL32.dll"}, {"Hint": 470, "Name": "MapViewOfFile", "DLL": "KERNEL32.dll"}, {"Hint": 273, "Name": "GetFileInformationByHandle", "DLL": "KERNEL32.dll"}, {"Hint": 274, "Name": "GetFileSize", "DLL": "KERNEL32.dll"}, {"Hint": 138, "Name": "FileTimeToSystemTime", "DLL": "KERNEL32.dll"}, {"Hint": 667, "Name": "SystemTimeToFileTime", "DLL": "KERNEL32.dll"}, {"Hint": 52, "Name": "CreateFileA", "DLL": "KERNEL32.dll"}, {"Hint": 618, "Name": "SetFilePointer", "DLL": "KERNEL32.dll"}, {"Hint": 456, "Name": "LocalAlloc", "DLL": "KERNEL32.dll"}, {"Hint": 76, "Name": "CreateToolhelp32Snapshot", "DLL": "KERNEL32.dll"}, {"Hint": 508, "Name": "Process32First", "DLL": "KERNEL32.dll"}, {"Hint": 767, "Name": "lstrcmpiA", "DLL": "KERNEL32.dll"}, {"Hint": 510, "Name": "Process32Next", "DLL": "KERNEL32.dll"}, {"Hint": 460, "Name": "LocalFree", "DLL": "KERNEL32.dll"}, {"Hint": 505, "Name": "PeekNamedPipe", "DLL": "KERNEL32.dll"}, {"Hint": 536, "Name": "ReadFile", "DLL": "KERNEL32.dll"}, {"Hint": 126, "Name": "ExitThread", "DLL": "KERNEL32.dll"}, {"Hint": 99, "Name": "DuplicateHandle", "DLL": "KERNEL32.dll"}, {"Hint": 40, "Name": "CopyFileA", "DLL": "KERNEL32.dll"}, {"Hint": 68, "Name": "CreateProcessA", "DLL": "KERNEL32.dll"}, {"Hint": 716, "Name": "WaitForMultipleObjects", "DLL": "KERNEL32.dll"}, {"Hint": 94, "Name": "DisconnectNamedPipe", "DLL": "KERNEL32.dll"}, {"Hint": 67, "Name": "CreatePipe", "DLL": "KERNEL32.dll"}, {"Hint": 248, "Name": "GetCurrentProcessId", "DLL": "KERNEL32.dll"}, {"Hint": 125, "Name": "ExitProcess", "DLL": "KERNEL32.dll"}, {"Hint": 320, "Name": "GetProcessHeap", "DLL": "KERNEL32.dll"}, {"Hint": 409, "Name": "HeapAlloc", "DLL": "KERNEL32.dll"}, {"Hint": 365, "Name": "GetTickCount", "DLL": "KERNEL32.dll"}, {"Hint": 334, "Name": "GetShortPathNameA", "DLL": "KERNEL32.dll"}, {"Hint": 265, "Name": "GetEnvironmentVariableA", "DLL": "KERNEL32.dll"}, {"Hint": 770, "Name": "lstrcpyA", "DLL": "KERNEL32.dll"}, {"Hint": 761, "Name": "lstrcatA", "DLL": "KERNEL32.dll"}, {"Hint": 247, "Name": "GetCurrentProcess", "DLL": "KERNEL32.dll"}, {"Hint": 631, "Name": "SetPriorityClass", "DLL": "KERNEL32.dll"}, {"Hint": 249, "Name": "GetCurrentThread", "DLL": "KERNEL32.dll"}, {"Hint": 647, "Name": "SetThreadPriority", "DLL": "KERNEL32.dll"}, {"Hint": 633, "Name": "SetProcessPriorityBoost", "DLL": "KERNEL32.dll"}, {"Hint": 245, "Name": "GetCurrentDirectoryA", "DLL": "KERNEL32.dll"}, {"Hint": 495, "Name": "OpenProcess", "DLL": "KERNEL32.dll"}, {"Hint": 735, "Name": "WriteFile", "DLL": "KERNEL32.dll"}, {"Hint": 292, "Name": "GetModuleFileNameA", "DLL": "KERNEL32.dll"}, {"Hint": 670, "Name": "TerminateProcess", "DLL": "KERNEL32.dll"}, {"Hint": 357, "Name": "GetTempPathA", "DLL": "KERNEL32.dll"}, {"Hint": 87, "Name": "DeleteFileA", "DLL": "KERNEL32.dll"}, {"Hint": 671, "Name": "TerminateThread", "DLL": "KERNEL32.dll"}, {"Hint": 345, "Name": "GetSystemDirectoryA", "DLL": "KERNEL32.dll"}, {"Hint": 718, "Name": "WaitForSingleObject", "DLL": "KERNEL32.dll"}, {"Hint": 74, "Name": "CreateThread", "DLL": "KERNEL32.dll"}, {"Hint": 426, "Name": "InitializeCriticalSection", "DLL": "KERNEL32.dll"}, {"Hint": 27, "Name": "CloseHandle", "DLL": "KERNEL32.dll"}, {"Hint": 85, "Name": "DeleteCriticalSection", "DLL": "KERNEL32.dll"}, {"Hint": 662, "Name": "Sleep", "DLL": "KERNEL32.dll"}, {"Hint": 450, "Name": "LoadLibraryA", "DLL": "KERNEL32.dll"}, {"Hint": 318, "Name": "GetProcAddress", "DLL": "KERNEL32.dll"}, {"Hint": 282, "Name": "GetLastError", "DLL": "KERNEL32.dll"}]], "PE Sections": [{"PointerToRawData": {"FileOffset": 500, "Value": 1024, "Offset": 20}, "SHA1": "9a8169c2859bdf1598ae4b861db385560770151b", "SHA256": "07851f8b1e9db98bacae50146425df029c4eb874389423bd5a8cbc4b0563b23a", "Name": {"FileOffset": 480, "Value": ".text", "Offset": 0}, "NumberOfRelocations": {"FileOffset": 512, "Value": 0, "Offset": 32}, "Misc_VirtualSize": {"FileOffset": 488, "Value": 34180, "Offset": 8}, "Characteristics": {"FileOffset": 516, "Value": 1610612768, "Offset": 36}, "Misc": {"FileOffset": 488, "Value": 34180, "Offset": 8}, "PointerToLinenumbers": {"FileOffset": 508, "Value": 0, "Offset": 28}, "SizeOfRawData": {"FileOffset": 496, "Value": 34304, "Offset": 16}, "Misc_PhysicalAddress": {"FileOffset": 488, "Value": 34180, "Offset": 8}, "PointerToRelocations": {"FileOffset": 504, "Value": 0, "Offset": 24}, "Flags": ["IMAGE_SCN_MEM_EXECUTE", "IMAGE_SCN_CNT_CODE", "IMAGE_SCN_MEM_READ"], "SHA512": "c3859fb84f51c9a26b8f02b7b13b54b629efb7b89a12e118373baf1915a9ae01cabfdcdda880234b1c02e6301c99891b3ceed491978efe845affbe4b232a93e1", "MD5": "ec116ebd5cb068c64e0c635c17157bbb", "Entropy": 6.628737004595888, "VirtualAddress": {"FileOffset": 492, "Value": 4096, "Offset": 12}, "Structure": "IMAGE_SECTION_HEADER", "NumberOfLinenumbers": {"FileOffset": 514, "Value": 0, "Offset": 34}}, {"PointerToRawData": {"FileOffset": 540, "Value": 35328, "Offset": 20}, "SHA1": "603751f712358e0a34803286c3e5ea9aad25b47c", "SHA256": "44d41083898b597d3bb4cd853307133159c608318b0078a36d46ababafe11cbf", "Name": {"FileOffset": 520, "Value": ".rdata", "Offset": 0}, "NumberOfRelocations": {"FileOffset": 552, "Value": 0, "Offset": 32}, "Misc_VirtualSize": {"FileOffset": 528, "Value": 11724, "Offset": 8}, "Characteristics": {"FileOffset": 556, "Value": 1073741888, "Offset": 36}, "Misc": {"FileOffset": 528, "Value": 11724, "Offset": 8}, "PointerToLinenumbers": {"FileOffset": 548, "Value": 0, "Offset": 28}, "SizeOfRawData": {"FileOffset": 536, "Value": 11776, "Offset": 16}, "Misc_PhysicalAddress": {"FileOffset": 528, "Value": 11724, "Offset": 8}, "PointerToRelocations": {"FileOffset": 544, "Value": 0, "Offset": 24}, "Flags": ["IMAGE_SCN_CNT_INITIALIZED_DATA", "IMAGE_SCN_MEM_READ"], "SHA512": "5674434957e0a9ab50c9c6fd8e75ac69489502ff764016ebc2959637eda9599e7e3e0010319ccc4c2c886d07cd4b09049b937dab52b6ec338ccd1873354314dd", "MD5": "6b9b2f3042a8de076ed3282487dfc991", "Entropy": 5.008120902405278, "VirtualAddress": {"FileOffset": 532, "Value": 40960, "Offset": 12}, "Structure": "IMAGE_SECTION_HEADER", "NumberOfLinenumbers": {"FileOffset": 554, "Value": 0, "Offset": 34}}, {"PointerToRawData": {"FileOffset": 580, "Value": 47104, "Offset": 20}, "SHA1": "6e2eb94e15a232a6696d533358713fac238df2e2", "SHA256": "2b27a97c484f0442dc5df94a23ac8abd738a5e01ece801b8d3a7e28db461d866", "Name": {"FileOffset": 560, "Value": ".data", "Offset": 0}, "NumberOfRelocations": {"FileOffset": 592, "Value": 0, "Offset": 32}, "Misc_VirtualSize": {"FileOffset": 568, "Value": 28656, "Offset": 8}, "Characteristics": {"FileOffset": 596, "Value": 3221225536, "Offset": 36}, "Misc": {"FileOffset": 568, "Value": 28656, "Offset": 8}, "PointerToLinenumbers": {"FileOffset": 588, "Value": 0, "Offset": 28}, "SizeOfRawData": {"FileOffset": 576, "Value": 3072, "Offset": 16}, "Misc_PhysicalAddress": {"FileOffset": 568, "Value": 28656, "Offset": 8}, "PointerToRelocations": {"FileOffset": 584, "Value": 0, "Offset": 24}, "Flags": ["IMAGE_SCN_CNT_INITIALIZED_DATA", "IMAGE_SCN_MEM_WRITE", "IMAGE_SCN_MEM_READ"], "SHA512": "567b86ce7d1c895481792063e51ac3ed6b4ead6286da179a129fd249ccabccda8d0fe99e3cf6d70812646cfcb76540243618c6e54bad6cfd4adb4e053d6dc6e1", "MD5": "7aa4c9c49269a67299ea7f3aa140c894", "Entropy": 5.030807200608831, "VirtualAddress": {"FileOffset": 572, "Value": 53248, "Offset": 12}, "Structure": "IMAGE_SECTION_HEADER", "NumberOfLinenumbers": {"FileOffset": 594, "Value": 0, "Offset": 34}}, {"PointerToRawData": {"FileOffset": 620, "Value": 50176, "Offset": 20}, "SHA1": "8ddbf1d7618fda004aaab003c8337c902081259f", "SHA256": "7aba03b625e769ff09ac6047334c07f61fd39fce104244a4ef60f598ad03ed52", "Name": {"FileOffset": 600, "Value": ".rsrc", "Offset": 0}, "NumberOfRelocations": {"FileOffset": 632, "Value": 0, "Offset": 32}, "Misc_VirtualSize": {"FileOffset": 608, "Value": 192, "Offset": 8}, "Characteristics": {"FileOffset": 636, "Value": 1073741888, "Offset": 36}, "Misc": {"FileOffset": 608, "Value": 192, "Offset": 8}, "PointerToLinenumbers": {"FileOffset": 628, "Value": 0, "Offset": 28}, "SizeOfRawData": {"FileOffset": 616, "Value": 512, "Offset": 16}, "Misc_PhysicalAddress": {"FileOffset": 608, "Value": 192, "Offset": 8}, "PointerToRelocations": {"FileOffset": 624, "Value": 0, "Offset": 24}, "Flags": ["IMAGE_SCN_CNT_INITIALIZED_DATA", "IMAGE_SCN_MEM_READ"], "SHA512": "b36d3e5029897f5f9f78772f1f4a4e0f8f37a3fd3c6d7521d521204957114d27bba0659bce9e046f9048e3a120b86753cf10c1a77521376dec62e8c5a719b7e9", "MD5": "63a91071924d80f7a2ac9dfa9a19b90c", "Entropy": 3.526081789784657, "VirtualAddress": {"FileOffset": 612, "Value": 81920, "Offset": 12}, "Structure": "IMAGE_SECTION_HEADER", "NumberOfLinenumbers": {"FileOffset": 634, "Value": 0, "Offset": 34}}], "Resource directory": [{"MajorVersion": {"FileOffset": 50184, "Value": 4, "Offset": 8}, "NumberOfIdEntries": {"FileOffset": 50190, "Value": 1, "Offset": 14}, "MinorVersion": {"FileOffset": 50186, "Value": 0, "Offset": 10}, "TimeDateStamp": {"FileOffset": 50180, "Value": "0x0        [Thu Jan  1 00:00:00 1970 UTC]", "Offset": 4}, "Characteristics": {"FileOffset": 50176, "Value": 0, "Offset": 0}, "NumberOfNamedEntries": {"FileOffset": 50188, "Value": 0, "Offset": 12}, "Structure": "IMAGE_RESOURCE_DIRECTORY"}, {"Structure": "IMAGE_RESOURCE_DIRECTORY_ENTRY", "Id": [6, "RT_STRING"], "OffsetToData": {"FileOffset": 50196, "Value": 2147483672, "Offset": 4}, "Name": {"FileOffset": 50192, "Value": 6, "Offset": 0}}, [{"MajorVersion": {"FileOffset": 50208, "Value": 4, "Offset": 8}, "NumberOfIdEntries": {"FileOffset": 50214, "Value": 1, "Offset": 14}, "MinorVersion": {"FileOffset": 50210, "Value": 0, "Offset": 10}, "TimeDateStamp": {"FileOffset": 50204, "Value": "0x0        [Thu Jan  1 00:00:00 1970 UTC]", "Offset": 4}, "Characteristics": {"FileOffset": 50200, "Value": 0, "Offset": 0}, "NumberOfNamedEntries": {"FileOffset": 50212, "Value": 0, "Offset": 12}, "Structure": "IMAGE_RESOURCE_DIRECTORY"}, {"Structure": "IMAGE_RESOURCE_DIRECTORY_ENTRY", "Id": 1, "OffsetToData": {"FileOffset": 50220, "Value": 2147483696, "Offset": 4}, "Name": {"FileOffset": 50216, "Value": 1, "Offset": 0}}, [{"MajorVersion": {"FileOffset": 50232, "Value": 4, "Offset": 8}, "NumberOfIdEntries": {"FileOffset": 50238, "Value": 1, "Offset": 14}, "MinorVersion": {"FileOffset": 50234, "Value": 0, "Offset": 10}, "TimeDateStamp": {"FileOffset": 50228, "Value": "0x0        [Thu Jan  1 00:00:00 1970 UTC]", "Offset": 4}, "Characteristics": {"FileOffset": 50224, "Value": 0, "Offset": 0}, "NumberOfNamedEntries": {"FileOffset": 50236, "Value": 0, "Offset": 12}, "Structure": "IMAGE_RESOURCE_DIRECTORY"}, {"LANG": 4, "SUBLANG_NAME": "SUBLANG_CHINESE_SIMPLIFIED", "Name": {"FileOffset": 50240, "Value": 2052, "Offset": 0}, "CodePage": {"FileOffset": 50256, "Value": 1252, "Offset": 8}, "LANG_NAME": "LANG_CHINESE", "OffsetToData": {"FileOffset": 50248, "Value": 82008, "Offset": 0}, "Reserved": {"FileOffset": 50260, "Value": 0, "Offset": 12}, "SUBLANG": 2, "Structure": "IMAGE_RESOURCE_DATA_ENTRY", "Size": {"FileOffset": 50252, "Value": 104, "Offset": 4}}, "jjpX3Fii/ykrjypvyMdv6Aoxw32pbH==", "d5v="]]]}
