{"DllCharacteristics": [], "FILE_HEADER": {"NumberOfSections": {"FileOffset": 222, "Value": 3, "Offset": 2}, "TimeDateStamp": {"FileOffset": 224, "Value": "0x498A924C [Thu Feb  5 07:16:28 2009 UTC]", "Offset": 4}, "PointerToSymbolTable": {"FileOffset": 228, "Value": 0, "Offset": 8}, "NumberOfSymbols": {"FileOffset": 232, "Value": 0, "Offset": 12}, "Machine": {"FileOffset": 220, "Value": 332, "Offset": 0}, "Characteristics": {"FileOffset": 238, "Value": 271, "Offset": 18}, "SizeOfOptionalHeader": {"FileOffset": 236, "Value": 224, "Offset": 16}, "Structure": "IMAGE_FILE_HEADER"}, "Directories": [{"VirtualAddress": {"FileOffset": 336, "Value": 0, "Offset": 0}, "Structure": "IMAGE_DIRECTORY_ENTRY_EXPORT", "Size": {"FileOffset": 340, "Value": 0, "Offset": 4}}, {"VirtualAddress": {"FileOffset": 344, "Value": 16864, "Offset": 0}, "Structure": "IMAGE_DIRECTORY_ENTRY_IMPORT", "Size": {"FileOffset": 348, "Value": 140, "Offset": 4}}, {"VirtualAddress": {"FileOffset": 352, "Value": 0, "Offset": 0}, "Structure": "IMAGE_DIRECTORY_ENTRY_RESOURCE", "Size": {"FileOffset": 356, "Value": 0, "Offset": 4}}, {"VirtualAddress": {"FileOffset": 360, "Value": 0, "Offset": 0}, "Structure": "IMAGE_DIRECTORY_ENTRY_EXCEPTION", "Size": {"FileOffset": 364, "Value": 0, "Offset": 4}}, {"VirtualAddress": {"FileOffset": 368, "Value": 0, "Offset": 0}, "Structure": "IMAGE_DIRECTORY_ENTRY_SECURITY", "Size": {"FileOffset": 372, "Value": 0, "Offset": 4}}, {"VirtualAddress": {"FileOffset": 376, "Value": 0, "Offset": 0}, "Structure": "IMAGE_DIRECTORY_ENTRY_BASERELOC", "Size": {"FileOffset": 380, "Value": 0, "Offset": 4}}, {"VirtualAddress": {"FileOffset": 384, "Value": 0, "Offset": 0}, "Structure": "IMAGE_DIRECTORY_ENTRY_DEBUG", "Size": {"FileOffset": 388, "Value": 0, "Offset": 4}}, {"VirtualAddress": {"FileOffset": 392, "Value": 0, "Offset": 0}, "Structure": "IMAGE_DIRECTORY_ENTRY_COPYRIGHT", "Size": {"FileOffset": 396, "Value": 0, "Offset": 4}}, {"VirtualAddress": {"FileOffset": 400, "Value": 0, "Offset": 0}, "Structure": "IMAGE_DIRECTORY_ENTRY_GLOBALPTR", "Size": {"FileOffset": 404, "Value": 0, "Offset": 4}}, {"VirtualAddress": {"FileOffset": 408, "Value": 0, "Offset": 0}, "Structure": "IMAGE_DIRECTORY_ENTRY_TLS", "Size": {"FileOffset": 412, "Value": 0, "Offset": 4}}, {"VirtualAddress": {"FileOffset": 416, "Value": 0, "Offset": 0}, "Structure": "IMAGE_DIRECTORY_ENTRY_LOAD_CONFIG", "Size": {"FileOffset": 420, "Value": 0, "Offset": 4}}, {"VirtualAddress": {"FileOffset": 424, "Value": 0, "Offset": 0}, "Structure": "IMAGE_DIRECTORY_ENTRY_BOUND_IMPORT", "Size": {"FileOffset": 428, "Value": 0, "Offset": 4}}, {"VirtualAddress": {"FileOffset": 432, "Value": 16384, "Offset": 0}, "Structure": "IMAGE_DIRECTORY_ENTRY_IAT", "Size": {"FileOffset": 436, "Value": 340, "Offset": 4}}, {"VirtualAddress": {"FileOffset": 440, "Value": 0, "Offset": 0}, "Structure": "IMAGE_DIRECTORY_ENTRY_DELAY_IMPORT", "Size": {"FileOffset": 444, "Value": 0, "Offset": 4}}, {"VirtualAddress": {"FileOffset": 448, "Value": 0, "Offset": 0}, "Structure": "IMAGE_DIRECTORY_ENTRY_COM_DESCRIPTOR", "Size": {"FileOffset": 452, "Value": 0, "Offset": 4}}, {"VirtualAddress": {"FileOffset": 456, "Value": 0, "Offset": 0}, "Structure": "IMAGE_DIRECTORY_ENTRY_RESERVED", "Size": {"FileOffset": 460, "Value": 0, "Offset": 4}}], "OPTIONAL_HEADER": {"DllCharacteristics": {"FileOffset": 310, "Value": 0, "Offset": 70}, "BaseOfCode": {"FileOffset": 260, "Value": 4096, "Offset": 20}, "MajorLinkerVersion": {"FileOffset": 242, "Value": 6, "Offset": 2}, "MinorOperatingSystemVersion": {"FileOffset": 282, "Value": 0, "Offset": 42}, "MinorLinkerVersion": {"FileOffset": 243, "Value": 0, "Offset": 3}, "MajorSubsystemVersion": {"FileOffset": 288, "Value": 4, "Offset": 48}, "MajorOperatingSystemVersion": {"FileOffset": 280, "Value": 4, "Offset": 40}, "SizeOfStackCommit": {"FileOffset": 316, "Value": 4096, "Offset": 76}, "SizeOfUninitializedData": {"FileOffset": 252, "Value": 0, "Offset": 12}, "NumberOfRvaAndSizes": {"FileOffset": 332, "Value": 16, "Offset": 92}, "SizeOfHeapReserve": {"FileOffset": 320, "Value": 1048576, "Offset": 80}, "LoaderFlags": {"FileOffset": 328, "Value": 0, "Offset": 88}, "SizeOfHeapCommit": {"FileOffset": 324, "Value": 4096, "Offset": 84}, "SizeOfStackReserve": {"FileOffset": 312, "Value": 1048576, "Offset": 72}, "Structure": "IMAGE_OPTIONAL_HEADER", "SizeOfHeaders": {"FileOffset": 300, "Value": 1024, "Offset": 60}, "Subsystem": {"FileOffset": 308, "Value": 2, "Offset": 68}, "Magic": {"FileOffset": 240, "Value": 267, "Offset": 0}, "MinorImageVersion": {"FileOffset": 286, "Value": 0, "Offset": 46}, "MajorImageVersion": {"FileOffset": 284, "Value": 0, "Offset": 44}, "FileAlignment": {"FileOffset": 276, "Value": 512, "Offset": 36}, "BaseOfData": {"FileOffset": 264, "Value": 16384, "Offset": 24}, "AddressOfEntryPoint": {"FileOffset": 256, "Value": 13682, "Offset": 16}, "SectionAlignment": {"FileOffset": 272, "Value": 4096, "Offset": 32}, "SizeOfCode": {"FileOffset": 244, "Value": 10240, "Offset": 4}, "ImageBase": {"FileOffset": 268, "Value": 4194304, "Offset": 28}, "SizeOfInitializedData": {"FileOffset": 248, "Value": 4608, "Offset": 8}, "SizeOfImage": {"FileOffset": 296, "Value": 24576, "Offset": 56}, "MinorSubsystemVersion": {"FileOffset": 290, "Value": 0, "Offset": 50}, "CheckSum": {"FileOffset": 304, "Value": 0, "Offset": 64}, "Reserved1": {"FileOffset": 292, "Value": 0, "Offset": 52}}, "DOS_HEADER": {"e_cblp": {"FileOffset": 2, "Value": 144, "Offset": 2}, "e_crlc": {"FileOffset": 6, "Value": 0, "Offset": 6}, "e_ovno": {"FileOffset": 26, "Value": 0, "Offset": 26}, "e_minalloc": {"FileOffset": 10, "Value": 0, "Offset": 10}, "e_csum": {"FileOffset": 18, "Value": 0, "Offset": 18}, "e_cparhdr": {"FileOffset": 8, "Value": 4, "Offset": 8}, "e_cp": {"FileOffset": 4, "Value": 3, "Offset": 4}, "e_cs": {"FileOffset": 22, "Value": 0, "Offset": 22}, "e_maxalloc": {"FileOffset": 12, "Value": 65535, "Offset": 12}, "e_lfarlc": {"FileOffset": 24, "Value": 64, "Offset": 24}, "e_oemid": {"FileOffset": 36, "Value": 0, "Offset": 36}, "e_lfanew": {"FileOffset": 60, "Value": 216, "Offset": 60}, "e_ss": {"FileOffset": 14, "Value": 0, "Offset": 14}, "e_magic": {"FileOffset": 0, "Value": 23117, "Offset": 0}, "e_oeminfo": {"FileOffset": 38, "Value": 0, "Offset": 38}, "e_res2": {"FileOffset": 40, "Value": "", "Offset": 40}, "e_res": {"FileOffset": 28, "Value": "", "Offset": 28}, "e_sp": {"FileOffset": 16, "Value": 184, "Offset": 16}, "Structure": "IMAGE_DOS_HEADER", "e_ip": {"FileOffset": 20, "Value": 0, "Offset": 20}}, "NT_HEADERS": {"Structure": "IMAGE_NT_HEADERS", "Signature": {"FileOffset": 216, "Value": 17744, "Offset": 0}}, "Flags": ["IMAGE_FILE_LOCAL_SYMS_STRIPPED", "IMAGE_FILE_32BIT_MACHINE", "IMAGE_FILE_EXECUTABLE_IMAGE", "IMAGE_FILE_LINE_NUMS_STRIPPED", "IMAGE_FILE_RELOCS_STRIPPED"], "Imported symbols": [[{"TimeDateStamp": {"FileOffset": 11748, "Value": "0x0        [Thu Jan  1 00:00:00 1970 UTC]", "Offset": 4}, "Name": {"FileOffset": 11756, "Value": 17928, "Offset": 12}, "ForwarderChain": {"FileOffset": 11752, "Value": 0, "Offset": 8}, "OriginalFirstThunk": {"FileOffset": 11744, "Value": 17052, "Offset": 0}, "FirstThunk": {"FileOffset": 11760, "Value": 16432, "Offset": 16}, "Characteristics": {"FileOffset": 11744, "Value": 17052, "Offset": 0}, "Structure": "IMAGE_IMPORT_DESCRIPTOR"}, {"Hint": 10, "Name": "AllocConsole", "DLL": "KERNEL32.dll"}, {"Hint": 298, "Name": "GetConsoleDisplayMode", "DLL": "KERNEL32.dll"}, {"Hint": 693, "Name": "ReadFile", "DLL": "KERNEL32.dll"}, {"Hint": 657, "Name": "PeekNamedPipe", "DLL": "KERNEL32.dll"}, {"Hint": 346, "Name": "GetExitCodeProcess", "DLL": "KERNEL32.dll"}, {"Hint": 102, "Name": "CreateProcessA", "DLL": "KERNEL32.dll"}, {"Hint": 350, "Name": "GetFileAttributesA", "DLL": "KERNEL32.dll"}, {"Hint": 449, "Name": "GetSystemDirectoryA", "DLL": "KERNEL32.dll"}, {"Hint": 188, "Name": "ExpandEnvironmentStringsA", "DLL": "KERNEL32.dll"}, {"Hint": 823, "Name": "SetStdHandle", "DLL": "KERNEL32.dll"}, {"Hint": 491, "Name": "GetVolumeInformationA", "DLL": "KERNEL32.dll"}, {"Hint": 83, "Name": "CreateFileA", "DLL": "KERNEL32.dll"}, {"Hint": 957, "Name": "lstrcatA", "DLL": "KERNEL32.dll"}, {"Hint": 376, "Name": "GetLogicalDrives", "DLL": "KERNEL32.dll"}, {"Hint": 664, "Name": "Process32Next", "DLL": "KERNEL32.dll"}, {"Hint": 662, "Name": "Process32First", "DLL": "KERNEL32.dll"}, {"Hint": 114, "Name": "CreateToolhelp32Snapshot", "DLL": "KERNEL32.dll"}, {"Hint": 646, "Name": "OpenProcess", "DLL": "KERNEL32.dll"}, {"Hint": 932, "Name": "WriteFile", "DLL": "KERNEL32.dll"}, {"Hint": 355, "Name": "GetFileSize", "DLL": "KERNEL32.dll"}, {"Hint": 383, "Name": "GetModuleHandleA", "DLL": "KERNEL32.dll"}, {"Hint": 922, "Name": "WriteConsoleInputA", "DLL": "KERNEL32.dll"}, {"Hint": 101, "Name": "CreatePipe", "DLL": "KERNEL32.dll"}, {"Hint": 499, "Name": "GetWindowsDirectoryA", "DLL": "KERNEL32.dll"}, {"Hint": 778, "Name": "SetCurrentDirectoryA", "DLL": "KERNEL32.dll"}, {"Hint": 111, "Name": "CreateThread", "DLL": "KERNEL32.dll"}, {"Hint": 912, "Name": "WaitForSingleObject", "DLL": "KERNEL32.dll"}, {"Hint": 52, "Name": "CloseHandle", "DLL": "KERNEL32.dll"}, {"Hint": 862, "Name": "TerminateProcess", "DLL": "KERNEL32.dll"}, {"Hint": 276, "Name": "GetComputerNameA", "DLL": "KERNEL32.dll"}, {"Hint": 439, "Name": "GetStartupInfoA", "DLL": "KERNEL32.dll"}, {"Hint": 854, "Name": "Sleep", "DLL": "KERNEL32.dll"}, {"Hint": 339, "Name": "GetDriveTypeA", "DLL": "KERNEL32.dll"}, {"Hint": 369, "Name": "GetLastError", "DLL": "KERNEL32.dll"}], [{"TimeDateStamp": {"FileOffset": 11768, "Value": "0x0        [Thu Jan  1 00:00:00 1970 UTC]", "Offset": 4}, "Name": {"FileOffset": 11776, "Value": 18062, "Offset": 12}, "ForwarderChain": {"FileOffset": 11772, "Value": 0, "Offset": 8}, "OriginalFirstThunk": {"FileOffset": 11764, "Value": 17192, "Offset": 0}, "FirstThunk": {"FileOffset": 11780, "Value": 16572, "Offset": 16}, "Characteristics": {"FileOffset": 11764, "Value": 17192, "Offset": 0}, "Structure": "IMAGE_IMPORT_DESCRIPTOR"}, {"Hint": 88, "Name": "__getmainargs", "DLL": "MSVCRT.dll"}, {"Hint": 271, "Name": "_initterm", "DLL": "MSVCRT.dll"}, {"Hint": 131, "Name": "__setusermatherr", "DLL": "MSVCRT.dll"}, {"Hint": 157, "Name": "_adjust_fdiv", "DLL": "MSVCRT.dll"}, {"Hint": 106, "Name": "__p__commode", "DLL": "MSVCRT.dll"}, {"Hint": 111, "Name": "__p__fmode", "DLL": "MSVCRT.dll"}, {"Hint": 129, "Name": "__set_app_type", "DLL": "MSVCRT.dll"}, {"Hint": 202, "Name": "_except_handler3", "DLL": "MSVCRT.dll"}, {"Hint": 183, "Name": "_controlfp", "DLL": "MSVCRT.dll"}, {"Hint": 16, "Name": "??3@YAXPAX@Z", "DLL": "MSVCRT.dll"}, {"Hint": 15, "Name": "??2@YAPAXI@Z", "DLL": "MSVCRT.dll"}, {"Hint": 690, "Name": "sprintf", "DLL": "MSVCRT.dll"}, {"Hint": 705, "Name": "strncpy", "DLL": "MSVCRT.dll"}, {"Hint": 573, "Name": "atoi", "DLL": "MSVCRT.dll"}, {"Hint": 445, "Name": "_strcmpi", "DLL": "MSVCRT.dll"}, {"Hint": 73, "Name": "__CxxFrameHandler", "DLL": "MSVCRT.dll"}, {"Hint": 693, "Name": "sscanf", "DLL": "MSVCRT.dll"}, {"Hint": 211, "Name": "_exit", "DLL": "MSVCRT.dll"}, {"Hint": 707, "Name": "strrchr", "DLL": "MSVCRT.dll"}, {"Hint": 143, "Name": "_acmdln", "DLL": "MSVCRT.dll"}, {"Hint": 585, "Name": "exit", "DLL": "MSVCRT.dll"}, {"Hint": 72, "Name": "_XcptFilter", "DLL": "MSVCRT.dll"}, {"Hint": 574, "Name": "atol", "DLL": "MSVCRT.dll"}], [{"TimeDateStamp": {"FileOffset": 11788, "Value": "0x0        [Thu Jan  1 00:00:00 1970 UTC]", "Offset": 4}, "Name": {"FileOffset": 11796, "Value": 18450, "Offset": 12}, "ForwarderChain": {"FileOffset": 11792, "Value": 0, "Offset": 8}, "OriginalFirstThunk": {"FileOffset": 11784, "Value": 17296, "Offset": 0}, "FirstThunk": {"FileOffset": 11800, "Value": 16676, "Offset": 16}, "Characteristics": {"FileOffset": 11784, "Value": 17296, "Offset": 0}, "Structure": "IMAGE_IMPORT_DESCRIPTOR"}, {"Hint": 152, "Name": "InternetQueryOptionA", "DLL": "WININET.dll"}, {"Hint": 146, "Name": "InternetOpenA", "DLL": "WININET.dll"}, {"Hint": 154, "Name": "InternetReadFile", "DLL": "WININET.dll"}, {"Hint": 111, "Name": "InternetConnectA", "DLL": "WININET.dll"}, {"Hint": 85, "Name": "HttpOpenRequestA", "DLL": "WININET.dll"}, {"Hint": 80, "Name": "HttpAddRequestHeadersA", "DLL": "WININET.dll"}, {"Hint": 167, "Name": "InternetSetOptionA", "DLL": "WININET.dll"}, {"Hint": 89, "Name": "HttpSendRequestA", "DLL": "WININET.dll"}, {"Hint": 105, "Name": "InternetCloseHandle", "DLL": "WININET.dll"}], [{"TimeDateStamp": {"FileOffset": 11808, "Value": "0x0        [Thu Jan  1 00:00:00 1970 UTC]", "Offset": 4}, "Name": {"FileOffset": 11816, "Value": 18700, "Offset": 12}, "ForwarderChain": {"FileOffset": 11812, "Value": 0, "Offset": 8}, "OriginalFirstThunk": {"FileOffset": 11804, "Value": 17004, "Offset": 0}, "FirstThunk": {"FileOffset": 11820, "Value": 16384, "Offset": 16}, "Characteristics": {"FileOffset": 11804, "Value": 17004, "Offset": 0}, "Structure": "IMAGE_IMPORT_DESCRIPTOR"}, {"Hint": 586, "Name": "StartServiceCtrlDispatcherA", "DLL": "ADVAPI32.dll"}, {"Hint": 580, "Name": "SetServiceStatus", "DLL": "ADVAPI32.dll"}, {"Hint": 62, "Name": "CloseServiceHandle", "DLL": "ADVAPI32.dll"}, {"Hint": 211, "Name": "EnumServicesStatusExA", "DLL": "ADVAPI32.dll"}, {"Hint": 429, "Name": "OpenSCManagerA", "DLL": "ADVAPI32.dll"}, {"Hint": 66, "Name": "ControlService", "DLL": "ADVAPI32.dll"}, {"Hint": 431, "Name": "OpenServiceA", "DLL": "ADVAPI32.dll"}, {"Hint": 585, "Name": "StartServiceA", "DLL": "ADVAPI32.dll"}, {"Hint": 95, "Name": "CreateProcessAsUserA", "DLL": "ADVAPI32.dll"}, {"Hint": 428, "Name": "OpenProcessToken", "DLL": "ADVAPI32.dll"}, {"Hint": 524, "Name": "RegisterServiceCtrlHandlerA", "DLL": "ADVAPI32.dll"}], [{"TimeDateStamp": {"FileOffset": 11828, "Value": "0x0        [Thu Jan  1 00:00:00 1970 UTC]", "Offset": 4}, "Name": {"FileOffset": 11836, "Value": 18736, "Offset": 12}, "ForwarderChain": {"FileOffset": 11832, "Value": 0, "Offset": 8}, "OriginalFirstThunk": {"FileOffset": 11824, "Value": 17336, "Offset": 0}, "FirstThunk": {"FileOffset": 11840, "Value": 16716, "Offset": 16}, "Characteristics": {"FileOffset": 11824, "Value": 17336, "Offset": 0}, "Structure": "IMAGE_IMPORT_DESCRIPTOR"}, {"Hint": 74, "Name": "URLDownloadToFileA", "DLL": "urlmon.dll"}], [{"TimeDateStamp": {"FileOffset": 11848, "Value": "0x0        [Thu Jan  1 00:00:00 1970 UTC]", "Offset": 4}, "Name": {"FileOffset": 11856, "Value": 18766, "Offset": 12}, "ForwarderChain": {"FileOffset": 11852, "Value": 0, "Offset": 8}, "OriginalFirstThunk": {"FileOffset": 11844, "Value": 17288, "Offset": 0}, "FirstThunk": {"FileOffset": 11860, "Value": 16668, "Offset": 16}, "Characteristics": {"FileOffset": 11844, "Value": 17288, "Offset": 0}, "Structure": "IMAGE_IMPORT_DESCRIPTOR"}, {"Hint": 24, "Name": "GetUserNameExA", "DLL": "Secur32.dll"}]], "PE Sections": [{"PointerToRawData": {"FileOffset": 484, "Value": 1024, "Offset": 20}, "SHA1": "1bb627c5f52dd325e8bc88dbee92534c35bab0aa", "SHA256": "f40f1aed3f0c998e48c778dc5d6c82fafd51b77e0aa163dc7cae5816d2ea9b83", "Name": {"FileOffset": 464, "Value": ".text", "Offset": 0}, "NumberOfRelocations": {"FileOffset": 496, "Value": 0, "Offset": 32}, "Misc_VirtualSize": {"FileOffset": 472, "Value": 10053, "Offset": 8}, "Characteristics": {"FileOffset": 500, "Value": 1610612768, "Offset": 36}, "Misc": {"FileOffset": 472, "Value": 10053, "Offset": 8}, "PointerToLinenumbers": {"FileOffset": 492, "Value": 0, "Offset": 28}, "SizeOfRawData": {"FileOffset": 480, "Value": 10240, "Offset": 16}, "Misc_PhysicalAddress": {"FileOffset": 472, "Value": 10053, "Offset": 8}, "PointerToRelocations": {"FileOffset": 488, "Value": 0, "Offset": 24}, "Flags": ["IMAGE_SCN_MEM_EXECUTE", "IMAGE_SCN_CNT_CODE", "IMAGE_SCN_MEM_READ"], "SHA512": "ffadbe9084f4a274593a169c8f8b4987f139a57d2fcae14c7dacc3d36d68cef384cc094941de43bf926a70d188b6bdc4bc7f0fec1b76787b7cf6ed62fbc62ca3", "MD5": "66416d2cb191c04880db68f8e04c2dd3", "Entropy": 6.226761891118013, "VirtualAddress": {"FileOffset": 476, "Value": 4096, "Offset": 12}, "Structure": "IMAGE_SECTION_HEADER", "NumberOfLinenumbers": {"FileOffset": 498, "Value": 0, "Offset": 34}}, {"PointerToRawData": {"FileOffset": 524, "Value": 11264, "Offset": 20}, "SHA1": "897c1c4a216c960d2bf9c8392e6fb4cd8e35da40", "SHA256": "fe4aad8c47c541cad181643fd60b219894b3e66a66d4e7d00343c7429b915f6b", "Name": {"FileOffset": 504, "Value": ".rdata", "Offset": 0}, "NumberOfRelocations": {"FileOffset": 536, "Value": 0, "Offset": 32}, "Misc_VirtualSize": {"FileOffset": 512, "Value": 2432, "Offset": 8}, "Characteristics": {"FileOffset": 540, "Value": 1073741888, "Offset": 36}, "Misc": {"FileOffset": 512, "Value": 2432, "Offset": 8}, "PointerToLinenumbers": {"FileOffset": 532, "Value": 0, "Offset": 28}, "SizeOfRawData": {"FileOffset": 520, "Value": 2560, "Offset": 16}, "Misc_PhysicalAddress": {"FileOffset": 512, "Value": 2432, "Offset": 8}, "PointerToRelocations": {"FileOffset": 528, "Value": 0, "Offset": 24}, "Flags": ["IMAGE_SCN_CNT_INITIALIZED_DATA", "IMAGE_SCN_MEM_READ"], "SHA512": "0d8636fb1c6becaaaa5765ef3bcaa446ef573747dac49ca07d9ed23a1576e3db21215b107f0572067f6d64d422d15f94d391354324ddbc16c69afff4324d52ac", "MD5": "fb9486edeb889089dcd6af18034ae841", "Entropy": 4.831538008161548, "VirtualAddress": {"FileOffset": 516, "Value": 16384, "Offset": 12}, "Structure": "IMAGE_SECTION_HEADER", "NumberOfLinenumbers": {"FileOffset": 538, "Value": 0, "Offset": 34}}, {"PointerToRawData": {"FileOffset": 564, "Value": 13824, "Offset": 20}, "SHA1": "d7565103517752b4646625039ce562b15ff68903", "SHA256": "ce6e2719b5d922d4b1f250382e5e1d6327b9f80dd7be15035e1014a7e83df89d", "Name": {"FileOffset": 544, "Value": ".data", "Offset": 0}, "NumberOfRelocations": {"FileOffset": 576, "Value": 0, "Offset": 32}, "Misc_VirtualSize": {"FileOffset": 552, "Value": 1992, "Offset": 8}, "Characteristics": {"FileOffset": 580, "Value": 3221225536, "Offset": 36}, "Misc": {"FileOffset": 552, "Value": 1992, "Offset": 8}, "PointerToLinenumbers": {"FileOffset": 572, "Value": 0, "Offset": 28}, "SizeOfRawData": {"FileOffset": 560, "Value": 2048, "Offset": 16}, "Misc_PhysicalAddress": {"FileOffset": 552, "Value": 1992, "Offset": 8}, "PointerToRelocations": {"FileOffset": 568, "Value": 0, "Offset": 24}, "Flags": ["IMAGE_SCN_CNT_INITIALIZED_DATA", "IMAGE_SCN_MEM_WRITE", "IMAGE_SCN_MEM_READ"], "SHA512": "1a3b5be7bd8f22aa36e68c639e62aee8e5f6af032a91b6909f35133809d81a0869f92ad2aa080803c865b2e8751579428f81cad2fb783e9e400bad7a9f51487a", "MD5": "20d493d5d8ab9dd687064de3328feffd", "Entropy": 4.760238026585222, "VirtualAddress": {"FileOffset": 556, "Value": 20480, "Offset": 12}, "Structure": "IMAGE_SECTION_HEADER", "NumberOfLinenumbers": {"FileOffset": 578, "Value": 0, "Offset": 34}}]}
