{"DllCharacteristics": [], "FILE_HEADER": {"NumberOfSections": {"FileOffset": 230, "Value": 4, "Offset": 2}, "TimeDateStamp": {"FileOffset": 232, "Value": "0x503F6541 [Thu Aug 30 13:06:09 2012 UTC]", "Offset": 4}, "PointerToSymbolTable": {"FileOffset": 236, "Value": 0, "Offset": 8}, "NumberOfSymbols": {"FileOffset": 240, "Value": 0, "Offset": 12}, "Machine": {"FileOffset": 228, "Value": 332, "Offset": 0}, "Characteristics": {"FileOffset": 246, "Value": 271, "Offset": 18}, "SizeOfOptionalHeader": {"FileOffset": 244, "Value": 224, "Offset": 16}, "Structure": "IMAGE_FILE_HEADER"}, "Directories": [{"VirtualAddress": {"FileOffset": 344, "Value": 0, "Offset": 0}, "Structure": "IMAGE_DIRECTORY_ENTRY_EXPORT", "Size": {"FileOffset": 348, "Value": 0, "Offset": 4}}, {"VirtualAddress": {"FileOffset": 352, "Value": 16684, "Offset": 0}, "Structure": "IMAGE_DIRECTORY_ENTRY_IMPORT", "Size": {"FileOffset": 356, "Value": 120, "Offset": 4}}, {"VirtualAddress": {"FileOffset": 360, "Value": 24576, "Offset": 0}, "Structure": "IMAGE_DIRECTORY_ENTRY_RESOURCE", "Size": {"FileOffset": 364, "Value": 284616, "Offset": 4}}, {"VirtualAddress": {"FileOffset": 368, "Value": 0, "Offset": 0}, "Structure": "IMAGE_DIRECTORY_ENTRY_EXCEPTION", "Size": {"FileOffset": 372, "Value": 0, "Offset": 4}}, {"VirtualAddress": {"FileOffset": 376, "Value": 0, "Offset": 0}, "Structure": "IMAGE_DIRECTORY_ENTRY_SECURITY", "Size": {"FileOffset": 380, "Value": 0, "Offset": 4}}, {"VirtualAddress": {"FileOffset": 384, "Value": 0, "Offset": 0}, "Structure": "IMAGE_DIRECTORY_ENTRY_BASERELOC", "Size": {"FileOffset": 388, "Value": 0, "Offset": 4}}, {"VirtualAddress": {"FileOffset": 392, "Value": 0, "Offset": 0}, "Structure": "IMAGE_DIRECTORY_ENTRY_DEBUG", "Size": {"FileOffset": 396, "Value": 0, "Offset": 4}}, {"VirtualAddress": {"FileOffset": 400, "Value": 0, "Offset": 0}, "Structure": "IMAGE_DIRECTORY_ENTRY_COPYRIGHT", "Size": {"FileOffset": 404, "Value": 0, "Offset": 4}}, {"VirtualAddress": {"FileOffset": 408, "Value": 0, "Offset": 0}, "Structure": "IMAGE_DIRECTORY_ENTRY_GLOBALPTR", "Size": {"FileOffset": 412, "Value": 0, "Offset": 4}}, {"VirtualAddress": {"FileOffset": 416, "Value": 0, "Offset": 0}, "Structure": "IMAGE_DIRECTORY_ENTRY_TLS", "Size": {"FileOffset": 420, "Value": 0, "Offset": 4}}, {"VirtualAddress": {"FileOffset": 424, "Value": 0, "Offset": 0}, "Structure": "IMAGE_DIRECTORY_ENTRY_LOAD_CONFIG", "Size": {"FileOffset": 428, "Value": 0, "Offset": 4}}, {"VirtualAddress": {"FileOffset": 432, "Value": 0, "Offset": 0}, "Structure": "IMAGE_DIRECTORY_ENTRY_BOUND_IMPORT", "Size": {"FileOffset": 436, "Value": 0, "Offset": 4}}, {"VirtualAddress": {"FileOffset": 440, "Value": 16384, "Offset": 0}, "Structure": "IMAGE_DIRECTORY_ENTRY_IAT", "Size": {"FileOffset": 444, "Value": 288, "Offset": 4}}, {"VirtualAddress": {"FileOffset": 448, "Value": 0, "Offset": 0}, "Structure": "IMAGE_DIRECTORY_ENTRY_DELAY_IMPORT", "Size": {"FileOffset": 452, "Value": 0, "Offset": 4}}, {"VirtualAddress": {"FileOffset": 456, "Value": 0, "Offset": 0}, "Structure": "IMAGE_DIRECTORY_ENTRY_COM_DESCRIPTOR", "Size": {"FileOffset": 460, "Value": 0, "Offset": 4}}, {"VirtualAddress": {"FileOffset": 464, "Value": 0, "Offset": 0}, "Structure": "IMAGE_DIRECTORY_ENTRY_RESERVED", "Size": {"FileOffset": 468, "Value": 0, "Offset": 4}}], "OPTIONAL_HEADER": {"DllCharacteristics": {"FileOffset": 318, "Value": 0, "Offset": 70}, "BaseOfCode": {"FileOffset": 268, "Value": 4096, "Offset": 20}, "MajorLinkerVersion": {"FileOffset": 250, "Value": 6, "Offset": 2}, "MinorOperatingSystemVersion": {"FileOffset": 290, "Value": 0, "Offset": 42}, "MinorLinkerVersion": {"FileOffset": 251, "Value": 0, "Offset": 3}, "MajorSubsystemVersion": {"FileOffset": 296, "Value": 4, "Offset": 48}, "MajorOperatingSystemVersion": {"FileOffset": 288, "Value": 4, "Offset": 40}, "SizeOfStackCommit": {"FileOffset": 324, "Value": 4096, "Offset": 76}, "SizeOfUninitializedData": {"FileOffset": 260, "Value": 0, "Offset": 12}, "NumberOfRvaAndSizes": {"FileOffset": 340, "Value": 16, "Offset": 92}, "SizeOfHeapReserve": {"FileOffset": 328, "Value": 1048576, "Offset": 80}, "LoaderFlags": {"FileOffset": 336, "Value": 0, "Offset": 88}, "SizeOfHeapCommit": {"FileOffset": 332, "Value": 4096, "Offset": 84}, "SizeOfStackReserve": {"FileOffset": 320, "Value": 1048576, "Offset": 72}, "Structure": "IMAGE_OPTIONAL_HEADER", "SizeOfHeaders": {"FileOffset": 308, "Value": 1024, "Offset": 60}, "Subsystem": {"FileOffset": 316, "Value": 2, "Offset": 68}, "Magic": {"FileOffset": 248, "Value": 267, "Offset": 0}, "MinorImageVersion": {"FileOffset": 294, "Value": 0, "Offset": 46}, "MajorImageVersion": {"FileOffset": 292, "Value": 0, "Offset": 44}, "FileAlignment": {"FileOffset": 284, "Value": 512, "Offset": 36}, "BaseOfData": {"FileOffset": 272, "Value": 16384, "Offset": 24}, "AddressOfEntryPoint": {"FileOffset": 264, "Value": 14527, "Offset": 16}, "SectionAlignment": {"FileOffset": 280, "Value": 4096, "Offset": 32}, "SizeOfCode": {"FileOffset": 252, "Value": 11264, "Offset": 4}, "ImageBase": {"FileOffset": 276, "Value": 4194304, "Offset": 28}, "SizeOfInitializedData": {"FileOffset": 256, "Value": 289792, "Offset": 8}, "SizeOfImage": {"FileOffset": 304, "Value": 311296, "Offset": 56}, "MinorSubsystemVersion": {"FileOffset": 298, "Value": 0, "Offset": 50}, "CheckSum": {"FileOffset": 312, "Value": 0, "Offset": 64}, "Reserved1": {"FileOffset": 300, "Value": 0, "Offset": 52}}, "DOS_HEADER": {"e_cblp": {"FileOffset": 2, "Value": 144, "Offset": 2}, "e_crlc": {"FileOffset": 6, "Value": 0, "Offset": 6}, "e_ovno": {"FileOffset": 26, "Value": 0, "Offset": 26}, "e_minalloc": {"FileOffset": 10, "Value": 0, "Offset": 10}, "e_csum": {"FileOffset": 18, "Value": 0, "Offset": 18}, "e_cparhdr": {"FileOffset": 8, "Value": 4, "Offset": 8}, "e_cp": {"FileOffset": 4, "Value": 3, "Offset": 4}, "e_cs": {"FileOffset": 22, "Value": 0, "Offset": 22}, "e_maxalloc": {"FileOffset": 12, "Value": 65535, "Offset": 12}, "e_lfarlc": {"FileOffset": 24, "Value": 64, "Offset": 24}, "e_oemid": {"FileOffset": 36, "Value": 0, "Offset": 36}, "e_lfanew": {"FileOffset": 60, "Value": 224, "Offset": 60}, "e_ss": {"FileOffset": 14, "Value": 0, "Offset": 14}, "e_magic": {"FileOffset": 0, "Value": 23117, "Offset": 0}, "e_oeminfo": {"FileOffset": 38, "Value": 0, "Offset": 38}, "e_res2": {"FileOffset": 40, "Value": "", "Offset": 40}, "e_res": {"FileOffset": 28, "Value": "", "Offset": 28}, "e_sp": {"FileOffset": 16, "Value": 184, "Offset": 16}, "Structure": "IMAGE_DOS_HEADER", "e_ip": {"FileOffset": 20, "Value": 0, "Offset": 20}}, "NT_HEADERS": {"Structure": "IMAGE_NT_HEADERS", "Signature": {"FileOffset": 224, "Value": 17744, "Offset": 0}}, "Flags": ["IMAGE_FILE_LOCAL_SYMS_STRIPPED", "IMAGE_FILE_32BIT_MACHINE", "IMAGE_FILE_EXECUTABLE_IMAGE", "IMAGE_FILE_LINE_NUMS_STRIPPED", "IMAGE_FILE_RELOCS_STRIPPED"], "Imported symbols": [[{"TimeDateStamp": {"FileOffset": 12592, "Value": "0x0        [Thu Jan  1 00:00:00 1970 UTC]", "Offset": 4}, "Name": {"FileOffset": 12600, "Value": 17526, "Offset": 12}, "ForwarderChain": {"FileOffset": 12596, "Value": 0, "Offset": 8}, "OriginalFirstThunk": {"FileOffset": 12588, "Value": 16848, "Offset": 0}, "FirstThunk": {"FileOffset": 12604, "Value": 16428, "Offset": 16}, "Characteristics": {"FileOffset": 12588, "Value": 16848, "Offset": 0}, "Structure": "IMAGE_IMPORT_DESCRIPTOR"}, {"Hint": 75, "Name": "CreateDirectoryA", "DLL": "KERNEL32.dll"}, {"Hint": 188, "Name": "ExpandEnvironmentStringsA", "DLL": "KERNEL32.dll"}, {"Hint": 912, "Name": "WaitForSingleObject", "DLL": "KERNEL32.dll"}, {"Hint": 439, "Name": "GetStartupInfoA", "DLL": "KERNEL32.dll"}, {"Hint": 778, "Name": "SetCurrentDirectoryA", "DLL": "KERNEL32.dll"}, {"Hint": 932, "Name": "WriteFile", "DLL": "KERNEL32.dll"}, {"Hint": 250, "Name": "FreeResource", "DLL": "KERNEL32.dll"}, {"Hint": 479, "Name": "GetTickCount", "DLL": "KERNEL32.dll"}, {"Hint": 853, "Name": "SizeofResource", "DLL": "KERNEL32.dll"}, {"Hint": 599, "Name": "LoadResource", "DLL": "KERNEL32.dll"}, {"Hint": 227, "Name": "FindResourceA", "DLL": "KERNEL32.dll"}, {"Hint": 383, "Name": "GetModuleHandleA", "DLL": "KERNEL32.dll"}, {"Hint": 693, "Name": "ReadFile", "DLL": "KERNEL32.dll"}, {"Hint": 966, "Name": "lstrcpyA", "DLL": "KERNEL32.dll"}, {"Hint": 569, "Name": "IsDebuggerPresent", "DLL": "KERNEL32.dll"}, {"Hint": 594, "Name": "LoadLibraryA", "DLL": "KERNEL32.dll"}, {"Hint": 416, "Name": "GetProcAddress", "DLL": "KERNEL32.dll"}, {"Hint": 102, "Name": "CreateProcessA", "DLL": "KERNEL32.dll"}, {"Hint": 185, "Name": "ExitProcess", "DLL": "KERNEL32.dll"}, {"Hint": 381, "Name": "GetModuleFileNameA", "DLL": "KERNEL32.dll"}, {"Hint": 917, "Name": "WinExec", "DLL": "KERNEL32.dll"}, {"Hint": 131, "Name": "DeleteFileA", "DLL": "KERNEL32.dll"}, {"Hint": 854, "Name": "Sleep", "DLL": "KERNEL32.dll"}, {"Hint": 52, "Name": "CloseHandle", "DLL": "KERNEL32.dll"}, {"Hint": 83, "Name": "CreateFileA", "DLL": "KERNEL32.dll"}, {"Hint": 369, "Name": "GetLastError", "DLL": "KERNEL32.dll"}], [{"TimeDateStamp": {"FileOffset": 12612, "Value": "0x0        [Thu Jan  1 00:00:00 1970 UTC]", "Offset": 4}, "Name": {"FileOffset": 12620, "Value": 17716, "Offset": 12}, "ForwarderChain": {"FileOffset": 12616, "Value": 0, "Offset": 8}, "OriginalFirstThunk": {"FileOffset": 12608, "Value": 16804, "Offset": 0}, "FirstThunk": {"FileOffset": 12624, "Value": 16384, "Offset": 16}, "Characteristics": {"FileOffset": 12608, "Value": 16804, "Offset": 0}, "Structure": "IMAGE_IMPORT_DESCRIPTOR"}, {"Hint": 503, "Name": "RegQueryValueExA", "DLL": "ADVAPI32.dll"}, {"Hint": 459, "Name": "RegCloseKey", "DLL": "ADVAPI32.dll"}, {"Hint": 143, "Name": "CryptEncrypt", "DLL": "ADVAPI32.dll"}, {"Hint": 133, "Name": "CryptAcquireContextA", "DLL": "ADVAPI32.dll"}, {"Hint": 136, "Name": "CryptCreateHash", "DLL": "ADVAPI32.dll"}, {"Hint": 157, "Name": "CryptHashData", "DLL": "ADVAPI32.dll"}, {"Hint": 138, "Name": "CryptDeriveKey", "DLL": "ADVAPI32.dll"}, {"Hint": 139, "Name": "CryptDestroyHash", "DLL": "ADVAPI32.dll"}, {"Hint": 137, "Name": "CryptDecrypt", "DLL": "ADVAPI32.dll"}, {"Hint": 491, "Name": "RegOpenKeyA", "DLL": "ADVAPI32.dll"}], [{"TimeDateStamp": {"FileOffset": 12632, "Value": "0x0        [Thu Jan  1 00:00:00 1970 UTC]", "Offset": 4}, "Name": {"FileOffset": 12640, "Value": 17746, "Offset": 12}, "ForwarderChain": {"FileOffset": 12636, "Value": 0, "Offset": 8}, "OriginalFirstThunk": {"FileOffset": 12628, "Value": 17084, "Offset": 0}, "FirstThunk": {"FileOffset": 12644, "Value": 16664, "Offset": 16}, "Characteristics": {"FileOffset": 12628, "Value": 17084, "Offset": 0}, "Structure": "IMAGE_IMPORT_DESCRIPTOR"}, {"Hint": 263, "Name": "ShellExecuteA", "DLL": "SHELL32.dll"}], [{"TimeDateStamp": {"FileOffset": 12652, "Value": "0x0        [Thu Jan  1 00:00:00 1970 UTC]", "Offset": 4}, "Name": {"FileOffset": 12660, "Value": 17792, "Offset": 12}, "ForwarderChain": {"FileOffset": 12656, "Value": 0, "Offset": 8}, "OriginalFirstThunk": {"FileOffset": 12648, "Value": 16956, "Offset": 0}, "FirstThunk": {"FileOffset": 12664, "Value": 16536, "Offset": 16}, "Characteristics": {"FileOffset": 12648, "Value": 16956, "Offset": 0}, "Structure": "IMAGE_IMPORT_DESCRIPTOR"}, {"Hint": 9, "Name": "LZOpenFileA", "DLL": "LZ32.dll"}, {"Hint": 3, "Name": "LZClose", "DLL": "LZ32.dll"}, {"Hint": 5, "Name": "LZCopy", "DLL": "LZ32.dll"}], [{"TimeDateStamp": {"FileOffset": 12672, "Value": "0x0        [Thu Jan  1 00:00:00 1970 UTC]", "Offset": 4}, "Name": {"FileOffset": 12680, "Value": 17940, "Offset": 12}, "ForwarderChain": {"FileOffset": 12676, "Value": 0, "Offset": 8}, "OriginalFirstThunk": {"FileOffset": 12668, "Value": 16972, "Offset": 0}, "FirstThunk": {"FileOffset": 12684, "Value": 16552, "Offset": 16}, "Characteristics": {"FileOffset": 12668, "Value": 16972, "Offset": 0}, "Structure": "IMAGE_IMPORT_DESCRIPTOR"}, {"Hint": 704, "Name": "strncmp", "DLL": "MSVCRT.dll"}, {"Hint": 606, "Name": "free", "DLL": "MSVCRT.dll"}, {"Hint": 588, "Name": "fclose", "DLL": "MSVCRT.dll"}, {"Hint": 614, "Name": "fwrite", "DLL": "MSVCRT.dll"}, {"Hint": 605, "Name": "fread", "DLL": "MSVCRT.dll"}, {"Hint": 657, "Name": "malloc", "DLL": "MSVCRT.dll"}, {"Hint": 599, "Name": "fopen", "DLL": "MSVCRT.dll"}, {"Hint": 166, "Name": "_beginthreadex", "DLL": "MSVCRT.dll"}, {"Hint": 709, "Name": "strstr", "DLL": "MSVCRT.dll"}, {"Hint": 612, "Name": "ftell", "DLL": "MSVCRT.dll"}, {"Hint": 610, "Name": "fseek", "DLL": "MSVCRT.dll"}, {"Hint": 690, "Name": "sprintf", "DLL": "MSVCRT.dll"}, {"Hint": 670, "Name": "printf", "DLL": "MSVCRT.dll"}, {"Hint": 664, "Name": "memmove", "DLL": "MSVCRT.dll"}, {"Hint": 211, "Name": "_exit", "DLL": "MSVCRT.dll"}, {"Hint": 72, "Name": "_XcptFilter", "DLL": "MSVCRT.dll"}, {"Hint": 585, "Name": "exit", "DLL": "MSVCRT.dll"}, {"Hint": 143, "Name": "_acmdln", "DLL": "MSVCRT.dll"}, {"Hint": 88, "Name": "__getmainargs", "DLL": "MSVCRT.dll"}, {"Hint": 271, "Name": "_initterm", "DLL": "MSVCRT.dll"}, {"Hint": 131, "Name": "__setusermatherr", "DLL": "MSVCRT.dll"}, {"Hint": 157, "Name": "_adjust_fdiv", "DLL": "MSVCRT.dll"}, {"Hint": 106, "Name": "__p__commode", "DLL": "MSVCRT.dll"}, {"Hint": 111, "Name": "__p__fmode", "DLL": "MSVCRT.dll"}, {"Hint": 129, "Name": "__set_app_type", "DLL": "MSVCRT.dll"}, {"Hint": 202, "Name": "_except_handler3", "DLL": "MSVCRT.dll"}, {"Hint": 183, "Name": "_controlfp", "DLL": "MSVCRT.dll"}]], "PE Sections": [{"PointerToRawData": {"FileOffset": 492, "Value": 1024, "Offset": 20}, "SHA1": "ff9994c901320ad3c72f7857ce8a56a2702f21cb", "SHA256": "48ede8096841853dddedc81d8630eecf525239f3bcf045599405b11bc031c2d1", "Name": {"FileOffset": 472, "Value": ".text", "Offset": 0}, "NumberOfRelocations": {"FileOffset": 504, "Value": 0, "Offset": 32}, "Misc_VirtualSize": {"FileOffset": 480, "Value": 10828, "Offset": 8}, "Characteristics": {"FileOffset": 508, "Value": 1610612768, "Offset": 36}, "Misc": {"FileOffset": 480, "Value": 10828, "Offset": 8}, "PointerToLinenumbers": {"FileOffset": 500, "Value": 0, "Offset": 28}, "SizeOfRawData": {"FileOffset": 488, "Value": 11264, "Offset": 16}, "Misc_PhysicalAddress": {"FileOffset": 480, "Value": 10828, "Offset": 8}, "PointerToRelocations": {"FileOffset": 496, "Value": 0, "Offset": 24}, "Flags": ["IMAGE_SCN_MEM_EXECUTE", "IMAGE_SCN_CNT_CODE", "IMAGE_SCN_MEM_READ"], "SHA512": "42b21f0c2d4160e519cbd43176b47fec2398234da6d48d79549d31c04dc1d4ed16db1be5de9b26bbba3212f7fa4b8eabca2b7b22cde259112413e39d364d0692", "MD5": "c3dd924467361ebca37829731097d30e", "Entropy": 6.220852645128104, "VirtualAddress": {"FileOffset": 484, "Value": 4096, "Offset": 12}, "Structure": "IMAGE_SECTION_HEADER", "NumberOfLinenumbers": {"FileOffset": 506, "Value": 0, "Offset": 34}}, {"PointerToRawData": {"FileOffset": 532, "Value": 12288, "Offset": 20}, "SHA1": "23041db24ce441be1f8d53f1e5ddba5195b16428", "SHA256": "50560f9a6524819aad95be2e7557d507c0580d2a212ce01d5947f8e48562dc2f", "Name": {"FileOffset": 512, "Value": ".rdata", "Offset": 0}, "NumberOfRelocations": {"FileOffset": 544, "Value": 0, "Offset": 32}, "Misc_VirtualSize": {"FileOffset": 520, "Value": 1754, "Offset": 8}, "Characteristics": {"FileOffset": 548, "Value": 1073741888, "Offset": 36}, "Misc": {"FileOffset": 520, "Value": 1754, "Offset": 8}, "PointerToLinenumbers": {"FileOffset": 540, "Value": 0, "Offset": 28}, "SizeOfRawData": {"FileOffset": 528, "Value": 2048, "Offset": 16}, "Misc_PhysicalAddress": {"FileOffset": 520, "Value": 1754, "Offset": 8}, "PointerToRelocations": {"FileOffset": 536, "Value": 0, "Offset": 24}, "Flags": ["IMAGE_SCN_CNT_INITIALIZED_DATA", "IMAGE_SCN_MEM_READ"], "SHA512": "82f68607a52806f7962c95e7ad3dede4b517c169f29ab0f420aabffc13d4b1ac8629316b143cb27a624fadab0fa5935a5fe87574bc838ef3b144e817d6dade5c", "MD5": "4aa52e584e231494056aefc181bf28d6", "Entropy": 4.464558874109828, "VirtualAddress": {"FileOffset": 524, "Value": 16384, "Offset": 12}, "Structure": "IMAGE_SECTION_HEADER", "NumberOfLinenumbers": {"FileOffset": 546, "Value": 0, "Offset": 34}}, {"PointerToRawData": {"FileOffset": 572, "Value": 14336, "Offset": 20}, "SHA1": "235d51e0473476ea78ec9dcad5232c615999c30f", "SHA256": "43c48dc35ec1830dc8ada73d73db1ef2435419be2cb7d9eadc191db7e08b89eb", "Name": {"FileOffset": 552, "Value": ".data", "Offset": 0}, "NumberOfRelocations": {"FileOffset": 584, "Value": 0, "Offset": 32}, "Misc_VirtualSize": {"FileOffset": 560, "Value": 2564, "Offset": 8}, "Characteristics": {"FileOffset": 588, "Value": 3221225536, "Offset": 36}, "Misc": {"FileOffset": 560, "Value": 2564, "Offset": 8}, "PointerToLinenumbers": {"FileOffset": 580, "Value": 0, "Offset": 28}, "SizeOfRawData": {"FileOffset": 568, "Value": 2048, "Offset": 16}, "Misc_PhysicalAddress": {"FileOffset": 560, "Value": 2564, "Offset": 8}, "PointerToRelocations": {"FileOffset": 576, "Value": 0, "Offset": 24}, "Flags": ["IMAGE_SCN_CNT_INITIALIZED_DATA", "IMAGE_SCN_MEM_WRITE", "IMAGE_SCN_MEM_READ"], "SHA512": "72c44e20c34d67828c4ceba3a0f9fe22f5acf9211bb7fcaad6c21aa7555bb38e717681d99e8b7b9423d40e23e00525f65c52771912e87d181171490896835a91", "MD5": "71ea8e3941517d5635af0558f09915bb", "Entropy": 4.122520576308204, "VirtualAddress": {"FileOffset": 564, "Value": 20480, "Offset": 12}, "Structure": "IMAGE_SECTION_HEADER", "NumberOfLinenumbers": {"FileOffset": 586, "Value": 0, "Offset": 34}}, {"PointerToRawData": {"FileOffset": 612, "Value": 16384, "Offset": 20}, "SHA1": "660c445b7a5439e7cb275b0430bf0980e3c18429", "SHA256": "62e795a17bfd56f4b7f9720b6de28e175b530ad3a6853648a3792ca9ead822e9", "Name": {"FileOffset": 592, "Value": ".rsrc", "Offset": 0}, "NumberOfRelocations": {"FileOffset": 624, "Value": 0, "Offset": 32}, "Misc_VirtualSize": {"FileOffset": 600, "Value": 284616, "Offset": 8}, "Characteristics": {"FileOffset": 628, "Value": 1073741888, "Offset": 36}, "Misc": {"FileOffset": 600, "Value": 284616, "Offset": 8}, "PointerToLinenumbers": {"FileOffset": 620, "Value": 0, "Offset": 28}, "SizeOfRawData": {"FileOffset": 608, "Value": 284672, "Offset": 16}, "Misc_PhysicalAddress": {"FileOffset": 600, "Value": 284616, "Offset": 8}, "PointerToRelocations": {"FileOffset": 616, "Value": 0, "Offset": 24}, "Flags": ["IMAGE_SCN_CNT_INITIALIZED_DATA", "IMAGE_SCN_MEM_READ"], "SHA512": "dcafc017249860404331da8525168d1f943ab3d9c3de7546114582ba6a5c56177c084cb1bbb8acf6e73ce5eb9991e1d8d6cc3fb11997a87b6d54f18190180688", "MD5": "4642097d1b33fd971a1cc4ac5e900315", "Entropy": 7.923126106311377, "VirtualAddress": {"FileOffset": 604, "Value": 24576, "Offset": 12}, "Structure": "IMAGE_SECTION_HEADER", "NumberOfLinenumbers": {"FileOffset": 626, "Value": 0, "Offset": 34}}], "Resource directory": [{"MajorVersion": {"FileOffset": 16392, "Value": 0, "Offset": 8}, "NumberOfIdEntries": {"FileOffset": 16398, "Value": 2, "Offset": 14}, "MinorVersion": {"FileOffset": 16394, "Value": 0, "Offset": 10}, "TimeDateStamp": {"FileOffset": 16388, "Value": "0x0        [Thu Jan  1 00:00:00 1970 UTC]", "Offset": 4}, "Characteristics": {"FileOffset": 16384, "Value": 0, "Offset": 0}, "NumberOfNamedEntries": {"FileOffset": 16396, "Value": 1, "Offset": 12}, "Structure": "IMAGE_RESOURCE_DIRECTORY"}, {"Name": {"FileOffset": 16400, "Value": 2147483880, "Offset": 0}, "OffsetToData": {"FileOffset": 16404, "Value": 2147483688, "Offset": 4}, "Structure": "IMAGE_RESOURCE_DIRECTORY_ENTRY"}, [{"MajorVersion": {"FileOffset": 16432, "Value": 0, "Offset": 8}, "NumberOfIdEntries": {"FileOffset": 16438, "Value": 1, "Offset": 14}, "MinorVersion": {"FileOffset": 16434, "Value": 0, "Offset": 10}, "TimeDateStamp": {"FileOffset": 16428, "Value": "0x0        [Thu Jan  1 00:00:00 1970 UTC]", "Offset": 4}, "Characteristics": {"FileOffset": 16424, "Value": 0, "Offset": 0}, "NumberOfNamedEntries": {"FileOffset": 16436, "Value": 0, "Offset": 12}, "Structure": "IMAGE_RESOURCE_DIRECTORY"}, {"Structure": "IMAGE_RESOURCE_DIRECTORY_ENTRY", "Id": 102, "OffsetToData": {"FileOffset": 16444, "Value": 2147483760, "Offset": 4}, "Name": {"FileOffset": 16440, "Value": 102, "Offset": 0}}, [{"MajorVersion": {"FileOffset": 16504, "Value": 0, "Offset": 8}, "NumberOfIdEntries": {"FileOffset": 16510, "Value": 1, "Offset": 14}, "MinorVersion": {"FileOffset": 16506, "Value": 0, "Offset": 10}, "TimeDateStamp": {"FileOffset": 16500, "Value": "0x0        [Thu Jan  1 00:00:00 1970 UTC]", "Offset": 4}, "Characteristics": {"FileOffset": 16496, "Value": 0, "Offset": 0}, "NumberOfNamedEntries": {"FileOffset": 16508, "Value": 0, "Offset": 12}, "Structure": "IMAGE_RESOURCE_DIRECTORY"}, {"LANG": 4, "SUBLANG_NAME": "SUBLANG_CHINESE_SIMPLIFIED", "Name": {"FileOffset": 16512, "Value": 2052, "Offset": 0}, "CodePage": {"FileOffset": 16576, "Value": 0, "Offset": 8}, "LANG_NAME": "LANG_CHINESE", "OffsetToData": {"FileOffset": 16568, "Value": 32192, "Offset": 0}, "Reserved": {"FileOffset": 16580, "Value": 0, "Offset": 12}, "SUBLANG": 2, "Structure": "IMAGE_RESOURCE_DATA_ENTRY", "Size": {"FileOffset": 16572, "Value": 276994, "Offset": 4}}]], {"Structure": "IMAGE_RESOURCE_DIRECTORY_ENTRY", "Id": [3, "RT_ICON"], "OffsetToData": {"FileOffset": 16412, "Value": 2147483712, "Offset": 4}, "Name": {"FileOffset": 16408, "Value": 3, "Offset": 0}}, [{"MajorVersion": {"FileOffset": 16456, "Value": 0, "Offset": 8}, "NumberOfIdEntries": {"FileOffset": 16462, "Value": 1, "Offset": 14}, "MinorVersion": {"FileOffset": 16458, "Value": 0, "Offset": 10}, "TimeDateStamp": {"FileOffset": 16452, "Value": "0x0        [Thu Jan  1 00:00:00 1970 UTC]", "Offset": 4}, "Characteristics": {"FileOffset": 16448, "Value": 0, "Offset": 0}, "NumberOfNamedEntries": {"FileOffset": 16460, "Value": 0, "Offset": 12}, "Structure": "IMAGE_RESOURCE_DIRECTORY"}, {"Structure": "IMAGE_RESOURCE_DIRECTORY_ENTRY", "Id": 1, "OffsetToData": {"FileOffset": 16468, "Value": 2147483784, "Offset": 4}, "Name": {"FileOffset": 16464, "Value": 1, "Offset": 0}}, [{"MajorVersion": {"FileOffset": 16528, "Value": 0, "Offset": 8}, "NumberOfIdEntries": {"FileOffset": 16534, "Value": 1, "Offset": 14}, "MinorVersion": {"FileOffset": 16530, "Value": 0, "Offset": 10}, "TimeDateStamp": {"FileOffset": 16524, "Value": "0x0        [Thu Jan  1 00:00:00 1970 UTC]", "Offset": 4}, "Characteristics": {"FileOffset": 16520, "Value": 0, "Offset": 0}, "NumberOfNamedEntries": {"FileOffset": 16532, "Value": 0, "Offset": 12}, "Structure": "IMAGE_RESOURCE_DIRECTORY"}, {"LANG": 4, "SUBLANG_NAME": "SUBLANG_CHINESE_SIMPLIFIED", "Name": {"FileOffset": 16536, "Value": 2052, "Offset": 0}, "CodePage": {"FileOffset": 16592, "Value": 0, "Offset": 8}, "LANG_NAME": "LANG_CHINESE", "OffsetToData": {"FileOffset": 16584, "Value": 24832, "Offset": 0}, "Reserved": {"FileOffset": 16596, "Value": 0, "Offset": 12}, "SUBLANG": 2, "Structure": "IMAGE_RESOURCE_DATA_ENTRY", "Size": {"FileOffset": 16588, "Value": 7336, "Offset": 4}}]], {"Structure": "IMAGE_RESOURCE_DIRECTORY_ENTRY", "Id": [14, "RT_GROUP_ICON"], "OffsetToData": {"FileOffset": 16420, "Value": 2147483736, "Offset": 4}, "Name": {"FileOffset": 16416, "Value": 14, "Offset": 0}}, [{"MajorVersion": {"FileOffset": 16480, "Value": 0, "Offset": 8}, "NumberOfIdEntries": {"FileOffset": 16486, "Value": 1, "Offset": 14}, "MinorVersion": {"FileOffset": 16482, "Value": 0, "Offset": 10}, "TimeDateStamp": {"FileOffset": 16476, "Value": "0x0        [Thu Jan  1 00:00:00 1970 UTC]", "Offset": 4}, "Characteristics": {"FileOffset": 16472, "Value": 0, "Offset": 0}, "NumberOfNamedEntries": {"FileOffset": 16484, "Value": 0, "Offset": 12}, "Structure": "IMAGE_RESOURCE_DIRECTORY"}, {"Structure": "IMAGE_RESOURCE_DIRECTORY_ENTRY", "Id": 101, "OffsetToData": {"FileOffset": 16492, "Value": 2147483808, "Offset": 4}, "Name": {"FileOffset": 16488, "Value": 101, "Offset": 0}}, [{"MajorVersion": {"FileOffset": 16552, "Value": 0, "Offset": 8}, "NumberOfIdEntries": {"FileOffset": 16558, "Value": 1, "Offset": 14}, "MinorVersion": {"FileOffset": 16554, "Value": 0, "Offset": 10}, "TimeDateStamp": {"FileOffset": 16548, "Value": "0x0        [Thu Jan  1 00:00:00 1970 UTC]", "Offset": 4}, "Characteristics": {"FileOffset": 16544, "Value": 0, "Offset": 0}, "NumberOfNamedEntries": {"FileOffset": 16556, "Value": 0, "Offset": 12}, "Structure": "IMAGE_RESOURCE_DIRECTORY"}, {"LANG": 4, "SUBLANG_NAME": "SUBLANG_CHINESE_SIMPLIFIED", "Name": {"FileOffset": 16560, "Value": 2052, "Offset": 0}, "CodePage": {"FileOffset": 16608, "Value": 0, "Offset": 8}, "LANG_NAME": "LANG_CHINESE", "OffsetToData": {"FileOffset": 16600, "Value": 32168, "Offset": 0}, "Reserved": {"FileOffset": 16612, "Value": 0, "Offset": 12}, "SUBLANG": 2, "Structure": "IMAGE_RESOURCE_DATA_ENTRY", "Size": {"FileOffset": 16604, "Value": 20, "Offset": 4}}]]]}
