{"DllCharacteristics": [], "FILE_HEADER": {"NumberOfSections": {"FileOffset": 238, "Value": 4, "Offset": 2}, "TimeDateStamp": {"FileOffset": 240, "Value": "0x4E81CAFC [Tue Sep 27 13:09:16 2011 UTC]", "Offset": 4}, "PointerToSymbolTable": {"FileOffset": 244, "Value": 0, "Offset": 8}, "NumberOfSymbols": {"FileOffset": 248, "Value": 0, "Offset": 12}, "Machine": {"FileOffset": 236, "Value": 332, "Offset": 0}, "Characteristics": {"FileOffset": 254, "Value": 271, "Offset": 18}, "SizeOfOptionalHeader": {"FileOffset": 252, "Value": 224, "Offset": 16}, "Structure": "IMAGE_FILE_HEADER"}, "Directories": [{"VirtualAddress": {"FileOffset": 352, "Value": 0, "Offset": 0}, "Structure": "IMAGE_DIRECTORY_ENTRY_EXPORT", "Size": {"FileOffset": 356, "Value": 0, "Offset": 4}}, {"VirtualAddress": {"FileOffset": 360, "Value": 56160, "Offset": 0}, "Structure": "IMAGE_DIRECTORY_ENTRY_IMPORT", "Size": {"FileOffset": 364, "Value": 120, "Offset": 4}}, {"VirtualAddress": {"FileOffset": 368, "Value": 65536, "Offset": 0}, "Structure": "IMAGE_DIRECTORY_ENTRY_RESOURCE", "Size": {"FileOffset": 372, "Value": 1864, "Offset": 4}}, {"VirtualAddress": {"FileOffset": 376, "Value": 0, "Offset": 0}, "Structure": "IMAGE_DIRECTORY_ENTRY_EXCEPTION", "Size": {"FileOffset": 380, "Value": 0, "Offset": 4}}, {"VirtualAddress": {"FileOffset": 384, "Value": 55296, "Offset": 0}, "Structure": "IMAGE_DIRECTORY_ENTRY_SECURITY", "Size": {"FileOffset": 388, "Value": 912, "Offset": 4}}, {"VirtualAddress": {"FileOffset": 392, "Value": 0, "Offset": 0}, "Structure": "IMAGE_DIRECTORY_ENTRY_BASERELOC", "Size": {"FileOffset": 396, "Value": 0, "Offset": 4}}, {"VirtualAddress": {"FileOffset": 400, "Value": 0, "Offset": 0}, "Structure": "IMAGE_DIRECTORY_ENTRY_DEBUG", "Size": {"FileOffset": 404, "Value": 0, "Offset": 4}}, {"VirtualAddress": {"FileOffset": 408, "Value": 0, "Offset": 0}, "Structure": "IMAGE_DIRECTORY_ENTRY_COPYRIGHT", "Size": {"FileOffset": 412, "Value": 0, "Offset": 4}}, {"VirtualAddress": {"FileOffset": 416, "Value": 0, "Offset": 0}, "Structure": "IMAGE_DIRECTORY_ENTRY_GLOBALPTR", "Size": {"FileOffset": 420, "Value": 0, "Offset": 4}}, {"VirtualAddress": {"FileOffset": 424, "Value": 0, "Offset": 0}, "Structure": "IMAGE_DIRECTORY_ENTRY_TLS", "Size": {"FileOffset": 428, "Value": 0, "Offset": 4}}, {"VirtualAddress": {"FileOffset": 432, "Value": 0, "Offset": 0}, "Structure": "IMAGE_DIRECTORY_ENTRY_LOAD_CONFIG", "Size": {"FileOffset": 436, "Value": 0, "Offset": 4}}, {"VirtualAddress": {"FileOffset": 440, "Value": 0, "Offset": 0}, "Structure": "IMAGE_DIRECTORY_ENTRY_BOUND_IMPORT", "Size": {"FileOffset": 444, "Value": 0, "Offset": 4}}, {"VirtualAddress": {"FileOffset": 448, "Value": 8192, "Offset": 0}, "Structure": "IMAGE_DIRECTORY_ENTRY_IAT", "Size": {"FileOffset": 452, "Value": 184, "Offset": 4}}, {"VirtualAddress": {"FileOffset": 456, "Value": 0, "Offset": 0}, "Structure": "IMAGE_DIRECTORY_ENTRY_DELAY_IMPORT", "Size": {"FileOffset": 460, "Value": 0, "Offset": 4}}, {"VirtualAddress": {"FileOffset": 464, "Value": 0, "Offset": 0}, "Structure": "IMAGE_DIRECTORY_ENTRY_COM_DESCRIPTOR", "Size": {"FileOffset": 468, "Value": 0, "Offset": 4}}, {"VirtualAddress": {"FileOffset": 472, "Value": 0, "Offset": 0}, "Structure": "IMAGE_DIRECTORY_ENTRY_RESERVED", "Size": {"FileOffset": 476, "Value": 0, "Offset": 4}}], "OPTIONAL_HEADER": {"DllCharacteristics": {"FileOffset": 326, "Value": 0, "Offset": 70}, "BaseOfCode": {"FileOffset": 276, "Value": 4096, "Offset": 20}, "MajorLinkerVersion": {"FileOffset": 258, "Value": 6, "Offset": 2}, "MinorOperatingSystemVersion": {"FileOffset": 298, "Value": 0, "Offset": 42}, "MinorLinkerVersion": {"FileOffset": 259, "Value": 0, "Offset": 3}, "MajorSubsystemVersion": {"FileOffset": 304, "Value": 4, "Offset": 48}, "MajorOperatingSystemVersion": {"FileOffset": 296, "Value": 4, "Offset": 40}, "SizeOfStackCommit": {"FileOffset": 332, "Value": 4096, "Offset": 76}, "SizeOfUninitializedData": {"FileOffset": 268, "Value": 0, "Offset": 12}, "NumberOfRvaAndSizes": {"FileOffset": 348, "Value": 16, "Offset": 92}, "SizeOfHeapReserve": {"FileOffset": 336, "Value": 1048576, "Offset": 80}, "LoaderFlags": {"FileOffset": 344, "Value": 0, "Offset": 88}, "SizeOfHeapCommit": {"FileOffset": 340, "Value": 4096, "Offset": 84}, "SizeOfStackReserve": {"FileOffset": 328, "Value": 1048576, "Offset": 72}, "Structure": "IMAGE_OPTIONAL_HEADER", "SizeOfHeaders": {"FileOffset": 316, "Value": 1024, "Offset": 60}, "Subsystem": {"FileOffset": 324, "Value": 2, "Offset": 68}, "Magic": {"FileOffset": 256, "Value": 267, "Offset": 0}, "MinorImageVersion": {"FileOffset": 302, "Value": 0, "Offset": 46}, "MajorImageVersion": {"FileOffset": 300, "Value": 0, "Offset": 44}, "FileAlignment": {"FileOffset": 292, "Value": 512, "Offset": 36}, "BaseOfData": {"FileOffset": 280, "Value": 8192, "Offset": 24}, "AddressOfEntryPoint": {"FileOffset": 272, "Value": 5263, "Offset": 16}, "SectionAlignment": {"FileOffset": 288, "Value": 4096, "Offset": 32}, "SizeOfCode": {"FileOffset": 260, "Value": 2048, "Offset": 4}, "ImageBase": {"FileOffset": 284, "Value": 4194304, "Offset": 28}, "SizeOfInitializedData": {"FileOffset": 264, "Value": 52224, "Offset": 8}, "SizeOfImage": {"FileOffset": 312, "Value": 69632, "Offset": 56}, "MinorSubsystemVersion": {"FileOffset": 306, "Value": 0, "Offset": 50}, "CheckSum": {"FileOffset": 320, "Value": 68668, "Offset": 64}, "Reserved1": {"FileOffset": 308, "Value": 0, "Offset": 52}}, "DOS_HEADER": {"e_cblp": {"FileOffset": 2, "Value": 144, "Offset": 2}, "e_crlc": {"FileOffset": 6, "Value": 0, "Offset": 6}, "e_ovno": {"FileOffset": 26, "Value": 0, "Offset": 26}, "e_minalloc": {"FileOffset": 10, "Value": 0, "Offset": 10}, "e_csum": {"FileOffset": 18, "Value": 0, "Offset": 18}, "e_cparhdr": {"FileOffset": 8, "Value": 4, "Offset": 8}, "e_cp": {"FileOffset": 4, "Value": 3, "Offset": 4}, "e_cs": {"FileOffset": 22, "Value": 0, "Offset": 22}, "e_maxalloc": {"FileOffset": 12, "Value": 65535, "Offset": 12}, "e_lfarlc": {"FileOffset": 24, "Value": 64, "Offset": 24}, "e_oemid": {"FileOffset": 36, "Value": 0, "Offset": 36}, "e_lfanew": {"FileOffset": 60, "Value": 232, "Offset": 60}, "e_ss": {"FileOffset": 14, "Value": 0, "Offset": 14}, "e_magic": {"FileOffset": 0, "Value": 23117, "Offset": 0}, "e_oeminfo": {"FileOffset": 38, "Value": 0, "Offset": 38}, "e_res2": {"FileOffset": 40, "Value": "", "Offset": 40}, "e_res": {"FileOffset": 28, "Value": "", "Offset": 28}, "e_sp": {"FileOffset": 16, "Value": 184, "Offset": 16}, "Structure": "IMAGE_DOS_HEADER", "e_ip": {"FileOffset": 20, "Value": 0, "Offset": 20}}, "NT_HEADERS": {"Structure": "IMAGE_NT_HEADERS", "Signature": {"FileOffset": 232, "Value": 17744, "Offset": 0}}, "Flags": ["IMAGE_FILE_LOCAL_SYMS_STRIPPED", "IMAGE_FILE_32BIT_MACHINE", "IMAGE_FILE_EXECUTABLE_IMAGE", "IMAGE_FILE_LINE_NUMS_STRIPPED", "IMAGE_FILE_RELOCS_STRIPPED"], "Version Information": [{"ValueLength": {"FileOffset": 53490, "Value": 52, "Offset": 2}, "Length": {"FileOffset": 53488, "Value": 856, "Offset": 0}, "Type": {"FileOffset": 53492, "Value": 0, "Offset": 4}, "Structure": "VS_VERSIONINFO"}, {"FileFlagsMask": {"FileOffset": 53552, "Value": 63, "Offset": 24}, "FileType": {"FileOffset": 53564, "Value": 1, "Offset": 36}, "FileVersionMS": {"FileOffset": 53536, "Value": 589824, "Offset": 8}, "FileVersionLS": {"FileOffset": 53540, "Value": 1377697800, "Offset": 12}, "Signature": {"FileOffset": 53528, "Value": 4277077181, "Offset": 0}, "FileSubtype": {"FileOffset": 53568, "Value": 0, "Offset": 40}, "FileFlags": {"FileOffset": 53556, "Value": 0, "Offset": 28}, "FileDateLS": {"FileOffset": 53576, "Value": 0, "Offset": 48}, "ProductVersionLS": {"FileOffset": 53548, "Value": 1377697800, "Offset": 20}, "FileOS": {"FileOffset": 53560, "Value": 262148, "Offset": 32}, "ProductVersionMS": {"FileOffset": 53544, "Value": 589824, "Offset": 16}, "FileDateMS": {"FileOffset": 53572, "Value": 0, "Offset": 44}, "Structure": "VS_FIXEDFILEINFO", "StrucVersion": {"FileOffset": 53532, "Value": 65536, "Offset": 4}}], "Imported symbols": [[{"TimeDateStamp": {"FileOffset": 51044, "Value": "0x0        [Thu Jan  1 00:00:00 1970 UTC]", "Offset": 4}, "Name": {"FileOffset": 51052, "Value": 56558, "Offset": 12}, "ForwarderChain": {"FileOffset": 51048, "Value": 0, "Offset": 8}, "OriginalFirstThunk": {"FileOffset": 51040, "Value": 56296, "Offset": 0}, "FirstThunk": {"FileOffset": 51056, "Value": 8208, "Offset": 16}, "Characteristics": {"FileOffset": 51040, "Value": 56296, "Offset": 0}, "Structure": "IMAGE_IMPORT_DESCRIPTOR"}, {"Hint": 917, "Name": "WinExec", "DLL": "KERNEL32.dll"}, {"Hint": 622, "Name": "MoveFileA", "DLL": "KERNEL32.dll"}, {"Hint": 912, "Name": "WaitForSingleObject", "DLL": "KERNEL32.dll"}, {"Hint": 416, "Name": "GetProcAddress", "DLL": "KERNEL32.dll"}, {"Hint": 594, "Name": "LoadLibraryA", "DLL": "KERNEL32.dll"}, {"Hint": 79, "Name": "CreateEventA", "DLL": "KERNEL32.dll"}, {"Hint": 439, "Name": "GetStartupInfoA", "DLL": "KERNEL32.dll"}, {"Hint": 383, "Name": "GetModuleHandleA", "DLL": "KERNEL32.dll"}], [{"TimeDateStamp": {"FileOffset": 51064, "Value": "0x0        [Thu Jan  1 00:00:00 1970 UTC]", "Offset": 4}, "Name": {"FileOffset": 51072, "Value": 56620, "Offset": 12}, "ForwarderChain": {"FileOffset": 51068, "Value": 0, "Offset": 8}, "OriginalFirstThunk": {"FileOffset": 51060, "Value": 56280, "Offset": 0}, "FirstThunk": {"FileOffset": 51076, "Value": 8192, "Offset": 16}, "Characteristics": {"FileOffset": 51060, "Value": 56280, "Offset": 0}, "Structure": "IMAGE_IMPORT_DESCRIPTOR"}, {"Hint": 459, "Name": "RegCloseKey", "DLL": "ADVAPI32.dll"}, {"Hint": 492, "Name": "RegOpenKeyExA", "DLL": "ADVAPI32.dll"}, {"Hint": 516, "Name": "RegSetValueExA", "DLL": "ADVAPI32.dll"}], [{"TimeDateStamp": {"FileOffset": 51084, "Value": "0x0        [Thu Jan  1 00:00:00 1970 UTC]", "Offset": 4}, "Name": {"FileOffset": 51092, "Value": 56634, "Offset": 12}, "ForwarderChain": {"FileOffset": 51088, "Value": 0, "Offset": 8}, "OriginalFirstThunk": {"FileOffset": 51080, "Value": 56456, "Offset": 0}, "FirstThunk": {"FileOffset": 51096, "Value": 8368, "Offset": 16}, "Characteristics": {"FileOffset": 51080, "Value": 56456, "Offset": 0}, "Structure": "IMAGE_IMPORT_DESCRIPTOR"}, {"Ordinal": 680, "DLL": "SHELL32.dll"}], [{"TimeDateStamp": {"FileOffset": 51104, "Value": "0x0        [Thu Jan  1 00:00:00 1970 UTC]", "Offset": 4}, "Name": {"FileOffset": 51112, "Value": 57066, "Offset": 12}, "ForwarderChain": {"FileOffset": 51108, "Value": 0, "Offset": 8}, "OriginalFirstThunk": {"FileOffset": 51100, "Value": 56332, "Offset": 0}, "FirstThunk": {"FileOffset": 51116, "Value": 8244, "Offset": 16}, "Characteristics": {"FileOffset": 51100, "Value": 56332, "Offset": 0}, "Structure": "IMAGE_IMPORT_DESCRIPTOR"}, {"Hint": 1016, "Name": "?_Tidy@?$basic_string@DU?$char_traits@D@std@@V?$allocator@D@2@@std@@AAEX_N@Z", "DLL": "MSVCP60.dll"}, {"Hint": 233, "Name": "??1?$basic_string@DU?$char_traits@D@std@@V?$allocator@D@2@@std@@QAE@XZ", "DLL": "MSVCP60.dll"}, {"Hint": 813, "Name": "?_C@?1??_Nullstr@?$basic_string@DU?$char_traits@D@std@@V?$allocator@D@2@@std@@CAPBDXZ@4DB", "DLL": "MSVCP60.dll"}, {"Hint": 535, "Name": "??Hstd@@YA?AV?$basic_string@DU?$char_traits@D@std@@V?$allocator@D@2@@0@ABV10@PBD@Z", "DLL": "MSVCP60.dll"}, {"Hint": 1056, "Name": "?assign@?$basic_string@DU?$char_traits@D@std@@V?$allocator@D@2@@std@@QAEAAV12@PBDI@Z", "DLL": "MSVCP60.dll"}], [{"TimeDateStamp": {"FileOffset": 51124, "Value": "0x0        [Thu Jan  1 00:00:00 1970 UTC]", "Offset": 4}, "Name": {"FileOffset": 51132, "Value": 57174, "Offset": 12}, "ForwarderChain": {"FileOffset": 51128, "Value": 0, "Offset": 8}, "OriginalFirstThunk": {"FileOffset": 51120, "Value": 56356, "Offset": 0}, "FirstThunk": {"FileOffset": 51136, "Value": 8268, "Offset": 16}, "Characteristics": {"FileOffset": 51120, "Value": 56356, "Offset": 0}, "Structure": "IMAGE_IMPORT_DESCRIPTOR"}, {"Hint": 702, "Name": "strlen", "DLL": "MSVCRT.dll"}, {"Hint": 694, "Name": "strcat", "DLL": "MSVCRT.dll"}, {"Hint": 665, "Name": "memset", "DLL": "MSVCRT.dll"}, {"Hint": 698, "Name": "strcpy", "DLL": "MSVCRT.dll"}, {"Hint": 588, "Name": "fclose", "DLL": "MSVCRT.dll"}, {"Hint": 614, "Name": "fwrite", "DLL": "MSVCRT.dll"}, {"Hint": 599, "Name": "fopen", "DLL": "MSVCRT.dll"}, {"Hint": 678, "Name": "rand", "DLL": "MSVCRT.dll"}, {"Hint": 73, "Name": "__CxxFrameHandler", "DLL": "MSVCRT.dll"}, {"Hint": 85, "Name": "__dllonexit", "DLL": "MSVCRT.dll"}, {"Hint": 390, "Name": "_onexit", "DLL": "MSVCRT.dll"}, {"Hint": 211, "Name": "_exit", "DLL": "MSVCRT.dll"}, {"Hint": 72, "Name": "_XcptFilter", "DLL": "MSVCRT.dll"}, {"Hint": 585, "Name": "exit", "DLL": "MSVCRT.dll"}, {"Hint": 143, "Name": "_acmdln", "DLL": "MSVCRT.dll"}, {"Hint": 88, "Name": "__getmainargs", "DLL": "MSVCRT.dll"}, {"Hint": 271, "Name": "_initterm", "DLL": "MSVCRT.dll"}, {"Hint": 131, "Name": "__setusermatherr", "DLL": "MSVCRT.dll"}, {"Hint": 157, "Name": "_adjust_fdiv", "DLL": "MSVCRT.dll"}, {"Hint": 106, "Name": "__p__commode", "DLL": "MSVCRT.dll"}, {"Hint": 111, "Name": "__p__fmode", "DLL": "MSVCRT.dll"}, {"Hint": 129, "Name": "__set_app_type", "DLL": "MSVCRT.dll"}, {"Hint": 202, "Name": "_except_handler3", "DLL": "MSVCRT.dll"}, {"Hint": 183, "Name": "_controlfp", "DLL": "MSVCRT.dll"}]], "PE Sections": [{"PointerToRawData": {"FileOffset": 500, "Value": 1024, "Offset": 20}, "SHA1": "1308a38cba0d813ab6d4451d947741d49b98e497", "SHA256": "d24ee45f2da73f6ef0507c1c51b54530209fe0b7913aad8a71784459522676ca", "Name": {"FileOffset": 480, "Value": ".text", "Offset": 0}, "NumberOfRelocations": {"FileOffset": 512, "Value": 0, "Offset": 32}, "Misc_VirtualSize": {"FileOffset": 488, "Value": 1612, "Offset": 8}, "Characteristics": {"FileOffset": 516, "Value": 1610612768, "Offset": 36}, "Misc": {"FileOffset": 488, "Value": 1612, "Offset": 8}, "PointerToLinenumbers": {"FileOffset": 508, "Value": 0, "Offset": 28}, "SizeOfRawData": {"FileOffset": 496, "Value": 2048, "Offset": 16}, "Misc_PhysicalAddress": {"FileOffset": 488, "Value": 1612, "Offset": 8}, "PointerToRelocations": {"FileOffset": 504, "Value": 0, "Offset": 24}, "Flags": ["IMAGE_SCN_MEM_EXECUTE", "IMAGE_SCN_CNT_CODE", "IMAGE_SCN_MEM_READ"], "SHA512": "acf684bc25c748f6c87709618c9a2c2be981412b32892f56bc97cb8707d463a407ea0a6450de24c7da23da6d32d266894054794e6e8f123f6007a64d5f88f01f", "MD5": "c35b41a67e675b8138e0901be30b9e9f", "Entropy": 5.095452243013189, "VirtualAddress": {"FileOffset": 492, "Value": 4096, "Offset": 12}, "Structure": "IMAGE_SECTION_HEADER", "NumberOfLinenumbers": {"FileOffset": 514, "Value": 0, "Offset": 34}}, {"PointerToRawData": {"FileOffset": 540, "Value": 3072, "Offset": 20}, "SHA1": "6bfcfa958629a2c4432906428ffb66623d2bcd6b", "SHA256": "915e9b8cb7db50ad065843b0336f14a61e6b5972e5100e61dbdd64219109fbc5", "Name": {"FileOffset": 520, "Value": ".rdata", "Offset": 0}, "NumberOfRelocations": {"FileOffset": 552, "Value": 0, "Offset": 32}, "Misc_VirtualSize": {"FileOffset": 528, "Value": 49242, "Offset": 8}, "Characteristics": {"FileOffset": 556, "Value": 1073741888, "Offset": 36}, "Misc": {"FileOffset": 528, "Value": 49242, "Offset": 8}, "PointerToLinenumbers": {"FileOffset": 548, "Value": 0, "Offset": 28}, "SizeOfRawData": {"FileOffset": 536, "Value": 49664, "Offset": 16}, "Misc_PhysicalAddress": {"FileOffset": 528, "Value": 49242, "Offset": 8}, "PointerToRelocations": {"FileOffset": 544, "Value": 0, "Offset": 24}, "Flags": ["IMAGE_SCN_CNT_INITIALIZED_DATA", "IMAGE_SCN_MEM_READ"], "SHA512": "76449d5be96c13dfc69c4f99c19fec2c0cb148ec23fee3e66fdc9827d7262026fd102929e723ea0e07e376838bd233cbf448294a0a269ced16ee108a19ff445e", "MD5": "4f97e625144421c212c53faca7693f31", "Entropy": 6.24753292110218, "VirtualAddress": {"FileOffset": 532, "Value": 8192, "Offset": 12}, "Structure": "IMAGE_SECTION_HEADER", "NumberOfLinenumbers": {"FileOffset": 554, "Value": 0, "Offset": 34}}, {"PointerToRawData": {"FileOffset": 580, "Value": 52736, "Offset": 20}, "SHA1": "1e145fd9b4e7a1b113f9b2325ab4e1524b452bed", "SHA256": "722f6bec1f559462e6985b3be69dfadf659453a9d44653fbe362939addf99f6c", "Name": {"FileOffset": 560, "Value": ".data", "Offset": 0}, "NumberOfRelocations": {"FileOffset": 592, "Value": 0, "Offset": 32}, "Misc_VirtualSize": {"FileOffset": 568, "Value": 336, "Offset": 8}, "Characteristics": {"FileOffset": 596, "Value": 3221225536, "Offset": 36}, "Misc": {"FileOffset": 568, "Value": 336, "Offset": 8}, "PointerToLinenumbers": {"FileOffset": 588, "Value": 0, "Offset": 28}, "SizeOfRawData": {"FileOffset": 576, "Value": 512, "Offset": 16}, "Misc_PhysicalAddress": {"FileOffset": 568, "Value": 336, "Offset": 8}, "PointerToRelocations": {"FileOffset": 584, "Value": 0, "Offset": 24}, "Flags": ["IMAGE_SCN_CNT_INITIALIZED_DATA", "IMAGE_SCN_MEM_WRITE", "IMAGE_SCN_MEM_READ"], "SHA512": "c306cc13662f7e9a934821942ded0f9f719f21516dbdfd9c3d196ea3ba6c1d9ac433e5c589702d5a078df1238f96382b1e7c3c365acbb4cab51030c900dc4a9e", "MD5": "3bb937e542a6348652cc7264c5dadc53", "Entropy": 2.793722810817132, "VirtualAddress": {"FileOffset": 572, "Value": 61440, "Offset": 12}, "Structure": "IMAGE_SECTION_HEADER", "NumberOfLinenumbers": {"FileOffset": 594, "Value": 0, "Offset": 34}}, {"PointerToRawData": {"FileOffset": 620, "Value": 53248, "Offset": 20}, "SHA1": "1764186d0ce307c96d207930a3d8d3db0315b5ed", "SHA256": "6637426f0d89a4984a22c47e073adb2da2322eb7eaca4e0fb555b6edbfac6526", "Name": {"FileOffset": 600, "Value": ".rsrc", "Offset": 0}, "NumberOfRelocations": {"FileOffset": 632, "Value": 0, "Offset": 32}, "Misc_VirtualSize": {"FileOffset": 608, "Value": 1864, "Offset": 8}, "Characteristics": {"FileOffset": 636, "Value": 1073741888, "Offset": 36}, "Misc": {"FileOffset": 608, "Value": 1864, "Offset": 8}, "PointerToLinenumbers": {"FileOffset": 628, "Value": 0, "Offset": 28}, "SizeOfRawData": {"FileOffset": 616, "Value": 2048, "Offset": 16}, "Misc_PhysicalAddress": {"FileOffset": 608, "Value": 1864, "Offset": 8}, "PointerToRelocations": {"FileOffset": 624, "Value": 0, "Offset": 24}, "Flags": ["IMAGE_SCN_CNT_INITIALIZED_DATA", "IMAGE_SCN_MEM_READ"], "SHA512": "62b8c870b87371b6288a21028c12ee4e07c9c506a32223d6a7fe6fb3851e13cc52c8279ad74c8daee54b1d78f01def700af07b7b1ceeb9e3660bea2b7f011aeb", "MD5": "ebb3d9c3ad4900c275059eb0da7cfb53", "Entropy": 3.429521447475831, "VirtualAddress": {"FileOffset": 612, "Value": 65536, "Offset": 12}, "Structure": "IMAGE_SECTION_HEADER", "NumberOfLinenumbers": {"FileOffset": 634, "Value": 0, "Offset": 34}}], "Resource directory": [{"MajorVersion": {"FileOffset": 53256, "Value": 0, "Offset": 8}, "NumberOfIdEntries": {"FileOffset": 53262, "Value": 3, "Offset": 14}, "MinorVersion": {"FileOffset": 53258, "Value": 0, "Offset": 10}, "TimeDateStamp": {"FileOffset": 53252, "Value": "0x0        [Thu Jan  1 00:00:00 1970 UTC]", "Offset": 4}, "Characteristics": {"FileOffset": 53248, "Value": 0, "Offset": 0}, "NumberOfNamedEntries": {"FileOffset": 53260, "Value": 0, "Offset": 12}, "Structure": "IMAGE_RESOURCE_DIRECTORY"}, {"Structure": "IMAGE_RESOURCE_DIRECTORY_ENTRY", "Id": [3, "RT_ICON"], "OffsetToData": {"FileOffset": 53268, "Value": 2147483688, "Offset": 4}, "Name": {"FileOffset": 53264, "Value": 3, "Offset": 0}}, [{"MajorVersion": {"FileOffset": 53296, "Value": 0, "Offset": 8}, "NumberOfIdEntries": {"FileOffset": 53302, "Value": 1, "Offset": 14}, "MinorVersion": {"FileOffset": 53298, "Value": 0, "Offset": 10}, "TimeDateStamp": {"FileOffset": 53292, "Value": "0x0        [Thu Jan  1 00:00:00 1970 UTC]", "Offset": 4}, "Characteristics": {"FileOffset": 53288, "Value": 0, "Offset": 0}, "NumberOfNamedEntries": {"FileOffset": 53300, "Value": 0, "Offset": 12}, "Structure": "IMAGE_RESOURCE_DIRECTORY"}, {"Structure": "IMAGE_RESOURCE_DIRECTORY_ENTRY", "Id": 1, "OffsetToData": {"FileOffset": 53308, "Value": 2147483760, "Offset": 4}, "Name": {"FileOffset": 53304, "Value": 1, "Offset": 0}}, [{"MajorVersion": {"FileOffset": 53368, "Value": 0, "Offset": 8}, "NumberOfIdEntries": {"FileOffset": 53374, "Value": 1, "Offset": 14}, "MinorVersion": {"FileOffset": 53370, "Value": 0, "Offset": 10}, "TimeDateStamp": {"FileOffset": 53364, "Value": "0x0        [Thu Jan  1 00:00:00 1970 UTC]", "Offset": 4}, "Characteristics": {"FileOffset": 53360, "Value": 0, "Offset": 0}, "NumberOfNamedEntries": {"FileOffset": 53372, "Value": 0, "Offset": 12}, "Structure": "IMAGE_RESOURCE_DIRECTORY"}, {"LANG": 4, "SUBLANG_NAME": "SUBLANG_CHINESE_SIMPLIFIED", "Name": {"FileOffset": 53376, "Value": 2052, "Offset": 0}, "CodePage": {"FileOffset": 53440, "Value": 0, "Offset": 8}, "LANG_NAME": "LANG_CHINESE", "OffsetToData": {"FileOffset": 53432, "Value": 66632, "Offset": 0}, "Reserved": {"FileOffset": 53444, "Value": 0, "Offset": 12}, "SUBLANG": 2, "Structure": "IMAGE_RESOURCE_DATA_ENTRY", "Size": {"FileOffset": 53436, "Value": 744, "Offset": 4}}]], {"Structure": "IMAGE_RESOURCE_DIRECTORY_ENTRY", "Id": [14, "RT_GROUP_ICON"], "OffsetToData": {"FileOffset": 53276, "Value": 2147483712, "Offset": 4}, "Name": {"FileOffset": 53272, "Value": 14, "Offset": 0}}, [{"MajorVersion": {"FileOffset": 53320, "Value": 0, "Offset": 8}, "NumberOfIdEntries": {"FileOffset": 53326, "Value": 1, "Offset": 14}, "MinorVersion": {"FileOffset": 53322, "Value": 0, "Offset": 10}, "TimeDateStamp": {"FileOffset": 53316, "Value": "0x0        [Thu Jan  1 00:00:00 1970 UTC]", "Offset": 4}, "Characteristics": {"FileOffset": 53312, "Value": 0, "Offset": 0}, "NumberOfNamedEntries": {"FileOffset": 53324, "Value": 0, "Offset": 12}, "Structure": "IMAGE_RESOURCE_DIRECTORY"}, {"Structure": "IMAGE_RESOURCE_DIRECTORY_ENTRY", "Id": 135, "OffsetToData": {"FileOffset": 53332, "Value": 2147483784, "Offset": 4}, "Name": {"FileOffset": 53328, "Value": 135, "Offset": 0}}, [{"MajorVersion": {"FileOffset": 53392, "Value": 0, "Offset": 8}, "NumberOfIdEntries": {"FileOffset": 53398, "Value": 1, "Offset": 14}, "MinorVersion": {"FileOffset": 53394, "Value": 0, "Offset": 10}, "TimeDateStamp": {"FileOffset": 53388, "Value": "0x0        [Thu Jan  1 00:00:00 1970 UTC]", "Offset": 4}, "Characteristics": {"FileOffset": 53384, "Value": 0, "Offset": 0}, "NumberOfNamedEntries": {"FileOffset": 53396, "Value": 0, "Offset": 12}, "Structure": "IMAGE_RESOURCE_DIRECTORY"}, {"LANG": 4, "SUBLANG_NAME": "SUBLANG_CHINESE_SIMPLIFIED", "Name": {"FileOffset": 53400, "Value": 2052, "Offset": 0}, "CodePage": {"FileOffset": 53456, "Value": 0, "Offset": 8}, "LANG_NAME": "LANG_CHINESE", "OffsetToData": {"FileOffset": 53448, "Value": 67376, "Offset": 0}, "Reserved": {"FileOffset": 53460, "Value": 0, "Offset": 12}, "SUBLANG": 2, "Structure": "IMAGE_RESOURCE_DATA_ENTRY", "Size": {"FileOffset": 53452, "Value": 20, "Offset": 4}}]], {"Structure": "IMAGE_RESOURCE_DIRECTORY_ENTRY", "Id": [16, "RT_VERSION"], "OffsetToData": {"FileOffset": 53284, "Value": 2147483736, "Offset": 4}, "Name": {"FileOffset": 53280, "Value": 16, "Offset": 0}}, [{"MajorVersion": {"FileOffset": 53344, "Value": 0, "Offset": 8}, "NumberOfIdEntries": {"FileOffset": 53350, "Value": 1, "Offset": 14}, "MinorVersion": {"FileOffset": 53346, "Value": 0, "Offset": 10}, "TimeDateStamp": {"FileOffset": 53340, "Value": "0x0        [Thu Jan  1 00:00:00 1970 UTC]", "Offset": 4}, "Characteristics": {"FileOffset": 53336, "Value": 0, "Offset": 0}, "NumberOfNamedEntries": {"FileOffset": 53348, "Value": 0, "Offset": 12}, "Structure": "IMAGE_RESOURCE_DIRECTORY"}, {"Structure": "IMAGE_RESOURCE_DIRECTORY_ENTRY", "Id": 1, "OffsetToData": {"FileOffset": 53356, "Value": 2147483808, "Offset": 4}, "Name": {"FileOffset": 53352, "Value": 1, "Offset": 0}}, [{"MajorVersion": {"FileOffset": 53416, "Value": 0, "Offset": 8}, "NumberOfIdEntries": {"FileOffset": 53422, "Value": 1, "Offset": 14}, "MinorVersion": {"FileOffset": 53418, "Value": 0, "Offset": 10}, "TimeDateStamp": {"FileOffset": 53412, "Value": "0x0        [Thu Jan  1 00:00:00 1970 UTC]", "Offset": 4}, "Characteristics": {"FileOffset": 53408, "Value": 0, "Offset": 0}, "NumberOfNamedEntries": {"FileOffset": 53420, "Value": 0, "Offset": 12}, "Structure": "IMAGE_RESOURCE_DIRECTORY"}, {"LANG": 4, "SUBLANG_NAME": "SUBLANG_CHINESE_SIMPLIFIED", "Name": {"FileOffset": 53424, "Value": 2052, "Offset": 0}, "CodePage": {"FileOffset": 53472, "Value": 0, "Offset": 8}, "LANG_NAME": "LANG_CHINESE", "OffsetToData": {"FileOffset": 53464, "Value": 65776, "Offset": 0}, "Reserved": {"FileOffset": 53476, "Value": 0, "Offset": 12}, "SUBLANG": 2, "Structure": "IMAGE_RESOURCE_DATA_ENTRY", "Size": {"FileOffset": 53468, "Value": 856, "Offset": 4}}]]]}
