{"DllCharacteristics": [], "FILE_HEADER": {"NumberOfSections": {"FileOffset": 262, "Value": 3, "Offset": 2}, "TimeDateStamp": {"FileOffset": 264, "Value": "0x4D2BCCDA [Tue Jan 11 03:22:02 2011 UTC]", "Offset": 4}, "PointerToSymbolTable": {"FileOffset": 268, "Value": 0, "Offset": 8}, "NumberOfSymbols": {"FileOffset": 272, "Value": 0, "Offset": 12}, "Machine": {"FileOffset": 260, "Value": 332, "Offset": 0}, "Characteristics": {"FileOffset": 278, "Value": 271, "Offset": 18}, "SizeOfOptionalHeader": {"FileOffset": 276, "Value": 224, "Offset": 16}, "Structure": "IMAGE_FILE_HEADER"}, "Directories": [{"VirtualAddress": {"FileOffset": 376, "Value": 0, "Offset": 0}, "Structure": "IMAGE_DIRECTORY_ENTRY_EXPORT", "Size": {"FileOffset": 380, "Value": 0, "Offset": 4}}, {"VirtualAddress": {"FileOffset": 384, "Value": 737624, "Offset": 0}, "Structure": "IMAGE_DIRECTORY_ENTRY_IMPORT", "Size": {"FileOffset": 388, "Value": 200, "Offset": 4}}, {"VirtualAddress": {"FileOffset": 392, "Value": 0, "Offset": 0}, "Structure": "IMAGE_DIRECTORY_ENTRY_RESOURCE", "Size": {"FileOffset": 396, "Value": 0, "Offset": 4}}, {"VirtualAddress": {"FileOffset": 400, "Value": 0, "Offset": 0}, "Structure": "IMAGE_DIRECTORY_ENTRY_EXCEPTION", "Size": {"FileOffset": 404, "Value": 0, "Offset": 4}}, {"VirtualAddress": {"FileOffset": 408, "Value": 0, "Offset": 0}, "Structure": "IMAGE_DIRECTORY_ENTRY_SECURITY", "Size": {"FileOffset": 412, "Value": 0, "Offset": 4}}, {"VirtualAddress": {"FileOffset": 416, "Value": 0, "Offset": 0}, "Structure": "IMAGE_DIRECTORY_ENTRY_BASERELOC", "Size": {"FileOffset": 420, "Value": 0, "Offset": 4}}, {"VirtualAddress": {"FileOffset": 424, "Value": 0, "Offset": 0}, "Structure": "IMAGE_DIRECTORY_ENTRY_DEBUG", "Size": {"FileOffset": 428, "Value": 0, "Offset": 4}}, {"VirtualAddress": {"FileOffset": 432, "Value": 0, "Offset": 0}, "Structure": "IMAGE_DIRECTORY_ENTRY_COPYRIGHT", "Size": {"FileOffset": 436, "Value": 0, "Offset": 4}}, {"VirtualAddress": {"FileOffset": 440, "Value": 0, "Offset": 0}, "Structure": "IMAGE_DIRECTORY_ENTRY_GLOBALPTR", "Size": {"FileOffset": 444, "Value": 0, "Offset": 4}}, {"VirtualAddress": {"FileOffset": 448, "Value": 0, "Offset": 0}, "Structure": "IMAGE_DIRECTORY_ENTRY_TLS", "Size": {"FileOffset": 452, "Value": 0, "Offset": 4}}, {"VirtualAddress": {"FileOffset": 456, "Value": 0, "Offset": 0}, "Structure": "IMAGE_DIRECTORY_ENTRY_LOAD_CONFIG", "Size": {"FileOffset": 460, "Value": 0, "Offset": 4}}, {"VirtualAddress": {"FileOffset": 464, "Value": 0, "Offset": 0}, "Structure": "IMAGE_DIRECTORY_ENTRY_BOUND_IMPORT", "Size": {"FileOffset": 468, "Value": 0, "Offset": 4}}, {"VirtualAddress": {"FileOffset": 472, "Value": 577536, "Offset": 0}, "Structure": "IMAGE_DIRECTORY_ENTRY_IAT", "Size": {"FileOffset": 476, "Value": 1076, "Offset": 4}}, {"VirtualAddress": {"FileOffset": 480, "Value": 0, "Offset": 0}, "Structure": "IMAGE_DIRECTORY_ENTRY_DELAY_IMPORT", "Size": {"FileOffset": 484, "Value": 0, "Offset": 4}}, {"VirtualAddress": {"FileOffset": 488, "Value": 0, "Offset": 0}, "Structure": "IMAGE_DIRECTORY_ENTRY_COM_DESCRIPTOR", "Size": {"FileOffset": 492, "Value": 0, "Offset": 4}}, {"VirtualAddress": {"FileOffset": 496, "Value": 0, "Offset": 0}, "Structure": "IMAGE_DIRECTORY_ENTRY_RESERVED", "Size": {"FileOffset": 500, "Value": 0, "Offset": 4}}], "OPTIONAL_HEADER": {"DllCharacteristics": {"FileOffset": 350, "Value": 0, "Offset": 70}, "BaseOfCode": {"FileOffset": 300, "Value": 4096, "Offset": 20}, "MajorLinkerVersion": {"FileOffset": 282, "Value": 6, "Offset": 2}, "MinorOperatingSystemVersion": {"FileOffset": 322, "Value": 0, "Offset": 42}, "MinorLinkerVersion": {"FileOffset": 283, "Value": 0, "Offset": 3}, "MajorSubsystemVersion": {"FileOffset": 328, "Value": 4, "Offset": 48}, "MajorOperatingSystemVersion": {"FileOffset": 320, "Value": 4, "Offset": 40}, "SizeOfStackCommit": {"FileOffset": 356, "Value": 4096, "Offset": 76}, "SizeOfUninitializedData": {"FileOffset": 292, "Value": 0, "Offset": 12}, "NumberOfRvaAndSizes": {"FileOffset": 372, "Value": 16, "Offset": 92}, "SizeOfHeapReserve": {"FileOffset": 360, "Value": 1048576, "Offset": 80}, "LoaderFlags": {"FileOffset": 368, "Value": 0, "Offset": 88}, "SizeOfHeapCommit": {"FileOffset": 364, "Value": 4096, "Offset": 84}, "SizeOfStackReserve": {"FileOffset": 352, "Value": 1048576, "Offset": 72}, "Structure": "IMAGE_OPTIONAL_HEADER", "SizeOfHeaders": {"FileOffset": 340, "Value": 1024, "Offset": 60}, "Subsystem": {"FileOffset": 348, "Value": 2, "Offset": 68}, "Magic": {"FileOffset": 280, "Value": 267, "Offset": 0}, "MinorImageVersion": {"FileOffset": 326, "Value": 0, "Offset": 46}, "MajorImageVersion": {"FileOffset": 324, "Value": 0, "Offset": 44}, "FileAlignment": {"FileOffset": 316, "Value": 512, "Offset": 36}, "BaseOfData": {"FileOffset": 304, "Value": 577536, "Offset": 24}, "AddressOfEntryPoint": {"FileOffset": 296, "Value": 150134, "Offset": 16}, "SectionAlignment": {"FileOffset": 312, "Value": 4096, "Offset": 32}, "SizeOfCode": {"FileOffset": 284, "Value": 572928, "Offset": 4}, "ImageBase": {"FileOffset": 308, "Value": 4194304, "Offset": 28}, "SizeOfInitializedData": {"FileOffset": 288, "Value": 189440, "Offset": 8}, "SizeOfImage": {"FileOffset": 336, "Value": 770048, "Offset": 56}, "MinorSubsystemVersion": {"FileOffset": 330, "Value": 0, "Offset": 50}, "CheckSum": {"FileOffset": 344, "Value": 0, "Offset": 64}, "Reserved1": {"FileOffset": 332, "Value": 0, "Offset": 52}}, "DOS_HEADER": {"e_cblp": {"FileOffset": 2, "Value": 144, "Offset": 2}, "e_crlc": {"FileOffset": 6, "Value": 0, "Offset": 6}, "e_ovno": {"FileOffset": 26, "Value": 0, "Offset": 26}, "e_minalloc": {"FileOffset": 10, "Value": 0, "Offset": 10}, "e_csum": {"FileOffset": 18, "Value": 0, "Offset": 18}, "e_cparhdr": {"FileOffset": 8, "Value": 4, "Offset": 8}, "e_cp": {"FileOffset": 4, "Value": 3, "Offset": 4}, "e_cs": {"FileOffset": 22, "Value": 0, "Offset": 22}, "e_maxalloc": {"FileOffset": 12, "Value": 65535, "Offset": 12}, "e_lfarlc": {"FileOffset": 24, "Value": 64, "Offset": 24}, "e_oemid": {"FileOffset": 36, "Value": 0, "Offset": 36}, "e_lfanew": {"FileOffset": 60, "Value": 256, "Offset": 60}, "e_ss": {"FileOffset": 14, "Value": 0, "Offset": 14}, "e_magic": {"FileOffset": 0, "Value": 23117, "Offset": 0}, "e_oeminfo": {"FileOffset": 38, "Value": 0, "Offset": 38}, "e_res2": {"FileOffset": 40, "Value": "", "Offset": 40}, "e_res": {"FileOffset": 28, "Value": "", "Offset": 28}, "e_sp": {"FileOffset": 16, "Value": 184, "Offset": 16}, "Structure": "IMAGE_DOS_HEADER", "e_ip": {"FileOffset": 20, "Value": 0, "Offset": 20}}, "NT_HEADERS": {"Structure": "IMAGE_NT_HEADERS", "Signature": {"FileOffset": 256, "Value": 17744, "Offset": 0}}, "Flags": ["IMAGE_FILE_LOCAL_SYMS_STRIPPED", "IMAGE_FILE_32BIT_MACHINE", "IMAGE_FILE_EXECUTABLE_IMAGE", "IMAGE_FILE_LINE_NUMS_STRIPPED", "IMAGE_FILE_RELOCS_STRIPPED"], "Imported symbols": [[{"TimeDateStamp": {"FileOffset": 734044, "Value": "0x0        [Thu Jan  1 00:00:00 1970 UTC]", "Offset": 4}, "Name": {"FileOffset": 734052, "Value": 740172, "Offset": 12}, "ForwarderChain": {"FileOffset": 734048, "Value": 0, "Offset": 8}, "OriginalFirstThunk": {"FileOffset": 734040, "Value": 738060, "Offset": 0}, "FirstThunk": {"FileOffset": 734056, "Value": 577772, "Offset": 16}, "Characteristics": {"FileOffset": 734040, "Value": 738060, "Offset": 0}, "Structure": "IMAGE_IMPORT_DESCRIPTOR"}, {"Hint": 248, "Name": "FreeLibrary", "DLL": "KERNEL32.dll"}, {"Hint": 499, "Name": "GetWindowsDirectoryA", "DLL": "KERNEL32.dll"}, {"Hint": 276, "Name": "GetComputerNameA", "DLL": "KERNEL32.dll"}, {"Hint": 371, "Name": "GetLocalTime", "DLL": "KERNEL32.dll"}, {"Hint": 516, "Name": "GlobalMemoryStatus", "DLL": "KERNEL32.dll"}, {"Hint": 491, "Name": "GetVolumeInformationA", "DLL": "KERNEL32.dll"}, {"Hint": 231, "Name": "FindVolumeClose", "DLL": "KERNEL32.dll"}, {"Hint": 215, "Name": "FindFirstVolumeA", "DLL": "KERNEL32.dll"}, {"Hint": 664, "Name": "Process32Next", "DLL": "KERNEL32.dll"}, {"Hint": 646, "Name": "OpenProcess", "DLL": "KERNEL32.dll"}, {"Hint": 871, "Name": "Toolhelp32ReadProcessMemory", "DLL": "KERNEL32.dll"}, {"Hint": 326, "Name": "GetCurrentThreadId", "DLL": "KERNEL32.dll"}, {"Hint": 489, "Name": "GetVersionExA", "DLL": "KERNEL32.dll"}, {"Hint": 322, "Name": "GetCurrentProcess", "DLL": "KERNEL32.dll"}, {"Hint": 479, "Name": "GetTickCount", "DLL": "KERNEL32.dll"}, {"Hint": 237, "Name": "FlushConsoleInputBuffer", "DLL": "KERNEL32.dll"}, {"Hint": 323, "Name": "GetCurrentProcessId", "DLL": "KERNEL32.dll"}, {"Hint": 441, "Name": "GetStdHandle", "DLL": "KERNEL32.dll"}, {"Hint": 358, "Name": "GetFileType", "DLL": "KERNEL32.dll"}, {"Hint": 488, "Name": "GetVersion", "DLL": "KERNEL32.dll"}, {"Hint": 383, "Name": "GetModuleHandleA", "DLL": "KERNEL32.dll"}, {"Hint": 808, "Name": "SetLastError", "DLL": "KERNEL32.dll"}, {"Hint": 96, "Name": "CreateMutexA", "DLL": "KERNEL32.dll"}, {"Hint": 706, "Name": "ReleaseMutex", "DLL": "KERNEL32.dll"}, {"Hint": 456, "Name": "GetSystemTime", "DLL": "KERNEL32.dll"}, {"Hint": 859, "Name": "SystemTimeToFileTime", "DLL": "KERNEL32.dll"}, {"Hint": 57, "Name": "CompareFileTime", "DLL": "KERNEL32.dll"}, {"Hint": 372, "Name": "GetLocaleInfoA", "DLL": "KERNEL32.dll"}, {"Hint": 600, "Name": "LocalAlloc", "DLL": "KERNEL32.dll"}, {"Hint": 604, "Name": "LocalFree", "DLL": "KERNEL32.dll"}, {"Hint": 526, "Name": "Heap32ListNext", "DLL": "KERNEL32.dll"}, {"Hint": 862, "Name": "TerminateProcess", "DLL": "KERNEL32.dll"}, {"Hint": 525, "Name": "Heap32ListFirst", "DLL": "KERNEL32.dll"}, {"Hint": 866, "Name": "Thread32Next", "DLL": "KERNEL32.dll"}, {"Hint": 865, "Name": "Thread32First", "DLL": "KERNEL32.dll"}, {"Hint": 620, "Name": "Module32Next", "DLL": "KERNEL32.dll"}, {"Hint": 618, "Name": "Module32First", "DLL": "KERNEL32.dll"}, {"Hint": 114, "Name": "CreateToolhelp32Snapshot", "DLL": "KERNEL32.dll"}, {"Hint": 898, "Name": "VirtualAllocEx", "DLL": "KERNEL32.dll"}, {"Hint": 900, "Name": "VirtualFreeEx", "DLL": "KERNEL32.dll"}, {"Hint": 966, "Name": "lstrcpyA", "DLL": "KERNEL32.dll"}, {"Hint": 188, "Name": "ExpandEnvironmentStringsA", "DLL": "KERNEL32.dll"}, {"Hint": 719, "Name": "ResetEvent", "DLL": "KERNEL32.dll"}, {"Hint": 623, "Name": "MoveFileExA", "DLL": "KERNEL32.dll"}, {"Hint": 708, "Name": "RemoveDirectoryA", "DLL": "KERNEL32.dll"}, {"Hint": 369, "Name": "GetLastError", "DLL": "KERNEL32.dll"}, {"Hint": 351, "Name": "GetFileAttributesExA", "DLL": "KERNEL32.dll"}, {"Hint": 789, "Name": "SetErrorMode", "DLL": "KERNEL32.dll"}, {"Hint": 339, "Name": "GetDriveTypeA", "DLL": "KERNEL32.dll"}, {"Hint": 334, "Name": "GetDiskFreeSpaceExA", "DLL": "KERNEL32.dll"}, {"Hint": 75, "Name": "CreateDirectoryA", "DLL": "KERNEL32.dll"}, {"Hint": 83, "Name": "CreateFileA", "DLL": "KERNEL32.dll"}, {"Hint": 210, "Name": "FindFirstFileA", "DLL": "KERNEL32.dll"}, {"Hint": 206, "Name": "FindClose", "DLL": "KERNEL32.dll"}, {"Hint": 220, "Name": "FindNextFileA", "DLL": "KERNEL32.dll"}, {"Hint": 793, "Name": "SetFileAttributesA", "DLL": "KERNEL32.dll"}, {"Hint": 622, "Name": "MoveFileA", "DLL": "KERNEL32.dll"}, {"Hint": 350, "Name": "GetFileAttributesA", "DLL": "KERNEL32.dll"}, {"Hint": 676, "Name": "QueryPerformanceFrequency", "DLL": "KERNEL32.dll"}, {"Hint": 675, "Name": "QueryPerformanceCounter", "DLL": "KERNEL32.dll"}, {"Hint": 657, "Name": "PeekNamedPipe", "DLL": "KERNEL32.dll"}, {"Hint": 693, "Name": "ReadFile", "DLL": "KERNEL32.dll"}, {"Hint": 932, "Name": "WriteFile", "DLL": "KERNEL32.dll"}, {"Hint": 790, "Name": "SetEvent", "DLL": "KERNEL32.dll"}, {"Hint": 79, "Name": "CreateEventA", "DLL": "KERNEL32.dll"}, {"Hint": 912, "Name": "WaitForSingleObject", "DLL": "KERNEL32.dll"}, {"Hint": 131, "Name": "DeleteFileA", "DLL": "KERNEL32.dll"}, {"Hint": 854, "Name": "Sleep", "DLL": "KERNEL32.dll"}, {"Hint": 67, "Name": "CopyFileA", "DLL": "KERNEL32.dll"}, {"Hint": 594, "Name": "LoadLibraryA", "DLL": "KERNEL32.dll"}, {"Hint": 416, "Name": "GetProcAddress", "DLL": "KERNEL32.dll"}, {"Hint": 449, "Name": "GetSystemDirectoryA", "DLL": "KERNEL32.dll"}, {"Hint": 439, "Name": "GetStartupInfoA", "DLL": "KERNEL32.dll"}, {"Hint": 102, "Name": "CreateProcessA", "DLL": "KERNEL32.dll"}, {"Hint": 52, "Name": "CloseHandle", "DLL": "KERNEL32.dll"}, {"Hint": 629, "Name": "MultiByteToWideChar", "DLL": "KERNEL32.dll"}, {"Hint": 483, "Name": "GetUserDefaultLCID", "DLL": "KERNEL32.dll"}, {"Hint": 662, "Name": "Process32First", "DLL": "KERNEL32.dll"}], [{"TimeDateStamp": {"FileOffset": 734064, "Value": "0x0        [Thu Jan  1 00:00:00 1970 UTC]", "Offset": 4}, "Name": {"FileOffset": 734072, "Value": 740496, "Offset": 12}, "ForwarderChain": {"FileOffset": 734068, "Value": 0, "Offset": 8}, "OriginalFirstThunk": {"FileOffset": 734060, "Value": 738576, "Offset": 0}, "FirstThunk": {"FileOffset": 734076, "Value": 578288, "Offset": 16}, "Characteristics": {"FileOffset": 734060, "Value": 738576, "Offset": 0}, "Structure": "IMAGE_IMPORT_DESCRIPTOR"}, {"Hint": 554, "Name": "ReleaseDC", "DLL": "USER32.dll"}, {"Hint": 69, "Name": "CloseWindowStation", "DLL": "USER32.dll"}, {"Hint": 328, "Name": "GetProcessWindowStation", "DLL": "USER32.dll"}, {"Hint": 353, "Name": "GetThreadDesktop", "DLL": "USER32.dll"}, {"Hint": 507, "Name": "OpenWindowStationA", "DLL": "USER32.dll"}, {"Hint": 616, "Name": "SetProcessWindowStation", "DLL": "USER32.dll"}, {"Hint": 359, "Name": "GetUserObjectInformationW", "DLL": "USER32.dll"}, {"Hint": 270, "Name": "GetDesktopWindow", "DLL": "USER32.dll"}, {"Hint": 268, "Name": "GetDC", "DLL": "USER32.dll"}, {"Hint": 506, "Name": "OpenInputDesktop", "DLL": "USER32.dll"}, {"Hint": 358, "Name": "GetUserObjectInformationA", "DLL": "USER32.dll"}, {"Hint": 503, "Name": "OpenDesktopA", "DLL": "USER32.dll"}, {"Hint": 67, "Name": "CloseDesktop", "DLL": "USER32.dll"}, {"Hint": 633, "Name": "SetThreadDesktop", "DLL": "USER32.dll"}, {"Hint": 591, "Name": "SetCursorPos", "DLL": "USER32.dll"}, {"Hint": 726, "Name": "mouse_event", "DLL": "USER32.dll"}, {"Hint": 514, "Name": "PostMessageA", "DLL": "USER32.dll"}, {"Hint": 727, "Name": "wsprintfA", "DLL": "USER32.dll"}, {"Hint": 225, "Name": "ExitWindowsEx", "DLL": "USER32.dll"}, {"Hint": 479, "Name": "MessageBoxA", "DLL": "USER32.dll"}], [{"TimeDateStamp": {"FileOffset": 734084, "Value": "0x0        [Thu Jan  1 00:00:00 1970 UTC]", "Offset": 4}, "Name": {"FileOffset": 734092, "Value": 740702, "Offset": 12}, "ForwarderChain": {"FileOffset": 734088, "Value": 0, "Offset": 8}, "OriginalFirstThunk": {"FileOffset": 734080, "Value": 738008, "Offset": 0}, "FirstThunk": {"FileOffset": 734096, "Value": 577720, "Offset": 16}, "Characteristics": {"FileOffset": 734080, "Value": 738008, "Offset": 0}, "Structure": "IMAGE_IMPORT_DESCRIPTOR"}, {"Hint": 18, "Name": "BitBlt", "DLL": "GDI32.dll"}, {"Hint": 421, "Name": "GetStockObject", "DLL": "GDI32.dll"}, {"Hint": 527, "Name": "SelectPalette", "DLL": "GDI32.dll"}, {"Hint": 499, "Name": "RealizePalette", "DLL": "GDI32.dll"}, {"Hint": 362, "Name": "GetDIBits", "DLL": "GDI32.dll"}, {"Hint": 143, "Name": "DeleteObject", "DLL": "GDI32.dll"}, {"Hint": 45, "Name": "CreateCompatibleDC", "DLL": "GDI32.dll"}, {"Hint": 44, "Name": "CreateCompatibleBitmap", "DLL": "GDI32.dll"}, {"Hint": 526, "Name": "SelectObject", "DLL": "GDI32.dll"}, {"Hint": 46, "Name": "CreateDCA", "DLL": "GDI32.dll"}, {"Hint": 363, "Name": "GetDeviceCaps", "DLL": "GDI32.dll"}, {"Hint": 140, "Name": "DeleteDC", "DLL": "GDI32.dll"}], [{"TimeDateStamp": {"FileOffset": 734104, "Value": "0x0        [Thu Jan  1 00:00:00 1970 UTC]", "Offset": 4}, "Name": {"FileOffset": 734112, "Value": 741526, "Offset": 12}, "ForwarderChain": {"FileOffset": 734108, "Value": 0, "Offset": 8}, "OriginalFirstThunk": {"FileOffset": 734100, "Value": 737824, "Offset": 0}, "FirstThunk": {"FileOffset": 734116, "Value": 577536, "Offset": 16}, "Characteristics": {"FileOffset": 734100, "Value": 737824, "Offset": 0}, "Structure": "IMAGE_IMPORT_DESCRIPTOR"}, {"Hint": 28, "Name": "AdjustTokenPrivileges", "DLL": "ADVAPI32.dll"}, {"Hint": 585, "Name": "StartServiceA", "DLL": "ADVAPI32.dll"}, {"Hint": 451, "Name": "QueryServiceStatus", "DLL": "ADVAPI32.dll"}, {"Hint": 66, "Name": "ControlService", "DLL": "ADVAPI32.dll"}, {"Hint": 52, "Name": "ChangeServiceConfig2A", "DLL": "ADVAPI32.dll"}, {"Hint": 322, "Name": "LockServiceDatabase", "DLL": "ADVAPI32.dll"}, {"Hint": 640, "Name": "UnlockServiceDatabase", "DLL": "ADVAPI32.dll"}, {"Hint": 54, "Name": "ChangeServiceConfigA", "DLL": "ADVAPI32.dll"}, {"Hint": 211, "Name": "EnumServicesStatusExA", "DLL": "ADVAPI32.dll"}, {"Hint": 431, "Name": "OpenServiceA", "DLL": "ADVAPI32.dll"}, {"Hint": 446, "Name": "QueryServiceConfigA", "DLL": "ADVAPI32.dll"}, {"Hint": 444, "Name": "QueryServiceConfig2A", "DLL": "ADVAPI32.dll"}, {"Hint": 62, "Name": "CloseServiceHandle", "DLL": "ADVAPI32.dll"}, {"Hint": 429, "Name": "OpenSCManagerA", "DLL": "ADVAPI32.dll"}, {"Hint": 510, "Name": "RegSaveKeyA", "DLL": "ADVAPI32.dll"}, {"Hint": 468, "Name": "RegDeleteKeyA", "DLL": "ADVAPI32.dll"}, {"Hint": 472, "Name": "RegDeleteValueA", "DLL": "ADVAPI32.dll"}, {"Hint": 465, "Name": "RegCreateKeyExA", "DLL": "ADVAPI32.dll"}, {"Hint": 516, "Name": "RegSetValueExA", "DLL": "ADVAPI32.dll"}, {"Hint": 497, "Name": "RegQueryInfoKeyA", "DLL": "ADVAPI32.dll"}, {"Hint": 478, "Name": "RegEnumKeyExA", "DLL": "ADVAPI32.dll"}, {"Hint": 481, "Name": "RegEnumValueA", "DLL": "ADVAPI32.dll"}, {"Hint": 428, "Name": "OpenProcessToken", "DLL": "ADVAPI32.dll"}, {"Hint": 282, "Name": "GetTokenInformation", "DLL": "ADVAPI32.dll"}, {"Hint": 329, "Name": "LookupAccountSidA", "DLL": "ADVAPI32.dll"}, {"Hint": 133, "Name": "CryptAcquireContextA", "DLL": "ADVAPI32.dll"}, {"Hint": 136, "Name": "CryptCreateHash", "DLL": "ADVAPI32.dll"}, {"Hint": 157, "Name": "CryptHashData", "DLL": "ADVAPI32.dll"}, {"Hint": 138, "Name": "CryptDeriveKey", "DLL": "ADVAPI32.dll"}, {"Hint": 139, "Name": "CryptDestroyHash", "DLL": "ADVAPI32.dll"}, {"Hint": 137, "Name": "CryptDecrypt", "DLL": "ADVAPI32.dll"}, {"Hint": 143, "Name": "CryptEncrypt", "DLL": "ADVAPI32.dll"}, {"Hint": 140, "Name": "CryptDestroyKey", "DLL": "ADVAPI32.dll"}, {"Hint": 160, "Name": "CryptReleaseContext", "DLL": "ADVAPI32.dll"}, {"Hint": 492, "Name": "RegOpenKeyExA", "DLL": "ADVAPI32.dll"}, {"Hint": 503, "Name": "RegQueryValueExA", "DLL": "ADVAPI32.dll"}, {"Hint": 459, "Name": "RegCloseKey", "DLL": "ADVAPI32.dll"}, {"Hint": 335, "Name": "LookupPrivilegeValueA", "DLL": "ADVAPI32.dll"}, {"Hint": 292, "Name": "GetUserNameA", "DLL": "ADVAPI32.dll"}, {"Hint": 534, "Name": "RevertToSelf", "DLL": "ADVAPI32.dll"}, {"Hint": 304, "Name": "ImpersonateLoggedOnUser", "DLL": "ADVAPI32.dll"}, {"Hint": 176, "Name": "DeregisterEventSource", "DLL": "ADVAPI32.dll"}, {"Hint": 532, "Name": "ReportEventA", "DLL": "ADVAPI32.dll"}, {"Hint": 521, "Name": "RegisterEventSourceA", "DLL": "ADVAPI32.dll"}, {"Hint": 175, "Name": "DeleteService", "DLL": "ADVAPI32.dll"}], [{"TimeDateStamp": {"FileOffset": 734124, "Value": "0x0        [Thu Jan  1 00:00:00 1970 UTC]", "Offset": 4}, "Name": {"FileOffset": 734132, "Value": 741540, "Offset": 12}, "ForwarderChain": {"FileOffset": 734128, "Value": 0, "Offset": 8}, "OriginalFirstThunk": {"FileOffset": 734120, "Value": 738660, "Offset": 0}, "FirstThunk": {"FileOffset": 734136, "Value": 578372, "Offset": 16}, "Characteristics": {"FileOffset": 734120, "Value": 738660, "Offset": 0}, "Structure": "IMAGE_IMPORT_DESCRIPTOR"}, {"Ordinal": 112, "DLL": "WS2_32.dll"}, {"Ordinal": 22, "DLL": "WS2_32.dll"}, {"Ordinal": 11, "DLL": "WS2_32.dll"}, {"Ordinal": 52, "DLL": "WS2_32.dll"}, {"Ordinal": 13, "DLL": "WS2_32.dll"}, {"Ordinal": 3, "DLL": "WS2_32.dll"}, {"Ordinal": 2, "DLL": "WS2_32.dll"}, {"Ordinal": 8, "DLL": "WS2_32.dll"}, {"Ordinal": 9, "DLL": "WS2_32.dll"}, {"Ordinal": 23, "DLL": "WS2_32.dll"}, {"Ordinal": 1, "DLL": "WS2_32.dll"}, {"Ordinal": 4, "DLL": "WS2_32.dll"}, {"Ordinal": 14, "DLL": "WS2_32.dll"}, {"Ordinal": 18, "DLL": "WS2_32.dll"}, {"Ordinal": 116, "DLL": "WS2_32.dll"}, {"Ordinal": 115, "DLL": "WS2_32.dll"}, {"Ordinal": 19, "DLL": "WS2_32.dll"}, {"Ordinal": 16, "DLL": "WS2_32.dll"}, {"Ordinal": 111, "DLL": "WS2_32.dll"}], [{"TimeDateStamp": {"FileOffset": 734144, "Value": "0x0        [Thu Jan  1 00:00:00 1970 UTC]", "Offset": 4}, "Name": {"FileOffset": 734152, "Value": 741770, "Offset": 12}, "ForwarderChain": {"FileOffset": 734148, "Value": 0, "Offset": 8}, "OriginalFirstThunk": {"FileOffset": 734140, "Value": 738740, "Offset": 0}, "FirstThunk": {"FileOffset": 734156, "Value": 578452, "Offset": 16}, "Characteristics": {"FileOffset": 734140, "Value": 738740, "Offset": 0}, "Structure": "IMAGE_IMPORT_DESCRIPTOR"}, {"Hint": 1406, "Name": "wcsstr", "DLL": "ntdll.dll"}, {"Hint": 1286, "Name": "_alloca_probe", "DLL": "ntdll.dll"}, {"Hint": 1387, "Name": "tolower", "DLL": "ntdll.dll"}, {"Hint": 1347, "Name": "isspace", "DLL": "ntdll.dll"}, {"Hint": 1342, "Name": "isdigit", "DLL": "ntdll.dll"}, {"Hint": 1313, "Name": "_strnicmp", "DLL": "ntdll.dll"}, {"Hint": 1293, "Name": "_aullrem", "DLL": "ntdll.dll"}, {"Hint": 1355, "Name": "isxdigit", "DLL": "ntdll.dll"}, {"Hint": 1294, "Name": "_aullshr", "DLL": "ntdll.dll"}, {"Hint": 1348, "Name": "isupper", "DLL": "ntdll.dll"}, {"Hint": 1384, "Name": "strtoul", "DLL": "ntdll.dll"}, {"Hint": 1370, "Name": "strcat", "DLL": "ntdll.dll"}, {"Hint": 1361, "Name": "memcpy", "DLL": "ntdll.dll"}, {"Hint": 1285, "Name": "_allmul", "DLL": "ntdll.dll"}, {"Hint": 1288, "Name": "_allshl", "DLL": "ntdll.dll"}, {"Hint": 1283, "Name": "_alldiv", "DLL": "ntdll.dll"}, {"Hint": 1363, "Name": "memset", "DLL": "ntdll.dll"}, {"Hint": 1377, "Name": "strncmp", "DLL": "ntdll.dll"}, {"Hint": 1373, "Name": "strcpy", "DLL": "ntdll.dll"}, {"Hint": 1375, "Name": "strlen", "DLL": "ntdll.dll"}, {"Hint": 1332, "Name": "atoi", "DLL": "ntdll.dll"}, {"Hint": 1365, "Name": "qsort", "DLL": "ntdll.dll"}, {"Hint": 1371, "Name": "strchr", "DLL": "ntdll.dll"}, {"Hint": 1311, "Name": "_stricmp", "DLL": "ntdll.dll"}, {"Hint": 1325, "Name": "_wcsnicmp", "DLL": "ntdll.dll"}, {"Hint": 1372, "Name": "strcmp", "DLL": "ntdll.dll"}, {"Hint": 1300, "Name": "_itoa", "DLL": "ntdll.dll"}, {"Hint": 1382, "Name": "strstr", "DLL": "ntdll.dll"}, {"Hint": 1295, "Name": "_chkstk", "DLL": "ntdll.dll"}, {"Hint": 1378, "Name": "strncpy", "DLL": "ntdll.dll"}, {"Hint": 1360, "Name": "memcmp", "DLL": "ntdll.dll"}, {"Hint": 1321, "Name": "_vsnprintf", "DLL": "ntdll.dll"}, {"Hint": 1335, "Name": "ceil", "DLL": "ntdll.dll"}, {"Hint": 1297, "Name": "_ftol", "DLL": "ntdll.dll"}, {"Hint": 1291, "Name": "_aulldiv", "DLL": "ntdll.dll"}, {"Hint": 1367, "Name": "sprintf", "DLL": "ntdll.dll"}, {"Hint": 1362, "Name": "memmove", "DLL": "ntdll.dll"}, {"Hint": 833, "Name": "RtlUnwind", "DLL": "ntdll.dll"}, {"Hint": 1369, "Name": "sscanf", "DLL": "ntdll.dll"}], [{"TimeDateStamp": {"FileOffset": 734164, "Value": "0x0        [Thu Jan  1 00:00:00 1970 UTC]", "Offset": 4}, "Name": {"FileOffset": 734172, "Value": 741990, "Offset": 12}, "ForwarderChain": {"FileOffset": 734168, "Value": 0, "Offset": 8}, "OriginalFirstThunk": {"FileOffset": 734160, "Value": 738376, "Offset": 0}, "FirstThunk": {"FileOffset": 734176, "Value": 578088, "Offset": 16}, "Characteristics": {"FileOffset": 734160, "Value": 738376, "Offset": 0}, "Structure": "IMAGE_IMPORT_DESCRIPTOR"}, {"Hint": 72, "Name": "_XcptFilter", "DLL": "MSVCRT.dll"}, {"Hint": 271, "Name": "_initterm", "DLL": "MSVCRT.dll"}, {"Hint": 88, "Name": "__getmainargs", "DLL": "MSVCRT.dll"}, {"Hint": 143, "Name": "_acmdln", "DLL": "MSVCRT.dll"}, {"Hint": 585, "Name": "exit", "DLL": "MSVCRT.dll"}, {"Hint": 211, "Name": "_exit", "DLL": "MSVCRT.dll"}, {"Hint": 720, "Name": "time", "DLL": "MSVCRT.dll"}, {"Hint": 601, "Name": "fputc", "DLL": "MSVCRT.dll"}, {"Hint": 591, "Name": "fflush", "DLL": "MSVCRT.dll"}, {"Hint": 200, "Name": "_errno", "DLL": "MSVCRT.dll"}, {"Hint": 215, "Name": "_fdopen", "DLL": "MSVCRT.dll"}, {"Hint": 600, "Name": "fprintf", "DLL": "MSVCRT.dll"}, {"Hint": 375, "Name": "_mbsrchr", "DLL": "MSVCRT.dll"}, {"Hint": 612, "Name": "ftell", "DLL": "MSVCRT.dll"}, {"Hint": 345, "Name": "_mbscmp", "DLL": "MSVCRT.dll"}, {"Hint": 657, "Name": "malloc", "DLL": "MSVCRT.dll"}, {"Hint": 73, "Name": "__CxxFrameHandler", "DLL": "MSVCRT.dll"}, {"Hint": 275, "Name": "_iob", "DLL": "MSVCRT.dll"}, {"Hint": 687, "Name": "signal", "DLL": "MSVCRT.dll"}, {"Hint": 247, "Name": "_getch", "DLL": "MSVCRT.dll"}, {"Hint": 602, "Name": "fputs", "DLL": "MSVCRT.dll"}, {"Hint": 622, "Name": "gmtime", "DLL": "MSVCRT.dll"}, {"Hint": 442, "Name": "_stat", "DLL": "MSVCRT.dll"}, {"Hint": 594, "Name": "fgets", "DLL": "MSVCRT.dll"}, {"Hint": 427, "Name": "_setmode", "DLL": "MSVCRT.dll"}, {"Hint": 515, "Name": "_wfopen", "DLL": "MSVCRT.dll"}, {"Hint": 729, "Name": "vfprintf", "DLL": "MSVCRT.dll"}, {"Hint": 618, "Name": "getenv", "DLL": "MSVCRT.dll"}, {"Hint": 677, "Name": "raise", "DLL": "MSVCRT.dll"}, {"Hint": 679, "Name": "realloc", "DLL": "MSVCRT.dll"}, {"Hint": 606, "Name": "free", "DLL": "MSVCRT.dll"}, {"Hint": 166, "Name": "_beginthreadex", "DLL": "MSVCRT.dll"}, {"Hint": 599, "Name": "fopen", "DLL": "MSVCRT.dll"}, {"Hint": 605, "Name": "fread", "DLL": "MSVCRT.dll"}, {"Hint": 610, "Name": "fseek", "DLL": "MSVCRT.dll"}, {"Hint": 131, "Name": "__setusermatherr", "DLL": "MSVCRT.dll"}, {"Hint": 614, "Name": "fwrite", "DLL": "MSVCRT.dll"}, {"Hint": 183, "Name": "_controlfp", "DLL": "MSVCRT.dll"}, {"Hint": 129, "Name": "__set_app_type", "DLL": "MSVCRT.dll"}, {"Hint": 111, "Name": "__p__fmode", "DLL": "MSVCRT.dll"}, {"Hint": 106, "Name": "__p__commode", "DLL": "MSVCRT.dll"}, {"Hint": 157, "Name": "_adjust_fdiv", "DLL": "MSVCRT.dll"}, {"Hint": 356, "Name": "_mbsnbcat", "DLL": "MSVCRT.dll"}, {"Hint": 588, "Name": "fclose", "DLL": "MSVCRT.dll"}], [{"TimeDateStamp": {"FileOffset": 734184, "Value": "0x0        [Thu Jan  1 00:00:00 1970 UTC]", "Offset": 4}, "Name": {"FileOffset": 734192, "Value": 742214, "Offset": 12}, "ForwarderChain": {"FileOffset": 734188, "Value": 0, "Offset": 8}, "OriginalFirstThunk": {"FileOffset": 734180, "Value": 738564, "Offset": 0}, "FirstThunk": {"FileOffset": 734196, "Value": 578276, "Offset": 16}, "Characteristics": {"FileOffset": 734180, "Value": 738564, "Offset": 0}, "Structure": "IMAGE_IMPORT_DESCRIPTOR"}, {"Hint": 14, "Name": "GetModuleFileNameExA", "DLL": "PSAPI.DLL"}, {"Hint": 4, "Name": "EnumProcessModules", "DLL": "PSAPI.DLL"}], [{"TimeDateStamp": {"FileOffset": 734204, "Value": "0x0        [Thu Jan  1 00:00:00 1970 UTC]", "Offset": 4}, "Name": {"FileOffset": 734212, "Value": 742234, "Offset": 12}, "ForwarderChain": {"FileOffset": 734208, "Value": 0, "Offset": 8}, "OriginalFirstThunk": {"FileOffset": 734200, "Value": 738556, "Offset": 0}, "FirstThunk": {"FileOffset": 734216, "Value": 578268, "Offset": 16}, "Characteristics": {"FileOffset": 734200, "Value": 738556, "Offset": 0}, "Structure": "IMAGE_IMPORT_DESCRIPTOR"}, {"Hint": 264, "Name": "Netbios", "DLL": "NETAPI32.dll"}]], "PE Sections": [{"PointerToRawData": {"FileOffset": 524, "Value": 1024, "Offset": 20}, "SHA1": "9dd00e69d99d66ae8d54b9b776bfdd82e29cab9d", "SHA256": "b4cf2e05fd534fab1cafc9fe8332e47deaf286dff038eb38a1584cc6f8b8a353", "Name": {"FileOffset": 504, "Value": ".text", "Offset": 0}, "NumberOfRelocations": {"FileOffset": 536, "Value": 0, "Offset": 32}, "Misc_VirtualSize": {"FileOffset": 512, "Value": 572761, "Offset": 8}, "Characteristics": {"FileOffset": 540, "Value": 1610612768, "Offset": 36}, "Misc": {"FileOffset": 512, "Value": 572761, "Offset": 8}, "PointerToLinenumbers": {"FileOffset": 532, "Value": 0, "Offset": 28}, "SizeOfRawData": {"FileOffset": 520, "Value": 572928, "Offset": 16}, "Misc_PhysicalAddress": {"FileOffset": 512, "Value": 572761, "Offset": 8}, "PointerToRelocations": {"FileOffset": 528, "Value": 0, "Offset": 24}, "Flags": ["IMAGE_SCN_MEM_EXECUTE", "IMAGE_SCN_CNT_CODE", "IMAGE_SCN_MEM_READ"], "SHA512": "94dd0b8bbd4cea6b9b38828b6daed33594d67819c06451215e0976c115a3ccb62aa6d867645ba27e38bd3b343f2cf7ce121333963eeec8ffc3710b77267c627d", "MD5": "0746c071cb5d96a0704c85c3e4ca6f51", "Entropy": 6.620650521403204, "VirtualAddress": {"FileOffset": 516, "Value": 4096, "Offset": 12}, "Structure": "IMAGE_SECTION_HEADER", "NumberOfLinenumbers": {"FileOffset": 538, "Value": 0, "Offset": 34}}, {"PointerToRawData": {"FileOffset": 564, "Value": 573952, "Offset": 20}, "SHA1": "3e9dad4a0fadcd9f8ebcb27dc026c04b798a2ec6", "SHA256": "e4a534434ae2b592562ca0c60633c3f2e8ea4f23e27d0c37628e64a46cca3147", "Name": {"FileOffset": 544, "Value": ".rdata", "Offset": 0}, "NumberOfRelocations": {"FileOffset": 576, "Value": 0, "Offset": 32}, "Misc_VirtualSize": {"FileOffset": 552, "Value": 165266, "Offset": 8}, "Characteristics": {"FileOffset": 580, "Value": 1073741888, "Offset": 36}, "Misc": {"FileOffset": 552, "Value": 165266, "Offset": 8}, "PointerToLinenumbers": {"FileOffset": 572, "Value": 0, "Offset": 28}, "SizeOfRawData": {"FileOffset": 560, "Value": 165376, "Offset": 16}, "Misc_PhysicalAddress": {"FileOffset": 552, "Value": 165266, "Offset": 8}, "PointerToRelocations": {"FileOffset": 568, "Value": 0, "Offset": 24}, "Flags": ["IMAGE_SCN_CNT_INITIALIZED_DATA", "IMAGE_SCN_MEM_READ"], "SHA512": "00f9aca7e6e88bd31e05e0367280b74e170986f6b6af498416f909797b10fbf1b6e8b7e19c90031e105ca6788051d869ae6c6cc9a3e182a304594a04e8ab98d6", "MD5": "9cf682a1099e07e9beef4b2c6ec0f6b8", "Entropy": 5.674624066956126, "VirtualAddress": {"FileOffset": 556, "Value": 577536, "Offset": 12}, "Structure": "IMAGE_SECTION_HEADER", "NumberOfLinenumbers": {"FileOffset": 578, "Value": 0, "Offset": 34}}, {"PointerToRawData": {"FileOffset": 604, "Value": 739328, "Offset": 20}, "SHA1": "b7ef2f13244caa1eab5430410203ee628ff3a366", "SHA256": "c93bcf3ae8fd8bc8da77346a409336b3005dee9cee1f04c4e8d81b9d9e824132", "Name": {"FileOffset": 584, "Value": ".data", "Offset": 0}, "NumberOfRelocations": {"FileOffset": 616, "Value": 0, "Offset": 32}, "Misc_VirtualSize": {"FileOffset": 592, "Value": 23624, "Offset": 8}, "Characteristics": {"FileOffset": 620, "Value": 3221225536, "Offset": 36}, "Misc": {"FileOffset": 592, "Value": 23624, "Offset": 8}, "PointerToLinenumbers": {"FileOffset": 612, "Value": 0, "Offset": 28}, "SizeOfRawData": {"FileOffset": 600, "Value": 14848, "Offset": 16}, "Misc_PhysicalAddress": {"FileOffset": 592, "Value": 23624, "Offset": 8}, "PointerToRelocations": {"FileOffset": 608, "Value": 0, "Offset": 24}, "Flags": ["IMAGE_SCN_CNT_INITIALIZED_DATA", "IMAGE_SCN_MEM_WRITE", "IMAGE_SCN_MEM_READ"], "SHA512": "3718b2af00c1ad040a8679628c7a89874b9c0d5ef7166282d0e2747c45fb79d8f78460c5aa4fb51bf40b7e2de56050060e3882a8361e9f08f5337ca8d7e48c60", "MD5": "26674d90a28255c9a626d206864868ec", "Entropy": 4.479793865001119, "VirtualAddress": {"FileOffset": 596, "Value": 745472, "Offset": 12}, "Structure": "IMAGE_SECTION_HEADER", "NumberOfLinenumbers": {"FileOffset": 618, "Value": 0, "Offset": 34}}]}
