{"DllCharacteristics": [], "Exported symbols": [{"MajorVersion": {"FileOffset": 31160, "Value": 0, "Offset": 8}, "AddressOfFunctions": {"FileOffset": 31180, "Value": 31192, "Offset": 28}, "Name": {"FileOffset": 31164, "Value": 31202, "Offset": 12}, "TimeDateStamp": {"FileOffset": 31156, "Value": "0x4F4CF457 [Tue Feb 28 15:35:51 2012 UTC]", "Offset": 4}, "Characteristics": {"FileOffset": 31152, "Value": 0, "Offset": 0}, "AddressOfNames": {"FileOffset": 31184, "Value": 31196, "Offset": 32}, "AddressOfNameOrdinals": {"FileOffset": 31188, "Value": 31200, "Offset": 36}, "Base": {"FileOffset": 31168, "Value": 1, "Offset": 16}, "NumberOfFunctions": {"FileOffset": 31172, "Value": 1, "Offset": 20}, "NumberOfNames": {"FileOffset": 31176, "Value": 1, "Offset": 24}, "Structure": "IMAGE_EXPORT_DIRECTORY", "MinorVersion": {"FileOffset": 31162, "Value": 0, "Offset": 10}}, {"Ordinal": 1, "RVA": 4510, "Name": "ServiceMain"}], "FILE_HEADER": {"NumberOfSections": {"FileOffset": 262, "Value": 4, "Offset": 2}, "TimeDateStamp": {"FileOffset": 264, "Value": "0x4F4CF457 [Tue Feb 28 15:35:51 2012 UTC]", "Offset": 4}, "PointerToSymbolTable": {"FileOffset": 268, "Value": 0, "Offset": 8}, "NumberOfSymbols": {"FileOffset": 272, "Value": 0, "Offset": 12}, "Machine": {"FileOffset": 260, "Value": 332, "Offset": 0}, "Characteristics": {"FileOffset": 278, "Value": 8462, "Offset": 18}, "SizeOfOptionalHeader": {"FileOffset": 276, "Value": 224, "Offset": 16}, "Structure": "IMAGE_FILE_HEADER"}, "Directories": [{"VirtualAddress": {"FileOffset": 376, "Value": 31152, "Offset": 0}, "Structure": "IMAGE_DIRECTORY_ENTRY_EXPORT", "Size": {"FileOffset": 380, "Value": 73, "Offset": 4}}, {"VirtualAddress": {"FileOffset": 384, "Value": 27312, "Offset": 0}, "Structure": "IMAGE_DIRECTORY_ENTRY_IMPORT", "Size": {"FileOffset": 388, "Value": 140, "Offset": 4}}, {"VirtualAddress": {"FileOffset": 392, "Value": 0, "Offset": 0}, "Structure": "IMAGE_DIRECTORY_ENTRY_RESOURCE", "Size": {"FileOffset": 396, "Value": 0, "Offset": 4}}, {"VirtualAddress": {"FileOffset": 400, "Value": 0, "Offset": 0}, "Structure": "IMAGE_DIRECTORY_ENTRY_EXCEPTION", "Size": {"FileOffset": 404, "Value": 0, "Offset": 4}}, {"VirtualAddress": {"FileOffset": 408, "Value": 0, "Offset": 0}, "Structure": "IMAGE_DIRECTORY_ENTRY_SECURITY", "Size": {"FileOffset": 412, "Value": 0, "Offset": 4}}, {"VirtualAddress": {"FileOffset": 416, "Value": 49152, "Offset": 0}, "Structure": "IMAGE_DIRECTORY_ENTRY_BASERELOC", "Size": {"FileOffset": 420, "Value": 1900, "Offset": 4}}, {"VirtualAddress": {"FileOffset": 424, "Value": 0, "Offset": 0}, "Structure": "IMAGE_DIRECTORY_ENTRY_DEBUG", "Size": {"FileOffset": 428, "Value": 0, "Offset": 4}}, {"VirtualAddress": {"FileOffset": 432, "Value": 0, "Offset": 0}, "Structure": "IMAGE_DIRECTORY_ENTRY_COPYRIGHT", "Size": {"FileOffset": 436, "Value": 0, "Offset": 4}}, {"VirtualAddress": {"FileOffset": 440, "Value": 0, "Offset": 0}, "Structure": "IMAGE_DIRECTORY_ENTRY_GLOBALPTR", "Size": {"FileOffset": 444, "Value": 0, "Offset": 4}}, {"VirtualAddress": {"FileOffset": 448, "Value": 0, "Offset": 0}, "Structure": "IMAGE_DIRECTORY_ENTRY_TLS", "Size": {"FileOffset": 452, "Value": 0, "Offset": 4}}, {"VirtualAddress": {"FileOffset": 456, "Value": 0, "Offset": 0}, "Structure": "IMAGE_DIRECTORY_ENTRY_LOAD_CONFIG", "Size": {"FileOffset": 460, "Value": 0, "Offset": 4}}, {"VirtualAddress": {"FileOffset": 464, "Value": 0, "Offset": 0}, "Structure": "IMAGE_DIRECTORY_ENTRY_BOUND_IMPORT", "Size": {"FileOffset": 468, "Value": 0, "Offset": 4}}, {"VirtualAddress": {"FileOffset": 472, "Value": 24576, "Offset": 0}, "Structure": "IMAGE_DIRECTORY_ENTRY_IAT", "Size": {"FileOffset": 476, "Value": 572, "Offset": 4}}, {"VirtualAddress": {"FileOffset": 480, "Value": 0, "Offset": 0}, "Structure": "IMAGE_DIRECTORY_ENTRY_DELAY_IMPORT", "Size": {"FileOffset": 484, "Value": 0, "Offset": 4}}, {"VirtualAddress": {"FileOffset": 488, "Value": 0, "Offset": 0}, "Structure": "IMAGE_DIRECTORY_ENTRY_COM_DESCRIPTOR", "Size": {"FileOffset": 492, "Value": 0, "Offset": 4}}, {"VirtualAddress": {"FileOffset": 496, "Value": 0, "Offset": 0}, "Structure": "IMAGE_DIRECTORY_ENTRY_RESERVED", "Size": {"FileOffset": 500, "Value": 0, "Offset": 4}}], "OPTIONAL_HEADER": {"DllCharacteristics": {"FileOffset": 350, "Value": 0, "Offset": 70}, "BaseOfCode": {"FileOffset": 300, "Value": 4096, "Offset": 20}, "MajorLinkerVersion": {"FileOffset": 282, "Value": 6, "Offset": 2}, "MinorOperatingSystemVersion": {"FileOffset": 322, "Value": 0, "Offset": 42}, "MinorLinkerVersion": {"FileOffset": 283, "Value": 0, "Offset": 3}, "MajorSubsystemVersion": {"FileOffset": 328, "Value": 4, "Offset": 48}, "MajorOperatingSystemVersion": {"FileOffset": 320, "Value": 4, "Offset": 40}, "SizeOfStackCommit": {"FileOffset": 356, "Value": 4096, "Offset": 76}, "SizeOfUninitializedData": {"FileOffset": 292, "Value": 0, "Offset": 12}, "NumberOfRvaAndSizes": {"FileOffset": 372, "Value": 16, "Offset": 92}, "SizeOfHeapReserve": {"FileOffset": 360, "Value": 1048576, "Offset": 80}, "LoaderFlags": {"FileOffset": 368, "Value": 0, "Offset": 88}, "SizeOfHeapCommit": {"FileOffset": 364, "Value": 4096, "Offset": 84}, "SizeOfStackReserve": {"FileOffset": 352, "Value": 1048576, "Offset": 72}, "Structure": "IMAGE_OPTIONAL_HEADER", "SizeOfHeaders": {"FileOffset": 340, "Value": 4096, "Offset": 60}, "Subsystem": {"FileOffset": 348, "Value": 2, "Offset": 68}, "Magic": {"FileOffset": 280, "Value": 267, "Offset": 0}, "MinorImageVersion": {"FileOffset": 326, "Value": 0, "Offset": 46}, "MajorImageVersion": {"FileOffset": 324, "Value": 0, "Offset": 44}, "FileAlignment": {"FileOffset": 316, "Value": 4096, "Offset": 36}, "BaseOfData": {"FileOffset": 304, "Value": 24576, "Offset": 24}, "AddressOfEntryPoint": {"FileOffset": 296, "Value": 14461, "Offset": 16}, "SectionAlignment": {"FileOffset": 312, "Value": 4096, "Offset": 32}, "SizeOfCode": {"FileOffset": 284, "Value": 20480, "Offset": 4}, "ImageBase": {"FileOffset": 308, "Value": 268435456, "Offset": 28}, "SizeOfInitializedData": {"FileOffset": 288, "Value": 28672, "Offset": 8}, "SizeOfImage": {"FileOffset": 336, "Value": 53248, "Offset": 56}, "MinorSubsystemVersion": {"FileOffset": 330, "Value": 0, "Offset": 50}, "CheckSum": {"FileOffset": 344, "Value": 0, "Offset": 64}, "Reserved1": {"FileOffset": 332, "Value": 0, "Offset": 52}}, "DOS_HEADER": {"e_cblp": {"FileOffset": 2, "Value": 144, "Offset": 2}, "e_crlc": {"FileOffset": 6, "Value": 0, "Offset": 6}, "e_ovno": {"FileOffset": 26, "Value": 0, "Offset": 26}, "e_minalloc": {"FileOffset": 10, "Value": 0, "Offset": 10}, "e_csum": {"FileOffset": 18, "Value": 0, "Offset": 18}, "e_cparhdr": {"FileOffset": 8, "Value": 4, "Offset": 8}, "e_cp": {"FileOffset": 4, "Value": 3, "Offset": 4}, "e_cs": {"FileOffset": 22, "Value": 0, "Offset": 22}, "e_maxalloc": {"FileOffset": 12, "Value": 65535, "Offset": 12}, "e_lfarlc": {"FileOffset": 24, "Value": 64, "Offset": 24}, "e_oemid": {"FileOffset": 36, "Value": 0, "Offset": 36}, "e_lfanew": {"FileOffset": 60, "Value": 256, "Offset": 60}, "e_ss": {"FileOffset": 14, "Value": 0, "Offset": 14}, "e_magic": {"FileOffset": 0, "Value": 23117, "Offset": 0}, "e_oeminfo": {"FileOffset": 38, "Value": 0, "Offset": 38}, "e_res2": {"FileOffset": 40, "Value": "", "Offset": 40}, "e_res": {"FileOffset": 28, "Value": "", "Offset": 28}, "e_sp": {"FileOffset": 16, "Value": 184, "Offset": 16}, "Structure": "IMAGE_DOS_HEADER", "e_ip": {"FileOffset": 20, "Value": 0, "Offset": 20}}, "Base relocations": [[{"SizeOfBlock": {"FileOffset": 36868, "Value": 504, "Offset": 4}, "VirtualAddress": {"FileOffset": 36864, "Value": 4096, "Offset": 0}, "Structure": "IMAGE_BASE_RELOCATION"}, {"RVA": 4115, "Type": "HIGHLOW"}, {"RVA": 4130, "Type": "HIGHLOW"}, {"RVA": 4148, "Type": "HIGHLOW"}, {"RVA": 4178, "Type": "HIGHLOW"}, {"RVA": 4193, "Type": "HIGHLOW"}, {"RVA": 4211, "Type": "HIGHLOW"}, {"RVA": 4241, "Type": "HIGHLOW"}, {"RVA": 4256, "Type": "HIGHLOW"}, {"RVA": 4274, "Type": "HIGHLOW"}, {"RVA": 4304, "Type": "HIGHLOW"}, {"RVA": 4319, "Type": "HIGHLOW"}, {"RVA": 4337, "Type": "HIGHLOW"}, {"RVA": 4374, "Type": "HIGHLOW"}, {"RVA": 4386, "Type": "HIGHLOW"}, {"RVA": 4404, "Type": "HIGHLOW"}, {"RVA": 4414, "Type": "HIGHLOW"}, {"RVA": 4419, "Type": "HIGHLOW"}, {"RVA": 4431, "Type": "HIGHLOW"}, {"RVA": 4446, "Type": "HIGHLOW"}, {"RVA": 4451, "Type": "HIGHLOW"}, {"RVA": 4456, "Type": "HIGHLOW"}, {"RVA": 4470, "Type": "HIGHLOW"}, {"RVA": 4480, "Type": "HIGHLOW"}, {"RVA": 4485, "Type": "HIGHLOW"}, {"RVA": 4490, "Type": "HIGHLOW"}, {"RVA": 4516, "Type": "HIGHLOW"}, {"RVA": 4560, "Type": "HIGHLOW"}, {"RVA": 4587, "Type": "HIGHLOW"}, {"RVA": 4595, "Type": "HIGHLOW"}, {"RVA": 4608, "Type": "HIGHLOW"}, {"RVA": 4613, "Type": "HIGHLOW"}, {"RVA": 4619, "Type": "HIGHLOW"}, {"RVA": 4652, "Type": "HIGHLOW"}, {"RVA": 4680, "Type": "HIGHLOW"}, {"RVA": 4685, "Type": "HIGHLOW"}, {"RVA": 4699, "Type": "HIGHLOW"}, {"RVA": 4704, "Type": "HIGHLOW"}, {"RVA": 4718, "Type": "HIGHLOW"}, {"RVA": 4723, "Type": "HIGHLOW"}, {"RVA": 4737, "Type": "HIGHLOW"}, {"RVA": 4742, "Type": "HIGHLOW"}, {"RVA": 4756, "Type": "HIGHLOW"}, {"RVA": 4761, "Type": "HIGHLOW"}, {"RVA": 4767, "Type": "HIGHLOW"}, {"RVA": 4772, "Type": "HIGHLOW"}, {"RVA": 4805, "Type": "HIGHLOW"}, {"RVA": 4816, "Type": "HIGHLOW"}, {"RVA": 4830, "Type": "HIGHLOW"}, {"RVA": 4837, "Type": "HIGHLOW"}, {"RVA": 4843, "Type": "HIGHLOW"}, {"RVA": 4850, "Type": "HIGHLOW"}, {"RVA": 4855, "Type": "HIGHLOW"}, {"RVA": 4862, "Type": "HIGHLOW"}, {"RVA": 4868, "Type": "HIGHLOW"}, {"RVA": 4875, "Type": "HIGHLOW"}, {"RVA": 4881, "Type": "HIGHLOW"}, {"RVA": 4890, "Type": "HIGHLOW"}, {"RVA": 4900, "Type": "HIGHLOW"}, {"RVA": 4906, "Type": "HIGHLOW"}, {"RVA": 4924, "Type": "HIGHLOW"}, {"RVA": 4931, "Type": "HIGHLOW"}, {"RVA": 4941, "Type": "HIGHLOW"}, {"RVA": 4948, "Type": "HIGHLOW"}, {"RVA": 5045, "Type": "HIGHLOW"}, {"RVA": 5051, "Type": "HIGHLOW"}, {"RVA": 5057, "Type": "HIGHLOW"}, {"RVA": 5062, "Type": "HIGHLOW"}, {"RVA": 5069, "Type": "HIGHLOW"}, {"RVA": 5075, "Type": "HIGHLOW"}, {"RVA": 5082, "Type": "HIGHLOW"}, {"RVA": 5088, "Type": "HIGHLOW"}, {"RVA": 5100, "Type": "HIGHLOW"}, {"RVA": 5107, "Type": "HIGHLOW"}, {"RVA": 5118, "Type": "HIGHLOW"}, {"RVA": 5128, "Type": "HIGHLOW"}, {"RVA": 5136, "Type": "HIGHLOW"}, {"RVA": 5144, "Type": "HIGHLOW"}, {"RVA": 5151, "Type": "HIGHLOW"}, {"RVA": 5162, "Type": "HIGHLOW"}, {"RVA": 5168, "Type": "HIGHLOW"}, {"RVA": 5175, "Type": "HIGHLOW"}, {"RVA": 5182, "Type": "HIGHLOW"}, {"RVA": 5189, "Type": "HIGHLOW"}, {"RVA": 5195, "Type": "HIGHLOW"}, {"RVA": 5202, "Type": "HIGHLOW"}, {"RVA": 5208, "Type": "HIGHLOW"}, {"RVA": 5272, "Type": "HIGHLOW"}, {"RVA": 5290, "Type": "HIGHLOW"}, {"RVA": 5334, "Type": "HIGHLOW"}, {"RVA": 5340, "Type": "HIGHLOW"}, {"RVA": 5386, "Type": "HIGHLOW"}, {"RVA": 5393, "Type": "HIGHLOW"}, {"RVA": 5436, "Type": "HIGHLOW"}, {"RVA": 5455, "Type": "HIGHLOW"}, {"RVA": 5462, "Type": "HIGHLOW"}, {"RVA": 5473, "Type": "HIGHLOW"}, {"RVA": 5559, "Type": "HIGHLOW"}, {"RVA": 5594, "Type": "HIGHLOW"}, {"RVA": 5598, "Type": "HIGHLOW"}, {"RVA": 5602, "Type": "HIGHLOW"}, {"RVA": 5606, "Type": "HIGHLOW"}, {"RVA": 5610, "Type": "HIGHLOW"}, {"RVA": 5665, "Type": "HIGHLOW"}, {"RVA": 5674, "Type": "HIGHLOW"}, {"RVA": 5708, "Type": "HIGHLOW"}, {"RVA": 5713, "Type": "HIGHLOW"}, {"RVA": 5719, "Type": "HIGHLOW"}, {"RVA": 5745, "Type": "HIGHLOW"}, {"RVA": 5752, "Type": "HIGHLOW"}, {"RVA": 5805, "Type": "HIGHLOW"}, {"RVA": 5828, "Type": "HIGHLOW"}, {"RVA": 5845, "Type": "HIGHLOW"}, {"RVA": 5852, "Type": "HIGHLOW"}, {"RVA": 5880, "Type": "HIGHLOW"}, {"RVA": 5920, "Type": "HIGHLOW"}, {"RVA": 5934, "Type": "HIGHLOW"}, {"RVA": 5944, "Type": "HIGHLOW"}, {"RVA": 5956, "Type": "HIGHLOW"}, {"RVA": 5970, "Type": "HIGHLOW"}, {"RVA": 5980, "Type": "HIGHLOW"}, {"RVA": 6010, "Type": "HIGHLOW"}, {"RVA": 6017, "Type": "HIGHLOW"}, {"RVA": 6027, "Type": "HIGHLOW"}, {"RVA": 6034, "Type": "HIGHLOW"}, {"RVA": 6057, "Type": "HIGHLOW"}, {"RVA": 6063, "Type": "HIGHLOW"}, {"RVA": 6073, "Type": "HIGHLOW"}, {"RVA": 6087, "Type": "HIGHLOW"}, {"RVA": 6121, "Type": "HIGHLOW"}, {"RVA": 6128, "Type": "HIGHLOW"}, {"RVA": 6173, "Type": "HIGHLOW"}, {"RVA": 6180, "Type": "HIGHLOW"}, {"RVA": 6201, "Type": "HIGHLOW"}, {"RVA": 6208, "Type": "HIGHLOW"}, {"RVA": 6215, "Type": "HIGHLOW"}, {"RVA": 6226, "Type": "HIGHLOW"}, {"RVA": 6236, "Type": "HIGHLOW"}, {"RVA": 6244, "Type": "HIGHLOW"}, {"RVA": 6249, "Type": "HIGHLOW"}, {"RVA": 6256, "Type": "HIGHLOW"}, {"RVA": 6271, "Type": "HIGHLOW"}, {"RVA": 6295, "Type": "HIGHLOW"}, {"RVA": 6336, "Type": "HIGHLOW"}, {"RVA": 6343, "Type": "HIGHLOW"}, {"RVA": 6356, "Type": "HIGHLOW"}, {"RVA": 6361, "Type": "HIGHLOW"}, {"RVA": 6377, "Type": "HIGHLOW"}, {"RVA": 6387, "Type": "HIGHLOW"}, {"RVA": 6395, "Type": "HIGHLOW"}, {"RVA": 6408, "Type": "HIGHLOW"}, {"RVA": 6415, "Type": "HIGHLOW"}, {"RVA": 6420, "Type": "HIGHLOW"}, {"RVA": 6427, "Type": "HIGHLOW"}, {"RVA": 6451, "Type": "HIGHLOW"}, {"RVA": 6458, "Type": "HIGHLOW"}, {"RVA": 6472, "Type": "HIGHLOW"}, {"RVA": 6479, "Type": "HIGHLOW"}, {"RVA": 6521, "Type": "HIGHLOW"}, {"RVA": 6528, "Type": "HIGHLOW"}, {"RVA": 6614, "Type": "HIGHLOW"}, {"RVA": 6621, "Type": "HIGHLOW"}, {"RVA": 6633, "Type": "HIGHLOW"}, {"RVA": 6639, "Type": "HIGHLOW"}, {"RVA": 6665, "Type": "HIGHLOW"}, {"RVA": 6686, "Type": "HIGHLOW"}, {"RVA": 6696, "Type": "HIGHLOW"}, {"RVA": 6706, "Type": "HIGHLOW"}, {"RVA": 6717, "Type": "HIGHLOW"}, {"RVA": 6722, "Type": "HIGHLOW"}, {"RVA": 6727, "Type": "HIGHLOW"}, {"RVA": 6772, "Type": "HIGHLOW"}, {"RVA": 6782, "Type": "HIGHLOW"}, {"RVA": 6800, "Type": "HIGHLOW"}, {"RVA": 6825, "Type": "HIGHLOW"}, {"RVA": 6832, "Type": "HIGHLOW"}, {"RVA": 6857, "Type": "HIGHLOW"}, {"RVA": 6914, "Type": "HIGHLOW"}, {"RVA": 6921, "Type": "HIGHLOW"}, {"RVA": 6936, "Type": "HIGHLOW"}, {"RVA": 6954, "Type": "HIGHLOW"}, {"RVA": 6962, "Type": "HIGHLOW"}, {"RVA": 6985, "Type": "HIGHLOW"}, {"RVA": 6992, "Type": "HIGHLOW"}, {"RVA": 7019, "Type": "HIGHLOW"}, {"RVA": 7026, "Type": "HIGHLOW"}, {"RVA": 7033, "Type": "HIGHLOW"}, {"RVA": 7039, "Type": "HIGHLOW"}, {"RVA": 7046, "Type": "HIGHLOW"}, {"RVA": 7083, "Type": "HIGHLOW"}, {"RVA": 7090, "Type": "HIGHLOW"}, {"RVA": 7203, "Type": "HIGHLOW"}, {"RVA": 7274, "Type": "HIGHLOW"}, {"RVA": 7291, "Type": "HIGHLOW"}, {"RVA": 7302, "Type": "HIGHLOW"}, {"RVA": 7307, "Type": "HIGHLOW"}, {"RVA": 7312, "Type": "HIGHLOW"}, {"RVA": 7345, "Type": "HIGHLOW"}, {"RVA": 7367, "Type": "HIGHLOW"}, {"RVA": 7377, "Type": "HIGHLOW"}, {"RVA": 7389, "Type": "HIGHLOW"}, {"RVA": 7399, "Type": "HIGHLOW"}, {"RVA": 7432, "Type": "HIGHLOW"}, {"RVA": 7439, "Type": "HIGHLOW"}, {"RVA": 7450, "Type": "HIGHLOW"}, {"RVA": 7460, "Type": "HIGHLOW"}, {"RVA": 7470, "Type": "HIGHLOW"}, {"RVA": 7479, "Type": "HIGHLOW"}, {"RVA": 7486, "Type": "HIGHLOW"}, {"RVA": 7506, "Type": "HIGHLOW"}, {"RVA": 7513, "Type": "HIGHLOW"}, {"RVA": 7539, "Type": "HIGHLOW"}, {"RVA": 7546, "Type": "HIGHLOW"}, {"RVA": 7565, "Type": "HIGHLOW"}, {"RVA": 7583, "Type": "HIGHLOW"}, {"RVA": 7590, "Type": "HIGHLOW"}, {"RVA": 7608, "Type": "HIGHLOW"}, {"RVA": 7618, "Type": "HIGHLOW"}, {"RVA": 7628, "Type": "HIGHLOW"}, {"RVA": 7637, "Type": "HIGHLOW"}, {"RVA": 7644, "Type": "HIGHLOW"}, {"RVA": 7657, "Type": "HIGHLOW"}, {"RVA": 7664, "Type": "HIGHLOW"}, {"RVA": 7675, "Type": "HIGHLOW"}, {"RVA": 7685, "Type": "HIGHLOW"}, {"RVA": 7695, "Type": "HIGHLOW"}, {"RVA": 7705, "Type": "HIGHLOW"}, {"RVA": 7712, "Type": "HIGHLOW"}, {"RVA": 7752, "Type": "HIGHLOW"}, {"RVA": 7763, "Type": "HIGHLOW"}, {"RVA": 7768, "Type": "HIGHLOW"}, {"RVA": 7773, "Type": "HIGHLOW"}, {"RVA": 7835, "Type": "HIGHLOW"}, {"RVA": 7851, "Type": "HIGHLOW"}, {"RVA": 7873, "Type": "HIGHLOW"}, {"RVA": 7911, "Type": "HIGHLOW"}, {"RVA": 7956, "Type": "HIGHLOW"}, {"RVA": 7969, "Type": "HIGHLOW"}, {"RVA": 7995, "Type": "HIGHLOW"}, {"RVA": 8118, "Type": "HIGHLOW"}, {"RVA": 8135, "Type": "HIGHLOW"}, {"RVA": 8142, "Type": "HIGHLOW"}, {"RVA": 8148, "Type": "HIGHLOW"}, {"RVA": 8155, "Type": "HIGHLOW"}, {"RVA": 8161, "Type": "HIGHLOW"}, {"RVA": 8168, "Type": "HIGHLOW"}, {"RVA": 8173, "Type": "HIGHLOW"}, {"RVA": 8180, "Type": "HIGHLOW"}, {"RVA": 8186, "Type": "HIGHLOW"}], [{"SizeOfBlock": {"FileOffset": 37372, "Value": 524, "Offset": 4}, "VirtualAddress": {"FileOffset": 37368, "Value": 8192, "Offset": 0}, "Structure": "IMAGE_BASE_RELOCATION"}, {"RVA": 8193, "Type": "HIGHLOW"}, {"RVA": 8199, "Type": "HIGHLOW"}, {"RVA": 8206, "Type": "HIGHLOW"}, {"RVA": 8211, "Type": "HIGHLOW"}, {"RVA": 8218, "Type": "HIGHLOW"}, {"RVA": 8230, "Type": "HIGHLOW"}, {"RVA": 8352, "Type": "HIGHLOW"}, {"RVA": 8365, "Type": "HIGHLOW"}, {"RVA": 8391, "Type": "HIGHLOW"}, {"RVA": 8420, "Type": "HIGHLOW"}, {"RVA": 8474, "Type": "HIGHLOW"}, {"RVA": 8499, "Type": "HIGHLOW"}, {"RVA": 8509, "Type": "HIGHLOW"}, {"RVA": 8526, "Type": "HIGHLOW"}, {"RVA": 8533, "Type": "HIGHLOW"}, {"RVA": 8541, "Type": "HIGHLOW"}, {"RVA": 8579, "Type": "HIGHLOW"}, {"RVA": 8613, "Type": "HIGHLOW"}, {"RVA": 8625, "Type": "HIGHLOW"}, {"RVA": 8662, "Type": "HIGHLOW"}, {"RVA": 8687, "Type": "HIGHLOW"}, {"RVA": 8697, "Type": "HIGHLOW"}, {"RVA": 8756, "Type": "HIGHLOW"}, {"RVA": 8781, "Type": "HIGHLOW"}, {"RVA": 8791, "Type": "HIGHLOW"}, {"RVA": 8808, "Type": "HIGHLOW"}, {"RVA": 8815, "Type": "HIGHLOW"}, {"RVA": 8844, "Type": "HIGHLOW"}, {"RVA": 8894, "Type": "HIGHLOW"}, {"RVA": 8907, "Type": "HIGHLOW"}, {"RVA": 8916, "Type": "HIGHLOW"}, {"RVA": 8923, "Type": "HIGHLOW"}, {"RVA": 8929, "Type": "HIGHLOW"}, {"RVA": 8934, "Type": "HIGHLOW"}, {"RVA": 9023, "Type": "HIGHLOW"}, {"RVA": 9034, "Type": "HIGHLOW"}, {"RVA": 9044, "Type": "HIGHLOW"}, {"RVA": 9067, "Type": "HIGHLOW"}, {"RVA": 9081, "Type": "HIGHLOW"}, {"RVA": 9088, "Type": "HIGHLOW"}, {"RVA": 9153, "Type": "HIGHLOW"}, {"RVA": 9165, "Type": "HIGHLOW"}, {"RVA": 9181, "Type": "HIGHLOW"}, {"RVA": 9191, "Type": "HIGHLOW"}, {"RVA": 9196, "Type": "HIGHLOW"}, {"RVA": 9202, "Type": "HIGHLOW"}, {"RVA": 9214, "Type": "HIGHLOW"}, {"RVA": 9228, "Type": "HIGHLOW"}, {"RVA": 9237, "Type": "HIGHLOW"}, {"RVA": 9243, "Type": "HIGHLOW"}, {"RVA": 9258, "Type": "HIGHLOW"}, {"RVA": 9268, "Type": "HIGHLOW"}, {"RVA": 9278, "Type": "HIGHLOW"}, {"RVA": 9288, "Type": "HIGHLOW"}, {"RVA": 9298, "Type": "HIGHLOW"}, {"RVA": 9304, "Type": "HIGHLOW"}, {"RVA": 9310, "Type": "HIGHLOW"}, {"RVA": 9329, "Type": "HIGHLOW"}, {"RVA": 9335, "Type": "HIGHLOW"}, {"RVA": 9347, "Type": "HIGHLOW"}, {"RVA": 9353, "Type": "HIGHLOW"}, {"RVA": 9365, "Type": "HIGHLOW"}, {"RVA": 9371, "Type": "HIGHLOW"}, {"RVA": 9381, "Type": "HIGHLOW"}, {"RVA": 9416, "Type": "HIGHLOW"}, {"RVA": 9422, "Type": "HIGHLOW"}, {"RVA": 9448, "Type": "HIGHLOW"}, {"RVA": 9454, "Type": "HIGHLOW"}, {"RVA": 9460, "Type": "HIGHLOW"}, {"RVA": 9466, "Type": "HIGHLOW"}, {"RVA": 9476, "Type": "HIGHLOW"}, {"RVA": 9482, "Type": "HIGHLOW"}, {"RVA": 9504, "Type": "HIGHLOW"}, {"RVA": 9510, "Type": "HIGHLOW"}, {"RVA": 9520, "Type": "HIGHLOW"}, {"RVA": 9526, "Type": "HIGHLOW"}, {"RVA": 9532, "Type": "HIGHLOW"}, {"RVA": 9542, "Type": "HIGHLOW"}, {"RVA": 9552, "Type": "HIGHLOW"}, {"RVA": 9562, "Type": "HIGHLOW"}, {"RVA": 9571, "Type": "HIGHLOW"}, {"RVA": 9577, "Type": "HIGHLOW"}, {"RVA": 9583, "Type": "HIGHLOW"}, {"RVA": 9593, "Type": "HIGHLOW"}, {"RVA": 9609, "Type": "HIGHLOW"}, {"RVA": 9629, "Type": "HIGHLOW"}, {"RVA": 9644, "Type": "HIGHLOW"}, {"RVA": 9650, "Type": "HIGHLOW"}, {"RVA": 9664, "Type": "HIGHLOW"}, {"RVA": 9670, "Type": "HIGHLOW"}, {"RVA": 9680, "Type": "HIGHLOW"}, {"RVA": 9686, "Type": "HIGHLOW"}, {"RVA": 9722, "Type": "HIGHLOW"}, {"RVA": 9728, "Type": "HIGHLOW"}, {"RVA": 9788, "Type": "HIGHLOW"}, {"RVA": 9795, "Type": "HIGHLOW"}, {"RVA": 9800, "Type": "HIGHLOW"}, {"RVA": 9805, "Type": "HIGHLOW"}, {"RVA": 9816, "Type": "HIGHLOW"}, {"RVA": 9828, "Type": "HIGHLOW"}, {"RVA": 9844, "Type": "HIGHLOW"}, {"RVA": 9863, "Type": "HIGHLOW"}, {"RVA": 9881, "Type": "HIGHLOW"}, {"RVA": 9891, "Type": "HIGHLOW"}, {"RVA": 9901, "Type": "HIGHLOW"}, {"RVA": 9910, "Type": "HIGHLOW"}, {"RVA": 9927, "Type": "HIGHLOW"}, {"RVA": 9932, "Type": "HIGHLOW"}, {"RVA": 9938, "Type": "HIGHLOW"}, {"RVA": 9946, "Type": "HIGHLOW"}, {"RVA": 9962, "Type": "HIGHLOW"}, {"RVA": 9968, "Type": "HIGHLOW"}, {"RVA": 9974, "Type": "HIGHLOW"}, {"RVA": 9980, "Type": "HIGHLOW"}, {"RVA": 9992, "Type": "HIGHLOW"}, {"RVA": 10013, "Type": "HIGHLOW"}, {"RVA": 10019, "Type": "HIGHLOW"}, {"RVA": 10029, "Type": "HIGHLOW"}, {"RVA": 10040, "Type": "HIGHLOW"}, {"RVA": 10049, "Type": "HIGHLOW"}, {"RVA": 10056, "Type": "HIGHLOW"}, {"RVA": 10068, "Type": "HIGHLOW"}, {"RVA": 10097, "Type": "HIGHLOW"}, {"RVA": 10106, "Type": "HIGHLOW"}, {"RVA": 10112, "Type": "HIGHLOW"}, {"RVA": 10118, "Type": "HIGHLOW"}, {"RVA": 10131, "Type": "HIGHLOW"}, {"RVA": 10141, "Type": "HIGHLOW"}, {"RVA": 10151, "Type": "HIGHLOW"}, {"RVA": 10161, "Type": "HIGHLOW"}, {"RVA": 10171, "Type": "HIGHLOW"}, {"RVA": 10178, "Type": "HIGHLOW"}, {"RVA": 10274, "Type": "HIGHLOW"}, {"RVA": 10288, "Type": "HIGHLOW"}, {"RVA": 10292, "Type": "HIGHLOW"}, {"RVA": 10296, "Type": "HIGHLOW"}, {"RVA": 10300, "Type": "HIGHLOW"}, {"RVA": 10304, "Type": "HIGHLOW"}, {"RVA": 10308, "Type": "HIGHLOW"}, {"RVA": 10312, "Type": "HIGHLOW"}, {"RVA": 10316, "Type": "HIGHLOW"}, {"RVA": 10320, "Type": "HIGHLOW"}, {"RVA": 10324, "Type": "HIGHLOW"}, {"RVA": 10328, "Type": "HIGHLOW"}, {"RVA": 10332, "Type": "HIGHLOW"}, {"RVA": 10336, "Type": "HIGHLOW"}, {"RVA": 10340, "Type": "HIGHLOW"}, {"RVA": 10348, "Type": "HIGHLOW"}, {"RVA": 10354, "Type": "HIGHLOW"}, {"RVA": 10373, "Type": "HIGHLOW"}, {"RVA": 10386, "Type": "HIGHLOW"}, {"RVA": 10395, "Type": "HIGHLOW"}, {"RVA": 10402, "Type": "HIGHLOW"}, {"RVA": 10408, "Type": "HIGHLOW"}, {"RVA": 10413, "Type": "HIGHLOW"}, {"RVA": 10459, "Type": "HIGHLOW"}, {"RVA": 10465, "Type": "HIGHLOW"}, {"RVA": 10489, "Type": "HIGHLOW"}, {"RVA": 10530, "Type": "HIGHLOW"}, {"RVA": 10540, "Type": "HIGHLOW"}, {"RVA": 10549, "Type": "HIGHLOW"}, {"RVA": 10682, "Type": "HIGHLOW"}, {"RVA": 10687, "Type": "HIGHLOW"}, {"RVA": 10698, "Type": "HIGHLOW"}, {"RVA": 10703, "Type": "HIGHLOW"}, {"RVA": 10715, "Type": "HIGHLOW"}, {"RVA": 10720, "Type": "HIGHLOW"}, {"RVA": 10726, "Type": "HIGHLOW"}, {"RVA": 10750, "Type": "HIGHLOW"}, {"RVA": 10755, "Type": "HIGHLOW"}, {"RVA": 10767, "Type": "HIGHLOW"}, {"RVA": 10772, "Type": "HIGHLOW"}, {"RVA": 10778, "Type": "HIGHLOW"}, {"RVA": 10789, "Type": "HIGHLOW"}, {"RVA": 10796, "Type": "HIGHLOW"}, {"RVA": 10811, "Type": "HIGHLOW"}, {"RVA": 10820, "Type": "HIGHLOW"}, {"RVA": 10829, "Type": "HIGHLOW"}, {"RVA": 10837, "Type": "HIGHLOW"}, {"RVA": 10856, "Type": "HIGHLOW"}, {"RVA": 10885, "Type": "HIGHLOW"}, {"RVA": 10893, "Type": "HIGHLOW"}, {"RVA": 10900, "Type": "HIGHLOW"}, {"RVA": 10908, "Type": "HIGHLOW"}, {"RVA": 10915, "Type": "HIGHLOW"}, {"RVA": 10924, "Type": "HIGHLOW"}, {"RVA": 10931, "Type": "HIGHLOW"}, {"RVA": 10939, "Type": "HIGHLOW"}, {"RVA": 10946, "Type": "HIGHLOW"}, {"RVA": 10956, "Type": "HIGHLOW"}, {"RVA": 10963, "Type": "HIGHLOW"}, {"RVA": 10970, "Type": "HIGHLOW"}, {"RVA": 10977, "Type": "HIGHLOW"}, {"RVA": 10987, "Type": "HIGHLOW"}, {"RVA": 10994, "Type": "HIGHLOW"}, {"RVA": 11002, "Type": "HIGHLOW"}, {"RVA": 11009, "Type": "HIGHLOW"}, {"RVA": 11016, "Type": "HIGHLOW"}, {"RVA": 11023, "Type": "HIGHLOW"}, {"RVA": 11029, "Type": "HIGHLOW"}, {"RVA": 11036, "Type": "HIGHLOW"}, {"RVA": 11042, "Type": "HIGHLOW"}, {"RVA": 11049, "Type": "HIGHLOW"}, {"RVA": 11054, "Type": "HIGHLOW"}, {"RVA": 11061, "Type": "HIGHLOW"}, {"RVA": 11067, "Type": "HIGHLOW"}, {"RVA": 11074, "Type": "HIGHLOW"}, {"RVA": 11080, "Type": "HIGHLOW"}, {"RVA": 11087, "Type": "HIGHLOW"}, {"RVA": 11092, "Type": "HIGHLOW"}, {"RVA": 11099, "Type": "HIGHLOW"}, {"RVA": 11105, "Type": "HIGHLOW"}, {"RVA": 11112, "Type": "HIGHLOW"}, {"RVA": 11121, "Type": "HIGHLOW"}, {"RVA": 11144, "Type": "HIGHLOW"}, {"RVA": 11148, "Type": "HIGHLOW"}, {"RVA": 11152, "Type": "HIGHLOW"}, {"RVA": 11156, "Type": "HIGHLOW"}, {"RVA": 11202, "Type": "HIGHLOW"}, {"RVA": 11292, "Type": "HIGHLOW"}, {"RVA": 11345, "Type": "HIGHLOW"}, {"RVA": 11358, "Type": "HIGHLOW"}, {"RVA": 11578, "Type": "HIGHLOW"}, {"RVA": 11635, "Type": "HIGHLOW"}, {"RVA": 11645, "Type": "HIGHLOW"}, {"RVA": 11661, "Type": "HIGHLOW"}, {"RVA": 11704, "Type": "HIGHLOW"}, {"RVA": 11754, "Type": "HIGHLOW"}, {"RVA": 11761, "Type": "HIGHLOW"}, {"RVA": 11767, "Type": "HIGHLOW"}, {"RVA": 11774, "Type": "HIGHLOW"}, {"RVA": 11801, "Type": "HIGHLOW"}, {"RVA": 11821, "Type": "HIGHLOW"}, {"RVA": 11894, "Type": "HIGHLOW"}, {"RVA": 11913, "Type": "HIGHLOW"}, {"RVA": 11946, "Type": "HIGHLOW"}, {"RVA": 11960, "Type": "HIGHLOW"}, {"RVA": 11970, "Type": "HIGHLOW"}, {"RVA": 12010, "Type": "HIGHLOW"}, {"RVA": 12016, "Type": "HIGHLOW"}, {"RVA": 12026, "Type": "HIGHLOW"}, {"RVA": 12035, "Type": "HIGHLOW"}, {"RVA": 12042, "Type": "HIGHLOW"}, {"RVA": 12058, "Type": "HIGHLOW"}, {"RVA": 12074, "Type": "HIGHLOW"}, {"RVA": 12084, "Type": "HIGHLOW"}, {"RVA": 12094, "Type": "HIGHLOW"}, {"RVA": 12102, "Type": "HIGHLOW"}, {"RVA": 12109, "Type": "HIGHLOW"}, {"RVA": 12125, "Type": "HIGHLOW"}, {"RVA": 12131, "Type": "HIGHLOW"}, {"RVA": 12140, "Type": "HIGHLOW"}, {"RVA": 12147, "Type": "HIGHLOW"}, {"RVA": 12163, "Type": "HIGHLOW"}, {"RVA": 12186, "Type": "HIGHLOW"}, {"RVA": 12196, "Type": "HIGHLOW"}, {"RVA": 12206, "Type": "HIGHLOW"}, {"RVA": 8192, "Type": "ABSOLUTE"}], [{"SizeOfBlock": {"FileOffset": 37896, "Value": 268, "Offset": 4}, "VirtualAddress": {"FileOffset": 37892, "Value": 12288, "Offset": 0}, "Structure": "IMAGE_BASE_RELOCATION"}, {"RVA": 12390, "Type": "HIGHLOW"}, {"RVA": 12401, "Type": "HIGHLOW"}, {"RVA": 12408, "Type": "HIGHLOW"}, {"RVA": 12425, "Type": "HIGHLOW"}, {"RVA": 12431, "Type": "HIGHLOW"}, {"RVA": 12469, "Type": "HIGHLOW"}, {"RVA": 12492, "Type": "HIGHLOW"}, {"RVA": 12517, "Type": "HIGHLOW"}, {"RVA": 12649, "Type": "HIGHLOW"}, {"RVA": 12674, "Type": "HIGHLOW"}, {"RVA": 12684, "Type": "HIGHLOW"}, {"RVA": 12731, "Type": "HIGHLOW"}, {"RVA": 12877, "Type": "HIGHLOW"}, {"RVA": 12916, "Type": "HIGHLOW"}, {"RVA": 12929, "Type": "HIGHLOW"}, {"RVA": 12961, "Type": "HIGHLOW"}, {"RVA": 12974, "Type": "HIGHLOW"}, {"RVA": 12988, "Type": "HIGHLOW"}, {"RVA": 13033, "Type": "HIGHLOW"}, {"RVA": 13058, "Type": "HIGHLOW"}, {"RVA": 13071, "Type": "HIGHLOW"}, {"RVA": 13102, "Type": "HIGHLOW"}, {"RVA": 13123, "Type": "HIGHLOW"}, {"RVA": 13133, "Type": "HIGHLOW"}, {"RVA": 13337, "Type": "HIGHLOW"}, {"RVA": 13379, "Type": "HIGHLOW"}, {"RVA": 13392, "Type": "HIGHLOW"}, {"RVA": 13425, "Type": "HIGHLOW"}, {"RVA": 13435, "Type": "HIGHLOW"}, {"RVA": 13465, "Type": "HIGHLOW"}, {"RVA": 13478, "Type": "HIGHLOW"}, {"RVA": 13510, "Type": "HIGHLOW"}, {"RVA": 13584, "Type": "HIGHLOW"}, {"RVA": 13605, "Type": "HIGHLOW"}, {"RVA": 13633, "Type": "HIGHLOW"}, {"RVA": 13646, "Type": "HIGHLOW"}, {"RVA": 13678, "Type": "HIGHLOW"}, {"RVA": 13703, "Type": "HIGHLOW"}, {"RVA": 13713, "Type": "HIGHLOW"}, {"RVA": 13729, "Type": "HIGHLOW"}, {"RVA": 13780, "Type": "HIGHLOW"}, {"RVA": 13790, "Type": "HIGHLOW"}, {"RVA": 13818, "Type": "HIGHLOW"}, {"RVA": 13831, "Type": "HIGHLOW"}, {"RVA": 13863, "Type": "HIGHLOW"}, {"RVA": 13888, "Type": "HIGHLOW"}, {"RVA": 13898, "Type": "HIGHLOW"}, {"RVA": 14021, "Type": "HIGHLOW"}, {"RVA": 14041, "Type": "HIGHLOW"}, {"RVA": 14050, "Type": "HIGHLOW"}, {"RVA": 14062, "Type": "HIGHLOW"}, {"RVA": 14106, "Type": "HIGHLOW"}, {"RVA": 14119, "Type": "HIGHLOW"}, {"RVA": 14126, "Type": "HIGHLOW"}, {"RVA": 14131, "Type": "HIGHLOW"}, {"RVA": 14168, "Type": "HIGHLOW"}, {"RVA": 14174, "Type": "HIGHLOW"}, {"RVA": 14180, "Type": "HIGHLOW"}, {"RVA": 14186, "Type": "HIGHLOW"}, {"RVA": 14194, "Type": "HIGHLOW"}, {"RVA": 14200, "Type": "HIGHLOW"}, {"RVA": 14206, "Type": "HIGHLOW"}, {"RVA": 14274, "Type": "HIGHLOW"}, {"RVA": 14280, "Type": "HIGHLOW"}, {"RVA": 14286, "Type": "HIGHLOW"}, {"RVA": 14300, "Type": "HIGHLOW"}, {"RVA": 14308, "Type": "HIGHLOW"}, {"RVA": 14314, "Type": "HIGHLOW"}, {"RVA": 14325, "Type": "HIGHLOW"}, {"RVA": 14338, "Type": "HIGHLOW"}, {"RVA": 14346, "Type": "HIGHLOW"}, {"RVA": 14360, "Type": "HIGHLOW"}, {"RVA": 14365, "Type": "HIGHLOW"}, {"RVA": 14370, "Type": "HIGHLOW"}, {"RVA": 14375, "Type": "HIGHLOW"}, {"RVA": 14386, "Type": "HIGHLOW"}, {"RVA": 14399, "Type": "HIGHLOW"}, {"RVA": 14409, "Type": "HIGHLOW"}, {"RVA": 14430, "Type": "HIGHLOW"}, {"RVA": 14442, "Type": "HIGHLOW"}, {"RVA": 14448, "Type": "HIGHLOW"}, {"RVA": 14482, "Type": "HIGHLOW"}, {"RVA": 14500, "Type": "HIGHLOW"}, {"RVA": 14592, "Type": "HIGHLOW"}, {"RVA": 14620, "Type": "HIGHLOW"}, {"RVA": 14626, "Type": "HIGHLOW"}, {"RVA": 14651, "Type": "HIGHLOW"}, {"RVA": 14713, "Type": "HIGHLOW"}, {"RVA": 14727, "Type": "HIGHLOW"}, {"RVA": 14789, "Type": "HIGHLOW"}, {"RVA": 14976, "Type": "HIGHLOW"}, {"RVA": 14982, "Type": "HIGHLOW"}, {"RVA": 15037, "Type": "HIGHLOW"}, {"RVA": 15043, "Type": "HIGHLOW"}, {"RVA": 15066, "Type": "HIGHLOW"}, {"RVA": 15088, "Type": "HIGHLOW"}, {"RVA": 15129, "Type": "HIGHLOW"}, {"RVA": 15162, "Type": "HIGHLOW"}, {"RVA": 15184, "Type": "HIGHLOW"}, {"RVA": 15190, "Type": "HIGHLOW"}, {"RVA": 15212, "Type": "HIGHLOW"}, {"RVA": 15249, "Type": "HIGHLOW"}, {"RVA": 15254, "Type": "HIGHLOW"}, {"RVA": 15270, "Type": "HIGHLOW"}, {"RVA": 15285, "Type": "HIGHLOW"}, {"RVA": 15291, "Type": "HIGHLOW"}, {"RVA": 15343, "Type": "HIGHLOW"}, {"RVA": 15354, "Type": "HIGHLOW"}, {"RVA": 15360, "Type": "HIGHLOW"}, {"RVA": 15393, "Type": "HIGHLOW"}, {"RVA": 15415, "Type": "HIGHLOW"}, {"RVA": 15421, "Type": "HIGHLOW"}, {"RVA": 15443, "Type": "HIGHLOW"}, {"RVA": 15768, "Type": "HIGHLOW"}, {"RVA": 15821, "Type": "HIGHLOW"}, {"RVA": 15827, "Type": "HIGHLOW"}, {"RVA": 15850, "Type": "HIGHLOW"}, {"RVA": 15910, "Type": "HIGHLOW"}, {"RVA": 15958, "Type": "HIGHLOW"}, {"RVA": 15964, "Type": "HIGHLOW"}, {"RVA": 15987, "Type": "HIGHLOW"}, {"RVA": 16019, "Type": "HIGHLOW"}, {"RVA": 16109, "Type": "HIGHLOW"}, {"RVA": 16207, "Type": "HIGHLOW"}, {"RVA": 16213, "Type": "HIGHLOW"}, {"RVA": 16236, "Type": "HIGHLOW"}, {"RVA": 16299, "Type": "HIGHLOW"}, {"RVA": 16367, "Type": "HIGHLOW"}, {"RVA": 16373, "Type": "HIGHLOW"}, {"RVA": 12288, "Type": "ABSOLUTE"}], [{"SizeOfBlock": {"FileOffset": 38164, "Value": 196, "Offset": 4}, "VirtualAddress": {"FileOffset": 38160, "Value": 16384, "Offset": 0}, "Structure": "IMAGE_BASE_RELOCATION"}, {"RVA": 16400, "Type": "HIGHLOW"}, {"RVA": 16430, "Type": "HIGHLOW"}, {"RVA": 16550, "Type": "HIGHLOW"}, {"RVA": 16556, "Type": "HIGHLOW"}, {"RVA": 16579, "Type": "HIGHLOW"}, {"RVA": 16675, "Type": "HIGHLOW"}, {"RVA": 16681, "Type": "HIGHLOW"}, {"RVA": 16704, "Type": "HIGHLOW"}, {"RVA": 16777, "Type": "HIGHLOW"}, {"RVA": 16783, "Type": "HIGHLOW"}, {"RVA": 16806, "Type": "HIGHLOW"}, {"RVA": 16879, "Type": "HIGHLOW"}, {"RVA": 16949, "Type": "HIGHLOW"}, {"RVA": 16993, "Type": "HIGHLOW"}, {"RVA": 16999, "Type": "HIGHLOW"}, {"RVA": 17026, "Type": "HIGHLOW"}, {"RVA": 17149, "Type": "HIGHLOW"}, {"RVA": 17189, "Type": "HIGHLOW"}, {"RVA": 17195, "Type": "HIGHLOW"}, {"RVA": 17222, "Type": "HIGHLOW"}, {"RVA": 17259, "Type": "HIGHLOW"}, {"RVA": 17299, "Type": "HIGHLOW"}, {"RVA": 17305, "Type": "HIGHLOW"}, {"RVA": 17332, "Type": "HIGHLOW"}, {"RVA": 17344, "Type": "HIGHLOW"}, {"RVA": 17379, "Type": "HIGHLOW"}, {"RVA": 17420, "Type": "HIGHLOW"}, {"RVA": 17464, "Type": "HIGHLOW"}, {"RVA": 17470, "Type": "HIGHLOW"}, {"RVA": 17497, "Type": "HIGHLOW"}, {"RVA": 17532, "Type": "HIGHLOW"}, {"RVA": 17552, "Type": "HIGHLOW"}, {"RVA": 17639, "Type": "HIGHLOW"}, {"RVA": 17876, "Type": "HIGHLOW"}, {"RVA": 17973, "Type": "HIGHLOW"}, {"RVA": 18084, "Type": "HIGHLOW"}, {"RVA": 18090, "Type": "HIGHLOW"}, {"RVA": 18113, "Type": "HIGHLOW"}, {"RVA": 18191, "Type": "HIGHLOW"}, {"RVA": 18197, "Type": "HIGHLOW"}, {"RVA": 18220, "Type": "HIGHLOW"}, {"RVA": 18377, "Type": "HIGHLOW"}, {"RVA": 18557, "Type": "HIGHLOW"}, {"RVA": 18563, "Type": "HIGHLOW"}, {"RVA": 18586, "Type": "HIGHLOW"}, {"RVA": 18658, "Type": "HIGHLOW"}, {"RVA": 18664, "Type": "HIGHLOW"}, {"RVA": 18687, "Type": "HIGHLOW"}, {"RVA": 18702, "Type": "HIGHLOW"}, {"RVA": 18789, "Type": "HIGHLOW"}, {"RVA": 18835, "Type": "HIGHLOW"}, {"RVA": 18841, "Type": "HIGHLOW"}, {"RVA": 18868, "Type": "HIGHLOW"}, {"RVA": 18888, "Type": "HIGHLOW"}, {"RVA": 18941, "Type": "HIGHLOW"}, {"RVA": 19077, "Type": "HIGHLOW"}, {"RVA": 19247, "Type": "HIGHLOW"}, {"RVA": 19252, "Type": "HIGHLOW"}, {"RVA": 19265, "Type": "HIGHLOW"}, {"RVA": 19320, "Type": "HIGHLOW"}, {"RVA": 19347, "Type": "HIGHLOW"}, {"RVA": 19363, "Type": "HIGHLOW"}, {"RVA": 19390, "Type": "HIGHLOW"}, {"RVA": 19401, "Type": "HIGHLOW"}, {"RVA": 19408, "Type": "HIGHLOW"}, {"RVA": 19430, "Type": "HIGHLOW"}, {"RVA": 19538, "Type": "HIGHLOW"}, {"RVA": 19545, "Type": "HIGHLOW"}, {"RVA": 19552, "Type": "HIGHLOW"}, {"RVA": 19559, "Type": "HIGHLOW"}, {"RVA": 19595, "Type": "HIGHLOW"}, {"RVA": 19613, "Type": "HIGHLOW"}, {"RVA": 19713, "Type": "HIGHLOW"}, {"RVA": 19731, "Type": "HIGHLOW"}, {"RVA": 19816, "Type": "HIGHLOW"}, {"RVA": 19864, "Type": "HIGHLOW"}, {"RVA": 19876, "Type": "HIGHLOW"}, {"RVA": 19890, "Type": "HIGHLOW"}, {"RVA": 19914, "Type": "HIGHLOW"}, {"RVA": 19922, "Type": "HIGHLOW"}, {"RVA": 19929, "Type": "HIGHLOW"}, {"RVA": 19942, "Type": "HIGHLOW"}, {"RVA": 19958, "Type": "HIGHLOW"}, {"RVA": 19964, "Type": "HIGHLOW"}, {"RVA": 20054, "Type": "HIGHLOW"}, {"RVA": 20079, "Type": "HIGHLOW"}, {"RVA": 20087, "Type": "HIGHLOW"}, {"RVA": 20094, "Type": "HIGHLOW"}, {"RVA": 20107, "Type": "HIGHLOW"}, {"RVA": 20114, "Type": "HIGHLOW"}, {"RVA": 20127, "Type": "HIGHLOW"}, {"RVA": 20464, "Type": "HIGHLOW"}, {"RVA": 20479, "Type": "HIGHLOW"}, {"RVA": 16384, "Type": "ABSOLUTE"}], [{"SizeOfBlock": {"FileOffset": 38360, "Value": 184, "Offset": 4}, "VirtualAddress": {"FileOffset": 38356, "Value": 20480, "Offset": 0}, "Structure": "IMAGE_BASE_RELOCATION"}, {"RVA": 20512, "Type": "HIGHLOW"}, {"RVA": 20520, "Type": "HIGHLOW"}, {"RVA": 20540, "Type": "HIGHLOW"}, {"RVA": 20555, "Type": "HIGHLOW"}, {"RVA": 20561, "Type": "HIGHLOW"}, {"RVA": 20575, "Type": "HIGHLOW"}, {"RVA": 20614, "Type": "HIGHLOW"}, {"RVA": 20622, "Type": "HIGHLOW"}, {"RVA": 20642, "Type": "HIGHLOW"}, {"RVA": 20657, "Type": "HIGHLOW"}, {"RVA": 20663, "Type": "HIGHLOW"}, {"RVA": 20677, "Type": "HIGHLOW"}, {"RVA": 20701, "Type": "HIGHLOW"}, {"RVA": 20741, "Type": "HIGHLOW"}, {"RVA": 20760, "Type": "HIGHLOW"}, {"RVA": 20786, "Type": "HIGHLOW"}, {"RVA": 20792, "Type": "HIGHLOW"}, {"RVA": 20803, "Type": "HIGHLOW"}, {"RVA": 20820, "Type": "HIGHLOW"}, {"RVA": 20834, "Type": "HIGHLOW"}, {"RVA": 20878, "Type": "HIGHLOW"}, {"RVA": 20883, "Type": "HIGHLOW"}, {"RVA": 20922, "Type": "HIGHLOW"}, {"RVA": 21000, "Type": "HIGHLOW"}, {"RVA": 21318, "Type": "HIGHLOW"}, {"RVA": 21329, "Type": "HIGHLOW"}, {"RVA": 21337, "Type": "HIGHLOW"}, {"RVA": 21345, "Type": "HIGHLOW"}, {"RVA": 21370, "Type": "HIGHLOW"}, {"RVA": 21398, "Type": "HIGHLOW"}, {"RVA": 21438, "Type": "HIGHLOW"}, {"RVA": 21625, "Type": "HIGHLOW"}, {"RVA": 21649, "Type": "HIGHLOW"}, {"RVA": 21656, "Type": "HIGHLOW"}, {"RVA": 21729, "Type": "HIGHLOW"}, {"RVA": 21736, "Type": "HIGHLOW"}, {"RVA": 21752, "Type": "HIGHLOW"}, {"RVA": 21759, "Type": "HIGHLOW"}, {"RVA": 21818, "Type": "HIGHLOW"}, {"RVA": 21823, "Type": "HIGHLOW"}, {"RVA": 21829, "Type": "HIGHLOW"}, {"RVA": 21836, "Type": "HIGHLOW"}, {"RVA": 21862, "Type": "HIGHLOW"}, {"RVA": 21869, "Type": "HIGHLOW"}, {"RVA": 21889, "Type": "HIGHLOW"}, {"RVA": 21947, "Type": "HIGHLOW"}, {"RVA": 21956, "Type": "HIGHLOW"}, {"RVA": 21962, "Type": "HIGHLOW"}, {"RVA": 21982, "Type": "HIGHLOW"}, {"RVA": 21987, "Type": "HIGHLOW"}, {"RVA": 22042, "Type": "HIGHLOW"}, {"RVA": 22066, "Type": "HIGHLOW"}, {"RVA": 22097, "Type": "HIGHLOW"}, {"RVA": 22152, "Type": "HIGHLOW"}, {"RVA": 22203, "Type": "HIGHLOW"}, {"RVA": 22231, "Type": "HIGHLOW"}, {"RVA": 22245, "Type": "HIGHLOW"}, {"RVA": 22293, "Type": "HIGHLOW"}, {"RVA": 22319, "Type": "HIGHLOW"}, {"RVA": 22334, "Type": "HIGHLOW"}, {"RVA": 22351, "Type": "HIGHLOW"}, {"RVA": 22358, "Type": "HIGHLOW"}, {"RVA": 22401, "Type": "HIGHLOW"}, {"RVA": 22489, "Type": "HIGHLOW"}, {"RVA": 22622, "Type": "HIGHLOW"}, {"RVA": 22628, "Type": "HIGHLOW"}, {"RVA": 22634, "Type": "HIGHLOW"}, {"RVA": 22655, "Type": "HIGHLOW"}, {"RVA": 22665, "Type": "HIGHLOW"}, {"RVA": 22682, "Type": "HIGHLOW"}, {"RVA": 22688, "Type": "HIGHLOW"}, {"RVA": 22710, "Type": "HIGHLOW"}, {"RVA": 22732, "Type": "HIGHLOW"}, {"RVA": 22745, "Type": "HIGHLOW"}, {"RVA": 22785, "Type": "HIGHLOW"}, {"RVA": 22801, "Type": "HIGHLOW"}, {"RVA": 22806, "Type": "HIGHLOW"}, {"RVA": 22821, "Type": "HIGHLOW"}, {"RVA": 22826, "Type": "HIGHLOW"}, {"RVA": 22841, "Type": "HIGHLOW"}, {"RVA": 22846, "Type": "HIGHLOW"}, {"RVA": 22903, "Type": "HIGHLOW"}, {"RVA": 22923, "Type": "HIGHLOW"}, {"RVA": 22971, "Type": "HIGHLOW"}, {"RVA": 23019, "Type": "HIGHLOW"}, {"RVA": 23067, "Type": "HIGHLOW"}, {"RVA": 23097, "Type": "HIGHLOW"}, {"RVA": 23119, "Type": "HIGHLOW"}], [{"SizeOfBlock": {"FileOffset": 38544, "Value": 188, "Offset": 4}, "VirtualAddress": {"FileOffset": 38540, "Value": 24576, "Offset": 0}, "Structure": "IMAGE_BASE_RELOCATION"}, {"RVA": 25152, "Type": "HIGHLOW"}, {"RVA": 25176, "Type": "HIGHLOW"}, {"RVA": 25180, "Type": "HIGHLOW"}, {"RVA": 25184, "Type": "HIGHLOW"}, {"RVA": 25188, "Type": "HIGHLOW"}, {"RVA": 25192, "Type": "HIGHLOW"}, {"RVA": 25196, "Type": "HIGHLOW"}, {"RVA": 25200, "Type": "HIGHLOW"}, {"RVA": 25204, "Type": "HIGHLOW"}, {"RVA": 25208, "Type": "HIGHLOW"}, {"RVA": 26064, "Type": "HIGHLOW"}, {"RVA": 26068, "Type": "HIGHLOW"}, {"RVA": 26072, "Type": "HIGHLOW"}, {"RVA": 26080, "Type": "HIGHLOW"}, {"RVA": 26104, "Type": "HIGHLOW"}, {"RVA": 26124, "Type": "HIGHLOW"}, {"RVA": 26140, "Type": "HIGHLOW"}, {"RVA": 26144, "Type": "HIGHLOW"}, {"RVA": 26160, "Type": "HIGHLOW"}, {"RVA": 26188, "Type": "HIGHLOW"}, {"RVA": 26200, "Type": "HIGHLOW"}, {"RVA": 26208, "Type": "HIGHLOW"}, {"RVA": 26256, "Type": "HIGHLOW"}, {"RVA": 26276, "Type": "HIGHLOW"}, {"RVA": 26288, "Type": "HIGHLOW"}, {"RVA": 26316, "Type": "HIGHLOW"}, {"RVA": 26328, "Type": "HIGHLOW"}, {"RVA": 26356, "Type": "HIGHLOW"}, {"RVA": 26368, "Type": "HIGHLOW"}, {"RVA": 26396, "Type": "HIGHLOW"}, {"RVA": 26408, "Type": "HIGHLOW"}, {"RVA": 26416, "Type": "HIGHLOW"}, {"RVA": 26464, "Type": "HIGHLOW"}, {"RVA": 26476, "Type": "HIGHLOW"}, {"RVA": 26484, "Type": "HIGHLOW"}, {"RVA": 26492, "Type": "HIGHLOW"}, {"RVA": 26524, "Type": "HIGHLOW"}, {"RVA": 26528, "Type": "HIGHLOW"}, {"RVA": 26532, "Type": "HIGHLOW"}, {"RVA": 26536, "Type": "HIGHLOW"}, {"RVA": 26548, "Type": "HIGHLOW"}, {"RVA": 26580, "Type": "HIGHLOW"}, {"RVA": 26612, "Type": "HIGHLOW"}, {"RVA": 26644, "Type": "HIGHLOW"}, {"RVA": 26648, "Type": "HIGHLOW"}, {"RVA": 26652, "Type": "HIGHLOW"}, {"RVA": 26668, "Type": "HIGHLOW"}, {"RVA": 26684, "Type": "HIGHLOW"}, {"RVA": 26696, "Type": "HIGHLOW"}, {"RVA": 26724, "Type": "HIGHLOW"}, {"RVA": 26732, "Type": "HIGHLOW"}, {"RVA": 26740, "Type": "HIGHLOW"}, {"RVA": 26752, "Type": "HIGHLOW"}, {"RVA": 26780, "Type": "HIGHLOW"}, {"RVA": 26792, "Type": "HIGHLOW"}, {"RVA": 26820, "Type": "HIGHLOW"}, {"RVA": 26832, "Type": "HIGHLOW"}, {"RVA": 26860, "Type": "HIGHLOW"}, {"RVA": 26872, "Type": "HIGHLOW"}, {"RVA": 26900, "Type": "HIGHLOW"}, {"RVA": 26908, "Type": "HIGHLOW"}, {"RVA": 26916, "Type": "HIGHLOW"}, {"RVA": 26924, "Type": "HIGHLOW"}, {"RVA": 26932, "Type": "HIGHLOW"}, {"RVA": 26944, "Type": "HIGHLOW"}, {"RVA": 26972, "Type": "HIGHLOW"}, {"RVA": 26984, "Type": "HIGHLOW"}, {"RVA": 27012, "Type": "HIGHLOW"}, {"RVA": 27020, "Type": "HIGHLOW"}, {"RVA": 27028, "Type": "HIGHLOW"}, {"RVA": 27036, "Type": "HIGHLOW"}, {"RVA": 27048, "Type": "HIGHLOW"}, {"RVA": 27076, "Type": "HIGHLOW"}, {"RVA": 27084, "Type": "HIGHLOW"}, {"RVA": 27092, "Type": "HIGHLOW"}, {"RVA": 27100, "Type": "HIGHLOW"}, {"RVA": 27112, "Type": "HIGHLOW"}, {"RVA": 27140, "Type": "HIGHLOW"}, {"RVA": 27148, "Type": "HIGHLOW"}, {"RVA": 27156, "Type": "HIGHLOW"}, {"RVA": 27164, "Type": "HIGHLOW"}, {"RVA": 27176, "Type": "HIGHLOW"}, {"RVA": 27184, "Type": "HIGHLOW"}, {"RVA": 27220, "Type": "HIGHLOW"}, {"RVA": 27228, "Type": "HIGHLOW"}, {"RVA": 27248, "Type": "HIGHLOW"}, {"RVA": 27260, "Type": "HIGHLOW"}, {"RVA": 27268, "Type": "HIGHLOW"}, {"RVA": 27280, "Type": "HIGHLOW"}, {"RVA": 27308, "Type": "HIGHLOW"}], [{"SizeOfBlock": {"FileOffset": 38732, "Value": 36, "Offset": 4}, "VirtualAddress": {"FileOffset": 38728, "Value": 32768, "Offset": 0}, "Structure": "IMAGE_BASE_RELOCATION"}, {"RVA": 32772, "Type": "HIGHLOW"}, {"RVA": 32776, "Type": "HIGHLOW"}, {"RVA": 32780, "Type": "HIGHLOW"}, {"RVA": 32784, "Type": "HIGHLOW"}, {"RVA": 33168, "Type": "HIGHLOW"}, {"RVA": 33200, "Type": "HIGHLOW"}, {"RVA": 33232, "Type": "HIGHLOW"}, {"RVA": 33248, "Type": "HIGHLOW"}, {"RVA": 33744, "Type": "HIGHLOW"}, {"RVA": 34016, "Type": "HIGHLOW"}, {"RVA": 34020, "Type": "HIGHLOW"}, {"RVA": 34024, "Type": "HIGHLOW"}, {"RVA": 34028, "Type": "HIGHLOW"}, {"RVA": 34120, "Type": "HIGHLOW"}]], "NT_HEADERS": {"Structure": "IMAGE_NT_HEADERS", "Signature": {"FileOffset": 256, "Value": 17744, "Offset": 0}}, "Flags": ["IMAGE_FILE_LOCAL_SYMS_STRIPPED", "IMAGE_FILE_32BIT_MACHINE", "IMAGE_FILE_EXECUTABLE_IMAGE", "IMAGE_FILE_DLL", "IMAGE_FILE_LINE_NUMS_STRIPPED"], "Imported symbols": [[{"TimeDateStamp": {"FileOffset": 27316, "Value": "0x0        [Thu Jan  1 00:00:00 1970 UTC]", "Offset": 4}, "Name": {"FileOffset": 27324, "Value": 28300, "Offset": 12}, "ForwarderChain": {"FileOffset": 27320, "Value": 0, "Offset": 8}, "OriginalFirstThunk": {"FileOffset": 27312, "Value": 27776, "Offset": 0}, "FirstThunk": {"FileOffset": 27328, "Value": 24900, "Offset": 16}, "Characteristics": {"FileOffset": 27312, "Value": 27776, "Offset": 0}, "Structure": "IMAGE_IMPORT_DESCRIPTOR"}, {"Hint": 16, "Name": "??3@YAXPAX@Z", "DLL": "MSVCRT.dll"}, {"Hint": 166, "Name": "_beginthreadex", "DLL": "MSVCRT.dll"}, {"Hint": 15, "Name": "??2@YAPAXI@Z", "DLL": "MSVCRT.dll"}, {"Hint": 753, "Name": "wcstombs", "DLL": "MSVCRT.dll"}, {"Hint": 705, "Name": "strncpy", "DLL": "MSVCRT.dll"}, {"Hint": 73, "Name": "__CxxFrameHandler", "DLL": "MSVCRT.dll"}, {"Hint": 573, "Name": "atoi", "DLL": "MSVCRT.dll"}, {"Hint": 665, "Name": "memset", "DLL": "MSVCRT.dll"}, {"Hint": 702, "Name": "strlen", "DLL": "MSVCRT.dll"}, {"Hint": 698, "Name": "strcpy", "DLL": "MSVCRT.dll"}, {"Hint": 565, "Name": "abs", "DLL": "MSVCRT.dll"}, {"Hint": 663, "Name": "memcpy", "DLL": "MSVCRT.dll"}, {"Hint": 197, "Name": "_endthreadex", "DLL": "MSVCRT.dll"}, {"Hint": 693, "Name": "sscanf", "DLL": "MSVCRT.dll"}, {"Hint": 572, "Name": "atof", "DLL": "MSVCRT.dll"}, {"Hint": 678, "Name": "rand", "DLL": "MSVCRT.dll"}, {"Hint": 692, "Name": "srand", "DLL": "MSVCRT.dll"}, {"Hint": 720, "Name": "time", "DLL": "MSVCRT.dll"}, {"Hint": 241, "Name": "_ftol", "DLL": "MSVCRT.dll"}, {"Hint": 65, "Name": "_CxxThrowException", "DLL": "MSVCRT.dll"}, {"Hint": 664, "Name": "memmove", "DLL": "MSVCRT.dll"}, {"Hint": 588, "Name": "fclose", "DLL": "MSVCRT.dll"}, {"Hint": 610, "Name": "fseek", "DLL": "MSVCRT.dll"}, {"Hint": 599, "Name": "fopen", "DLL": "MSVCRT.dll"}, {"Hint": 605, "Name": "fread", "DLL": "MSVCRT.dll"}, {"Hint": 679, "Name": "realloc", "DLL": "MSVCRT.dll"}, {"Hint": 202, "Name": "_except_handler3", "DLL": "MSVCRT.dll"}, {"Hint": 453, "Name": "_strnicmp", "DLL": "MSVCRT.dll"}, {"Hint": 494, "Name": "_wcsnicmp", "DLL": "MSVCRT.dll"}, {"Hint": 157, "Name": "_adjust_fdiv", "DLL": "MSVCRT.dll"}, {"Hint": 271, "Name": "_initterm", "DLL": "MSVCRT.dll"}, {"Hint": 606, "Name": "free", "DLL": "MSVCRT.dll"}, {"Hint": 390, "Name": "_onexit", "DLL": "MSVCRT.dll"}, {"Hint": 85, "Name": "__dllonexit", "DLL": "MSVCRT.dll"}, {"Hint": 704, "Name": "strncmp", "DLL": "MSVCRT.dll"}, {"Hint": 690, "Name": "sprintf", "DLL": "MSVCRT.dll"}, {"Hint": 694, "Name": "strcat", "DLL": "MSVCRT.dll"}, {"Hint": 657, "Name": "malloc", "DLL": "MSVCRT.dll"}, {"Hint": 14, "Name": "??1type_info@@UAE@XZ", "DLL": "MSVCRT.dll"}], [{"TimeDateStamp": {"FileOffset": 27336, "Value": "0x0        [Thu Jan  1 00:00:00 1970 UTC]", "Offset": 4}, "Name": {"FileOffset": 27344, "Value": 28482, "Offset": 12}, "ForwarderChain": {"FileOffset": 27340, "Value": 0, "Offset": 8}, "OriginalFirstThunk": {"FileOffset": 27332, "Value": 27936, "Offset": 0}, "FirstThunk": {"FileOffset": 27348, "Value": 25060, "Offset": 16}, "Characteristics": {"FileOffset": 27332, "Value": 27936, "Offset": 0}, "Structure": "IMAGE_IMPORT_DESCRIPTOR"}, {"Hint": 27, "Name": "WSACloseEvent", "DLL": "WS2_32.dll"}, {"Ordinal": 57, "DLL": "WS2_32.dll"}, {"Ordinal": 19, "DLL": "WS2_32.dll"}, {"Ordinal": 111, "DLL": "WS2_32.dll"}, {"Hint": 89, "Name": "WSAWaitForMultipleEvents", "DLL": "WS2_32.dll"}, {"Hint": 72, "Name": "WSAResetEvent", "DLL": "WS2_32.dll"}, {"Hint": 39, "Name": "WSAEnumNetworkEvents", "DLL": "WS2_32.dll"}, {"Ordinal": 10, "DLL": "WS2_32.dll"}, {"Ordinal": 16, "DLL": "WS2_32.dll"}, {"Ordinal": 115, "DLL": "WS2_32.dll"}, {"Hint": 82, "Name": "WSASocketA", "DLL": "WS2_32.dll"}, {"Ordinal": 11, "DLL": "WS2_32.dll"}, {"Ordinal": 52, "DLL": "WS2_32.dll"}, {"Ordinal": 12, "DLL": "WS2_32.dll"}, {"Ordinal": 9, "DLL": "WS2_32.dll"}, {"Ordinal": 4, "DLL": "WS2_32.dll"}, {"Hint": 42, "Name": "WSAEventSelect", "DLL": "WS2_32.dll"}, {"Hint": 32, "Name": "WSACreateEvent", "DLL": "WS2_32.dll"}, {"Ordinal": 22, "DLL": "WS2_32.dll"}, {"Ordinal": 3, "DLL": "WS2_32.dll"}, {"Ordinal": 116, "DLL": "WS2_32.dll"}], [{"TimeDateStamp": {"FileOffset": 27356, "Value": "0x0        [Thu Jan  1 00:00:00 1970 UTC]", "Offset": 4}, "Name": {"FileOffset": 27364, "Value": 29898, "Offset": 12}, "ForwarderChain": {"FileOffset": 27360, "Value": 0, "Offset": 8}, "OriginalFirstThunk": {"FileOffset": 27352, "Value": 27684, "Offset": 0}, "FirstThunk": {"FileOffset": 27368, "Value": 24808, "Offset": 16}, "Characteristics": {"FileOffset": 27352, "Value": 27684, "Offset": 0}, "Structure": "IMAGE_IMPORT_DESCRIPTOR"}, {"Hint": 1640, "Name": "?open@?$basic_fstream@DU?$char_traits@D@std@@@std@@QAEXPBDH@Z", "DLL": "MSVCP60.dll"}, {"Hint": 1864, "Name": "?seekp@?$basic_ostream@DU?$char_traits@D@std@@@std@@QAEAAV12@JW4seekdir@ios_base@2@@Z", "DLL": "MSVCP60.dll"}, {"Hint": 267, "Name": "??1_Lockit@std@@QAE@XZ", "DLL": "MSVCP60.dll"}, {"Hint": 162, "Name": "??0_Lockit@std@@QAE@XZ", "DLL": "MSVCP60.dll"}, {"Hint": 855, "Name": "?_Fpz@std@@3_JB", "DLL": "MSVCP60.dll"}, {"Hint": 76, "Name": "??0?$basic_string@DU?$char_traits@D@std@@V?$allocator@D@2@@std@@QAE@PBDABV?$allocator@D@1@@Z", "DLL": "MSVCP60.dll"}, {"Hint": 233, "Name": "??1?$basic_string@DU?$char_traits@D@std@@V?$allocator@D@2@@std@@QAE@XZ", "DLL": "MSVCP60.dll"}, {"Hint": 1016, "Name": "?_Tidy@?$basic_string@DU?$char_traits@D@std@@V?$allocator@D@2@@std@@AAEX_N@Z", "DLL": "MSVCP60.dll"}, {"Hint": 71, "Name": "??0?$basic_string@DU?$char_traits@D@std@@V?$allocator@D@2@@std@@QAE@ABV01@@Z", "DLL": "MSVCP60.dll"}, {"Hint": 1052, "Name": "?assign@?$basic_string@DU?$char_traits@D@std@@V?$allocator@D@2@@std@@QAEAAV12@ABV12@II@Z", "DLL": "MSVCP60.dll"}, {"Hint": 1633, "Name": "?npos@?$basic_string@DU?$char_traits@D@std@@V?$allocator@D@2@@std@@2IB", "DLL": "MSVCP60.dll"}, {"Hint": 15, "Name": "??0?$basic_fstream@DU?$char_traits@D@std@@@std@@QAE@XZ", "DLL": "MSVCP60.dll"}, {"Hint": 1976, "Name": "?tellp@?$basic_ostream@DU?$char_traits@D@std@@@std@@QAE?AV?$fpos@H@2@XZ", "DLL": "MSVCP60.dll"}, {"Hint": 1096, "Name": "?close@?$basic_fstream@DU?$char_traits@D@std@@@std@@QAEXXZ", "DLL": "MSVCP60.dll"}, {"Hint": 1556, "Name": "?is_open@?$basic_fstream@DU?$char_traits@D@std@@@std@@QBE_NXZ", "DLL": "MSVCP60.dll"}, {"Hint": 2031, "Name": "?write@?$basic_ostream@DU?$char_traits@D@std@@@std@@QAEAAV12@PBDH@Z", "DLL": "MSVCP60.dll"}, {"Hint": 14, "Name": "??0?$basic_fstream@DU?$char_traits@D@std@@@std@@QAE@PBDH@Z", "DLL": "MSVCP60.dll"}, {"Hint": 473, "Name": "??7ios_base@std@@QBE_NXZ", "DLL": "MSVCP60.dll"}, {"Hint": 1854, "Name": "?seekg@?$basic_istream@DU?$char_traits@D@std@@@std@@QAEAAV12@V?$fpos@H@2@@Z", "DLL": "MSVCP60.dll"}, {"Hint": 1781, "Name": "?read@?$basic_istream@DU?$char_traits@D@std@@@std@@QAEAAV12@PADH@Z", "DLL": "MSVCP60.dll"}, {"Hint": 1396, "Name": "?gcount@?$basic_istream@DU?$char_traits@D@std@@@std@@QBEHXZ", "DLL": "MSVCP60.dll"}, {"Hint": 739, "Name": "??_D?$basic_fstream@DU?$char_traits@D@std@@@std@@QAEXXZ", "DLL": "MSVCP60.dll"}], [{"TimeDateStamp": {"FileOffset": 27376, "Value": "0x0        [Thu Jan  1 00:00:00 1970 UTC]", "Offset": 4}, "Name": {"FileOffset": 27384, "Value": 30030, "Offset": 12}, "ForwarderChain": {"FileOffset": 27380, "Value": 0, "Offset": 8}, "OriginalFirstThunk": {"FileOffset": 27372, "Value": 27492, "Offset": 0}, "FirstThunk": {"FileOffset": 27388, "Value": 24616, "Offset": 16}, "Characteristics": {"FileOffset": 27372, "Value": 27492, "Offset": 0}, "Structure": "IMAGE_IMPORT_DESCRIPTOR"}, {"Hint": 64, "Name": "CertFreeCertificateContext", "DLL": "CRYPT32.dll"}, {"Hint": 116, "Name": "CertVerifyCertificateChainPolicy", "DLL": "CRYPT32.dll"}, {"Hint": 69, "Name": "CertGetCertificateChain", "DLL": "CRYPT32.dll"}, {"Hint": 61, "Name": "CertFreeCertificateChain", "DLL": "CRYPT32.dll"}], [{"TimeDateStamp": {"FileOffset": 27396, "Value": "0x0        [Thu Jan  1 00:00:00 1970 UTC]", "Offset": 4}, "Name": {"FileOffset": 27404, "Value": 30782, "Offset": 12}, "ForwarderChain": {"FileOffset": 27400, "Value": 0, "Offset": 8}, "OriginalFirstThunk": {"FileOffset": 27392, "Value": 27512, "Offset": 0}, "FirstThunk": {"FileOffset": 27408, "Value": 24636, "Offset": 16}, "Characteristics": {"FileOffset": 27392, "Value": 27512, "Offset": 0}, "Structure": "IMAGE_IMPORT_DESCRIPTOR"}, {"Hint": 1113, "Name": "SetEvent", "DLL": "KERNEL32.dll"}, {"Hint": 896, "Name": "OpenProcess", "DLL": "KERNEL32.dll"}, {"Hint": 533, "Name": "GetModuleHandleA", "DLL": "KERNEL32.dll"}, {"Hint": 1297, "Name": "WideCharToMultiByte", "DLL": "KERNEL32.dll"}, {"Hint": 825, "Name": "LeaveCriticalSection", "DLL": "KERNEL32.dll"}, {"Hint": 238, "Name": "EnterCriticalSection", "DLL": "KERNEL32.dll"}, {"Hint": 209, "Name": "DeleteCriticalSection", "DLL": "KERNEL32.dll"}, {"Hint": 738, "Name": "InitializeCriticalSection", "DLL": "KERNEL32.dll"}, {"Hint": 905, "Name": "OutputDebugStringA", "DLL": "KERNEL32.dll"}, {"Hint": 675, "Name": "GetVersionExA", "DLL": "KERNEL32.dll"}, {"Hint": 828, "Name": "LoadLibraryA", "DLL": "KERNEL32.dll"}, {"Hint": 581, "Name": "GetProcAddress", "DLL": "KERNEL32.dll"}, {"Hint": 354, "Name": "FreeLibrary", "DLL": "KERNEL32.dll"}, {"Hint": 871, "Name": "MultiByteToWideChar", "DLL": "KERNEL32.dll"}, {"Hint": 1357, "Name": "lstrlenA", "DLL": "KERNEL32.dll"}, {"Hint": 1354, "Name": "lstrcpynA", "DLL": "KERNEL32.dll"}, {"Hint": 610, "Name": "GetStartupInfoA", "DLL": "KERNEL32.dll"}, {"Hint": 514, "Name": "GetLastError", "DLL": "KERNEL32.dll"}, {"Hint": 448, "Name": "GetCurrentProcess", "DLL": "KERNEL32.dll"}, {"Hint": 232, "Name": "DuplicateHandle", "DLL": "KERNEL32.dll"}, {"Hint": 475, "Name": "GetEnvironmentVariableA", "DLL": "KERNEL32.dll"}, {"Hint": 164, "Name": "CreateProcessA", "DLL": "KERNEL32.dll"}, {"Hint": 161, "Name": "CreatePipe", "DLL": "KERNEL32.dll"}, {"Hint": 1317, "Name": "WriteFile", "DLL": "KERNEL32.dll"}, {"Hint": 282, "Name": "ExitThread", "DLL": "KERNEL32.dll"}, {"Hint": 909, "Name": "PeekNamedPipe", "DLL": "KERNEL32.dll"}, {"Hint": 960, "Name": "ReadFile", "DLL": "KERNEL32.dll"}, {"Hint": 181, "Name": "CreateThread", "DLL": "KERNEL32.dll"}, {"Hint": 1217, "Name": "TerminateThread", "DLL": "KERNEL32.dll"}, {"Hint": 1216, "Name": "TerminateProcess", "DLL": "KERNEL32.dll"}, {"Hint": 225, "Name": "DisconnectNamedPipe", "DLL": "KERNEL32.dll"}, {"Hint": 531, "Name": "GetModuleFileNameA", "DLL": "KERNEL32.dll"}, {"Hint": 1273, "Name": "WaitForSingleObject", "DLL": "KERNEL32.dll"}, {"Hint": 1039, "Name": "ResetEvent", "DLL": "KERNEL32.dll"}, {"Hint": 130, "Name": "CreateEventA", "DLL": "KERNEL32.dll"}, {"Hint": 1202, "Name": "Sleep", "DLL": "KERNEL32.dll"}, {"Hint": 659, "Name": "GetTickCount", "DLL": "KERNEL32.dll"}, {"Hint": 1271, "Name": "WaitForMultipleObjects", "DLL": "KERNEL32.dll"}, {"Hint": 82, "Name": "CloseHandle", "DLL": "KERNEL32.dll"}, {"Hint": 719, "Name": "HeapFree", "DLL": "KERNEL32.dll"}, {"Hint": 586, "Name": "GetProcessHeap", "DLL": "KERNEL32.dll"}, {"Hint": 715, "Name": "HeapAlloc", "DLL": "KERNEL32.dll"}], [{"TimeDateStamp": {"FileOffset": 27416, "Value": "0x0        [Thu Jan  1 00:00:00 1970 UTC]", "Offset": 4}, "Name": {"FileOffset": 27424, "Value": 30994, "Offset": 12}, "ForwarderChain": {"FileOffset": 27420, "Value": 0, "Offset": 8}, "OriginalFirstThunk": {"FileOffset": 27412, "Value": 27452, "Offset": 0}, "FirstThunk": {"FileOffset": 27428, "Value": 24576, "Offset": 16}, "Characteristics": {"FileOffset": 27412, "Value": 27452, "Offset": 0}, "Structure": "IMAGE_IMPORT_DESCRIPTOR"}, {"Hint": 645, "Name": "RegisterServiceCtrlHandlerA", "DLL": "ADVAPI32.dll"}, {"Hint": 346, "Name": "GetTokenInformation", "DLL": "ADVAPI32.dll"}, {"Hint": 400, "Name": "LookupAccountSidA", "DLL": "ADVAPI32.dll"}, {"Hint": 503, "Name": "OpenProcessToken", "DLL": "ADVAPI32.dll"}, {"Hint": 406, "Name": "LookupPrivilegeValueA", "DLL": "ADVAPI32.dll"}, {"Hint": 31, "Name": "AdjustTokenPrivileges", "DLL": "ADVAPI32.dll"}, {"Hint": 393, "Name": "LogonUserA", "DLL": "ADVAPI32.dll"}, {"Hint": 123, "Name": "CreateProcessAsUserA", "DLL": "ADVAPI32.dll"}, {"Hint": 704, "Name": "SetServiceStatus", "DLL": "ADVAPI32.dll"}]], "PE Sections": [{"PointerToRawData": {"FileOffset": 524, "Value": 4096, "Offset": 20}, "SHA1": "7f0c26349a72a3812b33a6ff7acb817dec279586", "SHA256": "33016e09805daa6c32a060d946c8534f687fd29b386b72f881cf9fe0a2524055", "Name": {"FileOffset": 504, "Value": ".text", "Offset": 0}, "NumberOfRelocations": {"FileOffset": 536, "Value": 0, "Offset": 32}, "Misc_VirtualSize": {"FileOffset": 512, "Value": 19032, "Offset": 8}, "Characteristics": {"FileOffset": 540, "Value": 1610612768, "Offset": 36}, "Misc": {"FileOffset": 512, "Value": 19032, "Offset": 8}, "PointerToLinenumbers": {"FileOffset": 532, "Value": 0, "Offset": 28}, "SizeOfRawData": {"FileOffset": 520, "Value": 20480, "Offset": 16}, "Misc_PhysicalAddress": {"FileOffset": 512, "Value": 19032, "Offset": 8}, "PointerToRelocations": {"FileOffset": 528, "Value": 0, "Offset": 24}, "Flags": ["IMAGE_SCN_MEM_EXECUTE", "IMAGE_SCN_CNT_CODE", "IMAGE_SCN_MEM_READ"], "SHA512": "eebfde536cba3db3add96b54f04167bed30c8368901c35cb10b54425e8af30e22de6bc70ffb1dd975cfd99195bdf068ab53788b1182c0ca0a17a66d977d15858", "MD5": "62630d6bfc08a29651bd421a10642d9b", "Entropy": 5.951360780704306, "VirtualAddress": {"FileOffset": 516, "Value": 4096, "Offset": 12}, "Structure": "IMAGE_SECTION_HEADER", "NumberOfLinenumbers": {"FileOffset": 538, "Value": 0, "Offset": 34}}, {"PointerToRawData": {"FileOffset": 564, "Value": 24576, "Offset": 20}, "SHA1": "652ce5c6fb40c8fd80923309f1d133403591c1c6", "SHA256": "a6290ebce3dda99df76f7d68301453f309f0f96570b1c418fb817d7e58171d63", "Name": {"FileOffset": 544, "Value": ".rdata", "Offset": 0}, "NumberOfRelocations": {"FileOffset": 576, "Value": 0, "Offset": 32}, "Misc_VirtualSize": {"FileOffset": 552, "Value": 6649, "Offset": 8}, "Characteristics": {"FileOffset": 580, "Value": 1073741888, "Offset": 36}, "Misc": {"FileOffset": 552, "Value": 6649, "Offset": 8}, "PointerToLinenumbers": {"FileOffset": 572, "Value": 0, "Offset": 28}, "SizeOfRawData": {"FileOffset": 560, "Value": 8192, "Offset": 16}, "Misc_PhysicalAddress": {"FileOffset": 552, "Value": 6649, "Offset": 8}, "PointerToRelocations": {"FileOffset": 568, "Value": 0, "Offset": 24}, "Flags": ["IMAGE_SCN_CNT_INITIALIZED_DATA", "IMAGE_SCN_MEM_READ"], "SHA512": "73e98b4f172823edee9538167bca7d5f8acd39a187c20ca6b845fe771824dedec1feb92eed4cbdafe832c8b747c257a45f21e28bfe887801dc1bfe32f8fd9daa", "MD5": "23290da99f70dac2e1b89627da43f1b9", "Entropy": 4.741580440497441, "VirtualAddress": {"FileOffset": 556, "Value": 24576, "Offset": 12}, "Structure": "IMAGE_SECTION_HEADER", "NumberOfLinenumbers": {"FileOffset": 578, "Value": 0, "Offset": 34}}, {"PointerToRawData": {"FileOffset": 604, "Value": 32768, "Offset": 20}, "SHA1": "0d87ffa9c4fc61c4fd1990cb2f476189b641e0b0", "SHA256": "1beaa96e2cfc4b0dd633b3b1e54fe70560aa6cfd911c0eaec7d62f29032cd425", "Name": {"FileOffset": 584, "Value": ".data", "Offset": 0}, "NumberOfRelocations": {"FileOffset": 616, "Value": 0, "Offset": 32}, "Misc_VirtualSize": {"FileOffset": 592, "Value": 13708, "Offset": 8}, "Characteristics": {"FileOffset": 620, "Value": 3221225536, "Offset": 36}, "Misc": {"FileOffset": 592, "Value": 13708, "Offset": 8}, "PointerToLinenumbers": {"FileOffset": 612, "Value": 0, "Offset": 28}, "SizeOfRawData": {"FileOffset": 600, "Value": 4096, "Offset": 16}, "Misc_PhysicalAddress": {"FileOffset": 592, "Value": 13708, "Offset": 8}, "PointerToRelocations": {"FileOffset": 608, "Value": 0, "Offset": 24}, "Flags": ["IMAGE_SCN_CNT_INITIALIZED_DATA", "IMAGE_SCN_MEM_WRITE", "IMAGE_SCN_MEM_READ"], "SHA512": "276b63d0e0f20ec20aeaccf45329f57010fab645d3b17133257a20ea5d441f2be426e5b0ab82c660fc5f5c028d790491879855fbf2db296aafa93e17cc0028e3", "MD5": "c578f2595ec1a460d01475f78113e510", "Entropy": 2.333616517944681, "VirtualAddress": {"FileOffset": 596, "Value": 32768, "Offset": 12}, "Structure": "IMAGE_SECTION_HEADER", "NumberOfLinenumbers": {"FileOffset": 618, "Value": 0, "Offset": 34}}, {"PointerToRawData": {"FileOffset": 644, "Value": 36864, "Offset": 20}, "SHA1": "67bc300913f2d1c145eb0c12bc6508f8b3ddff5b", "SHA256": "1339f122c98ce0ce7a4557cadd59f52a52d3eb7f3ee00245666925d2d4cb58ce", "Name": {"FileOffset": 624, "Value": ".reloc", "Offset": 0}, "NumberOfRelocations": {"FileOffset": 656, "Value": 0, "Offset": 32}, "Misc_VirtualSize": {"FileOffset": 632, "Value": 2370, "Offset": 8}, "Characteristics": {"FileOffset": 660, "Value": 1107296320, "Offset": 36}, "Misc": {"FileOffset": 632, "Value": 2370, "Offset": 8}, "PointerToLinenumbers": {"FileOffset": 652, "Value": 0, "Offset": 28}, "SizeOfRawData": {"FileOffset": 640, "Value": 4096, "Offset": 16}, "Misc_PhysicalAddress": {"FileOffset": 632, "Value": 2370, "Offset": 8}, "PointerToRelocations": {"FileOffset": 648, "Value": 0, "Offset": 24}, "Flags": ["IMAGE_SCN_CNT_INITIALIZED_DATA", "IMAGE_SCN_MEM_DISCARDABLE", "IMAGE_SCN_MEM_READ"], "SHA512": "c9d60a0bf729a86087558115daaf983ba3b7d233e0802f62003ca64bf6f881daf96f3c410890cc85c7fd8948bbfeff50fa9ee21a92179e2b30e54f58bc4393e5", "MD5": "f9ebdd27bb9033cbd31900d573dd7dec", "Entropy": 4.012019501360927, "VirtualAddress": {"FileOffset": 636, "Value": 49152, "Offset": 12}, "Structure": "IMAGE_SECTION_HEADER", "NumberOfLinenumbers": {"FileOffset": 658, "Value": 0, "Offset": 34}}]}
