{"DllCharacteristics": [], "FILE_HEADER": {"NumberOfSections": {"FileOffset": 238, "Value": 3, "Offset": 2}, "TimeDateStamp": {"FileOffset": 240, "Value": "0x4BCD21EF [Tue Apr 20 03:39:27 2010 UTC]", "Offset": 4}, "PointerToSymbolTable": {"FileOffset": 244, "Value": 0, "Offset": 8}, "NumberOfSymbols": {"FileOffset": 248, "Value": 0, "Offset": 12}, "Machine": {"FileOffset": 236, "Value": 332, "Offset": 0}, "Characteristics": {"FileOffset": 254, "Value": 271, "Offset": 18}, "SizeOfOptionalHeader": {"FileOffset": 252, "Value": 224, "Offset": 16}, "Structure": "IMAGE_FILE_HEADER"}, "Directories": [{"VirtualAddress": {"FileOffset": 352, "Value": 0, "Offset": 0}, "Structure": "IMAGE_DIRECTORY_ENTRY_EXPORT", "Size": {"FileOffset": 356, "Value": 0, "Offset": 4}}, {"VirtualAddress": {"FileOffset": 360, "Value": 545976, "Offset": 0}, "Structure": "IMAGE_DIRECTORY_ENTRY_IMPORT", "Size": {"FileOffset": 364, "Value": 180, "Offset": 4}}, {"VirtualAddress": {"FileOffset": 368, "Value": 0, "Offset": 0}, "Structure": "IMAGE_DIRECTORY_ENTRY_RESOURCE", "Size": {"FileOffset": 372, "Value": 0, "Offset": 4}}, {"VirtualAddress": {"FileOffset": 376, "Value": 0, "Offset": 0}, "Structure": "IMAGE_DIRECTORY_ENTRY_EXCEPTION", "Size": {"FileOffset": 380, "Value": 0, "Offset": 4}}, {"VirtualAddress": {"FileOffset": 384, "Value": 0, "Offset": 0}, "Structure": "IMAGE_DIRECTORY_ENTRY_SECURITY", "Size": {"FileOffset": 388, "Value": 0, "Offset": 4}}, {"VirtualAddress": {"FileOffset": 392, "Value": 0, "Offset": 0}, "Structure": "IMAGE_DIRECTORY_ENTRY_BASERELOC", "Size": {"FileOffset": 396, "Value": 0, "Offset": 4}}, {"VirtualAddress": {"FileOffset": 400, "Value": 0, "Offset": 0}, "Structure": "IMAGE_DIRECTORY_ENTRY_DEBUG", "Size": {"FileOffset": 404, "Value": 0, "Offset": 4}}, {"VirtualAddress": {"FileOffset": 408, "Value": 0, "Offset": 0}, "Structure": "IMAGE_DIRECTORY_ENTRY_COPYRIGHT", "Size": {"FileOffset": 412, "Value": 0, "Offset": 4}}, {"VirtualAddress": {"FileOffset": 416, "Value": 0, "Offset": 0}, "Structure": "IMAGE_DIRECTORY_ENTRY_GLOBALPTR", "Size": {"FileOffset": 420, "Value": 0, "Offset": 4}}, {"VirtualAddress": {"FileOffset": 424, "Value": 0, "Offset": 0}, "Structure": "IMAGE_DIRECTORY_ENTRY_TLS", "Size": {"FileOffset": 428, "Value": 0, "Offset": 4}}, {"VirtualAddress": {"FileOffset": 432, "Value": 0, "Offset": 0}, "Structure": "IMAGE_DIRECTORY_ENTRY_LOAD_CONFIG", "Size": {"FileOffset": 436, "Value": 0, "Offset": 4}}, {"VirtualAddress": {"FileOffset": 440, "Value": 0, "Offset": 0}, "Structure": "IMAGE_DIRECTORY_ENTRY_BOUND_IMPORT", "Size": {"FileOffset": 444, "Value": 0, "Offset": 4}}, {"VirtualAddress": {"FileOffset": 448, "Value": 430080, "Offset": 0}, "Structure": "IMAGE_DIRECTORY_ENTRY_IAT", "Size": {"FileOffset": 452, "Value": 1008, "Offset": 4}}, {"VirtualAddress": {"FileOffset": 456, "Value": 0, "Offset": 0}, "Structure": "IMAGE_DIRECTORY_ENTRY_DELAY_IMPORT", "Size": {"FileOffset": 460, "Value": 0, "Offset": 4}}, {"VirtualAddress": {"FileOffset": 464, "Value": 0, "Offset": 0}, "Structure": "IMAGE_DIRECTORY_ENTRY_COM_DESCRIPTOR", "Size": {"FileOffset": 468, "Value": 0, "Offset": 4}}, {"VirtualAddress": {"FileOffset": 472, "Value": 0, "Offset": 0}, "Structure": "IMAGE_DIRECTORY_ENTRY_RESERVED", "Size": {"FileOffset": 476, "Value": 0, "Offset": 4}}], "OPTIONAL_HEADER": {"DllCharacteristics": {"FileOffset": 326, "Value": 0, "Offset": 70}, "BaseOfCode": {"FileOffset": 276, "Value": 4096, "Offset": 20}, "MajorLinkerVersion": {"FileOffset": 258, "Value": 6, "Offset": 2}, "MinorOperatingSystemVersion": {"FileOffset": 298, "Value": 0, "Offset": 42}, "MinorLinkerVersion": {"FileOffset": 259, "Value": 0, "Offset": 3}, "MajorSubsystemVersion": {"FileOffset": 304, "Value": 4, "Offset": 48}, "MajorOperatingSystemVersion": {"FileOffset": 296, "Value": 4, "Offset": 40}, "SizeOfStackCommit": {"FileOffset": 332, "Value": 4096, "Offset": 76}, "SizeOfUninitializedData": {"FileOffset": 268, "Value": 0, "Offset": 12}, "NumberOfRvaAndSizes": {"FileOffset": 348, "Value": 16, "Offset": 92}, "SizeOfHeapReserve": {"FileOffset": 336, "Value": 1048576, "Offset": 80}, "LoaderFlags": {"FileOffset": 344, "Value": 0, "Offset": 88}, "SizeOfHeapCommit": {"FileOffset": 340, "Value": 4096, "Offset": 84}, "SizeOfStackReserve": {"FileOffset": 328, "Value": 1048576, "Offset": 72}, "Structure": "IMAGE_OPTIONAL_HEADER", "SizeOfHeaders": {"FileOffset": 316, "Value": 1024, "Offset": 60}, "Subsystem": {"FileOffset": 324, "Value": 2, "Offset": 68}, "Magic": {"FileOffset": 256, "Value": 267, "Offset": 0}, "MinorImageVersion": {"FileOffset": 302, "Value": 0, "Offset": 46}, "MajorImageVersion": {"FileOffset": 300, "Value": 0, "Offset": 44}, "FileAlignment": {"FileOffset": 292, "Value": 512, "Offset": 36}, "BaseOfData": {"FileOffset": 280, "Value": 430080, "Offset": 24}, "AddressOfEntryPoint": {"FileOffset": 272, "Value": 109503, "Offset": 16}, "SectionAlignment": {"FileOffset": 288, "Value": 4096, "Offset": 32}, "SizeOfCode": {"FileOffset": 260, "Value": 424960, "Offset": 4}, "ImageBase": {"FileOffset": 284, "Value": 4194304, "Offset": 28}, "SizeOfInitializedData": {"FileOffset": 264, "Value": 176128, "Offset": 8}, "SizeOfImage": {"FileOffset": 312, "Value": 610304, "Offset": 56}, "MinorSubsystemVersion": {"FileOffset": 306, "Value": 0, "Offset": 50}, "CheckSum": {"FileOffset": 320, "Value": 0, "Offset": 64}, "Reserved1": {"FileOffset": 308, "Value": 0, "Offset": 52}}, "DOS_HEADER": {"e_cblp": {"FileOffset": 2, "Value": 144, "Offset": 2}, "e_crlc": {"FileOffset": 6, "Value": 0, "Offset": 6}, "e_ovno": {"FileOffset": 26, "Value": 0, "Offset": 26}, "e_minalloc": {"FileOffset": 10, "Value": 0, "Offset": 10}, "e_csum": {"FileOffset": 18, "Value": 0, "Offset": 18}, "e_cparhdr": {"FileOffset": 8, "Value": 4, "Offset": 8}, "e_cp": {"FileOffset": 4, "Value": 3, "Offset": 4}, "e_cs": {"FileOffset": 22, "Value": 0, "Offset": 22}, "e_maxalloc": {"FileOffset": 12, "Value": 65535, "Offset": 12}, "e_lfarlc": {"FileOffset": 24, "Value": 64, "Offset": 24}, "e_oemid": {"FileOffset": 36, "Value": 0, "Offset": 36}, "e_lfanew": {"FileOffset": 60, "Value": 232, "Offset": 60}, "e_ss": {"FileOffset": 14, "Value": 0, "Offset": 14}, "e_magic": {"FileOffset": 0, "Value": 23117, "Offset": 0}, "e_oeminfo": {"FileOffset": 38, "Value": 0, "Offset": 38}, "e_res2": {"FileOffset": 40, "Value": "", "Offset": 40}, "e_res": {"FileOffset": 28, "Value": "", "Offset": 28}, "e_sp": {"FileOffset": 16, "Value": 184, "Offset": 16}, "Structure": "IMAGE_DOS_HEADER", "e_ip": {"FileOffset": 20, "Value": 0, "Offset": 20}}, "NT_HEADERS": {"Structure": "IMAGE_NT_HEADERS", "Signature": {"FileOffset": 232, "Value": 17744, "Offset": 0}}, "Flags": ["IMAGE_FILE_LOCAL_SYMS_STRIPPED", "IMAGE_FILE_32BIT_MACHINE", "IMAGE_FILE_EXECUTABLE_IMAGE", "IMAGE_FILE_LINE_NUMS_STRIPPED", "IMAGE_FILE_RELOCS_STRIPPED"], "Imported symbols": [[{"TimeDateStamp": {"FileOffset": 541884, "Value": "0x0        [Thu Jan  1 00:00:00 1970 UTC]", "Offset": 4}, "Name": {"FileOffset": 541892, "Value": 548304, "Offset": 12}, "ForwarderChain": {"FileOffset": 541888, "Value": 0, "Offset": 8}, "OriginalFirstThunk": {"FileOffset": 541880, "Value": 546384, "Offset": 0}, "FirstThunk": {"FileOffset": 541896, "Value": 430308, "Offset": 16}, "Characteristics": {"FileOffset": 541880, "Value": 546384, "Offset": 0}, "Structure": "IMAGE_IMPORT_DESCRIPTOR"}, {"Hint": 276, "Name": "GetComputerNameA", "DLL": "KERNEL32.dll"}, {"Hint": 371, "Name": "GetLocalTime", "DLL": "KERNEL32.dll"}, {"Hint": 516, "Name": "GlobalMemoryStatus", "DLL": "KERNEL32.dll"}, {"Hint": 491, "Name": "GetVolumeInformationA", "DLL": "KERNEL32.dll"}, {"Hint": 865, "Name": "Thread32First", "DLL": "KERNEL32.dll"}, {"Hint": 866, "Name": "Thread32Next", "DLL": "KERNEL32.dll"}, {"Hint": 114, "Name": "CreateToolhelp32Snapshot", "DLL": "KERNEL32.dll"}, {"Hint": 499, "Name": "GetWindowsDirectoryA", "DLL": "KERNEL32.dll"}, {"Hint": 248, "Name": "FreeLibrary", "DLL": "KERNEL32.dll"}, {"Hint": 237, "Name": "FlushConsoleInputBuffer", "DLL": "KERNEL32.dll"}, {"Hint": 323, "Name": "GetCurrentProcessId", "DLL": "KERNEL32.dll"}, {"Hint": 441, "Name": "GetStdHandle", "DLL": "KERNEL32.dll"}, {"Hint": 358, "Name": "GetFileType", "DLL": "KERNEL32.dll"}, {"Hint": 488, "Name": "GetVersion", "DLL": "KERNEL32.dll"}, {"Hint": 383, "Name": "GetModuleHandleA", "DLL": "KERNEL32.dll"}, {"Hint": 808, "Name": "SetLastError", "DLL": "KERNEL32.dll"}, {"Hint": 646, "Name": "OpenProcess", "DLL": "KERNEL32.dll"}, {"Hint": 871, "Name": "Toolhelp32ReadProcessMemory", "DLL": "KERNEL32.dll"}, {"Hint": 326, "Name": "GetCurrentThreadId", "DLL": "KERNEL32.dll"}, {"Hint": 966, "Name": "lstrcpyA", "DLL": "KERNEL32.dll"}, {"Hint": 456, "Name": "GetSystemTime", "DLL": "KERNEL32.dll"}, {"Hint": 859, "Name": "SystemTimeToFileTime", "DLL": "KERNEL32.dll"}, {"Hint": 52, "Name": "CloseHandle", "DLL": "KERNEL32.dll"}, {"Hint": 489, "Name": "GetVersionExA", "DLL": "KERNEL32.dll"}, {"Hint": 322, "Name": "GetCurrentProcess", "DLL": "KERNEL32.dll"}, {"Hint": 479, "Name": "GetTickCount", "DLL": "KERNEL32.dll"}, {"Hint": 600, "Name": "LocalAlloc", "DLL": "KERNEL32.dll"}, {"Hint": 604, "Name": "LocalFree", "DLL": "KERNEL32.dll"}, {"Hint": 525, "Name": "Heap32ListFirst", "DLL": "KERNEL32.dll"}, {"Hint": 526, "Name": "Heap32ListNext", "DLL": "KERNEL32.dll"}, {"Hint": 664, "Name": "Process32Next", "DLL": "KERNEL32.dll"}, {"Hint": 662, "Name": "Process32First", "DLL": "KERNEL32.dll"}, {"Hint": 898, "Name": "VirtualAllocEx", "DLL": "KERNEL32.dll"}, {"Hint": 900, "Name": "VirtualFreeEx", "DLL": "KERNEL32.dll"}, {"Hint": 862, "Name": "TerminateProcess", "DLL": "KERNEL32.dll"}, {"Hint": 618, "Name": "Module32First", "DLL": "KERNEL32.dll"}, {"Hint": 57, "Name": "CompareFileTime", "DLL": "KERNEL32.dll"}, {"Hint": 188, "Name": "ExpandEnvironmentStringsA", "DLL": "KERNEL32.dll"}, {"Hint": 594, "Name": "LoadLibraryA", "DLL": "KERNEL32.dll"}, {"Hint": 416, "Name": "GetProcAddress", "DLL": "KERNEL32.dll"}, {"Hint": 719, "Name": "ResetEvent", "DLL": "KERNEL32.dll"}, {"Hint": 708, "Name": "RemoveDirectoryA", "DLL": "KERNEL32.dll"}, {"Hint": 369, "Name": "GetLastError", "DLL": "KERNEL32.dll"}, {"Hint": 206, "Name": "FindClose", "DLL": "KERNEL32.dll"}, {"Hint": 351, "Name": "GetFileAttributesExA", "DLL": "KERNEL32.dll"}, {"Hint": 789, "Name": "SetErrorMode", "DLL": "KERNEL32.dll"}, {"Hint": 339, "Name": "GetDriveTypeA", "DLL": "KERNEL32.dll"}, {"Hint": 334, "Name": "GetDiskFreeSpaceExA", "DLL": "KERNEL32.dll"}, {"Hint": 75, "Name": "CreateDirectoryA", "DLL": "KERNEL32.dll"}, {"Hint": 83, "Name": "CreateFileA", "DLL": "KERNEL32.dll"}, {"Hint": 210, "Name": "FindFirstFileA", "DLL": "KERNEL32.dll"}, {"Hint": 220, "Name": "FindNextFileA", "DLL": "KERNEL32.dll"}, {"Hint": 793, "Name": "SetFileAttributesA", "DLL": "KERNEL32.dll"}, {"Hint": 622, "Name": "MoveFileA", "DLL": "KERNEL32.dll"}, {"Hint": 350, "Name": "GetFileAttributesA", "DLL": "KERNEL32.dll"}, {"Hint": 676, "Name": "QueryPerformanceFrequency", "DLL": "KERNEL32.dll"}, {"Hint": 675, "Name": "QueryPerformanceCounter", "DLL": "KERNEL32.dll"}, {"Hint": 657, "Name": "PeekNamedPipe", "DLL": "KERNEL32.dll"}, {"Hint": 693, "Name": "ReadFile", "DLL": "KERNEL32.dll"}, {"Hint": 932, "Name": "WriteFile", "DLL": "KERNEL32.dll"}, {"Hint": 790, "Name": "SetEvent", "DLL": "KERNEL32.dll"}, {"Hint": 79, "Name": "CreateEventA", "DLL": "KERNEL32.dll"}, {"Hint": 912, "Name": "WaitForSingleObject", "DLL": "KERNEL32.dll"}, {"Hint": 131, "Name": "DeleteFileA", "DLL": "KERNEL32.dll"}, {"Hint": 854, "Name": "Sleep", "DLL": "KERNEL32.dll"}, {"Hint": 67, "Name": "CopyFileA", "DLL": "KERNEL32.dll"}, {"Hint": 101, "Name": "CreatePipe", "DLL": "KERNEL32.dll"}, {"Hint": 449, "Name": "GetSystemDirectoryA", "DLL": "KERNEL32.dll"}, {"Hint": 439, "Name": "GetStartupInfoA", "DLL": "KERNEL32.dll"}, {"Hint": 102, "Name": "CreateProcessA", "DLL": "KERNEL32.dll"}, {"Hint": 620, "Name": "Module32Next", "DLL": "KERNEL32.dll"}], [{"TimeDateStamp": {"FileOffset": 541904, "Value": "0x0        [Thu Jan  1 00:00:00 1970 UTC]", "Offset": 4}, "Name": {"FileOffset": 541912, "Value": 548642, "Offset": 12}, "ForwarderChain": {"FileOffset": 541908, "Value": 0, "Offset": 8}, "OriginalFirstThunk": {"FileOffset": 541900, "Value": 547008, "Offset": 0}, "FirstThunk": {"FileOffset": 541916, "Value": 430932, "Offset": 16}, "Characteristics": {"FileOffset": 541900, "Value": 547008, "Offset": 0}, "Structure": "IMAGE_IMPORT_DESCRIPTOR"}, {"Hint": 554, "Name": "ReleaseDC", "DLL": "USER32.dll"}, {"Hint": 69, "Name": "CloseWindowStation", "DLL": "USER32.dll"}, {"Hint": 328, "Name": "GetProcessWindowStation", "DLL": "USER32.dll"}, {"Hint": 353, "Name": "GetThreadDesktop", "DLL": "USER32.dll"}, {"Hint": 507, "Name": "OpenWindowStationA", "DLL": "USER32.dll"}, {"Hint": 616, "Name": "SetProcessWindowStation", "DLL": "USER32.dll"}, {"Hint": 359, "Name": "GetUserObjectInformationW", "DLL": "USER32.dll"}, {"Hint": 270, "Name": "GetDesktopWindow", "DLL": "USER32.dll"}, {"Hint": 479, "Name": "MessageBoxA", "DLL": "USER32.dll"}, {"Hint": 506, "Name": "OpenInputDesktop", "DLL": "USER32.dll"}, {"Hint": 358, "Name": "GetUserObjectInformationA", "DLL": "USER32.dll"}, {"Hint": 503, "Name": "OpenDesktopA", "DLL": "USER32.dll"}, {"Hint": 633, "Name": "SetThreadDesktop", "DLL": "USER32.dll"}, {"Hint": 67, "Name": "CloseDesktop", "DLL": "USER32.dll"}, {"Hint": 591, "Name": "SetCursorPos", "DLL": "USER32.dll"}, {"Hint": 726, "Name": "mouse_event", "DLL": "USER32.dll"}, {"Hint": 725, "Name": "keybd_event", "DLL": "USER32.dll"}, {"Hint": 514, "Name": "PostMessageA", "DLL": "USER32.dll"}, {"Hint": 727, "Name": "wsprintfA", "DLL": "USER32.dll"}, {"Hint": 225, "Name": "ExitWindowsEx", "DLL": "USER32.dll"}, {"Hint": 268, "Name": "GetDC", "DLL": "USER32.dll"}], [{"TimeDateStamp": {"FileOffset": 541924, "Value": "0x0        [Thu Jan  1 00:00:00 1970 UTC]", "Offset": 4}, "Name": {"FileOffset": 541932, "Value": 548848, "Offset": 12}, "ForwarderChain": {"FileOffset": 541928, "Value": 0, "Offset": 8}, "OriginalFirstThunk": {"FileOffset": 541920, "Value": 546332, "Offset": 0}, "FirstThunk": {"FileOffset": 541936, "Value": 430256, "Offset": 16}, "Characteristics": {"FileOffset": 541920, "Value": 546332, "Offset": 0}, "Structure": "IMAGE_IMPORT_DESCRIPTOR"}, {"Hint": 421, "Name": "GetStockObject", "DLL": "GDI32.dll"}, {"Hint": 527, "Name": "SelectPalette", "DLL": "GDI32.dll"}, {"Hint": 499, "Name": "RealizePalette", "DLL": "GDI32.dll"}, {"Hint": 362, "Name": "GetDIBits", "DLL": "GDI32.dll"}, {"Hint": 143, "Name": "DeleteObject", "DLL": "GDI32.dll"}, {"Hint": 45, "Name": "CreateCompatibleDC", "DLL": "GDI32.dll"}, {"Hint": 44, "Name": "CreateCompatibleBitmap", "DLL": "GDI32.dll"}, {"Hint": 526, "Name": "SelectObject", "DLL": "GDI32.dll"}, {"Hint": 18, "Name": "BitBlt", "DLL": "GDI32.dll"}, {"Hint": 46, "Name": "CreateDCA", "DLL": "GDI32.dll"}, {"Hint": 363, "Name": "GetDeviceCaps", "DLL": "GDI32.dll"}, {"Hint": 140, "Name": "DeleteDC", "DLL": "GDI32.dll"}], [{"TimeDateStamp": {"FileOffset": 541944, "Value": "0x0        [Thu Jan  1 00:00:00 1970 UTC]", "Offset": 4}, "Name": {"FileOffset": 541952, "Value": 549632, "Offset": 12}, "ForwarderChain": {"FileOffset": 541948, "Value": 0, "Offset": 8}, "OriginalFirstThunk": {"FileOffset": 541940, "Value": 546156, "Offset": 0}, "FirstThunk": {"FileOffset": 541956, "Value": 430080, "Offset": 16}, "Characteristics": {"FileOffset": 541940, "Value": 546156, "Offset": 0}, "Structure": "IMAGE_IMPORT_DESCRIPTOR"}, {"Hint": 175, "Name": "DeleteService", "DLL": "ADVAPI32.dll"}, {"Hint": 451, "Name": "QueryServiceStatus", "DLL": "ADVAPI32.dll"}, {"Hint": 66, "Name": "ControlService", "DLL": "ADVAPI32.dll"}, {"Hint": 52, "Name": "ChangeServiceConfig2A", "DLL": "ADVAPI32.dll"}, {"Hint": 322, "Name": "LockServiceDatabase", "DLL": "ADVAPI32.dll"}, {"Hint": 640, "Name": "UnlockServiceDatabase", "DLL": "ADVAPI32.dll"}, {"Hint": 54, "Name": "ChangeServiceConfigA", "DLL": "ADVAPI32.dll"}, {"Hint": 211, "Name": "EnumServicesStatusExA", "DLL": "ADVAPI32.dll"}, {"Hint": 431, "Name": "OpenServiceA", "DLL": "ADVAPI32.dll"}, {"Hint": 446, "Name": "QueryServiceConfigA", "DLL": "ADVAPI32.dll"}, {"Hint": 444, "Name": "QueryServiceConfig2A", "DLL": "ADVAPI32.dll"}, {"Hint": 62, "Name": "CloseServiceHandle", "DLL": "ADVAPI32.dll"}, {"Hint": 429, "Name": "OpenSCManagerA", "DLL": "ADVAPI32.dll"}, {"Hint": 510, "Name": "RegSaveKeyA", "DLL": "ADVAPI32.dll"}, {"Hint": 468, "Name": "RegDeleteKeyA", "DLL": "ADVAPI32.dll"}, {"Hint": 472, "Name": "RegDeleteValueA", "DLL": "ADVAPI32.dll"}, {"Hint": 465, "Name": "RegCreateKeyExA", "DLL": "ADVAPI32.dll"}, {"Hint": 516, "Name": "RegSetValueExA", "DLL": "ADVAPI32.dll"}, {"Hint": 497, "Name": "RegQueryInfoKeyA", "DLL": "ADVAPI32.dll"}, {"Hint": 478, "Name": "RegEnumKeyExA", "DLL": "ADVAPI32.dll"}, {"Hint": 481, "Name": "RegEnumValueA", "DLL": "ADVAPI32.dll"}, {"Hint": 428, "Name": "OpenProcessToken", "DLL": "ADVAPI32.dll"}, {"Hint": 282, "Name": "GetTokenInformation", "DLL": "ADVAPI32.dll"}, {"Hint": 329, "Name": "LookupAccountSidA", "DLL": "ADVAPI32.dll"}, {"Hint": 133, "Name": "CryptAcquireContextA", "DLL": "ADVAPI32.dll"}, {"Hint": 136, "Name": "CryptCreateHash", "DLL": "ADVAPI32.dll"}, {"Hint": 157, "Name": "CryptHashData", "DLL": "ADVAPI32.dll"}, {"Hint": 138, "Name": "CryptDeriveKey", "DLL": "ADVAPI32.dll"}, {"Hint": 139, "Name": "CryptDestroyHash", "DLL": "ADVAPI32.dll"}, {"Hint": 137, "Name": "CryptDecrypt", "DLL": "ADVAPI32.dll"}, {"Hint": 143, "Name": "CryptEncrypt", "DLL": "ADVAPI32.dll"}, {"Hint": 492, "Name": "RegOpenKeyExA", "DLL": "ADVAPI32.dll"}, {"Hint": 503, "Name": "RegQueryValueExA", "DLL": "ADVAPI32.dll"}, {"Hint": 459, "Name": "RegCloseKey", "DLL": "ADVAPI32.dll"}, {"Hint": 28, "Name": "AdjustTokenPrivileges", "DLL": "ADVAPI32.dll"}, {"Hint": 335, "Name": "LookupPrivilegeValueA", "DLL": "ADVAPI32.dll"}, {"Hint": 292, "Name": "GetUserNameA", "DLL": "ADVAPI32.dll"}, {"Hint": 534, "Name": "RevertToSelf", "DLL": "ADVAPI32.dll"}, {"Hint": 304, "Name": "ImpersonateLoggedOnUser", "DLL": "ADVAPI32.dll"}, {"Hint": 176, "Name": "DeregisterEventSource", "DLL": "ADVAPI32.dll"}, {"Hint": 532, "Name": "ReportEventA", "DLL": "ADVAPI32.dll"}, {"Hint": 521, "Name": "RegisterEventSourceA", "DLL": "ADVAPI32.dll"}, {"Hint": 585, "Name": "StartServiceA", "DLL": "ADVAPI32.dll"}], [{"TimeDateStamp": {"FileOffset": 541964, "Value": "0x0        [Thu Jan  1 00:00:00 1970 UTC]", "Offset": 4}, "Name": {"FileOffset": 541972, "Value": 549646, "Offset": 12}, "ForwarderChain": {"FileOffset": 541968, "Value": 0, "Offset": 8}, "OriginalFirstThunk": {"FileOffset": 541960, "Value": 547096, "Offset": 0}, "FirstThunk": {"FileOffset": 541976, "Value": 431020, "Offset": 16}, "Characteristics": {"FileOffset": 541960, "Value": 547096, "Offset": 0}, "Structure": "IMAGE_IMPORT_DESCRIPTOR"}, {"Ordinal": 115, "DLL": "WS2_32.dll"}, {"Ordinal": 116, "DLL": "WS2_32.dll"}, {"Ordinal": 18, "DLL": "WS2_32.dll"}, {"Ordinal": 111, "DLL": "WS2_32.dll"}, {"Ordinal": 14, "DLL": "WS2_32.dll"}, {"Ordinal": 4, "DLL": "WS2_32.dll"}, {"Ordinal": 23, "DLL": "WS2_32.dll"}, {"Ordinal": 9, "DLL": "WS2_32.dll"}, {"Ordinal": 8, "DLL": "WS2_32.dll"}, {"Ordinal": 52, "DLL": "WS2_32.dll"}, {"Ordinal": 11, "DLL": "WS2_32.dll"}, {"Ordinal": 3, "DLL": "WS2_32.dll"}, {"Ordinal": 22, "DLL": "WS2_32.dll"}, {"Ordinal": 16, "DLL": "WS2_32.dll"}, {"Ordinal": 112, "DLL": "WS2_32.dll"}, {"Ordinal": 19, "DLL": "WS2_32.dll"}], [{"TimeDateStamp": {"FileOffset": 541984, "Value": "0x0        [Thu Jan  1 00:00:00 1970 UTC]", "Offset": 4}, "Name": {"FileOffset": 541992, "Value": 550100, "Offset": 12}, "ForwarderChain": {"FileOffset": 541988, "Value": 0, "Offset": 8}, "OriginalFirstThunk": {"FileOffset": 541980, "Value": 546672, "Offset": 0}, "FirstThunk": {"FileOffset": 541996, "Value": 430596, "Offset": 16}, "Characteristics": {"FileOffset": 541980, "Value": 546672, "Offset": 0}, "Structure": "IMAGE_IMPORT_DESCRIPTOR"}, {"Hint": 72, "Name": "_XcptFilter", "DLL": "MSVCRT.dll"}, {"Hint": 713, "Name": "strtoul", "DLL": "MSVCRT.dll"}, {"Hint": 622, "Name": "gmtime", "DLL": "MSVCRT.dll"}, {"Hint": 693, "Name": "sscanf", "DLL": "MSVCRT.dll"}, {"Hint": 634, "Name": "isupper", "DLL": "MSVCRT.dll"}, {"Hint": 442, "Name": "_stat", "DLL": "MSVCRT.dll"}, {"Hint": 648, "Name": "isxdigit", "DLL": "MSVCRT.dll"}, {"Hint": 695, "Name": "strchr", "DLL": "MSVCRT.dll"}, {"Hint": 594, "Name": "fgets", "DLL": "MSVCRT.dll"}, {"Hint": 427, "Name": "_setmode", "DLL": "MSVCRT.dll"}, {"Hint": 618, "Name": "getenv", "DLL": "MSVCRT.dll"}, {"Hint": 661, "Name": "memchr", "DLL": "MSVCRT.dll"}, {"Hint": 627, "Name": "isdigit", "DLL": "MSVCRT.dll"}, {"Hint": 633, "Name": "isspace", "DLL": "MSVCRT.dll"}, {"Hint": 723, "Name": "tolower", "DLL": "MSVCRT.dll"}, {"Hint": 564, "Name": "abort", "DLL": "MSVCRT.dll"}, {"Hint": 275, "Name": "_iob", "DLL": "MSVCRT.dll"}, {"Hint": 687, "Name": "signal", "DLL": "MSVCRT.dll"}, {"Hint": 247, "Name": "_getch", "DLL": "MSVCRT.dll"}, {"Hint": 356, "Name": "_mbsnbcat", "DLL": "MSVCRT.dll"}, {"Hint": 702, "Name": "strlen", "DLL": "MSVCRT.dll"}, {"Hint": 588, "Name": "fclose", "DLL": "MSVCRT.dll"}, {"Hint": 614, "Name": "fwrite", "DLL": "MSVCRT.dll"}, {"Hint": 610, "Name": "fseek", "DLL": "MSVCRT.dll"}, {"Hint": 605, "Name": "fread", "DLL": "MSVCRT.dll"}, {"Hint": 599, "Name": "fopen", "DLL": "MSVCRT.dll"}, {"Hint": 166, "Name": "_beginthreadex", "DLL": "MSVCRT.dll"}, {"Hint": 704, "Name": "strncmp", "DLL": "MSVCRT.dll"}, {"Hint": 606, "Name": "free", "DLL": "MSVCRT.dll"}, {"Hint": 665, "Name": "memset", "DLL": "MSVCRT.dll"}, {"Hint": 657, "Name": "malloc", "DLL": "MSVCRT.dll"}, {"Hint": 73, "Name": "__CxxFrameHandler", "DLL": "MSVCRT.dll"}, {"Hint": 66, "Name": "_EH_prolog", "DLL": "MSVCRT.dll"}, {"Hint": 202, "Name": "_except_handler3", "DLL": "MSVCRT.dll"}, {"Hint": 345, "Name": "_mbscmp", "DLL": "MSVCRT.dll"}, {"Hint": 663, "Name": "memcpy", "DLL": "MSVCRT.dll"}, {"Hint": 694, "Name": "strcat", "DLL": "MSVCRT.dll"}, {"Hint": 698, "Name": "strcpy", "DLL": "MSVCRT.dll"}, {"Hint": 696, "Name": "strcmp", "DLL": "MSVCRT.dll"}, {"Hint": 308, "Name": "_itoa", "DLL": "MSVCRT.dll"}, {"Hint": 612, "Name": "ftell", "DLL": "MSVCRT.dll"}, {"Hint": 573, "Name": "atoi", "DLL": "MSVCRT.dll"}, {"Hint": 709, "Name": "strstr", "DLL": "MSVCRT.dll"}, {"Hint": 705, "Name": "strncpy", "DLL": "MSVCRT.dll"}, {"Hint": 15, "Name": "??2@YAPAXI@Z", "DLL": "MSVCRT.dll"}, {"Hint": 16, "Name": "??3@YAXPAX@Z", "DLL": "MSVCRT.dll"}, {"Hint": 662, "Name": "memcmp", "DLL": "MSVCRT.dll"}, {"Hint": 481, "Name": "_vsnprintf", "DLL": "MSVCRT.dll"}, {"Hint": 577, "Name": "ceil", "DLL": "MSVCRT.dll"}, {"Hint": 241, "Name": "_ftol", "DLL": "MSVCRT.dll"}, {"Hint": 471, "Name": "_ui64toa", "DLL": "MSVCRT.dll"}, {"Hint": 375, "Name": "_mbsrchr", "DLL": "MSVCRT.dll"}, {"Hint": 600, "Name": "fprintf", "DLL": "MSVCRT.dll"}, {"Hint": 215, "Name": "_fdopen", "DLL": "MSVCRT.dll"}, {"Hint": 200, "Name": "_errno", "DLL": "MSVCRT.dll"}, {"Hint": 690, "Name": "sprintf", "DLL": "MSVCRT.dll"}, {"Hint": 591, "Name": "fflush", "DLL": "MSVCRT.dll"}, {"Hint": 601, "Name": "fputc", "DLL": "MSVCRT.dll"}, {"Hint": 720, "Name": "time", "DLL": "MSVCRT.dll"}, {"Hint": 664, "Name": "memmove", "DLL": "MSVCRT.dll"}, {"Hint": 211, "Name": "_exit", "DLL": "MSVCRT.dll"}, {"Hint": 729, "Name": "vfprintf", "DLL": "MSVCRT.dll"}, {"Hint": 585, "Name": "exit", "DLL": "MSVCRT.dll"}, {"Hint": 143, "Name": "_acmdln", "DLL": "MSVCRT.dll"}, {"Hint": 88, "Name": "__getmainargs", "DLL": "MSVCRT.dll"}, {"Hint": 271, "Name": "_initterm", "DLL": "MSVCRT.dll"}, {"Hint": 131, "Name": "__setusermatherr", "DLL": "MSVCRT.dll"}, {"Hint": 157, "Name": "_adjust_fdiv", "DLL": "MSVCRT.dll"}, {"Hint": 106, "Name": "__p__commode", "DLL": "MSVCRT.dll"}, {"Hint": 111, "Name": "__p__fmode", "DLL": "MSVCRT.dll"}, {"Hint": 129, "Name": "__set_app_type", "DLL": "MSVCRT.dll"}, {"Hint": 183, "Name": "_controlfp", "DLL": "MSVCRT.dll"}, {"Hint": 749, "Name": "wcsstr", "DLL": "MSVCRT.dll"}, {"Hint": 676, "Name": "qsort", "DLL": "MSVCRT.dll"}, {"Hint": 679, "Name": "realloc", "DLL": "MSVCRT.dll"}, {"Hint": 449, "Name": "_stricmp", "DLL": "MSVCRT.dll"}, {"Hint": 494, "Name": "_wcsnicmp", "DLL": "MSVCRT.dll"}, {"Hint": 602, "Name": "fputs", "DLL": "MSVCRT.dll"}], [{"TimeDateStamp": {"FileOffset": 542004, "Value": "0x0        [Thu Jan  1 00:00:00 1970 UTC]", "Offset": 4}, "Name": {"FileOffset": 542012, "Value": 550324, "Offset": 12}, "ForwarderChain": {"FileOffset": 542008, "Value": 0, "Offset": 8}, "OriginalFirstThunk": {"FileOffset": 542000, "Value": 546996, "Offset": 0}, "FirstThunk": {"FileOffset": 542016, "Value": 430920, "Offset": 16}, "Characteristics": {"FileOffset": 542000, "Value": 546996, "Offset": 0}, "Structure": "IMAGE_IMPORT_DESCRIPTOR"}, {"Hint": 4, "Name": "EnumProcessModules", "DLL": "PSAPI.DLL"}, {"Hint": 14, "Name": "GetModuleFileNameExA", "DLL": "PSAPI.DLL"}], [{"TimeDateStamp": {"FileOffset": 542024, "Value": "0x0        [Thu Jan  1 00:00:00 1970 UTC]", "Offset": 4}, "Name": {"FileOffset": 542032, "Value": 550344, "Offset": 12}, "ForwarderChain": {"FileOffset": 542028, "Value": 0, "Offset": 8}, "OriginalFirstThunk": {"FileOffset": 542020, "Value": 546988, "Offset": 0}, "FirstThunk": {"FileOffset": 542036, "Value": 430912, "Offset": 16}, "Characteristics": {"FileOffset": 542020, "Value": 546988, "Offset": 0}, "Structure": "IMAGE_IMPORT_DESCRIPTOR"}, {"Hint": 264, "Name": "Netbios", "DLL": "NETAPI32.dll"}]], "PE Sections": [{"PointerToRawData": {"FileOffset": 500, "Value": 1024, "Offset": 20}, "SHA1": "93feb64b6b6b21302a9a99e1ea3536d9ec46e0aa", "SHA256": "af68946863b163f7603a822a4db5e888a83469b513b78661f8d46aedbe1896cb", "Name": {"FileOffset": 480, "Value": ".text", "Offset": 0}, "NumberOfRelocations": {"FileOffset": 512, "Value": 0, "Offset": 32}, "Misc_VirtualSize": {"FileOffset": 488, "Value": 424954, "Offset": 8}, "Characteristics": {"FileOffset": 516, "Value": 1610612768, "Offset": 36}, "Misc": {"FileOffset": 488, "Value": 424954, "Offset": 8}, "PointerToLinenumbers": {"FileOffset": 508, "Value": 0, "Offset": 28}, "SizeOfRawData": {"FileOffset": 496, "Value": 424960, "Offset": 16}, "Misc_PhysicalAddress": {"FileOffset": 488, "Value": 424954, "Offset": 8}, "PointerToRelocations": {"FileOffset": 504, "Value": 0, "Offset": 24}, "Flags": ["IMAGE_SCN_MEM_EXECUTE", "IMAGE_SCN_CNT_CODE", "IMAGE_SCN_MEM_READ"], "SHA512": "8ed345e5865b214cb976700f528b4e6a3655b15e7f45344cc8d992d8716135b834cb3f5b442a1f42a867d79009afbd6ce96444765300a93e4ac9fd76eab45b21", "MD5": "442593202f28351006ad836eed1fccf4", "Entropy": 6.5903681678739, "VirtualAddress": {"FileOffset": 492, "Value": 4096, "Offset": 12}, "Structure": "IMAGE_SECTION_HEADER", "NumberOfLinenumbers": {"FileOffset": 514, "Value": 0, "Offset": 34}}, {"PointerToRawData": {"FileOffset": 540, "Value": 425984, "Offset": 20}, "SHA1": "809d53fd6dd9606e6e7c2ff575ee828791fc065e", "SHA256": "d97f185eec4a70b77cf841d7d5564d23a0788118c41fd6d268928c2de6af158e", "Name": {"FileOffset": 520, "Value": ".rdata", "Offset": 0}, "NumberOfRelocations": {"FileOffset": 552, "Value": 0, "Offset": 32}, "Misc_VirtualSize": {"FileOffset": 528, "Value": 120780, "Offset": 8}, "Characteristics": {"FileOffset": 556, "Value": 1073741888, "Offset": 36}, "Misc": {"FileOffset": 528, "Value": 120780, "Offset": 8}, "PointerToLinenumbers": {"FileOffset": 548, "Value": 0, "Offset": 28}, "SizeOfRawData": {"FileOffset": 536, "Value": 120832, "Offset": 16}, "Misc_PhysicalAddress": {"FileOffset": 528, "Value": 120780, "Offset": 8}, "PointerToRelocations": {"FileOffset": 544, "Value": 0, "Offset": 24}, "Flags": ["IMAGE_SCN_CNT_INITIALIZED_DATA", "IMAGE_SCN_MEM_READ"], "SHA512": "2374e03a429fbf58ea1fc1f3a1d8e142d47b442b1d75e45281162a044c5c9bed04e3adb2f9a36a8f64bb1d785b159320868f6b1c833cbd24fabe7233a989e71f", "MD5": "334bb12ba12168b2e3e0e59b6bbddd84", "Entropy": 6.17252311107246, "VirtualAddress": {"FileOffset": 532, "Value": 430080, "Offset": 12}, "Structure": "IMAGE_SECTION_HEADER", "NumberOfLinenumbers": {"FileOffset": 554, "Value": 0, "Offset": 34}}, {"PointerToRawData": {"FileOffset": 580, "Value": 546816, "Offset": 20}, "SHA1": "584cedf177baddf68e3a887aa0f74e549f0be2fc", "SHA256": "19c33219dcc00dad703b23cbb2b97faafa1cd397e78b8129cf04611e0e93d2af", "Name": {"FileOffset": 560, "Value": ".data", "Offset": 0}, "NumberOfRelocations": {"FileOffset": 592, "Value": 0, "Offset": 32}, "Misc_VirtualSize": {"FileOffset": 568, "Value": 55020, "Offset": 8}, "Characteristics": {"FileOffset": 596, "Value": 3221225536, "Offset": 36}, "Misc": {"FileOffset": 568, "Value": 55020, "Offset": 8}, "PointerToLinenumbers": {"FileOffset": 588, "Value": 0, "Offset": 28}, "SizeOfRawData": {"FileOffset": 576, "Value": 51712, "Offset": 16}, "Misc_PhysicalAddress": {"FileOffset": 568, "Value": 55020, "Offset": 8}, "PointerToRelocations": {"FileOffset": 584, "Value": 0, "Offset": 24}, "Flags": ["IMAGE_SCN_CNT_INITIALIZED_DATA", "IMAGE_SCN_MEM_WRITE", "IMAGE_SCN_MEM_READ"], "SHA512": "e7fbf37acf2e851733129f028c80b5409fcd94e53daf1f04f6b79306786bb7b044d670c63b57adc547c8fe23366e1afd50b2384937f90079a05f902a63e23ad2", "MD5": "30290c6274166298443f01c8c6e1a942", "Entropy": 5.067479302042632, "VirtualAddress": {"FileOffset": 572, "Value": 552960, "Offset": 12}, "Structure": "IMAGE_SECTION_HEADER", "NumberOfLinenumbers": {"FileOffset": 594, "Value": 0, "Offset": 34}}]}
