{"DllCharacteristics": [], "FILE_HEADER": {"NumberOfSections": {"FileOffset": 238, "Value": 3, "Offset": 2}, "TimeDateStamp": {"FileOffset": 240, "Value": "0x4E325CE7 [Fri Jul 29 07:10:31 2011 UTC]", "Offset": 4}, "PointerToSymbolTable": {"FileOffset": 244, "Value": 0, "Offset": 8}, "NumberOfSymbols": {"FileOffset": 248, "Value": 0, "Offset": 12}, "Machine": {"FileOffset": 236, "Value": 332, "Offset": 0}, "Characteristics": {"FileOffset": 254, "Value": 271, "Offset": 18}, "SizeOfOptionalHeader": {"FileOffset": 252, "Value": 224, "Offset": 16}, "Structure": "IMAGE_FILE_HEADER"}, "Directories": [{"VirtualAddress": {"FileOffset": 352, "Value": 0, "Offset": 0}, "Structure": "IMAGE_DIRECTORY_ENTRY_EXPORT", "Size": {"FileOffset": 356, "Value": 0, "Offset": 4}}, {"VirtualAddress": {"FileOffset": 360, "Value": 17176, "Offset": 0}, "Structure": "IMAGE_DIRECTORY_ENTRY_IMPORT", "Size": {"FileOffset": 364, "Value": 160, "Offset": 4}}, {"VirtualAddress": {"FileOffset": 368, "Value": 0, "Offset": 0}, "Structure": "IMAGE_DIRECTORY_ENTRY_RESOURCE", "Size": {"FileOffset": 372, "Value": 0, "Offset": 4}}, {"VirtualAddress": {"FileOffset": 376, "Value": 0, "Offset": 0}, "Structure": "IMAGE_DIRECTORY_ENTRY_EXCEPTION", "Size": {"FileOffset": 380, "Value": 0, "Offset": 4}}, {"VirtualAddress": {"FileOffset": 384, "Value": 0, "Offset": 0}, "Structure": "IMAGE_DIRECTORY_ENTRY_SECURITY", "Size": {"FileOffset": 388, "Value": 0, "Offset": 4}}, {"VirtualAddress": {"FileOffset": 392, "Value": 0, "Offset": 0}, "Structure": "IMAGE_DIRECTORY_ENTRY_BASERELOC", "Size": {"FileOffset": 396, "Value": 0, "Offset": 4}}, {"VirtualAddress": {"FileOffset": 400, "Value": 0, "Offset": 0}, "Structure": "IMAGE_DIRECTORY_ENTRY_DEBUG", "Size": {"FileOffset": 404, "Value": 0, "Offset": 4}}, {"VirtualAddress": {"FileOffset": 408, "Value": 0, "Offset": 0}, "Structure": "IMAGE_DIRECTORY_ENTRY_COPYRIGHT", "Size": {"FileOffset": 412, "Value": 0, "Offset": 4}}, {"VirtualAddress": {"FileOffset": 416, "Value": 0, "Offset": 0}, "Structure": "IMAGE_DIRECTORY_ENTRY_GLOBALPTR", "Size": {"FileOffset": 420, "Value": 0, "Offset": 4}}, {"VirtualAddress": {"FileOffset": 424, "Value": 0, "Offset": 0}, "Structure": "IMAGE_DIRECTORY_ENTRY_TLS", "Size": {"FileOffset": 428, "Value": 0, "Offset": 4}}, {"VirtualAddress": {"FileOffset": 432, "Value": 0, "Offset": 0}, "Structure": "IMAGE_DIRECTORY_ENTRY_LOAD_CONFIG", "Size": {"FileOffset": 436, "Value": 0, "Offset": 4}}, {"VirtualAddress": {"FileOffset": 440, "Value": 0, "Offset": 0}, "Structure": "IMAGE_DIRECTORY_ENTRY_BOUND_IMPORT", "Size": {"FileOffset": 444, "Value": 0, "Offset": 4}}, {"VirtualAddress": {"FileOffset": 448, "Value": 16384, "Offset": 0}, "Structure": "IMAGE_DIRECTORY_ENTRY_IAT", "Size": {"FileOffset": 452, "Value": 368, "Offset": 4}}, {"VirtualAddress": {"FileOffset": 456, "Value": 0, "Offset": 0}, "Structure": "IMAGE_DIRECTORY_ENTRY_DELAY_IMPORT", "Size": {"FileOffset": 460, "Value": 0, "Offset": 4}}, {"VirtualAddress": {"FileOffset": 464, "Value": 0, "Offset": 0}, "Structure": "IMAGE_DIRECTORY_ENTRY_COM_DESCRIPTOR", "Size": {"FileOffset": 468, "Value": 0, "Offset": 4}}, {"VirtualAddress": {"FileOffset": 472, "Value": 0, "Offset": 0}, "Structure": "IMAGE_DIRECTORY_ENTRY_RESERVED", "Size": {"FileOffset": 476, "Value": 0, "Offset": 4}}], "OPTIONAL_HEADER": {"DllCharacteristics": {"FileOffset": 326, "Value": 0, "Offset": 70}, "BaseOfCode": {"FileOffset": 276, "Value": 4096, "Offset": 20}, "MajorLinkerVersion": {"FileOffset": 258, "Value": 6, "Offset": 2}, "MinorOperatingSystemVersion": {"FileOffset": 298, "Value": 0, "Offset": 42}, "MinorLinkerVersion": {"FileOffset": 259, "Value": 0, "Offset": 3}, "MajorSubsystemVersion": {"FileOffset": 304, "Value": 4, "Offset": 48}, "MajorOperatingSystemVersion": {"FileOffset": 296, "Value": 4, "Offset": 40}, "SizeOfStackCommit": {"FileOffset": 332, "Value": 4096, "Offset": 76}, "SizeOfUninitializedData": {"FileOffset": 268, "Value": 0, "Offset": 12}, "NumberOfRvaAndSizes": {"FileOffset": 348, "Value": 16, "Offset": 92}, "SizeOfHeapReserve": {"FileOffset": 336, "Value": 1048576, "Offset": 80}, "LoaderFlags": {"FileOffset": 344, "Value": 0, "Offset": 88}, "SizeOfHeapCommit": {"FileOffset": 340, "Value": 4096, "Offset": 84}, "SizeOfStackReserve": {"FileOffset": 328, "Value": 1048576, "Offset": 72}, "Structure": "IMAGE_OPTIONAL_HEADER", "SizeOfHeaders": {"FileOffset": 316, "Value": 1024, "Offset": 60}, "Subsystem": {"FileOffset": 324, "Value": 2, "Offset": 68}, "Magic": {"FileOffset": 256, "Value": 267, "Offset": 0}, "MinorImageVersion": {"FileOffset": 302, "Value": 0, "Offset": 46}, "MajorImageVersion": {"FileOffset": 300, "Value": 0, "Offset": 44}, "FileAlignment": {"FileOffset": 292, "Value": 512, "Offset": 36}, "BaseOfData": {"FileOffset": 280, "Value": 16384, "Offset": 24}, "AddressOfEntryPoint": {"FileOffset": 272, "Value": 13308, "Offset": 16}, "SectionAlignment": {"FileOffset": 288, "Value": 4096, "Offset": 32}, "SizeOfCode": {"FileOffset": 260, "Value": 9728, "Offset": 4}, "ImageBase": {"FileOffset": 284, "Value": 4194304, "Offset": 28}, "SizeOfInitializedData": {"FileOffset": 264, "Value": 4010496, "Offset": 8}, "SizeOfImage": {"FileOffset": 312, "Value": 4030464, "Offset": 56}, "MinorSubsystemVersion": {"FileOffset": 306, "Value": 0, "Offset": 50}, "CheckSum": {"FileOffset": 320, "Value": 0, "Offset": 64}, "Reserved1": {"FileOffset": 308, "Value": 0, "Offset": 52}}, "DOS_HEADER": {"e_cblp": {"FileOffset": 2, "Value": 144, "Offset": 2}, "e_crlc": {"FileOffset": 6, "Value": 0, "Offset": 6}, "e_ovno": {"FileOffset": 26, "Value": 0, "Offset": 26}, "e_minalloc": {"FileOffset": 10, "Value": 0, "Offset": 10}, "e_csum": {"FileOffset": 18, "Value": 0, "Offset": 18}, "e_cparhdr": {"FileOffset": 8, "Value": 4, "Offset": 8}, "e_cp": {"FileOffset": 4, "Value": 3, "Offset": 4}, "e_cs": {"FileOffset": 22, "Value": 0, "Offset": 22}, "e_maxalloc": {"FileOffset": 12, "Value": 65535, "Offset": 12}, "e_lfarlc": {"FileOffset": 24, "Value": 64, "Offset": 24}, "e_oemid": {"FileOffset": 36, "Value": 0, "Offset": 36}, "e_lfanew": {"FileOffset": 60, "Value": 232, "Offset": 60}, "e_ss": {"FileOffset": 14, "Value": 0, "Offset": 14}, "e_magic": {"FileOffset": 0, "Value": 23117, "Offset": 0}, "e_oeminfo": {"FileOffset": 38, "Value": 0, "Offset": 38}, "e_res2": {"FileOffset": 40, "Value": "", "Offset": 40}, "e_res": {"FileOffset": 28, "Value": "", "Offset": 28}, "e_sp": {"FileOffset": 16, "Value": 184, "Offset": 16}, "Structure": "IMAGE_DOS_HEADER", "e_ip": {"FileOffset": 20, "Value": 0, "Offset": 20}}, "NT_HEADERS": {"Structure": "IMAGE_NT_HEADERS", "Signature": {"FileOffset": 232, "Value": 17744, "Offset": 0}}, "Flags": ["IMAGE_FILE_LOCAL_SYMS_STRIPPED", "IMAGE_FILE_32BIT_MACHINE", "IMAGE_FILE_EXECUTABLE_IMAGE", "IMAGE_FILE_LINE_NUMS_STRIPPED", "IMAGE_FILE_RELOCS_STRIPPED"], "Imported symbols": [[{"TimeDateStamp": {"FileOffset": 11548, "Value": "0x0        [Thu Jan  1 00:00:00 1970 UTC]", "Offset": 4}, "Name": {"FileOffset": 11556, "Value": 17938, "Offset": 12}, "ForwarderChain": {"FileOffset": 11552, "Value": 0, "Offset": 8}, "OriginalFirstThunk": {"FileOffset": 11544, "Value": 17356, "Offset": 0}, "FirstThunk": {"FileOffset": 11560, "Value": 16404, "Offset": 16}, "Characteristics": {"FileOffset": 11544, "Value": 17356, "Offset": 0}, "Structure": "IMAGE_IMPORT_DESCRIPTOR"}, {"Hint": 52, "Name": "CreateFileA", "DLL": "KERNEL32.dll"}, {"Hint": 456, "Name": "LocalAlloc", "DLL": "KERNEL32.dll"}, {"Hint": 662, "Name": "Sleep", "DLL": "KERNEL32.dll"}, {"Hint": 74, "Name": "CreateThread", "DLL": "KERNEL32.dll"}, {"Hint": 63, "Name": "CreateMutexA", "DLL": "KERNEL32.dll"}, {"Hint": 43, "Name": "CopyFileW", "DLL": "KERNEL32.dll"}, {"Hint": 274, "Name": "GetFileSize", "DLL": "KERNEL32.dll"}, {"Hint": 68, "Name": "CreateProcessA", "DLL": "KERNEL32.dll"}, {"Hint": 266, "Name": "GetEnvironmentVariableW", "DLL": "KERNEL32.dll"}, {"Hint": 335, "Name": "GetShortPathNameW", "DLL": "KERNEL32.dll"}, {"Hint": 336, "Name": "GetStartupInfoA", "DLL": "KERNEL32.dll"}, {"Hint": 294, "Name": "GetModuleHandleA", "DLL": "KERNEL32.dll"}, {"Hint": 536, "Name": "ReadFile", "DLL": "KERNEL32.dll"}, {"Hint": 460, "Name": "LocalFree", "DLL": "KERNEL32.dll"}, {"Hint": 282, "Name": "GetLastError", "DLL": "KERNEL32.dll"}, {"Hint": 293, "Name": "GetModuleFileNameW", "DLL": "KERNEL32.dll"}, {"Hint": 27, "Name": "CloseHandle", "DLL": "KERNEL32.dll"}], [{"TimeDateStamp": {"FileOffset": 11568, "Value": "0x0        [Thu Jan  1 00:00:00 1970 UTC]", "Offset": 4}, "Name": {"FileOffset": 11576, "Value": 17984, "Offset": 12}, "ForwarderChain": {"FileOffset": 11572, "Value": 0, "Offset": 8}, "OriginalFirstThunk": {"FileOffset": 11564, "Value": 17620, "Offset": 0}, "FirstThunk": {"FileOffset": 11580, "Value": 16668, "Offset": 16}, "Characteristics": {"FileOffset": 11564, "Value": 17620, "Offset": 0}, "Structure": "IMAGE_IMPORT_DESCRIPTOR"}, {"Hint": 532, "Name": "SendMessageA", "DLL": "USER32.dll"}, {"Hint": 214, "Name": "FindWindowExA", "DLL": "USER32.dll"}], [{"TimeDateStamp": {"FileOffset": 11588, "Value": "0x0        [Thu Jan  1 00:00:00 1970 UTC]", "Offset": 4}, "Name": {"FileOffset": 11596, "Value": 18064, "Offset": 12}, "ForwarderChain": {"FileOffset": 11592, "Value": 0, "Offset": 8}, "OriginalFirstThunk": {"FileOffset": 11584, "Value": 17336, "Offset": 0}, "FirstThunk": {"FileOffset": 11600, "Value": 16384, "Offset": 16}, "Characteristics": {"FileOffset": 11584, "Value": 17336, "Offset": 0}, "Structure": "IMAGE_IMPORT_DESCRIPTOR"}, {"Hint": 379, "Name": "RegQueryValueExA", "DLL": "ADVAPI32.dll"}, {"Hint": 347, "Name": "RegCloseKey", "DLL": "ADVAPI32.dll"}, {"Hint": 391, "Name": "RegSetValueExW", "DLL": "ADVAPI32.dll"}, {"Hint": 370, "Name": "RegOpenKeyExA", "DLL": "ADVAPI32.dll"}], [{"TimeDateStamp": {"FileOffset": 11608, "Value": "0x0        [Thu Jan  1 00:00:00 1970 UTC]", "Offset": 4}, "Name": {"FileOffset": 11616, "Value": 18120, "Offset": 12}, "ForwarderChain": {"FileOffset": 11612, "Value": 0, "Offset": 8}, "OriginalFirstThunk": {"FileOffset": 11604, "Value": 17608, "Offset": 0}, "FirstThunk": {"FileOffset": 11620, "Value": 16656, "Offset": 16}, "Characteristics": {"FileOffset": 11604, "Value": 17608, "Offset": 0}, "Structure": "IMAGE_IMPORT_DESCRIPTOR"}, {"Hint": 85, "Name": "SHGetSpecialFolderPathW", "DLL": "SHELL32.dll"}, {"Hint": 118, "Name": "ShellExecuteW", "DLL": "SHELL32.dll"}], [{"TimeDateStamp": {"FileOffset": 11628, "Value": "0x0        [Thu Jan  1 00:00:00 1970 UTC]", "Offset": 4}, "Name": {"FileOffset": 11636, "Value": 18422, "Offset": 12}, "ForwarderChain": {"FileOffset": 11632, "Value": 0, "Offset": 8}, "OriginalFirstThunk": {"FileOffset": 11624, "Value": 17428, "Offset": 0}, "FirstThunk": {"FileOffset": 11640, "Value": 16476, "Offset": 16}, "Characteristics": {"FileOffset": 11624, "Value": 17428, "Offset": 0}, "Structure": "IMAGE_IMPORT_DESCRIPTOR"}, {"Hint": 183, "Name": "_controlfp", "DLL": "MSVCRT.dll"}, {"Hint": 202, "Name": "_except_handler3", "DLL": "MSVCRT.dll"}, {"Hint": 129, "Name": "__set_app_type", "DLL": "MSVCRT.dll"}, {"Hint": 665, "Name": "memset", "DLL": "MSVCRT.dll"}, {"Hint": 73, "Name": "__CxxFrameHandler", "DLL": "MSVCRT.dll"}, {"Hint": 702, "Name": "strlen", "DLL": "MSVCRT.dll"}, {"Hint": 690, "Name": "sprintf", "DLL": "MSVCRT.dll"}, {"Hint": 663, "Name": "memcpy", "DLL": "MSVCRT.dll"}, {"Hint": 698, "Name": "strcpy", "DLL": "MSVCRT.dll"}, {"Hint": 694, "Name": "strcat", "DLL": "MSVCRT.dll"}, {"Hint": 360, "Name": "_mbsnbcpy", "DLL": "MSVCRT.dll"}, {"Hint": 357, "Name": "_mbsnbcmp", "DLL": "MSVCRT.dll"}, {"Hint": 574, "Name": "atol", "DLL": "MSVCRT.dll"}, {"Hint": 345, "Name": "_mbscmp", "DLL": "MSVCRT.dll"}, {"Hint": 573, "Name": "atoi", "DLL": "MSVCRT.dll"}, {"Hint": 588, "Name": "fclose", "DLL": "MSVCRT.dll"}, {"Hint": 614, "Name": "fwrite", "DLL": "MSVCRT.dll"}, {"Hint": 599, "Name": "fopen", "DLL": "MSVCRT.dll"}, {"Hint": 709, "Name": "strstr", "DLL": "MSVCRT.dll"}, {"Hint": 742, "Name": "wcslen", "DLL": "MSVCRT.dll"}, {"Hint": 753, "Name": "wcstombs", "DLL": "MSVCRT.dll"}, {"Hint": 685, "Name": "setlocale", "DLL": "MSVCRT.dll"}, {"Hint": 737, "Name": "wcscmp", "DLL": "MSVCRT.dll"}, {"Hint": 735, "Name": "wcscat", "DLL": "MSVCRT.dll"}, {"Hint": 659, "Name": "mbstowcs", "DLL": "MSVCRT.dll"}, {"Hint": 747, "Name": "wcsrchr", "DLL": "MSVCRT.dll"}, {"Hint": 739, "Name": "wcscpy", "DLL": "MSVCRT.dll"}, {"Hint": 618, "Name": "getenv", "DLL": "MSVCRT.dll"}, {"Hint": 696, "Name": "strcmp", "DLL": "MSVCRT.dll"}, {"Hint": 720, "Name": "time", "DLL": "MSVCRT.dll"}, {"Hint": 606, "Name": "free", "DLL": "MSVCRT.dll"}, {"Hint": 85, "Name": "__dllonexit", "DLL": "MSVCRT.dll"}, {"Hint": 390, "Name": "_onexit", "DLL": "MSVCRT.dll"}, {"Hint": 211, "Name": "_exit", "DLL": "MSVCRT.dll"}, {"Hint": 72, "Name": "_XcptFilter", "DLL": "MSVCRT.dll"}, {"Hint": 585, "Name": "exit", "DLL": "MSVCRT.dll"}, {"Hint": 143, "Name": "_acmdln", "DLL": "MSVCRT.dll"}, {"Hint": 88, "Name": "__getmainargs", "DLL": "MSVCRT.dll"}, {"Hint": 271, "Name": "_initterm", "DLL": "MSVCRT.dll"}, {"Hint": 131, "Name": "__setusermatherr", "DLL": "MSVCRT.dll"}, {"Hint": 157, "Name": "_adjust_fdiv", "DLL": "MSVCRT.dll"}, {"Hint": 106, "Name": "__p__commode", "DLL": "MSVCRT.dll"}, {"Hint": 111, "Name": "__p__fmode", "DLL": "MSVCRT.dll"}, {"Hint": 453, "Name": "_strnicmp", "DLL": "MSVCRT.dll"}], [{"TimeDateStamp": {"FileOffset": 11648, "Value": "0x0        [Thu Jan  1 00:00:00 1970 UTC]", "Offset": 4}, "Name": {"FileOffset": 11656, "Value": 18892, "Offset": 12}, "ForwarderChain": {"FileOffset": 11652, "Value": 0, "Offset": 8}, "OriginalFirstThunk": {"FileOffset": 11644, "Value": 17632, "Offset": 0}, "FirstThunk": {"FileOffset": 11660, "Value": 16680, "Offset": 16}, "Characteristics": {"FileOffset": 11644, "Value": 17632, "Offset": 0}, "Structure": "IMAGE_IMPORT_DESCRIPTOR"}, {"Hint": 65, "Name": "HttpAddRequestHeadersA", "DLL": "WININET.dll"}, {"Hint": 69, "Name": "HttpOpenRequestA", "DLL": "WININET.dll"}, {"Hint": 67, "Name": "HttpEndRequestA", "DLL": "WININET.dll"}, {"Hint": 136, "Name": "InternetWriteFile", "DLL": "WININET.dll"}, {"Hint": 73, "Name": "HttpSendRequestA", "DLL": "WININET.dll"}, {"Hint": 119, "Name": "InternetReadFile", "DLL": "WININET.dll"}, {"Hint": 71, "Name": "HttpQueryInfoA", "DLL": "WININET.dll"}, {"Hint": 78, "Name": "InternetAttemptConnect", "DLL": "WININET.dll"}, {"Hint": 86, "Name": "InternetCloseHandle", "DLL": "WININET.dll"}, {"Hint": 90, "Name": "InternetConnectA", "DLL": "WININET.dll"}, {"Hint": 111, "Name": "InternetOpenA", "DLL": "WININET.dll"}, {"Hint": 74, "Name": "HttpSendRequestExA", "DLL": "WININET.dll"}], [{"TimeDateStamp": {"FileOffset": 11668, "Value": "0x0        [Thu Jan  1 00:00:00 1970 UTC]", "Offset": 4}, "Name": {"FileOffset": 11676, "Value": 18918, "Offset": 12}, "ForwarderChain": {"FileOffset": 11672, "Value": 0, "Offset": 8}, "OriginalFirstThunk": {"FileOffset": 11664, "Value": 17684, "Offset": 0}, "FirstThunk": {"FileOffset": 11680, "Value": 16732, "Offset": 16}, "Characteristics": {"FileOffset": 11664, "Value": 17684, "Offset": 0}, "Structure": "IMAGE_IMPORT_DESCRIPTOR"}, {"Ordinal": 52, "DLL": "WS2_32.dll"}, {"Ordinal": 12, "DLL": "WS2_32.dll"}, {"Ordinal": 115, "DLL": "WS2_32.dll"}, {"Ordinal": 57, "DLL": "WS2_32.dll"}]], "PE Sections": [{"PointerToRawData": {"FileOffset": 500, "Value": 1024, "Offset": 20}, "SHA1": "79385387e86619f80603ca69894321148ea23a1b", "SHA256": "4f245927c5e72a55c6bc843314e890adafd762cca60345fc80ad39bcfc8f3cdb", "Name": {"FileOffset": 480, "Value": ".text", "Offset": 0}, "NumberOfRelocations": {"FileOffset": 512, "Value": 0, "Offset": 32}, "Misc_VirtualSize": {"FileOffset": 488, "Value": 9690, "Offset": 8}, "Characteristics": {"FileOffset": 516, "Value": 1610612768, "Offset": 36}, "Misc": {"FileOffset": 488, "Value": 9690, "Offset": 8}, "PointerToLinenumbers": {"FileOffset": 508, "Value": 0, "Offset": 28}, "SizeOfRawData": {"FileOffset": 496, "Value": 9728, "Offset": 16}, "Misc_PhysicalAddress": {"FileOffset": 488, "Value": 9690, "Offset": 8}, "PointerToRelocations": {"FileOffset": 504, "Value": 0, "Offset": 24}, "Flags": ["IMAGE_SCN_MEM_EXECUTE", "IMAGE_SCN_CNT_CODE", "IMAGE_SCN_MEM_READ"], "SHA512": "1be2ff154e413ee2d66195d7fe4552656b4c4e1e8d8d411ff7618e83d3ab5bed79db38ff66bd5fb86653573e7858fce3c64bb01af492a2636bdcfbc01149376e", "MD5": "5b8fb80a340c2afe34cf101c32b2f028", "Entropy": 6.238951671137991, "VirtualAddress": {"FileOffset": 492, "Value": 4096, "Offset": 12}, "Structure": "IMAGE_SECTION_HEADER", "NumberOfLinenumbers": {"FileOffset": 514, "Value": 0, "Offset": 34}}, {"PointerToRawData": {"FileOffset": 540, "Value": 10752, "Offset": 20}, "SHA1": "60d8b6b81cd94c763f00fb639271373894c570f0", "SHA256": "528c5e59acb7ab08652eb336801f8ce765f5464a41b0ba6f362bfea1644fbaa2", "Name": {"FileOffset": 520, "Value": ".rdata", "Offset": 0}, "NumberOfRelocations": {"FileOffset": 552, "Value": 0, "Offset": 32}, "Misc_VirtualSize": {"FileOffset": 528, "Value": 2596, "Offset": 8}, "Characteristics": {"FileOffset": 556, "Value": 1073741888, "Offset": 36}, "Misc": {"FileOffset": 528, "Value": 2596, "Offset": 8}, "PointerToLinenumbers": {"FileOffset": 548, "Value": 0, "Offset": 28}, "SizeOfRawData": {"FileOffset": 536, "Value": 3072, "Offset": 16}, "Misc_PhysicalAddress": {"FileOffset": 528, "Value": 2596, "Offset": 8}, "PointerToRelocations": {"FileOffset": 544, "Value": 0, "Offset": 24}, "Flags": ["IMAGE_SCN_CNT_INITIALIZED_DATA", "IMAGE_SCN_MEM_READ"], "SHA512": "470abbb70cc599d2ade002e18f554d329d96e299086f30bb2d250ef13be190c7203c638fd10ee0347a75ac295d810c89bbb4d857f64fac5cb95c23f2cf042aea", "MD5": "5b15e5c416cb549fcdb9e182e1700cbb", "Entropy": 4.147880261215509, "VirtualAddress": {"FileOffset": 532, "Value": 16384, "Offset": 12}, "Structure": "IMAGE_SECTION_HEADER", "NumberOfLinenumbers": {"FileOffset": 554, "Value": 0, "Offset": 34}}, {"PointerToRawData": {"FileOffset": 580, "Value": 13824, "Offset": 20}, "SHA1": "ea8e112a8f2a171e6d933190908a4c1aef9e496b", "SHA256": "cd233fe65c4cbff931bc8119e65698c78e90047fef1d2ca45cacc6227a27baaa", "Name": {"FileOffset": 560, "Value": ".data", "Offset": 0}, "NumberOfRelocations": {"FileOffset": 592, "Value": 0, "Offset": 32}, "Misc_VirtualSize": {"FileOffset": 568, "Value": 4007016, "Offset": 8}, "Characteristics": {"FileOffset": 596, "Value": 3221225536, "Offset": 36}, "Misc": {"FileOffset": 568, "Value": 4007016, "Offset": 8}, "PointerToLinenumbers": {"FileOffset": 588, "Value": 0, "Offset": 28}, "SizeOfRawData": {"FileOffset": 576, "Value": 1536, "Offset": 16}, "Misc_PhysicalAddress": {"FileOffset": 568, "Value": 4007016, "Offset": 8}, "PointerToRelocations": {"FileOffset": 584, "Value": 0, "Offset": 24}, "Flags": ["IMAGE_SCN_CNT_INITIALIZED_DATA", "IMAGE_SCN_MEM_WRITE", "IMAGE_SCN_MEM_READ"], "SHA512": "05a5deca744f346e9809d6c3d01a3136c090dd4596dfea0f4a18b47590dde2c024c2231557187e20bfc5a8d5fac8176431a149ebe2649dbd6015f999ec7f89d8", "MD5": "ac1c58af71c4be13bc1bffdda7c452de", "Entropy": 4.122209506217307, "VirtualAddress": {"FileOffset": 572, "Value": 20480, "Offset": 12}, "Structure": "IMAGE_SECTION_HEADER", "NumberOfLinenumbers": {"FileOffset": 594, "Value": 0, "Offset": 34}}]}
