{"DllCharacteristics": [], "FILE_HEADER": {"NumberOfSections": {"FileOffset": 238, "Value": 4, "Offset": 2}, "TimeDateStamp": {"FileOffset": 240, "Value": "0x4A9292A7 [Mon Aug 24 13:16:23 2009 UTC]", "Offset": 4}, "PointerToSymbolTable": {"FileOffset": 244, "Value": 0, "Offset": 8}, "NumberOfSymbols": {"FileOffset": 248, "Value": 0, "Offset": 12}, "Machine": {"FileOffset": 236, "Value": 332, "Offset": 0}, "Characteristics": {"FileOffset": 254, "Value": 271, "Offset": 18}, "SizeOfOptionalHeader": {"FileOffset": 252, "Value": 224, "Offset": 16}, "Structure": "IMAGE_FILE_HEADER"}, "Directories": [{"VirtualAddress": {"FileOffset": 352, "Value": 0, "Offset": 0}, "Structure": "IMAGE_DIRECTORY_ENTRY_EXPORT", "Size": {"FileOffset": 356, "Value": 0, "Offset": 4}}, {"VirtualAddress": {"FileOffset": 360, "Value": 43040, "Offset": 0}, "Structure": "IMAGE_DIRECTORY_ENTRY_IMPORT", "Size": {"FileOffset": 364, "Value": 180, "Offset": 4}}, {"VirtualAddress": {"FileOffset": 368, "Value": 94208, "Offset": 0}, "Structure": "IMAGE_DIRECTORY_ENTRY_RESOURCE", "Size": {"FileOffset": 372, "Value": 471136, "Offset": 4}}, {"VirtualAddress": {"FileOffset": 376, "Value": 0, "Offset": 0}, "Structure": "IMAGE_DIRECTORY_ENTRY_EXCEPTION", "Size": {"FileOffset": 380, "Value": 0, "Offset": 4}}, {"VirtualAddress": {"FileOffset": 384, "Value": 0, "Offset": 0}, "Structure": "IMAGE_DIRECTORY_ENTRY_SECURITY", "Size": {"FileOffset": 388, "Value": 0, "Offset": 4}}, {"VirtualAddress": {"FileOffset": 392, "Value": 0, "Offset": 0}, "Structure": "IMAGE_DIRECTORY_ENTRY_BASERELOC", "Size": {"FileOffset": 396, "Value": 0, "Offset": 4}}, {"VirtualAddress": {"FileOffset": 400, "Value": 0, "Offset": 0}, "Structure": "IMAGE_DIRECTORY_ENTRY_DEBUG", "Size": {"FileOffset": 404, "Value": 0, "Offset": 4}}, {"VirtualAddress": {"FileOffset": 408, "Value": 0, "Offset": 0}, "Structure": "IMAGE_DIRECTORY_ENTRY_COPYRIGHT", "Size": {"FileOffset": 412, "Value": 0, "Offset": 4}}, {"VirtualAddress": {"FileOffset": 416, "Value": 0, "Offset": 0}, "Structure": "IMAGE_DIRECTORY_ENTRY_GLOBALPTR", "Size": {"FileOffset": 420, "Value": 0, "Offset": 4}}, {"VirtualAddress": {"FileOffset": 424, "Value": 0, "Offset": 0}, "Structure": "IMAGE_DIRECTORY_ENTRY_TLS", "Size": {"FileOffset": 428, "Value": 0, "Offset": 4}}, {"VirtualAddress": {"FileOffset": 432, "Value": 0, "Offset": 0}, "Structure": "IMAGE_DIRECTORY_ENTRY_LOAD_CONFIG", "Size": {"FileOffset": 436, "Value": 0, "Offset": 4}}, {"VirtualAddress": {"FileOffset": 440, "Value": 0, "Offset": 0}, "Structure": "IMAGE_DIRECTORY_ENTRY_BOUND_IMPORT", "Size": {"FileOffset": 444, "Value": 0, "Offset": 4}}, {"VirtualAddress": {"FileOffset": 448, "Value": 40960, "Offset": 0}, "Structure": "IMAGE_DIRECTORY_ENTRY_IAT", "Size": {"FileOffset": 452, "Value": 496, "Offset": 4}}, {"VirtualAddress": {"FileOffset": 456, "Value": 0, "Offset": 0}, "Structure": "IMAGE_DIRECTORY_ENTRY_DELAY_IMPORT", "Size": {"FileOffset": 460, "Value": 0, "Offset": 4}}, {"VirtualAddress": {"FileOffset": 464, "Value": 0, "Offset": 0}, "Structure": "IMAGE_DIRECTORY_ENTRY_COM_DESCRIPTOR", "Size": {"FileOffset": 468, "Value": 0, "Offset": 4}}, {"VirtualAddress": {"FileOffset": 472, "Value": 0, "Offset": 0}, "Structure": "IMAGE_DIRECTORY_ENTRY_RESERVED", "Size": {"FileOffset": 476, "Value": 0, "Offset": 4}}], "OPTIONAL_HEADER": {"DllCharacteristics": {"FileOffset": 326, "Value": 0, "Offset": 70}, "BaseOfCode": {"FileOffset": 276, "Value": 4096, "Offset": 20}, "MajorLinkerVersion": {"FileOffset": 258, "Value": 6, "Offset": 2}, "MinorOperatingSystemVersion": {"FileOffset": 298, "Value": 0, "Offset": 42}, "MinorLinkerVersion": {"FileOffset": 259, "Value": 0, "Offset": 3}, "MajorSubsystemVersion": {"FileOffset": 304, "Value": 4, "Offset": 48}, "MajorOperatingSystemVersion": {"FileOffset": 296, "Value": 4, "Offset": 40}, "SizeOfStackCommit": {"FileOffset": 332, "Value": 4096, "Offset": 76}, "SizeOfUninitializedData": {"FileOffset": 268, "Value": 0, "Offset": 12}, "NumberOfRvaAndSizes": {"FileOffset": 348, "Value": 16, "Offset": 92}, "SizeOfHeapReserve": {"FileOffset": 336, "Value": 1048576, "Offset": 80}, "LoaderFlags": {"FileOffset": 344, "Value": 0, "Offset": 88}, "SizeOfHeapCommit": {"FileOffset": 340, "Value": 4096, "Offset": 84}, "SizeOfStackReserve": {"FileOffset": 328, "Value": 1048576, "Offset": 72}, "Structure": "IMAGE_OPTIONAL_HEADER", "SizeOfHeaders": {"FileOffset": 316, "Value": 1024, "Offset": 60}, "Subsystem": {"FileOffset": 324, "Value": 2, "Offset": 68}, "Magic": {"FileOffset": 256, "Value": 267, "Offset": 0}, "MinorImageVersion": {"FileOffset": 302, "Value": 0, "Offset": 46}, "MajorImageVersion": {"FileOffset": 300, "Value": 0, "Offset": 44}, "FileAlignment": {"FileOffset": 292, "Value": 512, "Offset": 36}, "BaseOfData": {"FileOffset": 280, "Value": 40960, "Offset": 24}, "AddressOfEntryPoint": {"FileOffset": 272, "Value": 35482, "Offset": 16}, "SectionAlignment": {"FileOffset": 288, "Value": 4096, "Offset": 32}, "SizeOfCode": {"FileOffset": 260, "Value": 33280, "Offset": 4}, "ImageBase": {"FileOffset": 284, "Value": 4194304, "Offset": 28}, "SizeOfInitializedData": {"FileOffset": 264, "Value": 521216, "Offset": 8}, "SizeOfImage": {"FileOffset": 312, "Value": 569344, "Offset": 56}, "MinorSubsystemVersion": {"FileOffset": 306, "Value": 0, "Offset": 50}, "CheckSum": {"FileOffset": 320, "Value": 0, "Offset": 64}, "Reserved1": {"FileOffset": 308, "Value": 0, "Offset": 52}}, "DOS_HEADER": {"e_cblp": {"FileOffset": 2, "Value": 144, "Offset": 2}, "e_crlc": {"FileOffset": 6, "Value": 0, "Offset": 6}, "e_ovno": {"FileOffset": 26, "Value": 0, "Offset": 26}, "e_minalloc": {"FileOffset": 10, "Value": 0, "Offset": 10}, "e_csum": {"FileOffset": 18, "Value": 0, "Offset": 18}, "e_cparhdr": {"FileOffset": 8, "Value": 4, "Offset": 8}, "e_cp": {"FileOffset": 4, "Value": 3, "Offset": 4}, "e_cs": {"FileOffset": 22, "Value": 0, "Offset": 22}, "e_maxalloc": {"FileOffset": 12, "Value": 65535, "Offset": 12}, "e_lfarlc": {"FileOffset": 24, "Value": 64, "Offset": 24}, "e_oemid": {"FileOffset": 36, "Value": 0, "Offset": 36}, "e_lfanew": {"FileOffset": 60, "Value": 232, "Offset": 60}, "e_ss": {"FileOffset": 14, "Value": 0, "Offset": 14}, "e_magic": {"FileOffset": 0, "Value": 23117, "Offset": 0}, "e_oeminfo": {"FileOffset": 38, "Value": 0, "Offset": 38}, "e_res2": {"FileOffset": 40, "Value": "", "Offset": 40}, "e_res": {"FileOffset": 28, "Value": "", "Offset": 28}, "e_sp": {"FileOffset": 16, "Value": 184, "Offset": 16}, "Structure": "IMAGE_DOS_HEADER", "e_ip": {"FileOffset": 20, "Value": 0, "Offset": 20}}, "NT_HEADERS": {"Structure": "IMAGE_NT_HEADERS", "Signature": {"FileOffset": 232, "Value": 17744, "Offset": 0}}, "Flags": ["IMAGE_FILE_LOCAL_SYMS_STRIPPED", "IMAGE_FILE_32BIT_MACHINE", "IMAGE_FILE_EXECUTABLE_IMAGE", "IMAGE_FILE_LINE_NUMS_STRIPPED", "IMAGE_FILE_RELOCS_STRIPPED"], "Imported symbols": [[{"TimeDateStamp": {"FileOffset": 36388, "Value": "0x0        [Thu Jan  1 00:00:00 1970 UTC]", "Offset": 4}, "Name": {"FileOffset": 36396, "Value": 44338, "Offset": 12}, "ForwarderChain": {"FileOffset": 36392, "Value": 0, "Offset": 8}, "OriginalFirstThunk": {"FileOffset": 36384, "Value": 43288, "Offset": 0}, "FirstThunk": {"FileOffset": 36400, "Value": 41028, "Offset": 16}, "Characteristics": {"FileOffset": 36384, "Value": 43288, "Offset": 0}, "Structure": "IMAGE_IMPORT_DESCRIPTOR"}, {"Hint": 639, "Name": "PeekNamedPipe", "DLL": "KERNEL32.dll"}, {"Hint": 907, "Name": "WriteFile", "DLL": "KERNEL32.dll"}, {"Hint": 347, "Name": "GetFileSize", "DLL": "KERNEL32.dll"}, {"Hint": 79, "Name": "CreateFileA", "DLL": "KERNEL32.dll"}, {"Hint": 360, "Name": "GetLastError", "DLL": "KERNEL32.dll"}, {"Hint": 774, "Name": "SetFilePointer", "DLL": "KERNEL32.dll"}, {"Hint": 315, "Name": "GetCurrentProcess", "DLL": "KERNEL32.dll"}, {"Hint": 325, "Name": "GetDiskFreeSpaceA", "DLL": "KERNEL32.dll"}, {"Hint": 331, "Name": "GetDriveTypeA", "DLL": "KERNEL32.dll"}, {"Hint": 502, "Name": "GlobalMemoryStatus", "DLL": "KERNEL32.dll"}, {"Hint": 675, "Name": "ReadFile", "DLL": "KERNEL32.dll"}, {"Hint": 441, "Name": "GetSystemPowerStatus", "DLL": "KERNEL32.dll"}, {"Hint": 440, "Name": "GetSystemInfo", "DLL": "KERNEL32.dll"}, {"Hint": 269, "Name": "GetComputerNameA", "DLL": "KERNEL32.dll"}, {"Hint": 894, "Name": "WideCharToMultiByte", "DLL": "KERNEL32.dll"}, {"Hint": 407, "Name": "GetProcAddress", "DLL": "KERNEL32.dll"}, {"Hint": 373, "Name": "GetModuleHandleA", "DLL": "KERNEL32.dll"}, {"Hint": 628, "Name": "OpenProcess", "DLL": "KERNEL32.dll"}, {"Hint": 838, "Name": "TerminateProcess", "DLL": "KERNEL32.dll"}, {"Hint": 612, "Name": "MultiByteToWideChar", "DLL": "KERNEL32.dll"}, {"Hint": 183, "Name": "ExitThread", "DLL": "KERNEL32.dll"}, {"Hint": 475, "Name": "GetVersionExA", "DLL": "KERNEL32.dll"}, {"Hint": 830, "Name": "Sleep", "DLL": "KERNEL32.dll"}, {"Hint": 49, "Name": "CloseHandle", "DLL": "KERNEL32.dll"}, {"Hint": 223, "Name": "FindResourceA", "DLL": "KERNEL32.dll"}, {"Hint": 582, "Name": "LoadResource", "DLL": "KERNEL32.dll"}, {"Hint": 829, "Name": "SizeofResource", "DLL": "KERNEL32.dll"}, {"Hint": 596, "Name": "LockResource", "DLL": "KERNEL32.dll"}, {"Hint": 97, "Name": "CreatePipe", "DLL": "KERNEL32.dll"}, {"Hint": 428, "Name": "GetStartupInfoA", "DLL": "KERNEL32.dll"}, {"Hint": 98, "Name": "CreateProcessA", "DLL": "KERNEL32.dll"}, {"Hint": 108, "Name": "CreateThread", "DLL": "KERNEL32.dll"}, {"Hint": 839, "Name": "TerminateThread", "DLL": "KERNEL32.dll"}, {"Hint": 129, "Name": "DeleteFileA", "DLL": "KERNEL32.dll"}, {"Hint": 371, "Name": "GetModuleFileNameA", "DLL": "KERNEL32.dll"}, {"Hint": 465, "Name": "GetTickCount", "DLL": "KERNEL32.dll"}, {"Hint": 947, "Name": "lstrlenA", "DLL": "KERNEL32.dll"}], [{"TimeDateStamp": {"FileOffset": 36408, "Value": "0x0        [Thu Jan  1 00:00:00 1970 UTC]", "Offset": 4}, "Name": {"FileOffset": 36416, "Value": 44364, "Offset": 12}, "ForwarderChain": {"FileOffset": 36412, "Value": 0, "Offset": 8}, "OriginalFirstThunk": {"FileOffset": 36404, "Value": 43636, "Offset": 0}, "FirstThunk": {"FileOffset": 36420, "Value": 41376, "Offset": 16}, "Characteristics": {"FileOffset": 36404, "Value": 43636, "Offset": 0}, "Structure": "IMAGE_IMPORT_DESCRIPTOR"}, {"Hint": 728, "Name": "wsprintfA", "DLL": "USER32.dll"}], [{"TimeDateStamp": {"FileOffset": 36428, "Value": "0x0        [Thu Jan  1 00:00:00 1970 UTC]", "Offset": 4}, "Name": {"FileOffset": 36436, "Value": 44586, "Offset": 12}, "ForwarderChain": {"FileOffset": 36432, "Value": 0, "Offset": 8}, "OriginalFirstThunk": {"FileOffset": 36424, "Value": 43220, "Offset": 0}, "FirstThunk": {"FileOffset": 36440, "Value": 40960, "Offset": 16}, "Characteristics": {"FileOffset": 36424, "Value": 43220, "Offset": 0}, "Structure": "IMAGE_IMPORT_DESCRIPTOR"}, {"Hint": 333, "Name": "LookupPrivilegeValueA", "DLL": "ADVAPI32.dll"}, {"Hint": 506, "Name": "RegSetValueExA", "DLL": "ADVAPI32.dll"}, {"Hint": 281, "Name": "GetTokenInformation", "DLL": "ADVAPI32.dll"}, {"Hint": 327, "Name": "LookupAccountSidA", "DLL": "ADVAPI32.dll"}, {"Hint": 291, "Name": "GetUserNameA", "DLL": "ADVAPI32.dll"}, {"Hint": 426, "Name": "OpenProcessToken", "DLL": "ADVAPI32.dll"}, {"Hint": 458, "Name": "RegCloseKey", "DLL": "ADVAPI32.dll"}, {"Hint": 28, "Name": "AdjustTokenPrivileges", "DLL": "ADVAPI32.dll"}, {"Hint": 321, "Name": "LogonUserA", "DLL": "ADVAPI32.dll"}, {"Hint": 95, "Name": "CreateProcessAsUserA", "DLL": "ADVAPI32.dll"}, {"Hint": 482, "Name": "RegOpenKeyA", "DLL": "ADVAPI32.dll"}], [{"TimeDateStamp": {"FileOffset": 36448, "Value": "0x0        [Thu Jan  1 00:00:00 1970 UTC]", "Offset": 4}, "Name": {"FileOffset": 36456, "Value": 44636, "Offset": 12}, "ForwarderChain": {"FileOffset": 36452, "Value": 0, "Offset": 8}, "OriginalFirstThunk": {"FileOffset": 36444, "Value": 43624, "Offset": 0}, "FirstThunk": {"FileOffset": 36460, "Value": 41364, "Offset": 16}, "Characteristics": {"FileOffset": 36444, "Value": 43624, "Offset": 0}, "Structure": "IMAGE_IMPORT_DESCRIPTOR"}, {"Hint": 204, "Name": "NetServerEnum", "DLL": "NETAPI32.dll"}, {"Hint": 105, "Name": "NetApiBufferFree", "DLL": "NETAPI32.dll"}], [{"TimeDateStamp": {"FileOffset": 36468, "Value": "0x0        [Thu Jan  1 00:00:00 1970 UTC]", "Offset": 4}, "Name": {"FileOffset": 36476, "Value": 44882, "Offset": 12}, "ForwarderChain": {"FileOffset": 36472, "Value": 0, "Offset": 8}, "OriginalFirstThunk": {"FileOffset": 36464, "Value": 43644, "Offset": 0}, "FirstThunk": {"FileOffset": 36480, "Value": 41384, "Offset": 16}, "Characteristics": {"FileOffset": 36464, "Value": 43644, "Offset": 0}, "Structure": "IMAGE_IMPORT_DESCRIPTOR"}, {"Hint": 152, "Name": "InternetQueryOptionA", "DLL": "WININET.dll"}, {"Hint": 90, "Name": "HttpSendRequestExA", "DLL": "WININET.dll"}, {"Hint": 83, "Name": "HttpEndRequestA", "DLL": "WININET.dll"}, {"Hint": 154, "Name": "InternetReadFile", "DLL": "WININET.dll"}, {"Hint": 105, "Name": "InternetCloseHandle", "DLL": "WININET.dll"}, {"Hint": 186, "Name": "InternetWriteFile", "DLL": "WININET.dll"}, {"Hint": 167, "Name": "InternetSetOptionA", "DLL": "WININET.dll"}, {"Hint": 146, "Name": "InternetOpenA", "DLL": "WININET.dll"}, {"Hint": 111, "Name": "InternetConnectA", "DLL": "WININET.dll"}, {"Hint": 85, "Name": "HttpOpenRequestA", "DLL": "WININET.dll"}, {"Hint": 128, "Name": "InternetGetConnectedState", "DLL": "WININET.dll"}], [{"TimeDateStamp": {"FileOffset": 36488, "Value": "0x0        [Thu Jan  1 00:00:00 1970 UTC]", "Offset": 4}, "Name": {"FileOffset": 36496, "Value": 44894, "Offset": 12}, "ForwarderChain": {"FileOffset": 36492, "Value": 0, "Offset": 8}, "OriginalFirstThunk": {"FileOffset": 36484, "Value": 43692, "Offset": 0}, "FirstThunk": {"FileOffset": 36500, "Value": 41432, "Offset": 16}, "Characteristics": {"FileOffset": 36484, "Value": 43692, "Offset": 0}, "Structure": "IMAGE_IMPORT_DESCRIPTOR"}, {"Ordinal": 52, "DLL": "WS2_32.dll"}, {"Ordinal": 57, "DLL": "WS2_32.dll"}, {"Ordinal": 116, "DLL": "WS2_32.dll"}, {"Ordinal": 115, "DLL": "WS2_32.dll"}, {"Ordinal": 12, "DLL": "WS2_32.dll"}], [{"TimeDateStamp": {"FileOffset": 36508, "Value": "0x0        [Thu Jan  1 00:00:00 1970 UTC]", "Offset": 4}, "Name": {"FileOffset": 36516, "Value": 45164, "Offset": 12}, "ForwarderChain": {"FileOffset": 36512, "Value": 0, "Offset": 8}, "OriginalFirstThunk": {"FileOffset": 36504, "Value": 43440, "Offset": 0}, "FirstThunk": {"FileOffset": 36520, "Value": 41180, "Offset": 16}, "Characteristics": {"FileOffset": 36504, "Value": 43440, "Offset": 0}, "Structure": "IMAGE_IMPORT_DESCRIPTOR"}, {"Hint": 8, "Name": "??0exception@@QAE@ABV0@@Z", "DLL": "MSVCRT.dll"}, {"Hint": 13, "Name": "??1exception@@UAE@XZ", "DLL": "MSVCRT.dll"}, {"Hint": 7, "Name": "??0exception@@QAE@ABQBD@Z", "DLL": "MSVCRT.dll"}, {"Hint": 494, "Name": "_wcsnicmp", "DLL": "MSVCRT.dll"}, {"Hint": 702, "Name": "strlen", "DLL": "MSVCRT.dll"}, {"Hint": 65, "Name": "_CxxThrowException", "DLL": "MSVCRT.dll"}, {"Hint": 183, "Name": "_controlfp", "DLL": "MSVCRT.dll"}, {"Hint": 14, "Name": "??1type_info@@UAE@XZ", "DLL": "MSVCRT.dll"}, {"Hint": 129, "Name": "__set_app_type", "DLL": "MSVCRT.dll"}, {"Hint": 111, "Name": "__p__fmode", "DLL": "MSVCRT.dll"}, {"Hint": 106, "Name": "__p__commode", "DLL": "MSVCRT.dll"}, {"Hint": 157, "Name": "_adjust_fdiv", "DLL": "MSVCRT.dll"}, {"Hint": 131, "Name": "__setusermatherr", "DLL": "MSVCRT.dll"}, {"Hint": 271, "Name": "_initterm", "DLL": "MSVCRT.dll"}, {"Hint": 88, "Name": "__getmainargs", "DLL": "MSVCRT.dll"}, {"Hint": 143, "Name": "_acmdln", "DLL": "MSVCRT.dll"}, {"Hint": 573, "Name": "atoi", "DLL": "MSVCRT.dll"}, {"Hint": 661, "Name": "memchr", "DLL": "MSVCRT.dll"}, {"Hint": 16, "Name": "??3@YAXPAX@Z", "DLL": "MSVCRT.dll"}, {"Hint": 606, "Name": "free", "DLL": "MSVCRT.dll"}, {"Hint": 657, "Name": "malloc", "DLL": "MSVCRT.dll"}, {"Hint": 588, "Name": "fclose", "DLL": "MSVCRT.dll"}, {"Hint": 614, "Name": "fwrite", "DLL": "MSVCRT.dll"}, {"Hint": 599, "Name": "fopen", "DLL": "MSVCRT.dll"}, {"Hint": 572, "Name": "atof", "DLL": "MSVCRT.dll"}, {"Hint": 690, "Name": "sprintf", "DLL": "MSVCRT.dll"}, {"Hint": 705, "Name": "strncpy", "DLL": "MSVCRT.dll"}, {"Hint": 678, "Name": "rand", "DLL": "MSVCRT.dll"}, {"Hint": 692, "Name": "srand", "DLL": "MSVCRT.dll"}, {"Hint": 720, "Name": "time", "DLL": "MSVCRT.dll"}, {"Hint": 241, "Name": "_ftol", "DLL": "MSVCRT.dll"}, {"Hint": 630, "Name": "islower", "DLL": "MSVCRT.dll"}, {"Hint": 73, "Name": "__CxxFrameHandler", "DLL": "MSVCRT.dll"}, {"Hint": 162, "Name": "_atoi64", "DLL": "MSVCRT.dll"}, {"Hint": 613, "Name": "fwprintf", "DLL": "MSVCRT.dll"}, {"Hint": 600, "Name": "fprintf", "DLL": "MSVCRT.dll"}, {"Hint": 664, "Name": "memmove", "DLL": "MSVCRT.dll"}, {"Hint": 15, "Name": "??2@YAPAXI@Z", "DLL": "MSVCRT.dll"}, {"Hint": 679, "Name": "realloc", "DLL": "MSVCRT.dll"}, {"Hint": 202, "Name": "_except_handler3", "DLL": "MSVCRT.dll"}, {"Hint": 85, "Name": "__dllonexit", "DLL": "MSVCRT.dll"}, {"Hint": 390, "Name": "_onexit", "DLL": "MSVCRT.dll"}, {"Hint": 211, "Name": "_exit", "DLL": "MSVCRT.dll"}, {"Hint": 72, "Name": "_XcptFilter", "DLL": "MSVCRT.dll"}, {"Hint": 585, "Name": "exit", "DLL": "MSVCRT.dll"}], [{"TimeDateStamp": {"FileOffset": 36528, "Value": "0x0        [Thu Jan  1 00:00:00 1970 UTC]", "Offset": 4}, "Name": {"FileOffset": 36536, "Value": 45468, "Offset": 12}, "ForwarderChain": {"FileOffset": 36532, "Value": 0, "Offset": 8}, "OriginalFirstThunk": {"FileOffset": 36524, "Value": 43268, "Offset": 0}, "FirstThunk": {"FileOffset": 36540, "Value": 41008, "Offset": 16}, "Characteristics": {"FileOffset": 36524, "Value": 43268, "Offset": 0}, "Structure": "IMAGE_IMPORT_DESCRIPTOR"}, {"Hint": 60, "Name": "CertFreeCertificateContext", "DLL": "CRYPT32.dll"}, {"Hint": 50, "Name": "CertFindCertificateInStore", "DLL": "CRYPT32.dll"}, {"Hint": 81, "Name": "CertOpenSystemStoreA", "DLL": "CRYPT32.dll"}, {"Hint": 15, "Name": "CertCloseStore", "DLL": "CRYPT32.dll"}]], "PE Sections": [{"PointerToRawData": {"FileOffset": 500, "Value": 1024, "Offset": 20}, "SHA1": "a5be1e83f34749adfbe8df27d3189d7781708f8c", "SHA256": "2395ef4cd95a2bc6b892911dc3eb8a51f03a054e1eb4d2900ec978f01f483dd3", "Name": {"FileOffset": 480, "Value": ".text", "Offset": 0}, "NumberOfRelocations": {"FileOffset": 512, "Value": 0, "Offset": 32}, "Misc_VirtualSize": {"FileOffset": 488, "Value": 33234, "Offset": 8}, "Characteristics": {"FileOffset": 516, "Value": 1610612768, "Offset": 36}, "Misc": {"FileOffset": 488, "Value": 33234, "Offset": 8}, "PointerToLinenumbers": {"FileOffset": 508, "Value": 0, "Offset": 28}, "SizeOfRawData": {"FileOffset": 496, "Value": 33280, "Offset": 16}, "Misc_PhysicalAddress": {"FileOffset": 488, "Value": 33234, "Offset": 8}, "PointerToRelocations": {"FileOffset": 504, "Value": 0, "Offset": 24}, "Flags": ["IMAGE_SCN_MEM_EXECUTE", "IMAGE_SCN_CNT_CODE", "IMAGE_SCN_MEM_READ"], "SHA512": "ab7fb9c20c3693bb20b396d9c160a34bf21456f4f6fe3b17d8a36d0f338a1e793b7906dd5a20c5560962d23cf5a14511f91870676eb5e59d47327cda36a0d43c", "MD5": "6e5e943cdc345284e8809de010c04774", "Entropy": 6.3356815045392585, "VirtualAddress": {"FileOffset": 492, "Value": 4096, "Offset": 12}, "Structure": "IMAGE_SECTION_HEADER", "NumberOfLinenumbers": {"FileOffset": 514, "Value": 0, "Offset": 34}}, {"PointerToRawData": {"FileOffset": 540, "Value": 34304, "Offset": 20}, "SHA1": "c8baf11846e970012e090a884a090bcb2a32280c", "SHA256": "7c626e5f473b914ef40a22631829a08fdfce0708a962361da9ce138a0d62baf0", "Name": {"FileOffset": 520, "Value": ".rdata", "Offset": 0}, "NumberOfRelocations": {"FileOffset": 552, "Value": 0, "Offset": 32}, "Misc_VirtualSize": {"FileOffset": 528, "Value": 4668, "Offset": 8}, "Characteristics": {"FileOffset": 556, "Value": 1073741888, "Offset": 36}, "Misc": {"FileOffset": 528, "Value": 4668, "Offset": 8}, "PointerToLinenumbers": {"FileOffset": 548, "Value": 0, "Offset": 28}, "SizeOfRawData": {"FileOffset": 536, "Value": 5120, "Offset": 16}, "Misc_PhysicalAddress": {"FileOffset": 528, "Value": 4668, "Offset": 8}, "PointerToRelocations": {"FileOffset": 544, "Value": 0, "Offset": 24}, "Flags": ["IMAGE_SCN_CNT_INITIALIZED_DATA", "IMAGE_SCN_MEM_READ"], "SHA512": "673fb40ef08d34c1848f07a1ce28eeb7a6f9be8824e6190506478afb5e117f7b080b92d2423631b5ce956e200452bb1dbc1ba1cf603f3d125809b07993e437da", "MD5": "913f86745fa7c245ab9ae8c911d841b2", "Entropy": 4.488221877086495, "VirtualAddress": {"FileOffset": 532, "Value": 40960, "Offset": 12}, "Structure": "IMAGE_SECTION_HEADER", "NumberOfLinenumbers": {"FileOffset": 554, "Value": 0, "Offset": 34}}, {"PointerToRawData": {"FileOffset": 580, "Value": 39424, "Offset": 20}, "SHA1": "171b702bfb05978fc3979f79ed4995f6ced7d200", "SHA256": "d4119d2a22377dfa5f1da67cf14b32a2fccce3a6887b3d3d1af11e81ed7fbfed", "Name": {"FileOffset": 560, "Value": ".data", "Offset": 0}, "NumberOfRelocations": {"FileOffset": 592, "Value": 0, "Offset": 32}, "Misc_VirtualSize": {"FileOffset": 568, "Value": 44137, "Offset": 8}, "Characteristics": {"FileOffset": 596, "Value": 3221225536, "Offset": 36}, "Misc": {"FileOffset": 568, "Value": 44137, "Offset": 8}, "PointerToLinenumbers": {"FileOffset": 588, "Value": 0, "Offset": 28}, "SizeOfRawData": {"FileOffset": 576, "Value": 3072, "Offset": 16}, "Misc_PhysicalAddress": {"FileOffset": 568, "Value": 44137, "Offset": 8}, "PointerToRelocations": {"FileOffset": 584, "Value": 0, "Offset": 24}, "Flags": ["IMAGE_SCN_CNT_INITIALIZED_DATA", "IMAGE_SCN_MEM_WRITE", "IMAGE_SCN_MEM_READ"], "SHA512": "0ce823ed966de0004b491c06297c7d6ae4bef71b7f6aa334db82ba4cc84f5726dae0e772623448a349ea04c1b9cd696e90520aac447381cea3e5715813edefff", "MD5": "b99b7d0812859372c3db70c83e7306de", "Entropy": 4.541378308389074, "VirtualAddress": {"FileOffset": 572, "Value": 49152, "Offset": 12}, "Structure": "IMAGE_SECTION_HEADER", "NumberOfLinenumbers": {"FileOffset": 594, "Value": 0, "Offset": 34}}, {"PointerToRawData": {"FileOffset": 620, "Value": 42496, "Offset": 20}, "SHA1": "553b172988c39ea5c248716be7f524cd668854e4", "SHA256": "b16249aeeaf7a811abb699995c4d4e68c14b929b4ff6fa2e1e3ab90d98d36955", "Name": {"FileOffset": 600, "Value": ".rsrc", "Offset": 0}, "NumberOfRelocations": {"FileOffset": 632, "Value": 0, "Offset": 32}, "Misc_VirtualSize": {"FileOffset": 608, "Value": 471136, "Offset": 8}, "Characteristics": {"FileOffset": 636, "Value": 1073741888, "Offset": 36}, "Misc": {"FileOffset": 608, "Value": 471136, "Offset": 8}, "PointerToLinenumbers": {"FileOffset": 628, "Value": 0, "Offset": 28}, "SizeOfRawData": {"FileOffset": 616, "Value": 471552, "Offset": 16}, "Misc_PhysicalAddress": {"FileOffset": 608, "Value": 471136, "Offset": 8}, "PointerToRelocations": {"FileOffset": 624, "Value": 0, "Offset": 24}, "Flags": ["IMAGE_SCN_CNT_INITIALIZED_DATA", "IMAGE_SCN_MEM_READ"], "SHA512": "33bf883767e03c4723687b087d9abcaad2ac63752bcdbe04fa836fc0f0b49a02f77fb83efee15f820dc9b857ce20c4878c99362a11ce7522f84497775c2a3032", "MD5": "d4a8a2af14688f89122db3603b788cdd", "Entropy": 4.601625187803274, "VirtualAddress": {"FileOffset": 612, "Value": 94208, "Offset": 12}, "Structure": "IMAGE_SECTION_HEADER", "NumberOfLinenumbers": {"FileOffset": 634, "Value": 0, "Offset": 34}}], "Resource directory": [{"MajorVersion": {"FileOffset": 42504, "Value": 0, "Offset": 8}, "NumberOfIdEntries": {"FileOffset": 42510, "Value": 0, "Offset": 14}, "MinorVersion": {"FileOffset": 42506, "Value": 0, "Offset": 10}, "TimeDateStamp": {"FileOffset": 42500, "Value": "0x0        [Thu Jan  1 00:00:00 1970 UTC]", "Offset": 4}, "Characteristics": {"FileOffset": 42496, "Value": 0, "Offset": 0}, "NumberOfNamedEntries": {"FileOffset": 42508, "Value": 1, "Offset": 12}, "Structure": "IMAGE_RESOURCE_DIRECTORY"}, {"Name": {"FileOffset": 42512, "Value": 2147483736, "Offset": 0}, "OffsetToData": {"FileOffset": 42516, "Value": 2147483672, "Offset": 4}, "Structure": "IMAGE_RESOURCE_DIRECTORY_ENTRY"}, [{"MajorVersion": {"FileOffset": 42528, "Value": 0, "Offset": 8}, "NumberOfIdEntries": {"FileOffset": 42534, "Value": 1, "Offset": 14}, "MinorVersion": {"FileOffset": 42530, "Value": 0, "Offset": 10}, "TimeDateStamp": {"FileOffset": 42524, "Value": "0x0        [Thu Jan  1 00:00:00 1970 UTC]", "Offset": 4}, "Characteristics": {"FileOffset": 42520, "Value": 0, "Offset": 0}, "NumberOfNamedEntries": {"FileOffset": 42532, "Value": 0, "Offset": 12}, "Structure": "IMAGE_RESOURCE_DIRECTORY"}, {"Structure": "IMAGE_RESOURCE_DIRECTORY_ENTRY", "Id": 101, "OffsetToData": {"FileOffset": 42540, "Value": 2147483696, "Offset": 4}, "Name": {"FileOffset": 42536, "Value": 101, "Offset": 0}}, [{"MajorVersion": {"FileOffset": 42552, "Value": 0, "Offset": 8}, "NumberOfIdEntries": {"FileOffset": 42558, "Value": 1, "Offset": 14}, "MinorVersion": {"FileOffset": 42554, "Value": 0, "Offset": 10}, "TimeDateStamp": {"FileOffset": 42548, "Value": "0x0        [Thu Jan  1 00:00:00 1970 UTC]", "Offset": 4}, "Characteristics": {"FileOffset": 42544, "Value": 0, "Offset": 0}, "NumberOfNamedEntries": {"FileOffset": 42556, "Value": 0, "Offset": 12}, "Structure": "IMAGE_RESOURCE_DIRECTORY"}, {"LANG": 9, "SUBLANG_NAME": "SUBLANG_ENGLISH_US", "Name": {"FileOffset": 42560, "Value": 1033, "Offset": 0}, "CodePage": {"FileOffset": 42576, "Value": 0, "Offset": 8}, "LANG_NAME": "LANG_ENGLISH", "OffsetToData": {"FileOffset": 42568, "Value": 94304, "Offset": 0}, "Reserved": {"FileOffset": 42580, "Value": 0, "Offset": 12}, "SUBLANG": 1, "Structure": "IMAGE_RESOURCE_DATA_ENTRY", "Size": {"FileOffset": 42572, "Value": 471040, "Offset": 4}}]]]}
