{"DllCharacteristics": [], "FILE_HEADER": {"NumberOfSections": {"FileOffset": 238, "Value": 4, "Offset": 2}, "TimeDateStamp": {"FileOffset": 240, "Value": "0x49E1B0FE [Sun Apr 12 09:14:38 2009 UTC]", "Offset": 4}, "PointerToSymbolTable": {"FileOffset": 244, "Value": 0, "Offset": 8}, "NumberOfSymbols": {"FileOffset": 248, "Value": 0, "Offset": 12}, "Machine": {"FileOffset": 236, "Value": 332, "Offset": 0}, "Characteristics": {"FileOffset": 254, "Value": 271, "Offset": 18}, "SizeOfOptionalHeader": {"FileOffset": 252, "Value": 224, "Offset": 16}, "Structure": "IMAGE_FILE_HEADER"}, "Directories": [{"VirtualAddress": {"FileOffset": 352, "Value": 0, "Offset": 0}, "Structure": "IMAGE_DIRECTORY_ENTRY_EXPORT", "Size": {"FileOffset": 356, "Value": 0, "Offset": 4}}, {"VirtualAddress": {"FileOffset": 360, "Value": 16748, "Offset": 0}, "Structure": "IMAGE_DIRECTORY_ENTRY_IMPORT", "Size": {"FileOffset": 364, "Value": 140, "Offset": 4}}, {"VirtualAddress": {"FileOffset": 368, "Value": 24576, "Offset": 0}, "Structure": "IMAGE_DIRECTORY_ENTRY_RESOURCE", "Size": {"FileOffset": 372, "Value": 288, "Offset": 4}}, {"VirtualAddress": {"FileOffset": 376, "Value": 0, "Offset": 0}, "Structure": "IMAGE_DIRECTORY_ENTRY_EXCEPTION", "Size": {"FileOffset": 380, "Value": 0, "Offset": 4}}, {"VirtualAddress": {"FileOffset": 384, "Value": 0, "Offset": 0}, "Structure": "IMAGE_DIRECTORY_ENTRY_SECURITY", "Size": {"FileOffset": 388, "Value": 0, "Offset": 4}}, {"VirtualAddress": {"FileOffset": 392, "Value": 0, "Offset": 0}, "Structure": "IMAGE_DIRECTORY_ENTRY_BASERELOC", "Size": {"FileOffset": 396, "Value": 0, "Offset": 4}}, {"VirtualAddress": {"FileOffset": 400, "Value": 0, "Offset": 0}, "Structure": "IMAGE_DIRECTORY_ENTRY_DEBUG", "Size": {"FileOffset": 404, "Value": 0, "Offset": 4}}, {"VirtualAddress": {"FileOffset": 408, "Value": 0, "Offset": 0}, "Structure": "IMAGE_DIRECTORY_ENTRY_COPYRIGHT", "Size": {"FileOffset": 412, "Value": 0, "Offset": 4}}, {"VirtualAddress": {"FileOffset": 416, "Value": 0, "Offset": 0}, "Structure": "IMAGE_DIRECTORY_ENTRY_GLOBALPTR", "Size": {"FileOffset": 420, "Value": 0, "Offset": 4}}, {"VirtualAddress": {"FileOffset": 424, "Value": 0, "Offset": 0}, "Structure": "IMAGE_DIRECTORY_ENTRY_TLS", "Size": {"FileOffset": 428, "Value": 0, "Offset": 4}}, {"VirtualAddress": {"FileOffset": 432, "Value": 0, "Offset": 0}, "Structure": "IMAGE_DIRECTORY_ENTRY_LOAD_CONFIG", "Size": {"FileOffset": 436, "Value": 0, "Offset": 4}}, {"VirtualAddress": {"FileOffset": 440, "Value": 0, "Offset": 0}, "Structure": "IMAGE_DIRECTORY_ENTRY_BOUND_IMPORT", "Size": {"FileOffset": 444, "Value": 0, "Offset": 4}}, {"VirtualAddress": {"FileOffset": 448, "Value": 16384, "Offset": 0}, "Structure": "IMAGE_DIRECTORY_ENTRY_IAT", "Size": {"FileOffset": 452, "Value": 352, "Offset": 4}}, {"VirtualAddress": {"FileOffset": 456, "Value": 0, "Offset": 0}, "Structure": "IMAGE_DIRECTORY_ENTRY_DELAY_IMPORT", "Size": {"FileOffset": 460, "Value": 0, "Offset": 4}}, {"VirtualAddress": {"FileOffset": 464, "Value": 0, "Offset": 0}, "Structure": "IMAGE_DIRECTORY_ENTRY_COM_DESCRIPTOR", "Size": {"FileOffset": 468, "Value": 0, "Offset": 4}}, {"VirtualAddress": {"FileOffset": 472, "Value": 0, "Offset": 0}, "Structure": "IMAGE_DIRECTORY_ENTRY_RESERVED", "Size": {"FileOffset": 476, "Value": 0, "Offset": 4}}], "OPTIONAL_HEADER": {"DllCharacteristics": {"FileOffset": 326, "Value": 0, "Offset": 70}, "BaseOfCode": {"FileOffset": 276, "Value": 4096, "Offset": 20}, "MajorLinkerVersion": {"FileOffset": 258, "Value": 6, "Offset": 2}, "MinorOperatingSystemVersion": {"FileOffset": 298, "Value": 0, "Offset": 42}, "MinorLinkerVersion": {"FileOffset": 259, "Value": 0, "Offset": 3}, "MajorSubsystemVersion": {"FileOffset": 304, "Value": 4, "Offset": 48}, "MajorOperatingSystemVersion": {"FileOffset": 296, "Value": 4, "Offset": 40}, "SizeOfStackCommit": {"FileOffset": 332, "Value": 4096, "Offset": 76}, "SizeOfUninitializedData": {"FileOffset": 268, "Value": 0, "Offset": 12}, "NumberOfRvaAndSizes": {"FileOffset": 348, "Value": 16, "Offset": 92}, "SizeOfHeapReserve": {"FileOffset": 336, "Value": 1048576, "Offset": 80}, "LoaderFlags": {"FileOffset": 344, "Value": 0, "Offset": 88}, "SizeOfHeapCommit": {"FileOffset": 340, "Value": 4096, "Offset": 84}, "SizeOfStackReserve": {"FileOffset": 328, "Value": 1048576, "Offset": 72}, "Structure": "IMAGE_OPTIONAL_HEADER", "SizeOfHeaders": {"FileOffset": 316, "Value": 1024, "Offset": 60}, "Subsystem": {"FileOffset": 324, "Value": 2, "Offset": 68}, "Magic": {"FileOffset": 256, "Value": 267, "Offset": 0}, "MinorImageVersion": {"FileOffset": 302, "Value": 0, "Offset": 46}, "MajorImageVersion": {"FileOffset": 300, "Value": 0, "Offset": 44}, "FileAlignment": {"FileOffset": 292, "Value": 512, "Offset": 36}, "BaseOfData": {"FileOffset": 280, "Value": 16384, "Offset": 24}, "AddressOfEntryPoint": {"FileOffset": 272, "Value": 12316, "Offset": 16}, "SectionAlignment": {"FileOffset": 288, "Value": 4096, "Offset": 32}, "SizeOfCode": {"FileOffset": 260, "Value": 8704, "Offset": 4}, "ImageBase": {"FileOffset": 284, "Value": 4194304, "Offset": 28}, "SizeOfInitializedData": {"FileOffset": 264, "Value": 5120, "Offset": 8}, "SizeOfImage": {"FileOffset": 312, "Value": 28672, "Offset": 56}, "MinorSubsystemVersion": {"FileOffset": 306, "Value": 0, "Offset": 50}, "CheckSum": {"FileOffset": 320, "Value": 0, "Offset": 64}, "Reserved1": {"FileOffset": 308, "Value": 0, "Offset": 52}}, "DOS_HEADER": {"e_cblp": {"FileOffset": 2, "Value": 144, "Offset": 2}, "e_crlc": {"FileOffset": 6, "Value": 0, "Offset": 6}, "e_ovno": {"FileOffset": 26, "Value": 0, "Offset": 26}, "e_minalloc": {"FileOffset": 10, "Value": 0, "Offset": 10}, "e_csum": {"FileOffset": 18, "Value": 0, "Offset": 18}, "e_cparhdr": {"FileOffset": 8, "Value": 4, "Offset": 8}, "e_cp": {"FileOffset": 4, "Value": 3, "Offset": 4}, "e_cs": {"FileOffset": 22, "Value": 0, "Offset": 22}, "e_maxalloc": {"FileOffset": 12, "Value": 65535, "Offset": 12}, "e_lfarlc": {"FileOffset": 24, "Value": 64, "Offset": 24}, "e_oemid": {"FileOffset": 36, "Value": 0, "Offset": 36}, "e_lfanew": {"FileOffset": 60, "Value": 232, "Offset": 60}, "e_ss": {"FileOffset": 14, "Value": 0, "Offset": 14}, "e_magic": {"FileOffset": 0, "Value": 23117, "Offset": 0}, "e_oeminfo": {"FileOffset": 38, "Value": 0, "Offset": 38}, "e_res2": {"FileOffset": 40, "Value": "", "Offset": 40}, "e_res": {"FileOffset": 28, "Value": "", "Offset": 28}, "e_sp": {"FileOffset": 16, "Value": 184, "Offset": 16}, "Structure": "IMAGE_DOS_HEADER", "e_ip": {"FileOffset": 20, "Value": 0, "Offset": 20}}, "NT_HEADERS": {"Structure": "IMAGE_NT_HEADERS", "Signature": {"FileOffset": 232, "Value": 17744, "Offset": 0}}, "Flags": ["IMAGE_FILE_LOCAL_SYMS_STRIPPED", "IMAGE_FILE_32BIT_MACHINE", "IMAGE_FILE_EXECUTABLE_IMAGE", "IMAGE_FILE_LINE_NUMS_STRIPPED", "IMAGE_FILE_RELOCS_STRIPPED"], "Imported symbols": [[{"TimeDateStamp": {"FileOffset": 10096, "Value": "0x0        [Thu Jan  1 00:00:00 1970 UTC]", "Offset": 4}, "Name": {"FileOffset": 10104, "Value": 17424, "Offset": 12}, "ForwarderChain": {"FileOffset": 10100, "Value": 0, "Offset": 8}, "OriginalFirstThunk": {"FileOffset": 10092, "Value": 17052, "Offset": 0}, "FirstThunk": {"FileOffset": 10108, "Value": 16548, "Offset": 16}, "Characteristics": {"FileOffset": 10092, "Value": 17052, "Offset": 0}, "Structure": "IMAGE_IMPORT_DESCRIPTOR"}, {"Hint": 183, "Name": "_controlfp", "DLL": "MSVCRT.dll"}, {"Hint": 202, "Name": "_except_handler3", "DLL": "MSVCRT.dll"}, {"Hint": 129, "Name": "__set_app_type", "DLL": "MSVCRT.dll"}, {"Hint": 111, "Name": "__p__fmode", "DLL": "MSVCRT.dll"}, {"Hint": 106, "Name": "__p__commode", "DLL": "MSVCRT.dll"}, {"Hint": 157, "Name": "_adjust_fdiv", "DLL": "MSVCRT.dll"}, {"Hint": 131, "Name": "__setusermatherr", "DLL": "MSVCRT.dll"}, {"Hint": 271, "Name": "_initterm", "DLL": "MSVCRT.dll"}, {"Hint": 88, "Name": "__getmainargs", "DLL": "MSVCRT.dll"}, {"Hint": 143, "Name": "_acmdln", "DLL": "MSVCRT.dll"}, {"Hint": 585, "Name": "exit", "DLL": "MSVCRT.dll"}, {"Hint": 72, "Name": "_XcptFilter", "DLL": "MSVCRT.dll"}, {"Hint": 211, "Name": "_exit", "DLL": "MSVCRT.dll"}, {"Hint": 614, "Name": "fwrite", "DLL": "MSVCRT.dll"}, {"Hint": 591, "Name": "fflush", "DLL": "MSVCRT.dll"}, {"Hint": 693, "Name": "sscanf", "DLL": "MSVCRT.dll"}, {"Hint": 453, "Name": "_strnicmp", "DLL": "MSVCRT.dll"}, {"Hint": 704, "Name": "strncmp", "DLL": "MSVCRT.dll"}, {"Hint": 707, "Name": "strrchr", "DLL": "MSVCRT.dll"}, {"Hint": 599, "Name": "fopen", "DLL": "MSVCRT.dll"}, {"Hint": 610, "Name": "fseek", "DLL": "MSVCRT.dll"}, {"Hint": 612, "Name": "ftell", "DLL": "MSVCRT.dll"}, {"Hint": 605, "Name": "fread", "DLL": "MSVCRT.dll"}, {"Hint": 588, "Name": "fclose", "DLL": "MSVCRT.dll"}, {"Hint": 690, "Name": "sprintf", "DLL": "MSVCRT.dll"}, {"Hint": 657, "Name": "malloc", "DLL": "MSVCRT.dll"}, {"Hint": 606, "Name": "free", "DLL": "MSVCRT.dll"}, {"Hint": 15, "Name": "??2@YAPAXI@Z", "DLL": "MSVCRT.dll"}, {"Hint": 695, "Name": "strchr", "DLL": "MSVCRT.dll"}, {"Hint": 709, "Name": "strstr", "DLL": "MSVCRT.dll"}, {"Hint": 16, "Name": "??3@YAXPAX@Z", "DLL": "MSVCRT.dll"}], [{"TimeDateStamp": {"FileOffset": 10116, "Value": "0x0        [Thu Jan  1 00:00:00 1970 UTC]", "Offset": 4}, "Name": {"FileOffset": 10124, "Value": 18254, "Offset": 12}, "ForwarderChain": {"FileOffset": 10120, "Value": 0, "Offset": 8}, "OriginalFirstThunk": {"FileOffset": 10112, "Value": 16904, "Offset": 0}, "FirstThunk": {"FileOffset": 10128, "Value": 16400, "Offset": 16}, "Characteristics": {"FileOffset": 10112, "Value": 16904, "Offset": 0}, "Structure": "IMAGE_IMPORT_DESCRIPTOR"}, {"Hint": 294, "Name": "GetModuleHandleA", "DLL": "KERNEL32.dll"}, {"Hint": 334, "Name": "GetShortPathNameA", "DLL": "KERNEL32.dll"}, {"Hint": 265, "Name": "GetEnvironmentVariableA", "DLL": "KERNEL32.dll"}, {"Hint": 770, "Name": "lstrcpyA", "DLL": "KERNEL32.dll"}, {"Hint": 761, "Name": "lstrcatA", "DLL": "KERNEL32.dll"}, {"Hint": 247, "Name": "GetCurrentProcess", "DLL": "KERNEL32.dll"}, {"Hint": 631, "Name": "SetPriorityClass", "DLL": "KERNEL32.dll"}, {"Hint": 249, "Name": "GetCurrentThread", "DLL": "KERNEL32.dll"}, {"Hint": 647, "Name": "SetThreadPriority", "DLL": "KERNEL32.dll"}, {"Hint": 633, "Name": "SetProcessPriorityBoost", "DLL": "KERNEL32.dll"}, {"Hint": 282, "Name": "GetLastError", "DLL": "KERNEL32.dll"}, {"Hint": 245, "Name": "GetCurrentDirectoryA", "DLL": "KERNEL32.dll"}, {"Hint": 40, "Name": "CopyFileA", "DLL": "KERNEL32.dll"}, {"Hint": 87, "Name": "DeleteFileA", "DLL": "KERNEL32.dll"}, {"Hint": 292, "Name": "GetModuleFileNameA", "DLL": "KERNEL32.dll"}, {"Hint": 180, "Name": "FreeLibrary", "DLL": "KERNEL32.dll"}, {"Hint": 52, "Name": "CreateFileA", "DLL": "KERNEL32.dll"}, {"Hint": 274, "Name": "GetFileSize", "DLL": "KERNEL32.dll"}, {"Hint": 735, "Name": "WriteFile", "DLL": "KERNEL32.dll"}, {"Hint": 357, "Name": "GetTempPathA", "DLL": "KERNEL32.dll"}, {"Hint": 505, "Name": "PeekNamedPipe", "DLL": "KERNEL32.dll"}, {"Hint": 536, "Name": "ReadFile", "DLL": "KERNEL32.dll"}, {"Hint": 450, "Name": "LoadLibraryA", "DLL": "KERNEL32.dll"}, {"Hint": 318, "Name": "GetProcAddress", "DLL": "KERNEL32.dll"}, {"Hint": 345, "Name": "GetSystemDirectoryA", "DLL": "KERNEL32.dll"}, {"Hint": 67, "Name": "CreatePipe", "DLL": "KERNEL32.dll"}, {"Hint": 336, "Name": "GetStartupInfoA", "DLL": "KERNEL32.dll"}, {"Hint": 68, "Name": "CreateProcessA", "DLL": "KERNEL32.dll"}, {"Hint": 74, "Name": "CreateThread", "DLL": "KERNEL32.dll"}, {"Hint": 27, "Name": "CloseHandle", "DLL": "KERNEL32.dll"}, {"Hint": 662, "Name": "Sleep", "DLL": "KERNEL32.dll"}, {"Hint": 670, "Name": "TerminateProcess", "DLL": "KERNEL32.dll"}, {"Hint": 267, "Name": "GetExitCodeProcess", "DLL": "KERNEL32.dll"}, {"Hint": 671, "Name": "TerminateThread", "DLL": "KERNEL32.dll"}, {"Hint": 268, "Name": "GetExitCodeThread", "DLL": "KERNEL32.dll"}, {"Hint": 716, "Name": "WaitForMultipleObjects", "DLL": "KERNEL32.dll"}], [{"TimeDateStamp": {"FileOffset": 10136, "Value": "0x0        [Thu Jan  1 00:00:00 1970 UTC]", "Offset": 4}, "Name": {"FileOffset": 10144, "Value": 18282, "Offset": 12}, "ForwarderChain": {"FileOffset": 10140, "Value": 0, "Offset": 8}, "OriginalFirstThunk": {"FileOffset": 10132, "Value": 17192, "Offset": 0}, "FirstThunk": {"FileOffset": 10148, "Value": 16688, "Offset": 16}, "Characteristics": {"FileOffset": 10132, "Value": 17192, "Offset": 0}, "Structure": "IMAGE_IMPORT_DESCRIPTOR"}, {"Hint": 427, "Name": "LoadStringA", "DLL": "USER32.dll"}], [{"TimeDateStamp": {"FileOffset": 10156, "Value": "0x0        [Thu Jan  1 00:00:00 1970 UTC]", "Offset": 4}, "Name": {"FileOffset": 10164, "Value": 18330, "Offset": 12}, "ForwarderChain": {"FileOffset": 10160, "Value": 0, "Offset": 8}, "OriginalFirstThunk": {"FileOffset": 10152, "Value": 17180, "Offset": 0}, "FirstThunk": {"FileOffset": 10168, "Value": 16676, "Offset": 16}, "Characteristics": {"FileOffset": 10152, "Value": 17180, "Offset": 0}, "Structure": "IMAGE_IMPORT_DESCRIPTOR"}, {"Hint": 59, "Name": "SHChangeNotify", "DLL": "SHELL32.dll"}, {"Hint": 116, "Name": "ShellExecuteExA", "DLL": "SHELL32.dll"}], [{"TimeDateStamp": {"FileOffset": 10176, "Value": "0x0        [Thu Jan  1 00:00:00 1970 UTC]", "Offset": 4}, "Name": {"FileOffset": 10184, "Value": 18520, "Offset": 12}, "ForwarderChain": {"FileOffset": 10180, "Value": 0, "Offset": 8}, "OriginalFirstThunk": {"FileOffset": 10172, "Value": 17200, "Offset": 0}, "FirstThunk": {"FileOffset": 10188, "Value": 16696, "Offset": 16}, "Characteristics": {"FileOffset": 10172, "Value": 17200, "Offset": 0}, "Structure": "IMAGE_IMPORT_DESCRIPTOR"}, {"Hint": 90, "Name": "InternetConnectA", "DLL": "WININET.dll"}, {"Hint": 136, "Name": "InternetWriteFile", "DLL": "WININET.dll"}, {"Hint": 69, "Name": "HttpOpenRequestA", "DLL": "WININET.dll"}, {"Hint": 113, "Name": "InternetOpenUrlA", "DLL": "WININET.dll"}, {"Hint": 67, "Name": "HttpEndRequestA", "DLL": "WININET.dll"}, {"Hint": 73, "Name": "HttpSendRequestA", "DLL": "WININET.dll"}, {"Hint": 86, "Name": "InternetCloseHandle", "DLL": "WININET.dll"}, {"Hint": 74, "Name": "HttpSendRequestExA", "DLL": "WININET.dll"}, {"Hint": 111, "Name": "InternetOpenA", "DLL": "WININET.dll"}], [{"TimeDateStamp": {"FileOffset": 10196, "Value": "0x0        [Thu Jan  1 00:00:00 1970 UTC]", "Offset": 4}, "Name": {"FileOffset": 10204, "Value": 18582, "Offset": 12}, "ForwarderChain": {"FileOffset": 10200, "Value": 0, "Offset": 8}, "OriginalFirstThunk": {"FileOffset": 10192, "Value": 16888, "Offset": 0}, "FirstThunk": {"FileOffset": 10208, "Value": 16384, "Offset": 16}, "Characteristics": {"FileOffset": 10192, "Value": 16888, "Offset": 0}, "Structure": "IMAGE_IMPORT_DESCRIPTOR"}, {"Hint": 370, "Name": "RegOpenKeyExA", "DLL": "ADVAPI32.dll"}, {"Hint": 379, "Name": "RegQueryValueExA", "DLL": "ADVAPI32.dll"}, {"Hint": 347, "Name": "RegCloseKey", "DLL": "ADVAPI32.dll"}]], "PE Sections": [{"PointerToRawData": {"FileOffset": 500, "Value": 1024, "Offset": 20}, "SHA1": "f66407e98df8d6a72f4ffad5a8581d3686ff052b", "SHA256": "1ccd9734078bce8b9b630810ea7059ad9ddea1a0f67469cf65eb4cd760dc72d6", "Name": {"FileOffset": 480, "Value": ".text", "Offset": 0}, "NumberOfRelocations": {"FileOffset": 512, "Value": 0, "Offset": 32}, "Misc_VirtualSize": {"FileOffset": 488, "Value": 8620, "Offset": 8}, "Characteristics": {"FileOffset": 516, "Value": 1610612768, "Offset": 36}, "Misc": {"FileOffset": 488, "Value": 8620, "Offset": 8}, "PointerToLinenumbers": {"FileOffset": 508, "Value": 0, "Offset": 28}, "SizeOfRawData": {"FileOffset": 496, "Value": 8704, "Offset": 16}, "Misc_PhysicalAddress": {"FileOffset": 488, "Value": 8620, "Offset": 8}, "PointerToRelocations": {"FileOffset": 504, "Value": 0, "Offset": 24}, "Flags": ["IMAGE_SCN_MEM_EXECUTE", "IMAGE_SCN_CNT_CODE", "IMAGE_SCN_MEM_READ"], "SHA512": "0c31d050dfdf3fd258cbf5873d5be54481e12332a6a1983aba474a9989adf42a90f311807945f1e54886f8d3d83edfd81c7e1d88468a175e302d523332f6ca4a", "MD5": "178b31616e3dbbc1f2f5e5cf248578bd", "Entropy": 6.246391690326839, "VirtualAddress": {"FileOffset": 492, "Value": 4096, "Offset": 12}, "Structure": "IMAGE_SECTION_HEADER", "NumberOfLinenumbers": {"FileOffset": 514, "Value": 0, "Offset": 34}}, {"PointerToRawData": {"FileOffset": 540, "Value": 9728, "Offset": 20}, "SHA1": "07ba3cfa2a26f6918097fbb175e91ac08603e457", "SHA256": "9a9be640ae70a1fb7d83d2e18080c3f6b175bf5b5d2e318d710dcf0323b2b3ab", "Name": {"FileOffset": 520, "Value": ".rdata", "Offset": 0}, "NumberOfRelocations": {"FileOffset": 552, "Value": 0, "Offset": 32}, "Misc_VirtualSize": {"FileOffset": 528, "Value": 2212, "Offset": 8}, "Characteristics": {"FileOffset": 556, "Value": 1073741888, "Offset": 36}, "Misc": {"FileOffset": 528, "Value": 2212, "Offset": 8}, "PointerToLinenumbers": {"FileOffset": 548, "Value": 0, "Offset": 28}, "SizeOfRawData": {"FileOffset": 536, "Value": 2560, "Offset": 16}, "Misc_PhysicalAddress": {"FileOffset": 528, "Value": 2212, "Offset": 8}, "PointerToRelocations": {"FileOffset": 544, "Value": 0, "Offset": 24}, "Flags": ["IMAGE_SCN_CNT_INITIALIZED_DATA", "IMAGE_SCN_MEM_READ"], "SHA512": "99cb7ca495802a9c2a367e2eb8afd779d82f2522fe3e93dcd07a0879f93c842dfc3efeb31e70932179162c93f0f77c6cf5439306884468e953c0f28290d80cd2", "MD5": "1919e08e347adc9dfff35f188f10437c", "Entropy": 4.5254632673681225, "VirtualAddress": {"FileOffset": 532, "Value": 16384, "Offset": 12}, "Structure": "IMAGE_SECTION_HEADER", "NumberOfLinenumbers": {"FileOffset": 554, "Value": 0, "Offset": 34}}, {"PointerToRawData": {"FileOffset": 580, "Value": 12288, "Offset": 20}, "SHA1": "eddf32ba57194c3356f9eb141892938f664b64a5", "SHA256": "908261b9eb5185b9ae48c1c2ea5e021c3e5b47be3182830ee5339ffe9762ef74", "Name": {"FileOffset": 560, "Value": ".data", "Offset": 0}, "NumberOfRelocations": {"FileOffset": 592, "Value": 0, "Offset": 32}, "Misc_VirtualSize": {"FileOffset": 568, "Value": 2024, "Offset": 8}, "Characteristics": {"FileOffset": 596, "Value": 3221225536, "Offset": 36}, "Misc": {"FileOffset": 568, "Value": 2024, "Offset": 8}, "PointerToLinenumbers": {"FileOffset": 588, "Value": 0, "Offset": 28}, "SizeOfRawData": {"FileOffset": 576, "Value": 1024, "Offset": 16}, "Misc_PhysicalAddress": {"FileOffset": 568, "Value": 2024, "Offset": 8}, "PointerToRelocations": {"FileOffset": 584, "Value": 0, "Offset": 24}, "Flags": ["IMAGE_SCN_CNT_INITIALIZED_DATA", "IMAGE_SCN_MEM_WRITE", "IMAGE_SCN_MEM_READ"], "SHA512": "a8956a1ade7d84368a6eba48d20861aa41a94d85b686b50e1a57a9264d1d494cb73cb0ee8c5f07122d97daf9dd778b06eec5d27aba5a5d353534d1a3327760ac", "MD5": "2e977ada9c12a5ab37067be3a3ba95a7", "Entropy": 4.20788900139842, "VirtualAddress": {"FileOffset": 572, "Value": 20480, "Offset": 12}, "Structure": "IMAGE_SECTION_HEADER", "NumberOfLinenumbers": {"FileOffset": 594, "Value": 0, "Offset": 34}}, {"PointerToRawData": {"FileOffset": 620, "Value": 13312, "Offset": 20}, "SHA1": "af8ec9b3896cdd78b267bad8347b15335cd6b1bd", "SHA256": "cf5966b6d267e112be048253e58e55441133c249e061c36407bdb017537b1384", "Name": {"FileOffset": 600, "Value": ".rsrc", "Offset": 0}, "NumberOfRelocations": {"FileOffset": 632, "Value": 0, "Offset": 32}, "Misc_VirtualSize": {"FileOffset": 608, "Value": 288, "Offset": 8}, "Characteristics": {"FileOffset": 636, "Value": 1073741888, "Offset": 36}, "Misc": {"FileOffset": 608, "Value": 288, "Offset": 8}, "PointerToLinenumbers": {"FileOffset": 628, "Value": 0, "Offset": 28}, "SizeOfRawData": {"FileOffset": 616, "Value": 512, "Offset": 16}, "Misc_PhysicalAddress": {"FileOffset": 608, "Value": 288, "Offset": 8}, "PointerToRelocations": {"FileOffset": 624, "Value": 0, "Offset": 24}, "Flags": ["IMAGE_SCN_CNT_INITIALIZED_DATA", "IMAGE_SCN_MEM_READ"], "SHA512": "405057cacffc1092f6b3d1fb0f9cd0c07f54a7f68a0d39751b9b4a026718b9cc21dd66edfb1e933b47ea7be12cb583b85bce29bbeb8890d23089f7844544621a", "MD5": "029de0b40a1adeb340d0aa30f8060e51", "Entropy": 1.7820222131196237, "VirtualAddress": {"FileOffset": 612, "Value": 24576, "Offset": 12}, "Structure": "IMAGE_SECTION_HEADER", "NumberOfLinenumbers": {"FileOffset": 634, "Value": 0, "Offset": 34}}], "Resource directory": [{"MajorVersion": {"FileOffset": 13320, "Value": 0, "Offset": 8}, "NumberOfIdEntries": {"FileOffset": 13326, "Value": 1, "Offset": 14}, "MinorVersion": {"FileOffset": 13322, "Value": 0, "Offset": 10}, "TimeDateStamp": {"FileOffset": 13316, "Value": "0x0        [Thu Jan  1 00:00:00 1970 UTC]", "Offset": 4}, "Characteristics": {"FileOffset": 13312, "Value": 0, "Offset": 0}, "NumberOfNamedEntries": {"FileOffset": 13324, "Value": 0, "Offset": 12}, "Structure": "IMAGE_RESOURCE_DIRECTORY"}, {"Structure": "IMAGE_RESOURCE_DIRECTORY_ENTRY", "Id": [6, "RT_STRING"], "OffsetToData": {"FileOffset": 13332, "Value": 2147483672, "Offset": 4}, "Name": {"FileOffset": 13328, "Value": 6, "Offset": 0}}, [{"MajorVersion": {"FileOffset": 13344, "Value": 0, "Offset": 8}, "NumberOfIdEntries": {"FileOffset": 13350, "Value": 1, "Offset": 14}, "MinorVersion": {"FileOffset": 13346, "Value": 0, "Offset": 10}, "TimeDateStamp": {"FileOffset": 13340, "Value": "0x0        [Thu Jan  1 00:00:00 1970 UTC]", "Offset": 4}, "Characteristics": {"FileOffset": 13336, "Value": 0, "Offset": 0}, "NumberOfNamedEntries": {"FileOffset": 13348, "Value": 0, "Offset": 12}, "Structure": "IMAGE_RESOURCE_DIRECTORY"}, {"Structure": "IMAGE_RESOURCE_DIRECTORY_ENTRY", "Id": 1, "OffsetToData": {"FileOffset": 13356, "Value": 2147483696, "Offset": 4}, "Name": {"FileOffset": 13352, "Value": 1, "Offset": 0}}, [{"MajorVersion": {"FileOffset": 13368, "Value": 0, "Offset": 8}, "NumberOfIdEntries": {"FileOffset": 13374, "Value": 1, "Offset": 14}, "MinorVersion": {"FileOffset": 13370, "Value": 0, "Offset": 10}, "TimeDateStamp": {"FileOffset": 13364, "Value": "0x0        [Thu Jan  1 00:00:00 1970 UTC]", "Offset": 4}, "Characteristics": {"FileOffset": 13360, "Value": 0, "Offset": 0}, "NumberOfNamedEntries": {"FileOffset": 13372, "Value": 0, "Offset": 12}, "Structure": "IMAGE_RESOURCE_DIRECTORY"}, {"LANG": 4, "SUBLANG_NAME": "SUBLANG_CHINESE_SIMPLIFIED", "Name": {"FileOffset": 13376, "Value": 2052, "Offset": 0}, "CodePage": {"FileOffset": 13392, "Value": 0, "Offset": 8}, "LANG_NAME": "LANG_CHINESE", "OffsetToData": {"FileOffset": 13384, "Value": 24664, "Offset": 0}, "Reserved": {"FileOffset": 13396, "Value": 0, "Offset": 12}, "SUBLANG": 2, "Structure": "IMAGE_RESOURCE_DATA_ENTRY", "Size": {"FileOffset": 13388, "Value": 200, "Offset": 4}}, "GovdJlDSmdsjzhoTy8DcnXzfripJ5P#G6mTLDmne", "GovdJlDSmdsjzhoTy8DcnXzfripJ5=JQ4q8ZE2iMKJnP"]]]}
