{"DllCharacteristics": [], "FILE_HEADER": {"NumberOfSections": {"FileOffset": 222, "Value": 3, "Offset": 2}, "TimeDateStamp": {"FileOffset": 224, "Value": "0x4DD2279F [Tue May 17 07:45:35 2011 UTC]", "Offset": 4}, "PointerToSymbolTable": {"FileOffset": 228, "Value": 0, "Offset": 8}, "NumberOfSymbols": {"FileOffset": 232, "Value": 0, "Offset": 12}, "Machine": {"FileOffset": 220, "Value": 332, "Offset": 0}, "Characteristics": {"FileOffset": 238, "Value": 271, "Offset": 18}, "SizeOfOptionalHeader": {"FileOffset": 236, "Value": 224, "Offset": 16}, "Structure": "IMAGE_FILE_HEADER"}, "Directories": [{"VirtualAddress": {"FileOffset": 336, "Value": 0, "Offset": 0}, "Structure": "IMAGE_DIRECTORY_ENTRY_EXPORT", "Size": {"FileOffset": 340, "Value": 0, "Offset": 4}}, {"VirtualAddress": {"FileOffset": 344, "Value": 12564, "Offset": 0}, "Structure": "IMAGE_DIRECTORY_ENTRY_IMPORT", "Size": {"FileOffset": 348, "Value": 100, "Offset": 4}}, {"VirtualAddress": {"FileOffset": 352, "Value": 0, "Offset": 0}, "Structure": "IMAGE_DIRECTORY_ENTRY_RESOURCE", "Size": {"FileOffset": 356, "Value": 0, "Offset": 4}}, {"VirtualAddress": {"FileOffset": 360, "Value": 0, "Offset": 0}, "Structure": "IMAGE_DIRECTORY_ENTRY_EXCEPTION", "Size": {"FileOffset": 364, "Value": 0, "Offset": 4}}, {"VirtualAddress": {"FileOffset": 368, "Value": 0, "Offset": 0}, "Structure": "IMAGE_DIRECTORY_ENTRY_SECURITY", "Size": {"FileOffset": 372, "Value": 0, "Offset": 4}}, {"VirtualAddress": {"FileOffset": 376, "Value": 0, "Offset": 0}, "Structure": "IMAGE_DIRECTORY_ENTRY_BASERELOC", "Size": {"FileOffset": 380, "Value": 0, "Offset": 4}}, {"VirtualAddress": {"FileOffset": 384, "Value": 0, "Offset": 0}, "Structure": "IMAGE_DIRECTORY_ENTRY_DEBUG", "Size": {"FileOffset": 388, "Value": 0, "Offset": 4}}, {"VirtualAddress": {"FileOffset": 392, "Value": 0, "Offset": 0}, "Structure": "IMAGE_DIRECTORY_ENTRY_COPYRIGHT", "Size": {"FileOffset": 396, "Value": 0, "Offset": 4}}, {"VirtualAddress": {"FileOffset": 400, "Value": 0, "Offset": 0}, "Structure": "IMAGE_DIRECTORY_ENTRY_GLOBALPTR", "Size": {"FileOffset": 404, "Value": 0, "Offset": 4}}, {"VirtualAddress": {"FileOffset": 408, "Value": 0, "Offset": 0}, "Structure": "IMAGE_DIRECTORY_ENTRY_TLS", "Size": {"FileOffset": 412, "Value": 0, "Offset": 4}}, {"VirtualAddress": {"FileOffset": 416, "Value": 0, "Offset": 0}, "Structure": "IMAGE_DIRECTORY_ENTRY_LOAD_CONFIG", "Size": {"FileOffset": 420, "Value": 0, "Offset": 4}}, {"VirtualAddress": {"FileOffset": 424, "Value": 0, "Offset": 0}, "Structure": "IMAGE_DIRECTORY_ENTRY_BOUND_IMPORT", "Size": {"FileOffset": 428, "Value": 0, "Offset": 4}}, {"VirtualAddress": {"FileOffset": 432, "Value": 12288, "Offset": 0}, "Structure": "IMAGE_DIRECTORY_ENTRY_IAT", "Size": {"FileOffset": 436, "Value": 260, "Offset": 4}}, {"VirtualAddress": {"FileOffset": 440, "Value": 0, "Offset": 0}, "Structure": "IMAGE_DIRECTORY_ENTRY_DELAY_IMPORT", "Size": {"FileOffset": 444, "Value": 0, "Offset": 4}}, {"VirtualAddress": {"FileOffset": 448, "Value": 0, "Offset": 0}, "Structure": "IMAGE_DIRECTORY_ENTRY_COM_DESCRIPTOR", "Size": {"FileOffset": 452, "Value": 0, "Offset": 4}}, {"VirtualAddress": {"FileOffset": 456, "Value": 0, "Offset": 0}, "Structure": "IMAGE_DIRECTORY_ENTRY_RESERVED", "Size": {"FileOffset": 460, "Value": 0, "Offset": 4}}], "OPTIONAL_HEADER": {"DllCharacteristics": {"FileOffset": 310, "Value": 0, "Offset": 70}, "BaseOfCode": {"FileOffset": 260, "Value": 4096, "Offset": 20}, "MajorLinkerVersion": {"FileOffset": 242, "Value": 6, "Offset": 2}, "MinorOperatingSystemVersion": {"FileOffset": 282, "Value": 0, "Offset": 42}, "MinorLinkerVersion": {"FileOffset": 243, "Value": 0, "Offset": 3}, "MajorSubsystemVersion": {"FileOffset": 288, "Value": 4, "Offset": 48}, "MajorOperatingSystemVersion": {"FileOffset": 280, "Value": 4, "Offset": 40}, "SizeOfStackCommit": {"FileOffset": 316, "Value": 4096, "Offset": 76}, "SizeOfUninitializedData": {"FileOffset": 252, "Value": 0, "Offset": 12}, "NumberOfRvaAndSizes": {"FileOffset": 332, "Value": 16, "Offset": 92}, "SizeOfHeapReserve": {"FileOffset": 320, "Value": 1048576, "Offset": 80}, "LoaderFlags": {"FileOffset": 328, "Value": 0, "Offset": 88}, "SizeOfHeapCommit": {"FileOffset": 324, "Value": 4096, "Offset": 84}, "SizeOfStackReserve": {"FileOffset": 312, "Value": 1048576, "Offset": 72}, "Structure": "IMAGE_OPTIONAL_HEADER", "SizeOfHeaders": {"FileOffset": 300, "Value": 1024, "Offset": 60}, "Subsystem": {"FileOffset": 308, "Value": 2, "Offset": 68}, "Magic": {"FileOffset": 240, "Value": 267, "Offset": 0}, "MinorImageVersion": {"FileOffset": 286, "Value": 0, "Offset": 46}, "MajorImageVersion": {"FileOffset": 284, "Value": 0, "Offset": 44}, "FileAlignment": {"FileOffset": 276, "Value": 512, "Offset": 36}, "BaseOfData": {"FileOffset": 264, "Value": 12288, "Offset": 24}, "AddressOfEntryPoint": {"FileOffset": 256, "Value": 11536, "Offset": 16}, "SectionAlignment": {"FileOffset": 272, "Value": 4096, "Offset": 32}, "SizeOfCode": {"FileOffset": 244, "Value": 8192, "Offset": 4}, "ImageBase": {"FileOffset": 268, "Value": 4194304, "Offset": 28}, "SizeOfInitializedData": {"FileOffset": 248, "Value": 4096, "Offset": 8}, "SizeOfImage": {"FileOffset": 296, "Value": 20480, "Offset": 56}, "MinorSubsystemVersion": {"FileOffset": 290, "Value": 0, "Offset": 50}, "CheckSum": {"FileOffset": 304, "Value": 0, "Offset": 64}, "Reserved1": {"FileOffset": 292, "Value": 0, "Offset": 52}}, "DOS_HEADER": {"e_cblp": {"FileOffset": 2, "Value": 144, "Offset": 2}, "e_crlc": {"FileOffset": 6, "Value": 0, "Offset": 6}, "e_ovno": {"FileOffset": 26, "Value": 0, "Offset": 26}, "e_minalloc": {"FileOffset": 10, "Value": 0, "Offset": 10}, "e_csum": {"FileOffset": 18, "Value": 0, "Offset": 18}, "e_cparhdr": {"FileOffset": 8, "Value": 4, "Offset": 8}, "e_cp": {"FileOffset": 4, "Value": 3, "Offset": 4}, "e_cs": {"FileOffset": 22, "Value": 0, "Offset": 22}, "e_maxalloc": {"FileOffset": 12, "Value": 65535, "Offset": 12}, "e_lfarlc": {"FileOffset": 24, "Value": 64, "Offset": 24}, "e_oemid": {"FileOffset": 36, "Value": 0, "Offset": 36}, "e_lfanew": {"FileOffset": 60, "Value": 216, "Offset": 60}, "e_ss": {"FileOffset": 14, "Value": 0, "Offset": 14}, "e_magic": {"FileOffset": 0, "Value": 23117, "Offset": 0}, "e_oeminfo": {"FileOffset": 38, "Value": 0, "Offset": 38}, "e_res2": {"FileOffset": 40, "Value": "", "Offset": 40}, "e_res": {"FileOffset": 28, "Value": "", "Offset": 28}, "e_sp": {"FileOffset": 16, "Value": 184, "Offset": 16}, "Structure": "IMAGE_DOS_HEADER", "e_ip": {"FileOffset": 20, "Value": 0, "Offset": 20}}, "NT_HEADERS": {"Structure": "IMAGE_NT_HEADERS", "Signature": {"FileOffset": 216, "Value": 17744, "Offset": 0}}, "Flags": ["IMAGE_FILE_LOCAL_SYMS_STRIPPED", "IMAGE_FILE_32BIT_MACHINE", "IMAGE_FILE_EXECUTABLE_IMAGE", "IMAGE_FILE_LINE_NUMS_STRIPPED", "IMAGE_FILE_RELOCS_STRIPPED"], "Imported symbols": [[{"TimeDateStamp": {"FileOffset": 9496, "Value": "0x0        [Thu Jan  1 00:00:00 1970 UTC]", "Offset": 4}, "Name": {"FileOffset": 9504, "Value": 13536, "Offset": 12}, "ForwarderChain": {"FileOffset": 9500, "Value": 0, "Offset": 8}, "OriginalFirstThunk": {"FileOffset": 9492, "Value": 12680, "Offset": 0}, "FirstThunk": {"FileOffset": 9508, "Value": 12304, "Offset": 16}, "Characteristics": {"FileOffset": 9492, "Value": 12680, "Offset": 0}, "Structure": "IMAGE_IMPORT_DESCRIPTOR"}, {"Hint": 639, "Name": "PeekNamedPipe", "DLL": "KERNEL32.dll"}, {"Hint": 98, "Name": "CreateProcessA", "DLL": "KERNEL32.dll"}, {"Hint": 63, "Name": "CopyFileA", "DLL": "KERNEL32.dll"}, {"Hint": 456, "Name": "GetTempPathA", "DLL": "KERNEL32.dll"}, {"Hint": 438, "Name": "GetSystemDirectoryA", "DLL": "KERNEL32.dll"}, {"Hint": 428, "Name": "GetStartupInfoA", "DLL": "KERNEL32.dll"}, {"Hint": 97, "Name": "CreatePipe", "DLL": "KERNEL32.dll"}, {"Hint": 407, "Name": "GetProcAddress", "DLL": "KERNEL32.dll"}, {"Hint": 577, "Name": "LoadLibraryA", "DLL": "KERNEL32.dll"}, {"Hint": 798, "Name": "SetProcessPriorityBoost", "DLL": "KERNEL32.dll"}, {"Hint": 813, "Name": "SetThreadPriority", "DLL": "KERNEL32.dll"}, {"Hint": 317, "Name": "GetCurrentThread", "DLL": "KERNEL32.dll"}, {"Hint": 796, "Name": "SetPriorityClass", "DLL": "KERNEL32.dll"}, {"Hint": 315, "Name": "GetCurrentProcess", "DLL": "KERNEL32.dll"}, {"Hint": 932, "Name": "lstrcatA", "DLL": "KERNEL32.dll"}, {"Hint": 830, "Name": "Sleep", "DLL": "KERNEL32.dll"}, {"Hint": 336, "Name": "GetEnvironmentVariableA", "DLL": "KERNEL32.dll"}, {"Hint": 426, "Name": "GetShortPathNameA", "DLL": "KERNEL32.dll"}, {"Hint": 371, "Name": "GetModuleFileNameA", "DLL": "KERNEL32.dll"}, {"Hint": 360, "Name": "GetLastError", "DLL": "KERNEL32.dll"}, {"Hint": 646, "Name": "Process32Next", "DLL": "KERNEL32.dll"}, {"Hint": 195, "Name": "FileTimeToSystemTime", "DLL": "KERNEL32.dll"}, {"Hint": 194, "Name": "FileTimeToLocalFileTime", "DLL": "KERNEL32.dll"}, {"Hint": 49, "Name": "CloseHandle", "DLL": "KERNEL32.dll"}, {"Hint": 416, "Name": "GetProcessTimes", "DLL": "KERNEL32.dll"}, {"Hint": 628, "Name": "OpenProcess", "DLL": "KERNEL32.dll"}, {"Hint": 644, "Name": "Process32First", "DLL": "KERNEL32.dll"}, {"Hint": 111, "Name": "CreateToolhelp32Snapshot", "DLL": "KERNEL32.dll"}, {"Hint": 79, "Name": "CreateFileA", "DLL": "KERNEL32.dll"}, {"Hint": 454, "Name": "GetTempFileNameA", "DLL": "KERNEL32.dll"}, {"Hint": 838, "Name": "TerminateProcess", "DLL": "KERNEL32.dll"}, {"Hint": 129, "Name": "DeleteFileA", "DLL": "KERNEL32.dll"}, {"Hint": 941, "Name": "lstrcpyA", "DLL": "KERNEL32.dll"}, {"Hint": 240, "Name": "FreeLibrary", "DLL": "KERNEL32.dll"}, {"Hint": 373, "Name": "GetModuleHandleA", "DLL": "KERNEL32.dll"}], [{"TimeDateStamp": {"FileOffset": 9516, "Value": "0x0        [Thu Jan  1 00:00:00 1970 UTC]", "Offset": 4}, "Name": {"FileOffset": 9524, "Value": 13618, "Offset": 12}, "ForwarderChain": {"FileOffset": 9520, "Value": 0, "Offset": 8}, "OriginalFirstThunk": {"FileOffset": 9512, "Value": 12664, "Offset": 0}, "FirstThunk": {"FileOffset": 9528, "Value": 12288, "Offset": 16}, "Characteristics": {"FileOffset": 9512, "Value": 12664, "Offset": 0}, "Structure": "IMAGE_IMPORT_DESCRIPTOR"}, {"Hint": 333, "Name": "LookupPrivilegeValueA", "DLL": "ADVAPI32.dll"}, {"Hint": 28, "Name": "AdjustTokenPrivileges", "DLL": "ADVAPI32.dll"}, {"Hint": 426, "Name": "OpenProcessToken", "DLL": "ADVAPI32.dll"}], [{"TimeDateStamp": {"FileOffset": 9536, "Value": "0x0        [Thu Jan  1 00:00:00 1970 UTC]", "Offset": 4}, "Name": {"FileOffset": 9544, "Value": 13722, "Offset": 12}, "ForwarderChain": {"FileOffset": 9540, "Value": 0, "Offset": 8}, "OriginalFirstThunk": {"FileOffset": 9532, "Value": 12824, "Offset": 0}, "FirstThunk": {"FileOffset": 9548, "Value": 12448, "Offset": 16}, "Characteristics": {"FileOffset": 9532, "Value": 12824, "Offset": 0}, "Structure": "IMAGE_IMPORT_DESCRIPTOR"}, {"Hint": 690, "Name": "sprintf", "DLL": "MSVCRT.dll"}, {"Hint": 16, "Name": "??3@YAXPAX@Z", "DLL": "MSVCRT.dll"}, {"Hint": 15, "Name": "??2@YAPAXI@Z", "DLL": "MSVCRT.dll"}, {"Hint": 695, "Name": "strchr", "DLL": "MSVCRT.dll"}, {"Hint": 709, "Name": "strstr", "DLL": "MSVCRT.dll"}, {"Hint": 705, "Name": "strncpy", "DLL": "MSVCRT.dll"}, {"Hint": 573, "Name": "atoi", "DLL": "MSVCRT.dll"}, {"Hint": 211, "Name": "_exit", "DLL": "MSVCRT.dll"}, {"Hint": 72, "Name": "_XcptFilter", "DLL": "MSVCRT.dll"}, {"Hint": 585, "Name": "exit", "DLL": "MSVCRT.dll"}, {"Hint": 143, "Name": "_acmdln", "DLL": "MSVCRT.dll"}, {"Hint": 88, "Name": "__getmainargs", "DLL": "MSVCRT.dll"}, {"Hint": 271, "Name": "_initterm", "DLL": "MSVCRT.dll"}, {"Hint": 131, "Name": "__setusermatherr", "DLL": "MSVCRT.dll"}, {"Hint": 157, "Name": "_adjust_fdiv", "DLL": "MSVCRT.dll"}, {"Hint": 106, "Name": "__p__commode", "DLL": "MSVCRT.dll"}, {"Hint": 111, "Name": "__p__fmode", "DLL": "MSVCRT.dll"}, {"Hint": 129, "Name": "__set_app_type", "DLL": "MSVCRT.dll"}, {"Hint": 202, "Name": "_except_handler3", "DLL": "MSVCRT.dll"}, {"Hint": 183, "Name": "_controlfp", "DLL": "MSVCRT.dll"}, {"Hint": 693, "Name": "sscanf", "DLL": "MSVCRT.dll"}], [{"TimeDateStamp": {"FileOffset": 9556, "Value": "0x0        [Thu Jan  1 00:00:00 1970 UTC]", "Offset": 4}, "Name": {"FileOffset": 9564, "Value": 13956, "Offset": 12}, "ForwarderChain": {"FileOffset": 9560, "Value": 0, "Offset": 8}, "OriginalFirstThunk": {"FileOffset": 9552, "Value": 12912, "Offset": 0}, "FirstThunk": {"FileOffset": 9568, "Value": 12536, "Offset": 16}, "Characteristics": {"FileOffset": 9552, "Value": 12912, "Offset": 0}, "Structure": "IMAGE_IMPORT_DESCRIPTOR"}, {"Hint": 265, "Name": "ShellExecuteExA", "DLL": "SHELL32.dll"}, {"Hint": 126, "Name": "SHChangeNotify", "DLL": "SHELL32.dll"}]], "PE Sections": [{"PointerToRawData": {"FileOffset": 484, "Value": 1024, "Offset": 20}, "SHA1": "b1eb6884c392f761a0ce917ba9ecfb7924aba849", "SHA256": "5d8ad274a815b53c5aaf4a2cbd74511bdb34dd99bdb26069c03d3e35118d0fd9", "Name": {"FileOffset": 464, "Value": ".text", "Offset": 0}, "NumberOfRelocations": {"FileOffset": 496, "Value": 0, "Offset": 32}, "Misc_VirtualSize": {"FileOffset": 472, "Value": 7836, "Offset": 8}, "Characteristics": {"FileOffset": 500, "Value": 1610612768, "Offset": 36}, "Misc": {"FileOffset": 472, "Value": 7836, "Offset": 8}, "PointerToLinenumbers": {"FileOffset": 492, "Value": 0, "Offset": 28}, "SizeOfRawData": {"FileOffset": 480, "Value": 8192, "Offset": 16}, "Misc_PhysicalAddress": {"FileOffset": 472, "Value": 7836, "Offset": 8}, "PointerToRelocations": {"FileOffset": 488, "Value": 0, "Offset": 24}, "Flags": ["IMAGE_SCN_MEM_EXECUTE", "IMAGE_SCN_CNT_CODE", "IMAGE_SCN_MEM_READ"], "SHA512": "e7f15aefc73659f2fdd8572897323a8c1ba6c301011a4f0381979b6b4a185522235cf3e68d84fffdec910635c4e5b91e55cff4b702b485bf00a9454c5e233777", "MD5": "8acb8feb409bbd4312228d0a7ebcf63a", "Entropy": 6.135022972085514, "VirtualAddress": {"FileOffset": 476, "Value": 4096, "Offset": 12}, "Structure": "IMAGE_SECTION_HEADER", "NumberOfLinenumbers": {"FileOffset": 498, "Value": 0, "Offset": 34}}, {"PointerToRawData": {"FileOffset": 524, "Value": 9216, "Offset": 20}, "SHA1": "280c2de408d5e5f85e89e606cec39408dcd603db", "SHA256": "a8bfe634b389c0e178c714431294711e96e0d908cec9478eb841beedf9487fc1", "Name": {"FileOffset": 504, "Value": ".rdata", "Offset": 0}, "NumberOfRelocations": {"FileOffset": 536, "Value": 0, "Offset": 32}, "Misc_VirtualSize": {"FileOffset": 512, "Value": 1700, "Offset": 8}, "Characteristics": {"FileOffset": 540, "Value": 1073741888, "Offset": 36}, "Misc": {"FileOffset": 512, "Value": 1700, "Offset": 8}, "PointerToLinenumbers": {"FileOffset": 532, "Value": 0, "Offset": 28}, "SizeOfRawData": {"FileOffset": 520, "Value": 2048, "Offset": 16}, "Misc_PhysicalAddress": {"FileOffset": 512, "Value": 1700, "Offset": 8}, "PointerToRelocations": {"FileOffset": 528, "Value": 0, "Offset": 24}, "Flags": ["IMAGE_SCN_CNT_INITIALIZED_DATA", "IMAGE_SCN_MEM_READ"], "SHA512": "05012adbf7a157841acecaa245dee41aeafc2f357cd5a429f4f6533c2ff55e71361ff03577175c22410a6403762954ded1212fcc77bd0f70430c2c24a1c78e05", "MD5": "0d145c0df1d0218be9b2a0f69374e3d7", "Entropy": 4.46667200419766, "VirtualAddress": {"FileOffset": 516, "Value": 12288, "Offset": 12}, "Structure": "IMAGE_SECTION_HEADER", "NumberOfLinenumbers": {"FileOffset": 538, "Value": 0, "Offset": 34}}, {"PointerToRawData": {"FileOffset": 564, "Value": 11264, "Offset": 20}, "SHA1": "ce363d8d77126b598b44cccda331c10e7c8d209a", "SHA256": "2401b9b9277a30185ede746b2a44a79ed41d462f8cf91ca8deeaf4109e3db47d", "Name": {"FileOffset": 544, "Value": ".data", "Offset": 0}, "NumberOfRelocations": {"FileOffset": 576, "Value": 0, "Offset": 32}, "Misc_VirtualSize": {"FileOffset": 552, "Value": 1736, "Offset": 8}, "Characteristics": {"FileOffset": 580, "Value": 3221225536, "Offset": 36}, "Misc": {"FileOffset": 552, "Value": 1736, "Offset": 8}, "PointerToLinenumbers": {"FileOffset": 572, "Value": 0, "Offset": 28}, "SizeOfRawData": {"FileOffset": 560, "Value": 2048, "Offset": 16}, "Misc_PhysicalAddress": {"FileOffset": 552, "Value": 1736, "Offset": 8}, "PointerToRelocations": {"FileOffset": 568, "Value": 0, "Offset": 24}, "Flags": ["IMAGE_SCN_CNT_INITIALIZED_DATA", "IMAGE_SCN_MEM_WRITE", "IMAGE_SCN_MEM_READ"], "SHA512": "9d1d6e87b033193a3fbb3e28cda224c1ed7ec40789c1b1ce58d3c40033f90e5b472d537364443f78439c65bf47821264a8583e5df9e660a24d3b76e75f38b554", "MD5": "0f71718f94a1181f87cda44a9f8ce193", "Entropy": 4.601878305585758, "VirtualAddress": {"FileOffset": 556, "Value": 16384, "Offset": 12}, "Structure": "IMAGE_SECTION_HEADER", "NumberOfLinenumbers": {"FileOffset": 578, "Value": 0, "Offset": 34}}]}
